paper_id	excel_row	chrom	start	end	n_cpgs	length_bp	direction	Ensembl gene ID	paper_gene	Distance from TSS	ChromHMM state (NI)	ChromHMM state (MTB)	gene_expression_log2FC	gene_expression_FDR	epykit_any_overlap_same_direction	epykit_reciprocal_25pct_same_direction	epykit_reciprocal_50pct_same_direction	epykit_reciprocal_80pct_same_direction	DSS_any_overlap_same_direction	DSS_reciprocal_25pct_same_direction	DSS_reciprocal_50pct_same_direction	DSS_reciprocal_80pct_same_direction
paper_0001	4	chr1	928005	928105	3	101	hypo	ENSG00000188290	HES4	7496.0	7.0	7.0	5.36152234838876	2.0121820735176e-21	False	False	False	False	False	False	False	False
paper_0002	5	chr1	1404170	1404242	9	73	hypo	ENSG00000215915	ATAD3C	19137.0	7.0	7.0	-1.26001026463276	9.0864298509079e-06	False	False	False	False	False	False	False	False
paper_0003	6	chr1	1445029	1445042	3	14	hyper	ENSG00000197785	ATAD3A	2494.0	7.0	7.0	-0.777578677937091	0.00623137103977713	False	False	False	False	False	False	False	False
paper_0004	7	chr1	2077884	2077967	3	84	hyper	ENSG00000067606	PRKCZ	96016.0	5.0	7.0	-1.20648677971083	1.63128995719197e-08	False	False	False	False	False	False	False	False
paper_0005	8	chr1	2722280	2722321	3	42	hypo	ENSG00000215912	TTC34	4013.0	7.0	7.0	-0.115441515069793	0.751405786451989	False	False	False	False	False	False	False	False
paper_0006	9	chr1	2780762	2780836	4	75	hyper	ENSG00000215912	TTC34	62512.0	7.0	7.0	-0.115441515069793	0.751405786451989	False	False	False	False	False	False	False	False
paper_0007	10	chr1	4064765	4064914	4	150	hypo	ENSG00000198912	C1orf174	247989.0	7.0	7.0	0.0331227455370119	0.897016440114329	False	False	False	False	False	False	False	False
paper_0008	11	chr1	4087977	4088020	3	44	hyper	ENSG00000198912	C1orf174	271148.0	7.0	7.0	0.0331227455370119	0.897016440114329	False	False	False	False	False	False	False	False
paper_0009	12	chr1	6051294	6051307	3	14	hypo	ENSG00000131697	NPHP4	128427.0	3.0	3.0	-0.696399680619957	6.3589562372301e-05	False	False	False	False	False	False	False	False
paper_0010	13	chr1	6341390	6341551	5	162	hyper	ENSG00000097021	ACOT7	17137.0	4.0	4.0	-2.27833170262204	5.54164002815972e-13	False	False	False	False	False	False	False	False
paper_0011	14	chr1	6607441	6607648	3	208	hypo	ENSG00000162408	NOL9	26137.0	6.0	6.0	-0.0282444316440869	0.905979709217192	False	False	False	False	False	False	False	False
paper_0012	15	chr1	6749013	6749042	3	30	hypo	ENSG00000007923	DNAJC11	54799.0	7.0	7.0	0.0734561137507658	0.766568089008462	False	False	False	False	False	False	False	False
paper_0013	16	chr1	6843760	6843874	5	115	hypo	ENSG00000171735	CAMTA1	1565.0	3.0	1.0	0.231386908520143	0.232535006824152	False	False	False	False	False	False	False	False
paper_0014	17	chr1	7946073	7946097	4	25	hypo	ENSG00000049247	UTS2	32512.0	7.0	7.0	0.288673546344506	0.875298456056839	False	False	False	False	False	False	False	False
paper_0015	18	chr1	8266570	8266714	6	145	hypo	ENSG00000162426	SLC45A1	111242.0	4.0	4.0	-3.04473352714443	1.74900975663357e-07	True	True	True	True	False	False	False	False
paper_0016	19	chr1	8277814	8277821	3	8	hyper	ENSG00000162426	SLC45A1	100067.0	4.0	5.0	-3.04473352714443	1.74900975663357e-07	False	False	False	False	False	False	False	False
paper_0017	20	chr1	8463246	8463252	3	7	hyper	ENSG00000142599	RERE	48563.0	7.0	7.0	-1.7713503635623	5.15505117287375e-22	False	False	False	False	False	False	False	False
paper_0018	21	chr1	9070577	9070766	5	190	hypo	ENSG00000197241	SLC2A7	7312.0	5.0	5.0	1.91480226667403		False	False	False	False	False	False	False	False
paper_0019	22	chr1	9362896	9362964	4	69	hyper	ENSG00000171621	SPSB1	9991.0	5.0	6.0	1.31056570063741	0.00263249919257854	False	False	False	False	False	False	False	False
paper_0020	23	chr1	9847739	9847895	3	157	hypo	ENSG00000171603	CLSTN1	58733.0	7.0	4.0	-0.05368231301187	0.830593944500822	False	False	False	False	False	False	False	False
paper_0021	24	chr1	10555537	10555549	3	13	hypo	ENSG00000142655	PEX14	20599.0	1.0	1.0	0.920064552367956	5.5648121561019e-05	False	False	False	False	False	False	False	False
paper_0022	25	chr1	11046066	11046214	6	149	hyper	ENSG00000175262	C1orf127	4045.0	5.0	5.0	-2.09224392421957	2.59977936027883e-10	False	False	False	False	False	False	False	False
paper_0023	26	chr1	11766993	11767008	3	16	hypo	ENSG00000162490	DRAXIN	15214.0	7.0	7.0	0.319278859497133	0.328558590364844	False	False	False	False	False	False	False	False
paper_0024	27	chr1	11889529	11889823	6	295	hypo	ENSG00000011021	CLCN6	23469.0	6.0	5.0	1.31257100371305	1.49367074444055e-09	True	True	True	True	True	True	True	False
paper_0025	28	chr1	11986839	11986848	5	10	hyper	ENSG00000116685	KIAA2013	357.0	1.0	1.0	-1.09944940606007	3.1285261812758e-07	False	False	False	False	False	False	False	False
paper_0026	29	chr1	12133689	12133807	5	119	hyper	ENSG00000120949	TNFRSF8	10314.0	7.0	7.0	1.83567184352267	3.7982174964813e-05	False	False	False	False	False	False	False	False
paper_0027	30	chr1	12219967	12219981	3	15	hypo	ENSG00000028137	TNFRSF1B	7084.0	7.0	5.0	2.06452809031853	8.42609111575015e-27	False	False	False	False	False	False	False	False
paper_0028	31	chr1	12475037	12475428	6	392	hypo	ENSG00000048707	VPS13D	185108.0	5.0	4.0	0.0688556211520263	0.831027771718211	True	True	False	False	False	False	False	False
paper_0029	32	chr1	12509445	12509707	4	263	hypo	ENSG00000048707	VPS13D	219452.0	7.0	5.0	0.0688556211520263	0.831027771718211	False	False	False	False	False	False	False	False
paper_0030	33	chr1	12553341	12553363	3	23	hypo	ENSG00000048707	VPS13D	263228.0	6.0	6.0	0.0688556211520263	0.831027771718211	False	False	False	False	False	False	False	False
paper_0031	34	chr1	12616399	12616675	5	277	hyper	ENSG00000162496	DHRS3	61199.0	7.0	7.0	1.11775804640625	0.0683795848428454	False	False	False	False	False	False	False	False
paper_0032	35	chr1	12667157	12667472	4	316	hyper	ENSG00000162496	DHRS3	39375.0	7.0	7.0	1.11775804640625	0.0683795848428454	False	False	False	False	False	False	False	False
paper_0033	36	chr1	14000693	14001036	4	344	hyper	ENSG00000116731	PRDM2	25827.0	5.0	7.0	0.235899305816854	0.352864751723899	False	False	False	False	False	False	False	False
paper_0034	37	chr1	14137807	14137878	3	72	hyper	ENSG00000116731	PRDM2	111149.0	6.0	6.0	0.235899305816854	0.352864751723899	False	False	False	False	False	False	False	False
paper_0035	38	chr1	15614049	15614193	3	145	hypo	ENSG00000142621	FHAD1	40353.0	7.0	7.0	-0.808539758027967	0.00611196097347339	False	False	False	False	False	False	False	False
paper_0036	39	chr1	15786485	15786779	5	295	hypo	ENSG00000142615	CELA2A	3408.0	7.0	3.0	0.846108308756877	0.215771736591055	True	True	False	False	False	False	False	False
paper_0037	40	chr1	15905667	15905977	3	311	hypo	ENSG00000116771	AGMAT	6974.0	4.0	4.0	0.112340570433121	0.788810860029663	False	False	False	False	False	False	False	False
paper_0038	41	chr1	16193899	16194000	3	102	hypo	ENSG00000065526	SPEN	19590.0	5.0	5.0	0.970394412169229	0.000170447556063895	False	False	False	False	False	False	False	False
paper_0039	42	chr1	16275011	16275074	5	64	hypo	ENSG00000116809	ZBTB17	6676.0	5.0	3.0	1.36753675211591	2.10995098216817e-09	True	True	False	False	False	False	False	False
paper_0040	43	chr1	16290483	16290576	4	94	hypo	ENSG00000116809	ZBTB17	22163.0	3.0	3.0	1.36753675211591	2.10995098216817e-09	False	False	False	False	False	False	False	False
paper_0041	44	chr1	16301478	16301594	4	117	hypo	ENSG00000116809	ZBTB17	33170.0	3.0	1.0	1.36753675211591	2.10995098216817e-09	False	False	False	False	False	False	False	False
paper_0042	45	chr1	16391189	16391224	4	36	hyper	ENSG00000185519	FAM131C	6942.0	7.0	7.0	6.98692896541045	4.39989188511984e-21	False	False	False	False	False	False	False	False
paper_0043	46	chr1	16399560	16399578	3	19	hypo	ENSG00000185519	FAM131C	15305.0	7.0	7.0	6.98692896541045	4.39989188511984e-21	False	False	False	False	False	False	False	False
paper_0044	47	chr1	16778301	16778375	3	75	hypo	ENSG00000157191	NECAP2	11171.0	5.0	3.0	0.595920816866887	0.000445776317381578	False	False	False	False	False	False	False	False
paper_0045	48	chr1	17023121	17023186	6	66	hypo	ENSG00000237847	FAM231A	23655.0	7.0	7.0			False	False	False	False	False	False	False	False
paper_0046	49	chr1	19716911	19717179	6	269	hyper	ENSG00000077549	CAPZB	51778.0	3.0	5.0	-0.341505399081324	0.0665656587574191	False	False	False	False	False	False	False	False
paper_0047	50	chr1	19749771	19749849	3	79	hyper	ENSG00000077549	CAPZB	84543.0	7.0	5.0	-0.341505399081324	0.0665656587574191	False	False	False	False	False	False	False	False
paper_0048	51	chr1	19908916	19909053	3	138	hyper	ENSG00000270136	MINOS1-NBL1	14487.0	7.0	7.0	-0.693376801349492	0.524382780310763	False	False	False	False	False	False	False	False
paper_0049	52	chr1	19926812	19926891	4	80	hypo	ENSG00000173436	MINOS1	3367.0	5.0	5.0	-1.03558953680515	3.5683384434143e-05	False	False	False	False	False	False	False	False
paper_0050	53	chr1	19998761	19998850	3	90	hyper	ENSG00000158748	HTR6	7025.0	7.0	7.0	-0.0525868470747183		False	False	False	False	False	False	False	False
paper_0051	54	chr1	21619150	21619471	3	322	hypo	ENSG00000117298	ECE1	75570.0	4.0	3.0	3.93313705899981	2.31272877052813e-13	True	False	False	False	False	False	False	False
paper_0052	55	chr1	21943046	21943120	4	75	hyper	ENSG00000076864	RAP1GAP	52717.0	5.0	5.0	-2.92953607050787	1.47748958590385e-13	False	False	False	False	False	False	False	False
paper_0053	56	chr1	21977797	21977930	6	134	hypo	ENSG00000076864	RAP1GAP	34063.0	2.0	3.0	-2.92953607050787	1.47748958590385e-13	False	False	False	False	False	False	False	False
paper_0054	57	chr1	24379582	24379770	3	189	hyper	ENSG00000142661	MYOM3	58988.0	7.0	7.0	1.38236425748702	0.0662986510951237	False	False	False	False	False	False	False	False
paper_0055	58	chr1	24718313	24718538	8	226	hypo	ENSG00000001460	STPG1	34936.0	7.0	5.0	1.4402956481286	6.32072807173576e-09	False	False	False	False	False	False	False	False
paper_0056	59	chr1	24750842	24750974	3	133	hypo	ENSG00000001461	NIPAL3	8624.0	6.0	5.0	-0.49471106471381	0.0102926968696215	False	False	False	False	False	False	False	False
paper_0057	60	chr1	25073258	25073359	6	102	hyper	ENSG00000169504	CLIC4	1460.0	1.0	1.0	1.30100784770346	3.89082648740145e-05	False	False	False	False	False	False	False	False
paper_0058	61	chr1	25297050	25297186	9	137	hypo	ENSG00000020633	RUNX3	5616.0	4.0	4.0	1.94792286891133	9.60210188863249e-16	True	True	True	False	True	True	False	False
paper_0059	62	chr1	25433087	25433182	4	96	hyper	ENSG00000117614	SYF2	125849.0	7.0	7.0	0.18091525201235	0.336009813670257	False	False	False	False	False	False	False	False
paper_0060	63	chr1	25655498	25655528	3	31	hyper	ENSG00000187010	RHD	56629.0	7.0	7.0	0.706860827332297	0.0102926968696215	False	False	False	False	False	False	False	False
paper_0061	64	chr1	25892951	25892993	3	43	hypo	ENSG00000157978	LDLRAP1	22901.0	6.0	6.0	-1.79007028433254	1.07416534405315e-08	False	False	False	False	False	False	False	False
paper_0062	65	chr1	25983595	25983607	3	13	hypo	ENSG00000117643	MAN1C1	39642.0	5.0	5.0	-4.00411230321101	8.58983799369919e-13	False	False	False	False	False	False	False	False
paper_0063	66	chr1	26359207	26359359	6	153	hypo	ENSG00000158008	EXTL1	11012.0	5.0	4.0	-2.80312310048024	0.00401547507767457	False	False	False	False	False	False	False	False
paper_0064	67	chr1	26797342	26797387	3	46	hypo	ENSG00000117682	DHDDS	38591.0	4.0	5.0	1.02983361473516	1.2363285048468e-07	False	False	False	False	False	False	False	False
paper_0065	68	chr1	26855761	26855791	3	31	hypo	ENSG00000117676	RPS6KA1	474.0	2.0	7.0	-0.5500425872442261	0.00221187007127085	False	False	False	False	False	False	False	False
paper_0066	69	chr1	26906265	26906827	7	563	hypo	ENSG00000117676	RPS6KA1	50294.0	5.0	4.0	-0.5500425872442261	0.00221187007127085	True	True	False	False	False	False	False	False
paper_0067	70	chr1	26948636	26948642	3	7	hypo	ENSG00000117713	ARID1A	73883.0	7.0	7.0	0.562439678908057	0.00949439236713261	False	False	False	False	False	False	False	False
paper_0068	71	chr1	27087892	27087961	3	70	hyper	ENSG00000117713	ARID1A	65402.0	6.0	6.0	0.562439678908057	0.00949439236713261	False	False	False	False	False	False	False	False
paper_0069	72	chr1	27165289	27165674	8	386	hypo	ENSG00000204160	ZDHHC18	12280.0	5.0	4.0	2.77215589879263	8.47223139057988e-64	True	True	True	False	True	True	True	True
paper_0070	73	chr1	27276590	27276604	3	15	hypo	ENSG00000175707	C1orf172	544.0	7.0	7.0	-0.54486633690809	0.798626329126392	False	False	False	False	False	False	False	False
paper_0071	74	chr1	27817404	27817410	3	7	hyper	ENSG00000158195	WASF2	737.0	3.0	7.0	0.257330780801125	0.19736156255549	False	False	False	False	False	False	False	False
paper_0072	75	chr1	28208833	28209024	9	192	hypo	ENSG00000130775	THEMIS2	9873.0	5.0	3.0	1.28025116991743	0.00043025079541341	False	False	False	False	False	False	False	False
paper_0073	76	chr1	28230173	28230213	3	41	hypo	ENSG00000117748	RPA2	11758.0	6.0	6.0	0.79268977014493	0.000150229008052222	False	False	False	False	False	False	False	False
paper_0074	77	chr1	28389373	28389385	3	13	hyper	ENSG00000158161	EYA3	92524.0	4.0	4.0	0.410458812970529	0.053680426631336	False	False	False	False	False	False	False	False
paper_0075	78	chr1	28477018	28477046	3	29	hyper	ENSG00000169403	PTAFR	3355.0	5.0	6.0	-2.44670510350658	2.91150113352611e-08	False	False	False	False	False	False	False	False
paper_0076	79	chr1	30457590	30457824	5	235	hypo	ENSG00000162510	MATN1	738726.0	4.0	4.0	1.18964154269467	0.399468118306639	False	False	False	False	False	False	False	False
paper_0077	80	chr1	31411674	31411698	3	25	hyper	ENSG00000134644	PUM1	5989.0	6.0	6.0	0.803230455809087	0.000458900579840645	False	False	False	False	False	False	False	False
paper_0078	81	chr1	31987800	31987963	3	164	hypo	ENSG00000142910	TINAGL1	54233.0	5.0	5.0	3.88873901343652	1.93304272791713e-10	False	False	False	False	False	False	False	False
paper_0079	82	chr1	32671869	32671884	3	16	hypo	ENSG00000160051	IQCC	640.0	1.0	4.0	-0.27026280215682	0.3916413769356	False	False	False	False	False	False	False	False
paper_0080	83	chr1	32807506	32807999	5	494	hypo	ENSG00000175130	MARCKSL1	5771.0	7.0	3.0	4.67562453940865	1.02036985345878e-51	False	False	False	False	False	False	False	False
paper_0081	84	chr1	33630971	33630987	3	17	hyper	ENSG00000116525	TRIM62	19976.0	6.0	7.0	-0.205908956313478	0.353584339733839	False	False	False	False	False	False	False	False
paper_0082	85	chr1	34374156	34374224	3	69	hyper	ENSG00000121904	CSMD2	394581.0	7.0	7.0	0.0121226674581867	0.986844499461734	False	False	False	False	False	False	False	False
paper_0083	86	chr1	35604862	35605091	5	230	hypo	ENSG00000116560	SFPQ	53772.0	7.0	7.0	0.16271869039947	0.310362492527103	False	False	False	False	False	False	False	False
paper_0084	87	chr1	35659322	35659423	4	102	hypo	ENSG00000116560	SFPQ	622.0	1.0	1.0	0.16271869039947	0.310362492527103	False	False	False	False	False	False	False	False
paper_0085	88	chr1	35730171	35730268	4	98	hypo	ENSG00000146463	ZMYM4	4347.0	7.0	4.0	0.243742201019383	0.245679542940267	False	False	False	False	False	False	False	False
paper_0086	89	chr1	36183263	36183285	3	23	hypo	ENSG00000142686	C1orf216	3798.0	3.0	3.0	-0.803516822830661	0.000760398279669241	False	False	False	False	False	False	False	False
paper_0087	90	chr1	36825621	36825791	5	171	hyper	ENSG00000196182	STK40	20481.0	5.0	5.0	0.105456022909376	0.662608821437714	False	False	False	False	False	False	False	False
paper_0088	91	chr1	38917437	38917658	3	222	hypo	ENSG00000185668	POU3F1	405096.0	7.0	7.0	-1.02366917842436	0.136474919441427	False	False	False	False	False	False	False	False
paper_0089	92	chr1	39249833	39249845	3	13	hypo	ENSG00000116954	RRAGC	75655.0	7.0	7.0	1.56773716702764	6.35505192264879e-13	False	False	False	False	False	False	False	False
paper_0090	93	chr1	39443432	39443485	3	54	hypo	ENSG00000174574	AKIRIN1	13435.0	7.0	7.0	1.44334899553652	2.31445130928862e-15	False	False	False	False	False	False	False	False
paper_0091	94	chr1	39468758	39469066	4	309	hypo	ENSG00000174574	AKIRIN1	12017.0	3.0	3.0	1.44334899553652	2.31445130928862e-15	False	False	False	False	False	False	False	False
paper_0092	95	chr1	39750773	39750870	4	98	hypo	ENSG00000255103	KIAA0754	125328.0	6.0	6.0	-0.912629762892612	0.0336220041274535	False	False	False	False	False	False	False	False
paper_0093	96	chr1	40169045	40169163	3	119	hyper	ENSG00000084072	PPIE	11250.0	7.0	7.0	-0.526144086762275	0.00608390036465223	False	False	False	False	False	False	False	False
paper_0094	97	chr1	40903328	40903811	3	484	hypo	ENSG00000187801	ZFP69B	12208.0	6.0	5.0	1.37117987115722	0.000102729543790415	False	False	False	False	False	False	False	False
paper_0095	98	chr1	41799604	41799759	4	156	hyper	ENSG00000204060	FOXO6	27911.0	7.0	7.0	0.70177576279959	0.720087409270315	False	False	False	False	False	False	False	False
paper_0096	99	chr1	41845564	41845621	4	58	hyper	ENSG00000204060	FOXO6	17998.0	7.0	7.0	0.70177576279959	0.720087409270315	False	False	False	False	False	False	False	False
paper_0097	100	chr1	41889413	41889522	6	110	hyper	ENSG00000127129	EDN2	60874.0	7.0	7.0	-0.409498215794866		False	False	False	False	False	False	False	False
paper_0098	101	chr1	42316198	42316441	5	244	hypo	ENSG00000127124	HIVEP3	344283.0	5.0	4.0	-1.72901147454791	2.71092984963476e-05	False	False	False	False	False	False	False	False
paper_0099	102	chr1	43353708	43353774	3	67	hypo	ENSG00000164011	ZNF691	41461.0	7.0	7.0	-0.704319015844833	9.15135865576496e-05	False	False	False	False	False	False	False	False
paper_0100	103	chr1	43446179	43446261	3	83	hyper	ENSG00000117394	SLC2A1	21689.0	7.0	4.0	1.52599583854246	8.84135663306988e-06	False	False	False	False	False	False	False	False
paper_0101	104	chr1	44401659	44401760	4	102	hyper	ENSG00000117407	ARTN	2717.0	3.0	2.0	1.15338590923169	0.224860123778957	False	False	False	False	False	False	False	False
paper_0102	105	chr1	45204322	45204374	8	53	hypo	ENSG00000142945	KIF2C	1140.0	7.0	7.0	2.39437664413468	1.45182104081175e-10	False	False	False	False	False	False	False	False
paper_0103	106	chr1	45949346	45949428	5	83	hyper	ENSG00000070759	TESK2	84801.0	7.0	7.0	0.533054849694401	0.0936586016343833	False	False	False	False	False	False	False	False
paper_0104	107	chr1	46035245	46035287	3	43	hyper	ENSG00000117448	AKR1A1	19051.0	6.0	6.0	-1.0447465833043	0.0001820749964617	False	False	False	False	False	False	False	False
paper_0105	108	chr1	47103095	47103301	3	207	hyper	ENSG00000123472	ATPAF1	4789.0	6.0	6.0	-1.60034867663344	2.07630299290469e-21	False	False	False	False	False	False	False	False
paper_0106	109	chr1	51397255	51397421	3	167	hypo	ENSG00000185104	FAF1	492188.0	7.0	7.0	-0.88215298811169	6.0423405224241e-06	False	False	False	False	False	False	False	False
paper_0107	110	chr1	53017128	53017355	7	228	hyper	ENSG00000134744	ZCCHC11	25519.0	2.0	1.0	0.307491102374601	0.303479260312953	False	False	False	False	False	False	False	False
paper_0108	111	chr1	53685487	53685630	4	144	hyper	ENSG00000162384	C1orf123	5787.0	3.0	3.0	-0.470228202712947	0.00196444267329794	False	False	False	False	False	False	False	False
paper_0109	112	chr1	54778680	54778778	4	99	hyper	ENSG00000157216	SSBP3	69819.0	5.0	7.0	-0.751389477009053	0.0542370025306685	False	False	False	False	False	False	False	False
paper_0110	113	chr1	57023448	57023633	6	186	hyper	ENSG00000162407	PPAP2B	63121.0	5.0	5.0	-2.18918348540881	2.89011280375646e-07	False	False	False	False	False	False	False	False
paper_0111	114	chr1	62037339	62037941	7	603	hypo	ENSG00000162604	TM2D1	153454.0	3.0	4.0	-0.00948912970666884	0.968505799524998	False	False	False	False	False	False	False	False
paper_0112	115	chr1	64660653	64660805	5	153	hypo	ENSG00000177414	UBE2U	8579.0	4.0	4.0	0.140853263184492		False	False	False	False	True	True	True	True
paper_0113	116	chr1	65006287	65006395	3	109	hyper	ENSG00000158966	CACHD1	69913.0	7.0	7.0	2.29243162257612	7.10737042290864e-07	False	False	False	False	False	False	False	False
paper_0114	117	chr1	67631857	67632028	4	172	hypo	ENSG00000203963	C1orf141	72700.0	5.0	4.0	3.41626898414258	0.0517408199135267	False	False	False	False	False	False	False	False
paper_0115	118	chr1	68030120	68030332	5	213	hypo	ENSG00000116717	GADD45A	120516.0	7.0	4.0	3.16721182072693	6.95604749814428e-15	False	False	False	False	False	False	False	False
paper_0116	119	chr1	68057215	68057370	3	156	hypo	ENSG00000116717	GADD45A	93450.0	5.0	4.0	3.16721182072693	6.95604749814428e-15	False	False	False	False	False	False	False	False
paper_0117	120	chr1	70599146	70599155	3	10	hyper	ENSG00000066557	LRRC40	72152.0	7.0	7.0	0.693645559915623	0.0116786259727774	False	False	False	False	False	False	False	False
paper_0118	121	chr1	70703059	70703196	4	138	hypo	ENSG00000116754	SRSF11	31762.0	6.0	6.0	0.707616487919319	9.78086367441703e-05	False	False	False	False	False	False	False	False
paper_0119	122	chr1	70841853	70842232	6	380	hyper	ENSG00000197568	HHLA3	21554.0	7.0	7.0	-0.162773566109644	0.59285091900675	False	False	False	False	False	False	False	False
paper_0120	123	chr1	76884245	76884636	4	392	hyper	ENSG00000184005	ST6GALNAC3	344036.0	7.0	7.0	1.50857622087421	0.433716639393908	False	False	False	False	False	False	False	False
paper_0121	124	chr1	77511650	77511746	3	97	hyper	ENSG00000117069	ST6GALNAC5	178572.0	7.0	7.0	1.0682800780711		False	False	False	False	False	False	False	False
paper_0122	125	chr1	78186457	78186604	4	148	hypo	ENSG00000077254	USP33	24858.0	4.0	1.0	0.638857352240723	0.00632376331761771	False	False	False	False	False	False	False	False
paper_0123	126	chr1	78291103	78291287	3	185	hyper	ENSG00000180488	FAM73A	45886.0	7.0	5.0	1.160918595877	9.20242982233836e-05	False	False	False	False	False	False	False	False
paper_0124	127	chr1	79083195	79083368	3	174	hyper	ENSG00000137959	IFI44L	2324.0	7.0	7.0	6.67602807787463	4.02275839161722e-07	False	False	False	False	False	False	False	False
paper_0125	128	chr1	84474834	84475190	3	357	hypo	ENSG00000137941	TTLL7	10178.0	5.0	5.0	1.06272758428267	1.36517808259276e-05	False	False	False	False	False	False	False	False
paper_0126	129	chr1	85435400	85435646	7	247	hypo	ENSG00000153898	MCOLN2	43932.0	5.0	3.0	4.27606280904976	2.36140070061745e-21	True	True	True	False	True	True	True	True
paper_0127	130	chr1	85461300	85461896	10	597	hypo	ENSG00000153898	MCOLN2	70007.0	1.0	1.0	4.27606280904976	2.36140070061745e-21	True	True	True	False	True	True	False	False
paper_0128	131	chr1	87567138	87567414	4	277	hyper	ENSG00000267561	RP5-1052I5.2	108584.0	7.0	7.0	1.00258162183407		False	False	False	False	False	False	False	False
paper_0129	132	chr1	89984079	89984193	4	115	hypo	ENSG00000197147	LRRC8B	6257.0	5.0	5.0	0.12441008618197	0.772804674507813	False	False	False	False	False	False	False	False
paper_0130	133	chr1	90006992	90006998	3	7	hyper	ENSG00000197147	LRRC8B	16600.0	4.0	4.0	0.12441008618197	0.772804674507813	False	False	False	False	False	False	False	False
paper_0131	134	chr1	90066723	90066805	3	83	hypo	ENSG00000171488	LRRC8C	31865.0	4.0	5.0	-1.37765081385274	2.02421401474879e-06	False	False	False	False	False	False	False	False
paper_0132	135	chr1	90723114	90723224	4	111	hypo	ENSG00000162664	ZNF326	262498.0	7.0	7.0	0.698422813881272	0.000113224146050375	False	False	False	False	False	False	False	False
paper_0133	136	chr1	94846842	94847252	4	411	hypo	ENSG00000117528	ABCD3	36884.0	7.0	7.0	-0.826225894726123	0.000525552414867347	False	False	False	False	False	False	False	False
paper_0134	137	chr1	95148847	95148861	3	15	hyper	ENSG00000143036	SLC44A3	137042.0	7.0	7.0	-1.71994460125314	0.170606808899258	False	False	False	False	False	False	False	False
paper_0135	138	chr1	95508282	95508362	3	81	hypo	ENSG00000172339	ALG14	68359.0	7.0	4.0	-0.0637126792000918	0.808623472430899	False	False	False	False	True	True	False	False
paper_0136	139	chr1	101300535	101300698	3	164	hyper	ENSG00000162694	EXTL2	60937.0	7.0	7.0	0.721587367279191	0.0652880037993658	False	False	False	False	False	False	False	False
paper_0137	140	chr1	109967254	109967294	4	41	hyper	ENSG00000143106	PSMA5	22855.0	7.0	2.0	0.386750929677658	0.111444410639114	False	False	False	False	False	False	False	False
paper_0138	141	chr1	110630651	110630872	6	222	hypo	ENSG00000156150	ALX3	17438.0	5.0	5.0	0.918699710714176		False	False	False	False	False	False	False	False
paper_0139	142	chr1	110949427	110949439	3	13	hypo	ENSG00000134248	LAMTOR5	5558.0	1.0	1.0	-0.0438940664616629	0.85346277537227	False	False	False	False	False	False	False	False
paper_0140	143	chr1	111097544	111097592	3	49	hypo	ENSG00000143105	KCNA10	35770.0	7.0	7.0	-0.997099238639337	0.41484287062155	False	False	False	False	False	False	False	False
paper_0141	144	chr1	111889506	111889538	3	33	hyper	ENSG00000173947	PIFO	612.0	2.0	2.0	-1.34585623471984	0.509861065541864	False	False	False	False	False	False	False	False
paper_0142	145	chr1	112145439	112146345	10	907	hypo	ENSG00000116473	RAP1A	61052.0	4.0	3.0	-1.35313017764623	1.71354150065621e-08	False	False	False	False	True	False	False	False
paper_0143	146	chr1	113261675	113261716	4	42	hyper	ENSG00000184599	FAM19A3	1344.0	5.0	5.0	-4.7809723398813	1.00488664297923e-06	False	False	False	False	False	False	False	False
paper_0144	147	chr1	113285719	113285740	5	22	hypo	ENSG00000184599	FAM19A3	22688.0	7.0	7.0	-4.7809723398813	1.00488664297923e-06	False	False	False	False	False	False	False	False
paper_0145	148	chr1	113374876	113374996	4	121	hyper	ENSG00000184599	FAM19A3	111895.0	7.0	7.0	-4.7809723398813	1.00488664297923e-06	False	False	False	False	False	False	False	False
paper_0146	149	chr1	114443451	114443467	3	17	hyper	ENSG00000134262	AP4B1	933.0	6.0	7.0	-0.952146642877234	5.56011177373169e-05	False	False	False	False	False	False	False	False
paper_0147	150	chr1	114651265	114651910	7	646	hypo	ENSG00000134207	SYT6	15206.0	4.0	4.0	-3.9146268555442	6.80480139410092e-09	False	False	False	False	False	False	False	False
paper_0148	151	chr1	115323737	115323776	4	40	hypo	ENSG00000052723	SIKE1	449.0	2.0	2.0	0.238238303523552	0.280923795377238	False	False	False	False	False	False	False	False
paper_0149	152	chr1	115880068	115880112	3	45	hypo	ENSG00000134259	NGF	51551.0	5.0	7.0			False	False	False	False	False	False	False	False
paper_0150	153	chr1	116444177	116444314	3	138	hypo	ENSG00000177551	NHLH2	57706.0	7.0	7.0	6.6408145976337	4.87330029721556e-06	False	False	False	False	False	False	False	False
paper_0151	154	chr1	116563413	116563487	3	75	hypo	ENSG00000163393	SLC22A15	44331.0	7.0	7.0	1.3013507446224	1.09790522212816e-05	False	False	False	False	False	False	False	False
paper_0152	155	chr1	116937020	116937152	4	133	hypo	ENSG00000269279	AL136376.1	10367.0	6.0	6.0	-0.463624244843623		False	False	False	False	False	False	False	False
paper_0153	156	chr1	117017494	117017656	3	163	hypo	ENSG00000269279	AL136376.1	90856.0	7.0	6.0	-0.463624244843623		False	False	False	False	False	False	False	False
paper_0154	157	chr1	117129532	117129713	3	182	hypo	ENSG00000143061	IGSF3	12591.0	4.0	4.0	5.70286731443591	1.5510721779001e-24	True	True	False	False	False	False	False	False
paper_0155	158	chr1	117210674	117210690	3	17	hyper	ENSG00000143061	IGSF3	306.0	2.0	2.0	5.70286731443591	1.5510721779001e-24	False	False	False	False	False	False	False	False
paper_0156	159	chr1	117529920	117530009	6	90	hypo	ENSG00000134247	PTGFRN	77285.0	6.0	6.0	-0.944050437130391	8.96672957077826e-05	False	False	False	False	False	False	False	False
paper_0157	160	chr1	120425102	120425173	3	72	hyper	ENSG00000134249	ADAM30	13980.0	4.0	5.0	0.158792603207511		False	False	False	False	False	False	False	False
paper_0158	161	chr1	121254310	121254621	3	312	hyper	ENSG00000198019	FCGR1B	318527.0	7.0	7.0	1.17103099701333		False	False	False	False	False	False	False	False
paper_0159	162	chr1	147014216	147014258	4	43	hyper	ENSG00000116128	BCL9	1055.0	7.0	7.0	-2.41163348772183	5.95192392263623e-14	False	False	False	False	False	False	False	False
paper_0160	163	chr1	150158553	150158698	3	146	hyper	ENSG00000023902	PLEKHO1	37252.0	1.0	1.0	-0.80951411192936	0.0029208450461492	False	False	False	False	False	False	False	False
paper_0161	164	chr1	151029666	151030098	8	433	hypo	ENSG00000197622	CDC42SE1	6435.0	3.0	1.0	1.42054118914303	2.46959993878055e-08	True	True	False	False	False	False	False	False
paper_0162	165	chr1	151169112	151169162	4	51	hyper	ENSG00000143398	PIP5K1A	1286.0	7.0	7.0	0.837037988219119	8.53733659285254e-05	False	False	False	False	False	False	False	False
paper_0163	166	chr1	151247908	151247975	3	68	hypo	ENSG00000143373	ZNF687	6151.0	7.0	7.0	0.520684279764212	0.0131394082128675	False	False	False	False	False	False	False	False
paper_0164	167	chr1	151256058	151256101	4	44	hypo	ENSG00000143373	ZNF687	1985.0	3.0	1.0	0.520684279764212	0.0131394082128675	False	False	False	False	False	False	False	False
paper_0165	168	chr1	153235491	153235736	3	246	hypo	ENSG00000203782	LOR	3437.0	4.0	3.0	3.14507743277876	1.21629704164e-09	False	False	False	False	False	False	False	False
paper_0166	169	chr1	153704668	153704982	6	315	hypo	ENSG00000143624	INTS3	4282.0	7.0	7.0	-0.866126907685228	7.12089211548602e-05	True	True	False	False	False	False	False	False
paper_0167	170	chr1	153755555	153755586	3	32	hypo	ENSG00000143554	SLC27A3	8740.0	3.0	3.0	-3.37713462657364	7.2375371280065e-13	False	False	False	False	False	False	False	False
paper_0168	171	chr1	153762807	153762919	5	113	hypo	ENSG00000143554	SLC27A3	16033.0	3.0	3.0	-3.37713462657364	7.2375371280065e-13	False	False	False	False	False	False	False	False
paper_0169	172	chr1	153767615	153767699	6	85	hyper	ENSG00000143554	SLC27A3	20827.0	4.0	4.0	-3.37713462657364	7.2375371280065e-13	False	False	False	False	False	False	False	False
paper_0170	173	chr1	153810111	153810143	3	33	hyper	ENSG00000143614	GATAD2B	32926.0	7.0	7.0	0.485237284677371	0.0479117594699116	False	False	False	False	False	False	False	False
paper_0171	174	chr1	153957817	153958259	6	443	hypo	ENSG00000143545	RAB13	3911.0	3.0	3.0	-1.17669579092397	5.04327743689127e-05	False	False	False	False	False	False	False	False
paper_0172	175	chr1	154462261	154462360	3	100	hypo	ENSG00000169291	SHE	10353.0	4.0	5.0	0.874607694919369	0.0496344880579739	False	False	False	False	False	False	False	False
paper_0173	176	chr1	154694056	154694072	3	17	hyper	ENSG00000143603	KCNN3	24133.0	4.0	5.0	0.420711852391709	0.454961393005058	False	False	False	False	False	False	False	False
paper_0174	177	chr1	155044044	155044118	5	75	hyper	ENSG00000143590	EFNA3	7857.0	4.0	3.0	-1.39562744068362	7.27904818977099e-05	False	False	False	False	False	False	False	False
paper_0175	178	chr1	156163296	156163307	3	12	hypo	ENSG00000160785	SLC25A44	577.0	1.0	1.0	-0.677065197023242	5.6058939023221e-05	False	False	False	False	False	False	False	False
paper_0176	179	chr1	156198409	156198458	3	50	hyper	ENSG00000160783	PMF1	15649.0	4.0	4.0	-0.552476903536097	0.0656671711453804	False	False	False	False	False	False	False	False
paper_0177	180	chr1	156427664	156427676	3	13	hypo	ENSG00000125462	C1orf61	28454.0	4.0	4.0	0.835819776951961	7.83105812695074e-05	False	False	False	False	False	False	False	False
paper_0178	181	chr1	156463265	156463421	3	157	hypo	ENSG00000116604	MEF2D	29824.0	3.0	3.0	0.0319391266787527	0.933044724965215	False	False	False	False	False	False	False	False
paper_0179	182	chr1	156691446	156691538	4	93	hypo	ENSG00000143303	RRNAD1	6740.0	5.0	5.0	-0.534270663661237	0.00530603928933419	False	False	False	False	True	True	True	True
paper_0180	183	chr1	156933867	156933957	3	91	hyper	ENSG00000132694	ARHGEF11	29280.0	3.0	3.0	1.45574042441145	3.20625868500416e-06	False	False	False	False	False	False	False	False
paper_0181	184	chr1	158363491	158363908	5	418	hypo	ENSG00000186306	OR10T2	5556.0	7.0	4.0			False	False	False	False	True	True	True	False
paper_0182	185	chr1	161120715	161120766	3	52	hypo	ENSG00000143222	UFC1	2800.0	7.0	7.0	-0.640285891914345	0.00104798892059311	False	False	False	False	False	False	False	False
paper_0183	186	chr1	162530754	162530804	3	51	hyper	ENSG00000117143	UAP1	542.0	3.0	3.0	1.65529170599044	2.00658231256058e-13	False	False	False	False	False	False	False	False
paper_0184	187	chr1	166479782	166480029	4	248	hyper	ENSG00000143157	POGK	328774.0	7.0	7.0	0.0928970368934008	0.773343476256467	False	False	False	False	False	False	False	False
paper_0185	188	chr1	168455464	168455542	3	79	hyper	ENSG00000143185	XCL2	57731.0	7.0	7.0	1.66488011746469	0.010182127154381	False	False	False	False	False	False	False	False
paper_0186	189	chr1	168479138	168479330	4	193	hypo	ENSG00000143185	XCL2	34000.0	5.0	4.0	1.66488011746469	0.010182127154381	False	False	False	False	True	True	True	True
paper_0187	190	chr1	172496554	172496813	3	260	hypo	ENSG00000094975	SUCO	4804.0	7.0	7.0	2.04703984628427	4.42472596352236e-16	False	False	False	False	False	False	False	False
paper_0188	191	chr1	172750596	172750921	3	326	hypo	ENSG00000117560	FASLG	122604.0	7.0	4.0	2.31084605000396	2.82595480650294e-05	False	False	False	False	False	False	False	False
paper_0189	192	chr1	172987701	172987958	3	258	hypo	ENSG00000120337	TNFSF18	32273.0	4.0	5.0	4.28937824071109	2.32320246958163e-15	False	False	False	False	False	False	False	False
paper_0190	193	chr1	172989720	172989890	5	171	hyper	ENSG00000120337	TNFSF18	30297.0	3.0	3.0	4.28937824071109	2.32320246958163e-15	False	False	False	False	False	False	False	False
paper_0191	194	chr1	173164798	173165082	5	285	hypo	ENSG00000117586	TNFSF4	12066.0	7.0	4.0	6.6012048797872	4.28825552406147e-18	False	False	False	False	False	False	False	False
paper_0192	195	chr1	173267119	173267258	4	140	hypo	ENSG00000117586	TNFSF4	90735.0	5.0	4.0	6.6012048797872	4.28825552406147e-18	False	False	False	False	True	True	True	True
paper_0193	196	chr1	173850910	173850918	3	9	hyper	ENSG00000185278	ZBTB37	13694.0	7.0	7.0	0.237500523147998	0.494765957569751	False	False	False	False	False	False	False	False
paper_0194	197	chr1	173869522	173869750	3	229	hypo	ENSG00000117601	SERPINC1	16879.0	7.0	7.0	0.159757438449641	0.700206681431089	False	False	False	False	False	False	False	False
paper_0195	198	chr1	174552800	174553130	3	331	hypo	ENSG00000203737	GPR52	135753.0	7.0	7.0	4.86765117553791	0.00456909377543101	False	False	False	False	False	False	False	False
paper_0196	199	chr1	177965331	177965600	4	270	hypo	ENSG00000120341	SEC16B	12026.0	5.0	5.0	-1.178338194949	0.269705524676238	False	False	False	False	False	False	False	False
paper_0197	200	chr1	178291398	178291604	3	207	hypo	ENSG00000075391	RASAL2	228637.0	7.0	4.0	0.13784744230078	0.760163513016897	False	False	False	False	False	False	False	False
paper_0198	201	chr1	179061092	179061289	5	198	hyper	ENSG00000186283	TOR3A	10678.0	5.0	5.0	0.495806763178239	0.0973145610411831	False	False	False	False	False	False	False	False
paper_0199	202	chr1	180052872	180053019	5	148	hyper	ENSG00000135837	CEP350	129072.0	6.0	6.0	2.25560453729063	5.34170949855488e-12	False	False	False	False	False	False	False	False
paper_0200	203	chr1	180452164	180452296	3	133	hyper	ENSG00000135847	ACBD6	194865.0	5.0	7.0	-0.416430576064422	0.0971766584489413	False	False	False	False	False	False	False	False
paper_0201	204	chr1	181012584	181012797	3	214	hypo	ENSG00000153029	MR1	9623.0	5.0	3.0	0.771704586965842	0.000366954401775343	False	False	False	False	False	False	False	False
paper_0202	205	chr1	181075087	181075157	5	71	hypo	ENSG00000162783	IER5	17484.0	2.0	2.0	2.66646513467259	4.10890258312625e-44	False	False	False	False	False	False	False	False
paper_0203	206	chr1	184336317	184336497	9	181	hyper	ENSG00000116667	C1orf21	19783.0	7.0	7.0	2.0530189875345	1.35103381119116e-14	False	False	False	False	False	False	False	False
paper_0204	207	chr1	185260981	185261519	3	539	hyper	ENSG00000116679	IVNS1ABP	25210.0	4.0	4.0	-0.377195251214395	0.452206048762577	False	False	False	False	False	False	False	False
paper_0205	208	chr1	185543563	185543634	4	72	hypo	ENSG00000143341	HMCN1	160083.0	4.0	5.0	2.4966154245423	0.214647960961805	False	False	False	False	False	False	False	False
paper_0206	209	chr1	186788487	186788953	3	467	hyper	ENSG00000116711	PLA2G4A	9363.0	3.0	3.0	0.19690443541478	0.761546347009222	False	False	False	False	False	False	False	False
paper_0207	210	chr1	186847685	186847899	3	215	hypo	ENSG00000116711	PLA2G4A	49707.0	5.0	4.0	0.19690443541478	0.761546347009222	False	False	False	False	False	False	False	False
paper_0208	211	chr1	189076491	189076860	3	370	hypo	ENSG00000162670	BRINP3	1370083.0	7.0	7.0			False	False	False	False	False	False	False	False
paper_0209	212	chr1	192514284	192514436	4	153	hypo	ENSG00000090104	RGS1	30495.0	3.0	1.0	6.33532336287828	2.40527713119723e-51	False	False	False	False	False	False	False	False
paper_0210	213	chr1	193533141	193533309	10	169	hyper	ENSG00000162630	B3GALT2	377440.0	7.0	7.0	1.74455876834817	0.0140265385012689	False	False	False	False	False	False	False	False
paper_0211	214	chr1	195414614	195414954	4	341	hyper	ENSG00000162687	KCNT2	1163570.0	7.0	7.0	1.73204241247947		False	False	False	False	False	False	False	False
paper_0212	215	chr1	196250250	196250452	4	203	hypo	ENSG00000162687	KCNT2	53082.0	7.0	7.0	1.73204241247947		False	False	False	False	False	False	False	False
paper_0213	216	chr1	197378711	197378998	8	288	hyper	ENSG00000134376	CRB1	208262.0	7.0	7.0	0.497646289030061	0.3678435917907	False	False	False	False	False	False	False	False
paper_0214	217	chr1	200275383	200275395	3	13	hyper	ENSG00000162702	ZNF281	103794.0	4.0	5.0	0.788732533775746	0.0154942397374715	False	False	False	False	False	False	False	False
paper_0215	218	chr1	200316167	200316176	4	10	hypo	ENSG00000162702	ZNF281	63012.0	5.0	7.0	0.788732533775746	0.0154942397374715	False	False	False	False	False	False	False	False
paper_0216	219	chr1	201372948	201373427	11	480	hypo	ENSG00000159166	LAD1	4450.0	5.0	4.0	7.2985633308293	6.03404319130585e-41	True	True	True	False	True	True	True	True
paper_0217	220	chr1	202363813	202363988	4	176	hypo	ENSG00000077157	PPP1R12B	46073.0	7.0	7.0	-0.627619209791389	0.0126819407383048	False	False	False	False	False	False	False	False
paper_0218	221	chr1	202963495	202963741	3	247	hyper	ENSG00000163444	TMEM183A	12894.0	5.0	7.0	-0.450671950666803	0.010213467844846	False	False	False	False	False	False	False	False
paper_0219	222	chr1	202995317	202995366	3	50	hyper	ENSG00000143847	PPFIA4	283.0	2.0	1.0	1.33795342358117	0.0212511558589024	False	False	False	False	False	False	False	False
paper_0220	223	chr1	204653186	204653242	4	57	hypo	ENSG00000170382	LRRN2	66916.0	7.0	7.0	0.847229130832866	0.02411387922972	False	False	False	False	False	False	False	False
paper_0221	224	chr1	205263657	205263738	3	82	hypo	ENSG00000163545	NUAK2	27185.0	5.0	4.0	5.09539261795958	3.90897168832254e-27	False	False	False	False	False	False	False	False
paper_0222	225	chr1	205898633	205898800	4	168	hypo	ENSG00000174502	SLC26A9	16540.0	4.0	3.0	3.2074112193918	4.51644300129032e-19	False	False	False	False	False	False	False	False
paper_0223	226	chr1	206643375	206643387	3	13	hypo	ENSG00000143466	IKBKE	408.0	3.0	3.0	1.07156022828818	0.00293097150707518	False	False	False	False	False	False	False	False
paper_0224	227	chr1	208082582	208082645	3	64	hyper	ENSG00000174059	CD34	22729.0	7.0	7.0	-0.265066138025465	0.477557687530385	False	False	False	False	False	False	False	False
paper_0225	228	chr1	208855838	208856231	4	394	hyper	ENSG00000076356	PLXNA2	438368.0	7.0	7.0	-1.19262846911245	4.4219368661894e-05	False	False	False	False	False	False	False	False
paper_0226	229	chr1	209758925	209759000	5	76	hyper	ENSG00000008118	CAMK1G	1900.0	5.0	7.0	6.33006392809855	5.39342532150011e-25	False	False	False	False	False	False	False	False
paper_0227	230	chr1	211311915	211312063	3	149	hypo	ENSG00000143473	KCNH1	4531.0	7.0	7.0	4.40793660506103	0.0389690887077025	False	False	False	False	False	False	False	False
paper_0228	231	chr1	211430715	211430780	3	66	hypo	ENSG00000117625	RCOR3	970.0	3.0	3.0	0.636003989315591	0.00580274586440863	False	False	False	False	False	False	False	False
paper_0229	232	chr1	211513092	211513416	7	325	hypo	ENSG00000082512	TRAF5	13297.0	4.0	4.0	1.91286915494525	1.62226191444486e-09	False	False	False	False	True	True	True	False
paper_0230	233	chr1	212300762	212300878	3	117	hyper	ENSG00000143476	DTL	91901.0	5.0	5.0	1.458929565964	1.60753606588707e-05	False	False	False	False	False	False	False	False
paper_0231	234	chr1	212823217	212823293	4	77	hypo	ENSG00000162771	FAM71A	25466.0	7.0	7.0	0.812750010479274	0.626630196188957	False	False	False	False	False	False	False	False
paper_0232	235	chr1	212823769	212823949	3	181	hypo	ENSG00000162771	FAM71A	26070.0	6.0	7.0	0.812750010479274	0.626630196188957	False	False	False	False	False	False	False	False
paper_0233	236	chr1	212855046	212856095	8	1050	hypo	ENSG00000123685	BATF3	17756.0	4.0	4.0	0.778409912683416	0.00126426875610845	False	False	False	False	False	False	False	False
paper_0234	237	chr1	212923485	212923883	5	399	hypo	ENSG00000117697	NSL1	13386.0	4.0	4.0	-0.13392449992019	0.530604464428968	False	False	False	False	False	False	False	False
paper_0235	238	chr1	212954270	212954302	3	33	hypo	ENSG00000117697	NSL1	43988.0	5.0	3.0	-0.13392449992019	0.530604464428968	True	False	False	False	False	False	False	False
paper_0236	239	chr1	213102105	213102274	3	170	hypo	ENSG00000143494	VASH2	21671.0	7.0	7.0	3.54413560231413	8.68619678013986e-18	False	False	False	False	False	False	False	False
paper_0237	240	chr1	213224311	213224319	3	9	hyper	ENSG00000136643	RPS6KC1	272.0	3.0	3.0	0.949022845983609	0.000490047941180681	False	False	False	False	False	False	False	False
paper_0238	241	chr1	214576041	214576099	3	59	hyper	ENSG00000152104	PTPN14	54031.0	7.0	7.0	0.156790140313932	0.676280711183235	False	False	False	False	False	False	False	False
paper_0239	242	chr1	214996636	214996762	3	127	hypo	ENSG00000082482	KCNK2	182417.0	7.0	7.0	0.950348058350625		False	False	False	False	False	False	False	False
paper_0240	243	chr1	218155955	218156004	3	50	hyper	ENSG00000067533	RRP15	302648.0	7.0	7.0	-0.882500958877212	0.000570863094929898	False	False	False	False	False	False	False	False
paper_0241	244	chr1	222730212	222730493	3	282	hyper	ENSG00000143512	HHIPL2	8906.0	6.0	6.0	-0.678490050910547	0.718688946698195	False	False	False	False	False	False	False	False
paper_0242	245	chr1	222885771	222885791	4	21	hypo	ENSG00000186063	AIDA	42862.0	1.0	1.0	1.31375719264819	4.44116404441293e-09	False	False	False	False	False	False	False	False
paper_0243	246	chr1	224238640	224238663	3	24	hypo	ENSG00000269358	AC138393.1	22279.0	7.0	7.0	-1.0047244910517	0.384448074708023	False	False	False	False	False	False	False	False
paper_0244	247	chr1	224326046	224326115	3	70	hypo	ENSG00000143756	FBXO28	24291.0	6.0	6.0	0.454076521203229	0.0794368013982526	False	False	False	False	False	False	False	False
paper_0245	248	chr1	224331994	224332226	5	233	hypo	ENSG00000143756	FBXO28	30321.0	7.0	6.0	0.454076521203229	0.0794368013982526	False	False	False	False	False	False	False	False
paper_0246	249	chr1	224407340	224407558	4	219	hypo	ENSG00000143753	DEGS1	43991.0	4.0	4.0	0.611137953408655	0.0232097732982113	False	False	False	False	False	False	False	False
paper_0247	250	chr1	225040876	225041254	3	379	hyper	ENSG00000185842	DNAH14	42897.0	7.0	7.0	-0.573860685453489	0.0538254503077777	False	False	False	False	False	False	False	False
paper_0248	251	chr1	225705606	225705834	3	229	hypo	ENSG00000154380	ENAH	31183.0	5.0	7.0	0.894528909749326	0.121570122434739	False	False	False	False	False	False	False	False
paper_0249	252	chr1	226204666	226204752	3	87	hypo	ENSG00000143751	SDE2	17676.0	7.0	7.0	1.35024151784758	1.91537052707375e-08	False	False	False	False	False	False	False	False
paper_0250	253	chr1	226369653	226369711	3	59	hyper	ENSG00000182827	ACBD3	37302.0	5.0	5.0	0.676829879836348	0.0040324439149268	False	False	False	False	False	False	False	False
paper_0251	254	chr1	226852375	226852460	5	86	hypo	ENSG00000143772	ITPKB	74606.0	3.0	3.0	-0.192585759276996	0.664812903546313	False	False	False	False	False	False	False	False
paper_0252	255	chr1	227447176	227447302	6	127	hypo	ENSG00000143776	CDC42BPA	269673.0	7.0	5.0	1.36566502057125	7.79121490850934e-08	False	False	False	False	False	False	False	False
paper_0253	256	chr1	227763094	227763352	5	259	hypo	ENSG00000181450	ZNF678	11979.0	7.0	7.0	-0.105347258426487	0.785414910679346	False	False	False	False	False	False	False	False
paper_0254	257	chr1	228932711	228932853	3	143	hyper	ENSG00000116574	RHOU	61958.0	7.0	7.0	-1.16405050099974	0.0138047150193166	False	False	False	False	False	False	False	False
paper_0255	258	chr1	228987690	228987829	4	140	hyper	ENSG00000116574	RHOU	116935.0	4.0	5.0	-1.16405050099974	0.0138047150193166	False	False	False	False	False	False	False	False
paper_0256	259	chr1	228988394	228988607	3	214	hypo	ENSG00000116574	RHOU	117676.0	4.0	5.0	-1.16405050099974	0.0138047150193166	False	False	False	False	False	False	False	False
paper_0257	260	chr1	229760652	229760673	3	22	hyper	ENSG00000135801	TAF5L	31794.0	3.0	3.0	1.10459755183895	2.03998332323427e-10	False	False	False	False	False	False	False	False
paper_0258	261	chr1	229809963	229810057	4	95	hyper	ENSG00000135763	URB2	48029.0	7.0	7.0	0.266354116949185	0.271069942445192	False	False	False	False	False	False	False	False
paper_0259	262	chr1	230812038	230812205	4	168	hypo	ENSG00000135775	COG2	33883.0	6.0	6.0	-0.479637317548818	0.0043925508400698	False	False	False	False	False	False	False	False
paper_0260	263	chr1	231189016	231189063	5	48	hyper	ENSG00000182118	FAM89A	13046.0	4.0	2.0	-0.823165833703735	0.0112053883490207	False	False	False	False	False	False	False	False
paper_0261	264	chr1	235757214	235757251	3	38	hyper	ENSG00000168243	GNG4	46245.0	7.0	7.0	2.18707276902602	0.00226224288520166	False	False	False	False	False	False	False	False
paper_0262	265	chr1	235977910	235978194	4	285	hypo	ENSG00000143669	LYST	55493.0	5.0	4.0	2.36590707311919	5.24573345408812e-09	False	False	False	False	False	False	False	False
paper_0263	266	chr1	235994233	235995057	8	825	hypo	ENSG00000143669	LYST	72086.0	3.0	4.0	2.36590707311919	5.24573345408812e-09	True	True	True	False	False	False	False	False
paper_0264	267	chr1	236245336	236245455	3	120	hyper	ENSG00000116962	NID1	16932.0	5.0	7.0	6.25054841755091	3.31795418926729e-25	False	False	False	False	False	False	False	False
paper_0265	268	chr1	236323233	236323536	7	304	hypo	ENSG00000077585	GPR137B	17552.0	4.0	4.0	1.51277740260887	4.67555453180214e-06	True	True	False	False	True	True	True	False
paper_0266	269	chr1	236326883	236327217	3	335	hypo	ENSG00000077585	GPR137B	21218.0	7.0	4.0	1.51277740260887	4.67555453180214e-06	False	False	False	False	False	False	False	False
paper_0267	270	chr1	243646965	243647013	5	49	hyper	ENSG00000054282	SDCCAG8	227669.0	7.0	3.0	-0.951255073102572	1.17018770645978e-06	False	False	False	False	False	False	False	False
paper_0268	271	chr1	244314119	244314460	4	342	hypo	ENSG00000268146	AL590483.1	86657.0	7.0	4.0	0.702514586999657		False	False	False	False	False	False	False	False
paper_0269	272	chr1	246473549	246473901	4	353	hyper	ENSG00000185420	SMYD3	196888.0	5.0	5.0	-1.60595216957389	6.93915675172702e-12	False	False	False	False	False	False	False	False
paper_0270	273	chr1	246978450	246978514	3	65	hyper	ENSG00000143653	SCCPDH	91133.0	7.0	7.0	-0.206565302257794	0.43640058436597	False	False	False	False	False	False	False	False
paper_0271	274	chr1	248613672	248613928	3	257	hypo	ENSG00000196240	OR2T2	2275.0	7.0	7.0			False	False	False	False	False	False	False	False
paper_0272	275	chr10	1001471	1001528	3	58	hypo	ENSG00000107929	LARP4B	23934.0	4.0	7.0	0.447416441826707	0.00659842340586958	False	False	False	False	False	False	False	False
paper_0273	276	chr10	1549350	1549419	3	70	hyper	ENSG00000185736	ADARB2	321311.0	7.0	7.0	0.0636621653689748	0.939379739480232	False	False	False	False	False	False	False	False
paper_0274	277	chr10	3111550	3111595	7	46	hypo	ENSG00000067057	PFKP	3047.0	1.0	1.0	-1.31094666427473	3.78874342590068e-14	False	False	False	False	False	False	False	False
paper_0275	278	chr10	3929019	3929883	15	865	hypo	ENSG00000067082	KLF6	101977.0	7.0	4.0	2.31416208122934	6.5629141575462e-18	True	True	False	False	True	True	False	False
paper_0276	279	chr10	4002018	4002057	3	40	hyper	ENSG00000067082	KLF6	174563.0	4.0	4.0	2.31416208122934	6.5629141575462e-18	False	False	False	False	False	False	False	False
paper_0277	280	chr10	4075600	4075922	3	323	hypo	ENSG00000067082	KLF6	248287.0	7.0	4.0	2.31416208122934	6.5629141575462e-18	False	False	False	False	False	False	False	False
paper_0278	281	chr10	4563563	4563575	3	13	hypo	ENSG00000165568	AKR1E2	265250.0	7.0	7.0	0.830860355392875	1.65937104186098e-05	False	False	False	False	False	False	False	False
paper_0279	282	chr10	5024038	5024117	3	80	hyper	ENSG00000151632	AKR1C2	36129.0	7.0	7.0	0.381344326293118	0.398067936859225	False	False	False	False	False	False	False	False
paper_0280	283	chr10	5336037	5336231	4	195	hypo	ENSG00000178473	UCN3	70836.0	7.0	7.0	0.2008256467519		False	False	False	False	False	False	False	False
paper_0281	284	chr10	5624439	5624861	12	423	hypo	ENSG00000178363	CALML3	57726.0	4.0	4.0	2.6971309971439		False	False	False	False	True	True	True	True
paper_0282	285	chr10	5885834	5886168	4	335	hypo	ENSG00000057608	GDI2	1905.0	7.0	4.0	-0.0977596485932698	0.64818898447699	False	False	False	False	False	False	False	False
paper_0283	286	chr10	6437631	6437882	6	252	hyper	ENSG00000212743	DKFZP667F0711	45478.0	7.0	7.0	1.22925049964212	0.0122340875153371	True	True	True	False	False	False	False	False
paper_0284	287	chr10	7307194	7307454	6	261	hyper	ENSG00000198879	SFMBT2	103075.0	5.0	5.0	1.69584890226026	0.000214947833063576	False	False	False	False	False	False	False	False
paper_0285	288	chr10	8173401	8173456	4	56	hypo	ENSG00000107485	GATA3	76772.0	5.0	7.0	1.65599244688086	2.57725811443059e-05	False	False	False	False	False	False	False	False
paper_0286	289	chr10	9052406	9052727	3	322	hypo	ENSG00000107485	GATA3	955910.0	7.0	7.0	1.65599244688086	2.57725811443059e-05	False	False	False	False	False	False	False	False
paper_0287	290	chr10	11241680	11242283	8	604	hypo	ENSG00000048740	CELF2	194722.0	5.0	4.0	2.00425866603841	9.12160788643727e-18	False	False	False	False	True	True	True	False
paper_0288	291	chr10	11318184	11318867	14	684	hypo	ENSG00000048740	CELF2	271266.0	6.0	4.0	2.00425866603841	9.12160788643727e-18	True	True	True	False	True	True	True	True
paper_0289	292	chr10	11386849	11386921	7	73	hypo	ENSG00000148429	USP6NL	266867.0	3.0	3.0	0.117374324352184	0.681942334017741	False	False	False	False	False	False	False	False
paper_0290	293	chr10	11423659	11423683	3	25	hypo	ENSG00000148429	USP6NL	230081.0	7.0	7.0	0.117374324352184	0.681942334017741	False	False	False	False	False	False	False	False
paper_0291	294	chr10	11625479	11625485	3	7	hyper	ENSG00000148429	USP6NL	129537.0	7.0	7.0	0.117374324352184	0.681942334017741	False	False	False	False	False	False	False	False
paper_0292	295	chr10	11792985	11793036	3	52	hyper	ENSG00000134463	ECHDC3	8645.0	5.0	5.0	-0.338523707111312	0.249508270593601	False	False	False	False	False	False	False	False
paper_0293	296	chr10	12306798	12306804	3	7	hypo	ENSG00000165609	NUDT5	68657.0	4.0	4.0	-1.16757677663641	4.0920105122549397e-07	False	False	False	False	False	False	False	False
paper_0294	297	chr10	12677044	12677477	10	434	hypo	ENSG00000183049	CAMK1D	285779.0	4.0	3.0	0.434090934776838	0.0501307019125199	True	True	False	False	True	True	True	True
paper_0295	298	chr10	12742263	12742459	4	197	hyper	ENSG00000183049	CAMK1D	350880.0	7.0	7.0	0.434090934776838	0.0501307019125199	False	False	False	False	False	False	False	False
paper_0296	299	chr10	13150185	13150282	3	98	hyper	ENSG00000123240	OPTN	8784.0	5.0	5.0	3.22051921798989	9.6579214644972e-14	False	False	False	False	False	False	False	False
paper_0297	300	chr10	13690677	13690754	4	78	hypo	ENSG00000239665	RP11-295P9.3	38668.0	6.0	6.0	-0.791330799612203	1.51024429417277e-05	False	False	False	False	False	False	False	False
paper_0298	301	chr10	13812340	13812404	4	65	hyper	ENSG00000239665	RP11-295P9.3	160325.0	7.0	7.0	-0.791330799612203	1.51024429417277e-05	False	False	False	False	False	False	False	False
paper_0299	302	chr10	14791321	14791368	3	48	hypo	ENSG00000065809	FAM107B	230785.0	5.0	5.0	2.85008476144626	1.05032046009091e-17	False	False	False	False	False	False	False	False
paper_0300	303	chr10	15140222	15140292	4	71	hypo	ENSG00000152464	RPP38	1078.0	1.0	1.0	-0.488518090730006	0.0585297533168871	False	False	False	False	False	False	False	False
paper_0301	304	chr10	16862469	16862564	4	96	hyper	ENSG00000148484	RSU1	2988.0	5.0	7.0	0.0827070997093738	0.834790750162262	False	False	False	False	False	False	False	False
paper_0302	305	chr10	20164729	20165139	3	411	hyper	ENSG00000120594	PLXDC2	59766.0	5.0	5.0	-2.42220249133627	2.31218278741323e-06	False	False	False	False	False	False	False	False
paper_0303	306	chr10	23183864	23184024	4	161	hyper	ENSG00000165309	ARMC3	33007.0	4.0	3.0	0.975177937151533		False	False	False	False	False	False	False	False
paper_0304	307	chr10	26791915	26792292	6	378	hyper	ENSG00000077420	APBB1IP	64971.0	7.0	5.0	-3.4617427350716	6.95574375348435e-20	False	False	False	False	False	False	False	False
paper_0305	308	chr10	27025927	27026218	3	292	hypo	ENSG00000148459	PDSS1	39484.0	3.0	3.0	0.920305162051214	0.000466387453243525	False	False	False	False	False	False	False	False
paper_0306	309	chr10	27029189	27029488	3	300	hypo	ENSG00000148459	PDSS1	42750.0	7.0	4.0	0.920305162051214	0.000466387453243525	False	False	False	False	False	False	False	False
paper_0307	310	chr10	27825181	27825263	3	83	hypo	ENSG00000099246	RAB18	32025.0	4.0	3.0	0.933177955968713	4.19863278820666e-05	False	False	False	False	False	False	False	False
paper_0308	311	chr10	28623852	28624021	7	170	hypo	ENSG00000150054	MPP7	520.0	7.0	7.0	0.502666010289656	0.19148582712999	False	False	False	False	False	False	False	False
paper_0309	312	chr10	28779025	28779165	3	141	hyper	ENSG00000095787	WAC	42325.0	7.0	7.0	0.469024906000656	0.0216065065607287	False	False	False	False	False	False	False	False
paper_0310	313	chr10	29011790	29011832	4	43	hyper	ENSG00000095739	BAMBI	45540.0	7.0	7.0	3.15749679946129	4.4532684320144e-09	False	False	False	False	False	False	False	False
paper_0311	314	chr10	29276509	29276916	5	408	hypo	ENSG00000204365	C10orf126	141375.0	7.0	7.0	2.56913192586948	0.394472329116696	False	False	False	False	False	False	False	False
paper_0312	315	chr10	29905551	29905712	3	162	hyper	ENSG00000197321	SVIL	159364.0	5.0	5.0	-0.396099445014265	0.293587115893638	False	False	False	False	False	False	False	False
paper_0313	316	chr10	30764736	30764908	4	173	hyper	ENSG00000107968	MAP3K8	41956.0	7.0	7.0	1.54276997270721	1.70893782856881e-05	False	False	False	False	False	False	False	False
paper_0314	317	chr10	30799620	30800044	7	425	hypo	ENSG00000107968	MAP3K8	76966.0	4.0	4.0	1.54276997270721	1.70893782856881e-05	False	False	False	False	True	True	True	True
paper_0315	318	chr10	30823491	30823499	3	9	hyper	ENSG00000151033	LYZL2	95195.0	7.0	7.0			False	False	False	False	False	False	False	False
paper_0316	319	chr10	31468224	31468360	4	137	hypo	ENSG00000148516	ZEB1	139760.0	7.0	4.0	2.59301442661616	4.39936963885132e-29	False	False	False	False	False	False	False	False
paper_0317	320	chr10	31919921	31920235	3	315	hypo	ENSG00000165322	ARHGAP12	297663.0	7.0	4.0	0.197375237371131	0.496672068251046	False	False	False	False	False	False	False	False
paper_0318	321	chr10	32233686	32233932	3	247	hyper	ENSG00000165322	ARHGAP12	16066.0	5.0	5.0	0.197375237371131	0.496672068251046	False	False	False	False	False	False	False	False
paper_0319	322	chr10	32297346	32297437	3	92	hyper	ENSG00000170759	KIF5B	47967.0	6.0	6.0	0.400689106785263	0.127126943743456	False	False	False	False	False	False	False	False
paper_0320	323	chr10	33446264	33446364	3	101	hyper	ENSG00000150093	ITGB1	151593.0	7.0	5.0	-0.436920823493539	0.214183447721617	False	False	False	False	False	False	False	False
paper_0321	324	chr10	33650761	33651065	3	305	hyper	ENSG00000099250	NRP1	25722.0	7.0	7.0	-1.38962607175215	0.0104424625145171	False	False	False	False	False	False	False	False
paper_0322	325	chr10	34062965	34063028	3	64	hypo	ENSG00000099250	NRP1	437805.0	5.0	7.0	-1.38962607175215	0.0104424625145171	False	False	False	False	False	False	False	False
paper_0323	326	chr10	34530359	34530536	3	178	hyper	ENSG00000148498	PARD3	131959.0	7.0	7.0	0.860006437031117	0.329802269978693	False	False	False	False	False	False	False	False
paper_0324	327	chr10	34663469	34663505	3	37	hypo	ENSG00000148498	PARD3	264999.0	4.0	5.0	0.860006437031117	0.329802269978693	False	False	False	False	False	False	False	False
paper_0325	328	chr10	34885468	34885557	3	90	hypo	ENSG00000148498	PARD3	487024.0	5.0	5.0	0.860006437031117	0.329802269978693	False	False	False	False	False	False	False	False
paper_0326	329	chr10	35438222	35438730	7	509	hypo	ENSG00000095794	CREM	22757.0	5.0	4.0	1.85888365861943	2.82185202392784e-09	False	False	False	False	False	False	False	False
paper_0327	330	chr10	35723074	35723307	4	234	hyper	ENSG00000108100	CCNY	187237.0	5.0	5.0	-0.6027181021679	0.00529766836499169	False	False	False	False	False	False	False	False
paper_0328	331	chr10	35829890	35829957	3	68	hypo	ENSG00000108100	CCNY	293970.0	7.0	5.0	-0.6027181021679	0.00529766836499169	False	False	False	False	False	False	False	False
paper_0329	332	chr10	37571147	37571277	3	131	hyper	ENSG00000148513	ANKRD30A	156427.0	7.0	7.0	0.430385263725454	0.850071399282109	False	False	False	False	False	False	False	False
paper_0330	333	chr10	43133196	43133257	3	62	hyper	ENSG00000196693	ZNF33B	48671.0	7.0	2.0	1.1648459211404	6.65984788679937e-05	False	False	False	False	False	False	False	False
paper_0331	334	chr10	43960571	43960583	3	13	hyper	ENSG00000243660	ZNF487	28295.0	7.0	7.0	1.01433609050033	0.00020851657250687	False	False	False	False	False	False	False	False
paper_0332	335	chr10	44553025	44553118	4	94	hyper	ENSG00000269515	AL137026.1	320614.0	7.0	7.0			False	False	False	False	False	False	False	False
paper_0333	336	chr10	44789061	44789119	6	59	hyper	ENSG00000269515	AL137026.1	84595.0	7.0	7.0			False	False	False	False	False	False	False	False
paper_0334	337	chr10	47151300	47151330	3	31	hyper	ENSG00000150165	ANXA8L1	22777.0	7.0	7.0	4.6975393572961	6.23924091113286e-06	False	False	False	False	False	False	False	False
paper_0335	338	chr10	48366318	48366581	6	264	hypo	ENSG00000165388	ZNF488	11425.0	7.0	7.0	-2.03247881449293	2.34556709865048e-05	False	False	False	False	False	False	False	False
paper_0336	339	chr10	48377766	48377850	5	85	hyper	ENSG00000107618	RBP3	13182.0	7.0	7.0	0.207331247187011		False	False	False	False	False	False	False	False
paper_0337	340	chr10	48657889	48658216	5	328	hypo	ENSG00000183675	PTPN20B	169881.0	5.0	5.0	0.695196080738452	0.687669065900349	False	False	False	False	False	False	False	False
paper_0338	341	chr10	50399137	50399534	5	398	hypo	ENSG00000204161	C10orf128	2898.0	4.0	3.0	-1.95570864774823	3.49417748844859e-08	False	False	False	False	False	False	False	False
paper_0339	342	chr10	50452143	50452214	3	72	hypo	ENSG00000177354	C10orf71	55007.0	3.0	4.0	0.195411365955456	0.720096450470064	False	False	False	False	False	False	False	False
paper_0340	343	chr10	50742776	50742951	3	176	hyper	ENSG00000225830	ERCC6	4093.0	4.0	3.0	-1.29439593268377	7.09093916699137e-06	False	False	False	False	False	False	False	False
paper_0341	344	chr10	55685173	55685204	3	32	hypo	ENSG00000150275	PCDH15	104249.0	7.0	7.0	-0.438546350747236		False	False	False	False	False	False	False	False
paper_0342	345	chr10	63627803	63627946	3	144	hypo	ENSG00000150347	ARID5B	33183.0	7.0	7.0	2.14681312133745	3.34869702474818e-08	False	False	False	False	False	False	False	False
paper_0343	346	chr10	63761762	63761997	5	236	hypo	ENSG00000150347	ARID5B	100820.0	7.0	4.0	2.14681312133745	3.34869702474818e-08	False	False	False	False	True	True	True	True
paper_0344	347	chr10	64645913	64645953	3	41	hyper	ENSG00000122877	EGR2	67005.0	5.0	5.0	-2.70833195023373	5.13443641610974e-12	False	False	False	False	False	False	False	False
paper_0345	348	chr10	64752030	64752537	10	508	hypo	ENSG00000148572	NRBF2	140765.0	7.0	4.0	0.0629484590124225	0.806209640539475	False	False	False	False	False	False	False	False
paper_0346	349	chr10	64873701	64874001	3	301	hyper	ENSG00000148572	NRBF2	19197.0	7.0	7.0	0.0629484590124225	0.806209640539475	False	False	False	False	False	False	False	False
paper_0347	350	chr10	70004802	70004930	3	129	hypo	ENSG00000179774	ATOH7	12994.0	7.0	7.0	1.17219263511701		False	False	False	False	False	False	False	False
paper_0348	351	chr10	70813673	70813868	7	196	hypo	ENSG00000122862	SRGN	34102.0	4.0	4.0	2.74662854204712	1.30078557006687e-15	True	True	True	False	False	False	False	False
paper_0349	352	chr10	71620288	71620379	4	92	hypo	ENSG00000197467	COL13A1	58689.0	5.0	7.0	2.08484957488964	0.0298724925105271	False	False	False	False	False	False	False	False
paper_0350	353	chr10	72354546	72354771	5	226	hyper	ENSG00000180644	PRF1	7872.0	5.0	7.0	1.83280638413256	3.35149068560821e-05	False	False	False	False	False	False	False	False
paper_0351	354	chr10	72659008	72659043	3	36	hyper	ENSG00000166228	PCBD1	10483.0	7.0	7.0	-1.09864507428462	3.44991993157597e-11	False	False	False	False	False	False	False	False
paper_0352	355	chr10	73059755	73059878	3	124	hypo	ENSG00000107731	UNC5B	87489.0	4.0	5.0	-2.51587954687157	2.3963566407038e-11	False	False	False	False	False	False	False	False
paper_0353	356	chr10	73460004	73460233	3	230	hyper	ENSG00000214688	C10orf105	37462.0	7.0	7.0	-7.1773863177551	1.49765710155635e-21	False	False	False	False	False	False	False	False
paper_0354	357	chr10	73793980	73794287	9	308	hypo	ENSG00000107742	SPOCK2	54656.0	5.0	5.0	0.765836323843321	0.00297824335138868	False	False	False	False	False	False	False	False
paper_0355	358	chr10	73808050	73808087	4	38	hypo	ENSG00000107742	SPOCK2	40721.0	7.0	7.0	0.765836323843321	0.00297824335138868	False	False	False	False	False	False	False	False
paper_0356	359	chr10	74303764	74303813	3	50	hyper	ENSG00000107745	MICU1	176690.0	7.0	7.0	-0.536538705363929	0.00263344478578495	True	False	False	False	False	False	False	False
paper_0357	360	chr10	75238289	75238450	3	162	hypo	ENSG00000107758	PPP3CB	41805.0	6.0	6.0	0.461205050678109	0.0215998761854999	False	False	False	False	False	False	False	False
paper_0358	361	chr10	75917362	75917634	5	273	hyper	ENSG00000156110	ADK	6538.0	7.0	7.0	-0.147949976588312	0.584380521090626	False	False	False	False	False	False	False	False
paper_0359	362	chr10	76142076	76142166	4	91	hyper	ENSG00000156110	ADK	231161.0	7.0	4.0	-0.147949976588312	0.584380521090626	False	False	False	False	False	False	False	False
paper_0360	363	chr10	76299071	76299557	4	487	hypo	ENSG00000156110	ADK	388354.0	7.0	4.0	-0.147949976588312	0.584380521090626	False	False	False	False	False	False	False	False
paper_0361	364	chr10	76453282	76453389	4	108	hypo	ENSG00000156110	ADK	542375.0	7.0	4.0	-0.147949976588312	0.584380521090626	False	False	False	False	False	False	False	False
paper_0362	365	chr10	76555616	76555679	5	64	hypo	ENSG00000156650	KAT6B	29691.0	7.0	7.0	0.672334080546912	0.00598079461963889	False	False	False	False	False	False	False	False
paper_0363	366	chr10	77471761	77471810	3	50	hypo	ENSG00000148655	C10orf11	70732.0	7.0	7.0	-2.10790361898118	2.64200956394641e-09	False	False	False	False	False	False	False	False
paper_0364	367	chr10	78270108	78270595	6	488	hypo	ENSG00000148655	C10orf11	727832.0	5.0	3.0	-2.10790361898118	2.64200956394641e-09	False	False	False	False	False	False	False	False
paper_0365	368	chr10	79342549	79342747	3	199	hypo	ENSG00000156113	KCNMA1	698009.0	5.0	7.0	-0.416916081368073	0.633874398802453	False	False	False	False	False	False	False	False
paper_0366	369	chr10	79691910	79692115	3	206	hyper	ENSG00000151208	DLG5	5633.0	7.0	7.0	0.0475219271227116	0.921092446551671	False	False	False	False	False	False	False	False
paper_0367	370	chr10	80019372	80019399	3	28	hyper	ENSG00000138326	RPS24	225867.0	7.0	5.0	-1.02871860707994	3.92311685477053e-06	False	False	False	False	False	False	False	False
paper_0368	371	chr10	80674438	80675252	9	815	hypo	ENSG00000108175	ZMIZ1	153945.0	5.0	4.0	0.00698200153817824	0.985446566847196	False	False	False	False	True	True	False	False
paper_0369	372	chr10	80724569	80724610	3	42	hyper	ENSG00000108175	ZMIZ1	104201.0	7.0	6.0	0.00698200153817824	0.985446566847196	False	False	False	False	False	False	False	False
paper_0370	373	chr10	80900157	80900217	3	61	hyper	ENSG00000108175	ZMIZ1	71395.0	6.0	5.0	0.00698200153817824	0.985446566847196	False	False	False	False	False	False	False	False
paper_0371	374	chr10	81915434	81915868	9	435	hypo	ENSG00000122359	ANXA11	5006.0	5.0	4.0	-0.724921592846396	0.000116774094125407	False	False	False	False	False	False	False	False
paper_0372	375	chr10	86301014	86301079	3	66	hypo	ENSG00000107771	CCSER2	212704.0	7.0	7.0	1.85474668119229	1.19892565111885e-14	False	False	False	False	False	False	False	False
paper_0373	376	chr10	89416095	89416208	4	114	hyper	ENSG00000198682	PAPSS2	3217.0	7.0	7.0	1.55953779449557	0.00490934725075812	False	False	False	False	False	False	False	False
paper_0374	377	chr10	89870607	89870787	3	181	hypo	ENSG00000227268	KLLN	247502.0	5.0	3.0	0.991479273202152	0.000316850231313522	False	False	False	False	False	False	False	False
paper_0375	378	chr10	90501768	90502051	4	284	hypo	ENSG00000204021	LIPK	17608.0	7.0	7.0			False	False	False	False	False	False	False	False
paper_0376	379	chr10	90602839	90603196	5	358	hypo	ENSG00000152766	ANKRD22	21128.0	7.0	4.0	4.28123630716826	1.67953142615079e-15	False	False	False	False	False	False	False	False
paper_0377	380	chr10	91397058	91397154	3	97	hyper	ENSG00000152782	PANK1	54357.0	7.0	7.0	-0.927571017226976	0.00669221319617847	False	False	False	False	False	False	False	False
paper_0378	381	chr10	96164124	96164140	4	17	hyper	ENSG00000108239	TBC1D12	1871.0	1.0	1.0	0.304977021815207	0.236263668385825	False	False	False	False	False	False	False	False
paper_0379	382	chr10	96203628	96203664	3	37	hypo	ENSG00000108239	TBC1D12	41385.0	7.0	7.0	0.304977021815207	0.236263668385825	False	False	False	False	False	False	False	False
paper_0380	383	chr10	96944147	96944167	3	21	hyper	ENSG00000173124	C10orf129	9798.0	7.0	7.0	-2.51264970024979		False	False	False	False	False	False	False	False
paper_0381	384	chr10	98460745	98460992	3	248	hyper	ENSG00000155629	PIK3AP1	107799.0	3.0	4.0	-0.0620532818419208	0.93443495146147	False	False	False	False	False	False	False	False
paper_0382	385	chr10	98734284	98734465	3	182	hypo	ENSG00000155640	C10orf12	6665.0	7.0	3.0	1.06153989405566	6.73218015507072e-05	False	False	False	False	False	False	False	False
paper_0383	386	chr10	98743844	98743917	3	74	hyper	ENSG00000155640	C10orf12	2839.0	5.0	5.0	1.06153989405566	6.73218015507072e-05	False	False	False	False	False	False	False	False
paper_0384	387	chr10	98841551	98841609	5	59	hyper	ENSG00000187122	SLIT1	83785.0	7.0	7.0	1.10544414335028		False	False	False	False	False	False	False	False
paper_0385	388	chr10	99416632	99416722	4	91	hyper	ENSG00000155252	PI4K2A	72546.0	5.0	3.0	1.72074039763881	1.18255344204212e-10	False	False	False	False	False	False	False	False
paper_0386	389	chr10	99581513	99581710	4	198	hypo	ENSG00000155265	GOLGA7B	28383.0	7.0	7.0	-0.866886481422644	0.103468330055337	False	False	False	False	False	False	False	False
paper_0387	390	chr10	101473091	101473452	3	362	hyper	ENSG00000014919	COX15	1670.0	5.0	6.0	-0.327705873478062	0.0667545435606813	False	False	False	False	False	False	False	False
paper_0388	391	chr10	101610720	101610828	3	109	hyper	ENSG00000023839	ABCC2	68285.0	7.0	7.0	1.4656090794095	1.29383019898633e-07	False	False	False	False	False	False	False	False
paper_0389	392	chr10	101741622	101741927	4	306	hyper	ENSG00000107554	DNMBP	106440.0	4.0	5.0	-1.23637924886865	0.0154942397374715	False	False	False	False	False	False	False	False
paper_0390	393	chr10	101743117	101743411	7	295	hyper	ENSG00000107554	DNMBP	107930.0	4.0	5.0	-1.23637924886865	0.0154942397374715	False	False	False	False	False	False	False	False
paper_0391	394	chr10	102803105	102803299	4	195	hypo	ENSG00000107819	SFXN3	12211.0	3.0	2.0	-1.28950423785046	1.23654222915817e-08	False	False	False	False	False	False	False	False
paper_0392	395	chr10	103140245	103140321	4	77	hypo	ENSG00000166167	BTRC	26463.0	5.0	5.0	-0.0243061523680698	0.935636044043274	False	False	False	False	False	False	False	False
paper_0393	396	chr10	104228195	104228251	3	57	hyper	ENSG00000138111	TMEM180	7074.0	7.0	4.0	-0.481130145291546	0.0817572450180726	False	False	False	False	False	False	False	False
paper_0394	397	chr10	105319011	105319076	3	66	hypo	ENSG00000107954	NEURL1	65307.0	5.0	5.0	-1.14897541378021	0.000258298234849741	False	False	False	False	False	False	False	False
paper_0395	398	chr10	112127385	112127915	9	531	hypo	ENSG00000119953	SMNDC1	62940.0	7.0	4.0	1.3101706855012	2.51780065295082e-06	False	False	False	False	True	True	False	False
paper_0396	399	chr10	112155563	112155880	4	318	hypo	ENSG00000119953	SMNDC1	91011.0	7.0	4.0	1.3101706855012	2.51780065295082e-06	False	False	False	False	False	False	False	False
paper_0397	400	chr10	112170325	112170715	5	391	hypo	ENSG00000138166	DUSP5	87074.0	5.0	3.0	3.83301785035112	7.28313489245849e-30	True	True	False	False	False	False	False	False
paper_0398	401	chr10	112498325	112498553	5	229	hyper	ENSG00000203867	RBM20	94284.0	7.0	7.0	0.0928640699188324	0.891012851327759	False	False	False	False	False	False	False	False
paper_0399	402	chr10	112577591	112578203	7	613	hypo	ENSG00000203867	RBM20	173742.0	5.0	7.0	0.0928640699188324	0.891012851327759	False	False	False	False	False	False	False	False
paper_0400	403	chr10	114192134	114192275	4	142	hypo	ENSG00000023041	ZDHHC6	2146.0	3.0	3.0	0.460093278246482	0.0196279330741324	False	False	False	False	False	False	False	False
paper_0401	404	chr10	114913518	114913574	3	57	hyper	ENSG00000148737	TCF7L2	203537.0	5.0	5.0	0.340904534690923	0.346835632448278	False	False	False	False	False	False	False	False
paper_0402	405	chr10	115022022	115022065	3	44	hyper	ENSG00000148702	HABP2	288551.0	7.0	7.0	2.0690774809574		False	False	False	False	False	False	False	False
paper_0403	406	chr10	115805613	115805760	4	148	hypo	ENSG00000043591	ADRB1	1880.0	2.0	2.0	0.432617535134916	0.662824923792473	False	False	False	False	False	False	False	False
paper_0404	407	chr10	116307363	116307440	8	78	hypo	ENSG00000099204	ABLIM1	111688.0	7.0	7.0	3.32812407378744	1.50836522056582e-11	False	False	False	False	True	True	True	True
paper_0405	408	chr10	119132990	119132996	3	7	hypo	ENSG00000165650	PDZD8	92993.0	1.0	1.0	0.511149722552974	0.0709269855791163	False	False	False	False	False	False	False	False
paper_0406	409	chr10	119255637	119255724	3	88	hypo	ENSG00000170370	EMX2	46273.0	7.0	7.0	0.048149662336192	0.982365742941647	False	False	False	False	False	False	False	False
paper_0407	410	chr10	120535201	120535442	4	242	hyper	ENSG00000151893	CACUL1	20559.0	7.0	7.0	0.386646769529646	0.0934495197120075	False	False	False	False	False	False	False	False
paper_0408	411	chr10	120591610	120592091	9	482	hyper	ENSG00000151893	CACUL1	77088.0	4.0	7.0	0.386646769529646	0.0934495197120075	False	False	False	False	False	False	False	False
paper_0409	412	chr10	120972895	120972992	3	98	hyper	ENSG00000198873	GRK5	5842.0	7.0	7.0	-0.32979506585049	0.319003048401498	False	False	False	False	False	False	False	False
paper_0410	413	chr10	121040347	121040625	4	279	hyper	ENSG00000198873	GRK5	73385.0	7.0	7.0	-0.32979506585049	0.319003048401498	False	False	False	False	False	False	False	False
paper_0411	414	chr10	121176589	121176745	5	157	hyper	ENSG00000198873	GRK5	209566.0	7.0	7.0	-0.32979506585049	0.319003048401498	False	False	False	False	False	False	False	False
paper_0412	415	chr10	122451198	122451355	3	158	hypo	ENSG00000177234	C10orf85	93555.0	7.0	7.0	1.26958698153453		False	False	False	False	False	False	False	False
paper_0413	416	chr10	123710834	123710976	3	143	hypo	ENSG00000107669	ATE1	22588.0	7.0	7.0	0.121887055895342	0.673260183092509	False	False	False	False	False	False	False	False
paper_0414	417	chr10	126182114	126182162	3	49	hypo	ENSG00000107902	LHPP	31735.0	4.0	3.0	-1.78447406029727	2.86040108214884e-14	False	False	False	False	False	False	False	False
paper_0415	418	chr10	126431328	126431349	7	22	hypo	ENSG00000189319	FAM53B	75579.0	3.0	3.0	-0.420818817022907	0.145927172839639	False	False	False	False	False	False	False	False
paper_0416	419	chr10	126565268	126565313	3	46	hyper	ENSG00000019995	ZRANB1	65400.0	7.0	7.0	0.669534432715285	0.000218450659272796	False	False	False	False	False	False	False	False
paper_0417	420	chr10	126604768	126604857	5	90	hyper	ENSG00000019995	ZRANB1	25878.0	3.0	1.0	0.669534432715285	0.000218450659272796	False	False	False	False	False	False	False	False
paper_0418	421	chr10	126746996	126747088	7	93	hyper	ENSG00000175029	CTBP2	19427.0	7.0	7.0	0.500014061428557	0.0551953526805654	False	False	False	False	False	False	False	False
paper_0419	422	chr10	127794818	127794965	3	148	hyper	ENSG00000148848	ADAM12	93941.0	4.0	5.0	-0.162147237568215	0.820488392536889	False	False	False	False	False	False	False	False
paper_0420	423	chr10	127917638	127917785	4	148	hypo	ENSG00000148848	ADAM12	216761.0	5.0	3.0	-0.162147237568215	0.820488392536889	False	False	False	False	False	False	False	False
paper_0421	424	chr10	128165210	128165389	5	180	hyper	ENSG00000154493	C10orf90	51165.0	7.0	7.0	4.36161451286466	0.0166007899203813	False	False	False	False	False	False	False	False
paper_0422	425	chr10	129706423	129706544	3	122	hyper	ENSG00000132334	PTPRE	1158.0	5.0	2.0	-1.75342774096028	0.000463038619878048	False	False	False	False	False	False	False	False
paper_0423	426	chr10	129717002	129717075	5	74	hyper	ENSG00000132334	PTPRE	11713.0	4.0	5.0	-1.75342774096028	0.000463038619878048	False	False	False	False	False	False	False	False
paper_0424	427	chr10	131265774	131265810	4	37	hyper	ENSG00000170430	MGMT	344.0	1.0	1.0	-2.59925833690228	2.00921849585273e-11	False	False	False	False	False	False	False	False
paper_0425	428	chr10	131420475	131420582	3	108	hyper	ENSG00000170430	MGMT	155080.0	7.0	7.0	-2.59925833690228	2.00921849585273e-11	False	False	False	False	False	False	False	False
paper_0426	429	chr10	132887372	132887453	3	82	hyper	ENSG00000176769	TCERG1L	222571.0	7.0	7.0	0.47053850423533	0.637104689337223	False	False	False	False	False	False	False	False
paper_0427	430	chr10	133761540	133761727	4	188	hyper	ENSG00000175470	PPP2R2D	13678.0	6.0	6.0	0.195891819335235	0.281030882965574	False	False	False	False	False	False	False	False
paper_0428	431	chr10	134076939	134077063	3	125	hyper	ENSG00000165752	STK32C	36677.0	5.0	5.0	-3.83837217505188	2.44892054958224e-18	False	False	False	False	False	False	False	False
paper_0429	432	chr10	134230845	134230849	3	5	hyper	ENSG00000171813	PWWP2B	20175.0	4.0	5.0	-1.92575870531568	3.28032907940062e-09	False	False	False	False	False	False	False	False
paper_0430	433	chr10	134431176	134431398	6	223	hyper	ENSG00000068383	INPP5A	79963.0	7.0	6.0	-0.665652394250022	0.00165273422055174	False	False	False	False	False	False	False	False
paper_0431	434	chr10	134554051	134554101	3	51	hypo	ENSG00000068383	INPP5A	202752.0	6.0	5.0	-0.665652394250022	0.00165273422055174	False	False	False	False	False	False	False	False
paper_0432	435	chr10	134649562	134649602	3	41	hyper	ENSG00000148826	NKX6-2	50025.0	7.0	7.0	1.20217680650374		False	False	False	False	False	False	False	False
paper_0433	436	chr10	134831302	134831330	3	29	hypo	ENSG00000197177	GPR123	53115.0	7.0	7.0	-0.676235846215259		False	False	False	False	False	False	False	False
paper_0434	437	chr10	135066730	135066839	3	110	hyper	ENSG00000151650	VENTX	15876.0	7.0	7.0	-3.04341569352638	2.37156462690693e-07	False	False	False	False	False	False	False	False
paper_0435	438	chr10	135078447	135078487	3	41	hypo	ENSG00000151651	ADAM8	2560.0	7.0	5.0	2.1943204657908	3.75264317748034e-14	False	False	False	False	False	False	False	False
paper_0436	439	chr10	135107451	135107574	8	124	hypo	ENSG00000130640	TUBGCP2	14366.0	5.0	4.0	-0.264524956573405	0.197807680704055	False	False	False	False	False	False	False	False
paper_0437	440	chr10	135132757	135132837	4	81	hypo	ENSG00000130640	TUBGCP2	6955.0	7.0	7.0	-0.264524956573405	0.197807680704055	False	False	False	False	False	False	False	False
paper_0438	441	chr10	135173425	135173517	3	93	hypo	ENSG00000148803	FUOM	1941.0	7.0	7.0	-1.01897600692647	0.00127260951043771	False	False	False	False	False	False	False	False
paper_0439	442	chr11	348397	348590	4	194	hyper	ENSG00000142089	IFITM3	20955.0	7.0	7.0	2.08266050861983	0.0820108714492583	False	False	False	False	False	False	False	False
paper_0440	443	chr11	394499	394584	6	86	hyper	ENSG00000184363	PKP3	1927.0	7.0	7.0	-1.77289777171795		False	False	False	False	False	False	False	False
paper_0441	444	chr11	430995	431001	3	7	hypo	ENSG00000185101	ANO9	12735.0	7.0	7.0	2.19727011639618	1.23784524749158e-07	False	False	False	False	False	False	False	False
paper_0442	445	chr11	519403	519438	4	36	hypo	ENSG00000023191	RNH1	12119.0	7.0	7.0	-0.660013076508686	0.00348059128623286	False	False	False	False	False	False	False	False
paper_0443	446	chr11	596561	596671	5	111	hypo	ENSG00000070047	PHRF1	20130.0	6.0	6.0	-0.0669299835828525	0.803850594562054	False	False	False	False	False	False	False	False
paper_0444	447	chr11	617901	617954	3	54	hypo	ENSG00000099834	CDHR5	1350.0	6.0	6.0	-0.0662695099191542	0.953467635898117	False	False	False	False	False	False	False	False
paper_0445	448	chr11	662277	662406	3	130	hyper	ENSG00000177030	DEAF1	18108.0	5.0	5.0	-1.14347960204926	4.75683757224326e-08	False	False	False	False	False	False	False	False
paper_0446	449	chr11	882909	882945	3	37	hypo	ENSG00000177830	CHID1	15067.0	6.0	6.0	-2.72276574835587	6.03498869513372e-14	False	False	False	False	False	False	False	False
paper_0447	450	chr11	975938	975989	4	52	hyper	ENSG00000183020	AP2A2	50091.0	6.0	6.0	-1.75132993783768	8.60031205463775e-08	False	False	False	False	False	False	False	False
paper_0448	451	chr11	1991156	1991210	5	55	hyper	ENSG00000214026	MRPL23	22675.0	7.0	7.0	-1.17449771347716	7.33621524815083e-05	False	False	False	False	False	False	False	False
paper_0449	452	chr11	2497906	2498009	3	104	hyper	ENSG00000053918	KCNQ1	32043.0	7.0	6.0	-1.38065488036858	1.72372550770132e-10	False	False	False	False	False	False	False	False
paper_0450	453	chr11	2688467	2688525	4	59	hypo	ENSG00000129757	CDKN1C	218614.0	6.0	6.0	0.251758595302131	0.704062984812472	False	False	False	False	False	False	False	False
paper_0451	454	chr11	2872680	2872786	3	107	hypo	ENSG00000129757	CDKN1C	34377.0	7.0	7.0	0.251758595302131	0.704062984812472	False	False	False	False	False	False	False	False
paper_0452	455	chr11	3805860	3806094	4	235	hypo	ENSG00000110713	NUP98	109737.0	4.0	3.0	1.08062659217395	3.4251888241296e-05	False	False	False	False	False	False	False	False
paper_0453	456	chr11	5631900	5632063	5	164	hyper	ENSG00000258588	TRIM6-TRIM34	14026.0	5.0	5.0			False	False	False	False	False	False	False	False
paper_0454	457	chr11	8112587	8112665	4	79	hyper	ENSG00000166402	TUB	71835.0	7.0	7.0	1.49303863664736	0.351418143030333	False	False	False	False	False	False	False	False
paper_0455	458	chr11	9340445	9340470	3	26	hypo	ENSG00000166471	TMEM41B	4129.0	7.0	7.0	0.849657650496554	3.59825748504785e-06	False	False	False	False	False	False	False	False
paper_0456	459	chr11	9994307	9994686	6	380	hyper	ENSG00000133812	SBF2	194282.0	6.0	7.0	1.02046807855897	0.000306116694900859	False	False	False	False	False	False	False	False
paper_0457	460	chr11	10336499	10336519	3	21	hyper	ENSG00000133805	AMPD3	2707.0	7.0	4.0	2.19998095645343	1.65800512936037e-10	False	False	False	False	False	False	False	False
paper_0458	461	chr11	10383917	10384302	3	386	hyper	ENSG00000133805	AMPD3	44891.0	7.0	7.0	2.19998095645343	1.65800512936037e-10	False	False	False	False	False	False	False	False
paper_0459	462	chr11	10645485	10645589	3	105	hyper	ENSG00000072952	MRVI1	50899.0	5.0	7.0	0.70690967697794	0.122386127195589	False	False	False	False	False	False	False	False
paper_0460	463	chr11	10930958	10931211	4	254	hyper	ENSG00000236287	ZBED5	50740.0	5.0	7.0	-0.301577009661096	0.0773736959383524	False	False	False	False	False	False	False	False
paper_0461	464	chr11	12021812	12021838	3	27	hyper	ENSG00000050165	DKK3	35887.0	7.0	7.0	0.170713910990489	0.826048108492622	False	False	False	False	False	False	False	False
paper_0462	465	chr11	12916161	12916210	3	50	hypo	ENSG00000187079	TEAD1	220216.0	7.0	7.0	3.00140909506759	9.92681548999004e-06	False	False	False	False	False	False	False	False
paper_0463	466	chr11	13488170	13488305	4	136	hypo	ENSG00000148925	BTBD10	3392.0	7.0	7.0	-0.125862699067549	0.536539992144921	False	False	False	False	False	False	False	False
paper_0464	467	chr11	14390646	14390683	4	38	hyper	ENSG00000133818	RRAS2	4611.0	7.0	7.0	1.48353699471012	0.000493046921027345	False	False	False	False	False	False	False	False
paper_0465	468	chr11	14695462	14695569	3	108	hyper	ENSG00000152270	PDE3B	30246.0	7.0	7.0	-0.314790827745789	0.537275886985401	False	False	False	False	False	False	False	False
paper_0466	469	chr11	17103961	17104156	6	196	hyper	ENSG00000110700	RPS13	4723.0	7.0	7.0	-0.751437241783669	2.90154068542766e-06	False	False	False	False	False	False	False	False
paper_0467	470	chr11	17452676	17452881	6	206	hyper	ENSG00000006071	ABCC8	38346.0	7.0	7.0	1.8666284048593		False	False	False	False	False	False	False	False
paper_0468	471	chr11	17579748	17579921	4	174	hyper	ENSG00000188162	OTOG	10914.0	7.0	7.0	-0.570424839923705	0.516163665939562	False	False	False	False	False	False	False	False
paper_0469	472	chr11	18299779	18300097	4	319	hyper	ENSG00000173432	SAA1	12217.0	4.0	5.0	2.59556726687717	0.0871528048260544	False	False	False	False	False	False	False	False
paper_0470	473	chr11	20149888	20149961	3	74	hypo	ENSG00000109851	DBX1	32234.0	7.0	7.0			False	False	False	False	False	False	False	False
paper_0471	474	chr11	22191262	22191541	3	280	hypo	ENSG00000171714	ANO5	23319.0	7.0	7.0	-0.636480265975509	0.369758839571465	False	False	False	False	False	False	False	False
paper_0472	475	chr11	23208209	23208291	4	83	hyper	ENSG00000255359	CCDC179	326277.0	7.0	7.0	1.10999184811583		False	False	False	False	False	False	False	False
paper_0473	476	chr11	27484242	27484271	3	30	hyper	ENSG00000205213	LGR4	96748.0	4.0	4.0	-2.73986100365701	6.2304544745394e-08	False	False	False	False	False	False	False	False
paper_0474	477	chr11	32421969	32422039	3	71	hyper	ENSG00000184937	WT1	12683.0	7.0	7.0	1.74159222195315	0.118671239226964	False	False	False	False	False	False	False	False
paper_0475	478	chr11	34037493	34037565	3	73	hyper	ENSG00000135387	CAPRIN1	35699.0	7.0	7.0	0.138321555624939	0.622514174310648	False	False	False	False	False	False	False	False
paper_0476	479	chr11	34253319	34253385	4	67	hypo	ENSG00000166016	ABTB2	80817.0	7.0	4.0	6.19479738398739	8.90176253352081e-33	True	False	False	False	False	False	False	False
paper_0477	480	chr11	34265242	34265563	5	322	hypo	ENSG00000166016	ABTB2	92867.0	4.0	3.0	6.19479738398739	8.90176253352081e-33	True	True	False	False	False	False	False	False
paper_0478	481	chr11	34393515	34393692	3	178	hyper	ENSG00000166016	ABTB2	14047.0	4.0	4.0	6.19479738398739	8.90176253352081e-33	False	False	False	False	False	False	False	False
paper_0479	482	chr11	35150398	35150614	3	217	hyper	ENSG00000269766	AL356215.1	290.0	7.0	7.0			False	False	False	False	False	False	False	False
paper_0480	483	chr11	35314140	35314262	3	123	hypo	ENSG00000110436	SLC1A2	41429.0	4.0	3.0	5.24391222880393	9.77019263114955e-23	False	False	False	False	False	False	False	False
paper_0481	484	chr11	35340762	35340953	3	192	hyper	ENSG00000110436	SLC1A2	68085.0	4.0	4.0	5.24391222880393	9.77019263114955e-23	False	False	False	False	False	False	False	False
paper_0482	485	chr11	35880745	35881064	4	320	hypo	ENSG00000179241	LDLRAD3	84625.0	7.0	4.0	2.25150377936193	0.000750722086127465	True	True	False	False	False	False	False	False
paper_0483	486	chr11	35942759	35942824	4	66	hyper	ENSG00000179241	LDLRAD3	22738.0	7.0	7.0	2.25150377936193	0.000750722086127465	False	False	False	False	False	False	False	False
paper_0484	487	chr11	35993328	35993977	7	650	hypo	ENSG00000179241	LDLRAD3	28121.0	7.0	4.0	2.25150377936193	0.000750722086127465	False	False	False	False	True	True	True	False
paper_0485	488	chr11	36023980	36024163	5	184	hyper	ENSG00000179241	LDLRAD3	58540.0	7.0	7.0	2.25150377936193	0.000750722086127465	False	False	False	False	False	False	False	False
paper_0486	489	chr11	36199235	36199326	3	92	hyper	ENSG00000179241	LDLRAD3	233749.0	4.0	5.0	2.25150377936193	0.000750722086127465	False	False	False	False	False	False	False	False
paper_0487	490	chr11	36366653	36366676	3	24	hypo	ENSG00000135362	PRR5L	48826.0	7.0	7.0	3.79506115212231	7.15686250628275e-49	False	False	False	False	False	False	False	False
paper_0488	491	chr11	37251994	37252088	3	95	hyper	ENSG00000175097	RAG2	632254.0	7.0	7.0	-0.879386880961222		False	False	False	False	False	False	False	False
paper_0489	492	chr11	39354476	39354607	3	132	hypo	ENSG00000148948	LRRC4C	2126781.0	7.0	7.0	-1.33499111250464		False	False	False	False	False	False	False	False
paper_0490	493	chr11	40717157	40717351	3	195	hyper	ENSG00000148948	LRRC4C	581411.0	7.0	7.0	-1.33499111250464		False	False	False	False	False	False	False	False
paper_0491	494	chr11	43411484	43411677	4	194	hyper	ENSG00000052841	TTC17	31098.0	6.0	6.0	0.0693383763204946	0.801772951179611	False	False	False	False	False	False	False	False
paper_0492	495	chr11	44148547	44148746	3	200	hypo	ENSG00000151348	EXT2	31547.0	6.0	6.0	-0.700298614710692	0.000141882036955294	False	False	False	False	False	False	False	False
paper_0493	496	chr11	44328535	44328685	6	151	hypo	ENSG00000052850	ALX4	46616.0	7.0	7.0	-1.67284316280387	0.497926144139706	False	False	False	False	False	False	False	False
paper_0494	497	chr11	45233868	45233903	3	36	hyper	ENSG00000019485	PRDM11	118321.0	5.0	7.0	-0.466532160100746	0.151930900978282	False	False	False	False	False	False	False	False
paper_0495	498	chr11	45868449	45868501	3	53	hyper	ENSG00000121671	CRY2	192.0	3.0	3.0	0.535830073654891	0.00060071954725388	False	False	False	False	False	False	False	False
paper_0496	499	chr11	47442889	47442959	3	71	hyper	ENSG00000165916	PSMC3	2571.0	6.0	6.0	0.131247308581196	0.712440322742988	False	False	False	False	False	False	False	False
paper_0497	500	chr11	47670241	47670290	3	50	hyper	ENSG00000109919	MTCH2	6089.0	7.0	7.0	-0.357145669105108	0.0183419923766239	False	False	False	False	False	False	False	False
paper_0498	501	chr11	47819336	47819414	3	79	hypo	ENSG00000109920	FNBP4	30381.0	5.0	5.0	1.10930153763916	1.89914833846278e-07	False	False	False	False	False	False	False	False
paper_0499	502	chr11	48125115	48125639	11	525	hypo	ENSG00000149177	PTPRJ	123264.0	7.0	4.0	1.38843348008579	0.000569897610191786	False	False	False	False	True	True	True	True
paper_0500	503	chr11	55482635	55483058	9	424	hyper	ENSG00000181903	OR4C6	50232.0	7.0	7.0			False	False	False	False	False	False	False	False
paper_0501	504	chr11	55710417	55710708	3	292	hypo	ENSG00000167825	OR5I1	6685.0	7.0	7.0			False	False	False	False	False	False	False	False
paper_0502	505	chr11	58736145	58736153	3	9	hyper	ENSG00000166840	GLYATL1	41047.0	7.0	7.0	-1.84661114595586		False	False	False	False	False	False	False	False
paper_0503	506	chr11	59667169	59667535	7	367	hyper	ENSG00000134827	TCN1	33303.0	7.0	7.0	-1.76001616600419	0.00573216462448077	False	False	False	False	False	False	False	False
paper_0504	507	chr11	59712705	59712731	3	27	hyper	ENSG00000214788	OOSP1	6790.0	7.0	7.0	-0.804508438598944		False	False	False	False	False	False	False	False
paper_0505	508	chr11	60266365	60266533	4	169	hyper	ENSG00000071203	MS4A12	6198.0	5.0	5.0	6.32227193854773	5.90421564791567e-07	False	False	False	False	False	False	False	False
paper_0506	509	chr11	60710816	60711028	6	213	hyper	ENSG00000110446	SLC15A3	9079.0	3.0	3.0	0.649489693343671	0.0039613958425043	False	False	False	False	False	False	False	False
paper_0507	510	chr11	60712076	60712138	3	63	hypo	ENSG00000110446	SLC15A3	7894.0	5.0	3.0	0.649489693343671	0.0039613958425043	False	False	False	False	True	True	False	False
paper_0508	511	chr11	60879767	60880325	7	559	hyper	ENSG00000110448	CD5	10179.0	5.0	5.0	2.89357024751067	2.4747067111237e-06	False	False	False	False	False	False	False	False
paper_0509	512	chr11	61109992	61110107	6	116	hyper	ENSG00000149476	DAK	9367.0	5.0	6.0	-0.556689740562758	0.00503289842698805	False	False	False	False	False	False	False	False
paper_0510	513	chr11	61150823	61150866	4	44	hypo	ENSG00000187049	TMEM216	8313.0	4.0	5.0	-0.89696671092776	7.48547316660507e-08	False	False	False	False	False	False	False	False
paper_0511	514	chr11	61739694	61739803	3	110	hypo	ENSG00000269089	AP003733.1	4295.0	7.0	1.0	1.40664719608606	6.84842450036526e-05	False	False	False	False	False	False	False	False
paper_0512	515	chr11	61771888	61771947	3	60	hypo	ENSG00000269089	AP003733.1	36464.0	4.0	4.0	1.40664719608606	6.84842450036526e-05	False	False	False	False	False	False	False	False
paper_0513	516	chr11	61788314	61788347	3	34	hyper	ENSG00000269089	AP003733.1	52877.0	4.0	4.0	1.40664719608606	6.84842450036526e-05	False	False	False	False	False	False	False	False
paper_0514	517	chr11	63376472	63376685	6	214	hypo	ENSG00000176485	PLA2G16	34632.0	4.0	5.0	3.27593599381348	1.09912708273502e-17	True	True	False	False	True	True	True	True
paper_0515	518	chr11	64070434	64070666	5	233	hyper	ENSG00000219435	TEX40	2687.0	7.0	7.0	-2.43068965300748		False	False	False	False	False	False	False	False
paper_0516	519	chr11	64125983	64126189	5	207	hypo	ENSG00000162302	RPS6KA4	532.0	3.0	3.0	-0.681090502121292	0.000326785689907922	False	False	False	False	False	False	False	False
paper_0517	520	chr11	64258473	64258486	4	14	hyper	ENSG00000181908	AP003774.4	41933.0	7.0	7.0	-1.70547273652687	0.013124187415696	False	False	False	False	False	False	False	False
paper_0518	521	chr11	64554905	64555028	3	124	hyper	ENSG00000168066	SF1	8707.0	6.0	6.0	0.644352806693775	1.30951338751775e-05	False	False	False	False	False	False	False	False
paper_0519	522	chr11	64738923	64738943	3	21	hyper	ENSG00000168070	C11orf85	33230.0	7.0	7.0	0.140853263184492		False	False	False	False	False	False	False	False
paper_0520	523	chr11	64879047	64879080	6	34	hypo	ENSG00000149809	TM7SF2	252.0	5.0	5.0	-0.407217577053905	0.181985881360535	False	False	False	False	False	False	False	False
paper_0521	524	chr11	64885551	64885571	3	21	hyper	ENSG00000174276	ZNHIT2	390.0	7.0	7.0	-0.466002380890984	0.120344236781124	False	False	False	False	False	False	False	False
paper_0522	525	chr11	64924962	64925098	3	137	hyper	ENSG00000204710	SPDYC	12593.0	4.0	5.0	-1.63469278021393	0.193557627107253	False	False	False	False	False	False	False	False
paper_0523	526	chr11	64957522	64957664	4	143	hypo	ENSG00000254614	AP003068.23	8287.0	3.0	3.0	0.141573016399468	0.676967167362022	False	False	False	False	False	False	False	False
paper_0524	527	chr11	65047377	65047433	5	57	hypo	ENSG00000014138	POLA2	18172.0	4.0	4.0	-0.758852275278567	3.09686574719228e-06	False	False	False	False	False	False	False	False
paper_0525	528	chr11	65096830	65096871	4	42	hypo	ENSG00000133884	DPF2	4373.0	4.0	5.0	0.107986429760681	0.60189273081604	False	False	False	False	False	False	False	False
paper_0526	529	chr11	65447618	65447630	3	13	hyper	ENSG00000173039	RELA	17058.0	7.0	7.0	1.31467010089137	3.96181248207978e-11	False	False	False	False	False	False	False	False
paper_0527	530	chr11	65652097	65652117	3	21	hyper	ENSG00000172500	FIBP	715.0	5.0	6.0	-1.07924258095666	4.10485750154913e-07	False	False	False	False	False	False	False	False
paper_0528	531	chr11	65824120	65824304	6	185	hypo	ENSG00000087365	SF3B2	4410.0	6.0	3.0	0.196331702382786	0.350418437896091	False	False	False	False	True	True	True	True
paper_0529	532	chr11	66104446	66104594	9	149	hypo	ENSG00000174791	RIN1	208.0	5.0	5.0	-1.49779397510125	2.57439090605185e-07	False	False	False	False	False	False	False	False
paper_0530	533	chr11	66252239	66252452	3	214	hypo	ENSG00000254986	DPP3	4861.0	6.0	5.0	0.0618454270794184	0.815034057783302	False	False	False	False	False	False	False	False
paper_0531	534	chr11	66688337	66688491	5	155	hyper	ENSG00000173599	PC	72418.0	4.0	3.0	0.512970699587791	0.304037338700394	False	False	False	False	False	False	False	False
paper_0532	535	chr11	66697126	66697553	5	428	hypo	ENSG00000173599	PC	81343.0	7.0	4.0	0.512970699587791	0.304037338700394	True	True	True	True	True	True	True	False
paper_0533	536	chr11	66875360	66875394	4	35	hypo	ENSG00000173120	KDM2A	11361.0	7.0	7.0	1.14163257836259	9.94031094006938e-12	False	False	False	False	False	False	False	False
paper_0534	537	chr11	66890018	66890085	4	68	hypo	ENSG00000173120	KDM2A	3311.0	7.0	2.0	1.14163257836259	9.94031094006938e-12	False	False	False	False	False	False	False	False
paper_0535	538	chr11	66913200	66913446	4	247	hypo	ENSG00000173120	KDM2A	26583.0	6.0	5.0	1.14163257836259	9.94031094006938e-12	False	False	False	False	False	False	False	False
paper_0536	539	chr11	67118522	67118631	4	110	hyper	ENSG00000175482	POLD4	2440.0	7.0	7.0	-0.6399371460294	0.0186388893784776	False	False	False	False	False	False	False	False
paper_0537	540	chr11	67187954	67188029	4	76	hypo	ENSG00000172508	CARNS1	4842.0	3.0	3.0	-2.38711600103825	8.30411742664152e-08	False	False	False	False	False	False	False	False
paper_0538	541	chr11	67401182	67401264	4	83	hyper	ENSG00000167800	TBX10	2449.0	7.0	7.0	1.11108292321431		False	False	False	False	False	False	False	False
paper_0539	542	chr11	67652752	67652806	3	55	hyper	ENSG00000110057	UNC93B1	119672.0	7.0	7.0	-0.0909873886220809	0.84392076959225	False	False	False	False	False	False	False	False
paper_0540	543	chr11	67770404	67770430	3	27	hyper	ENSG00000110057	UNC93B1	4560.0	3.0	3.0	-0.0909873886220809	0.84392076959225	False	False	False	False	False	False	False	False
paper_0541	544	chr11	67917847	67918011	3	165	hypo	ENSG00000110721	CHKA	29017.0	7.0	7.0	-0.0240984929036378	0.94655104804466	False	False	False	False	False	False	False	False
paper_0542	545	chr11	68476498	68476517	3	20	hypo	ENSG00000132749	MTL5	1599.0	7.0	7.0	0.380193410255345	0.39583252964093	False	False	False	False	False	False	False	False
paper_0543	546	chr11	68826123	68826151	4	29	hypo	ENSG00000162341	TPCN2	9772.0	5.0	5.0	0.859198102016208	1.27582390629627e-05	False	False	False	False	False	False	False	False
paper_0544	547	chr11	68889075	68889107	3	33	hyper	ENSG00000162341	TPCN2	72726.0	5.0	7.0	0.859198102016208	1.27582390629627e-05	False	False	False	False	False	False	False	False
paper_0545	548	chr11	69258851	69258901	4	51	hyper	ENSG00000110092	CCND1	196977.0	3.0	3.0	-1.65235510817229	0.0128893402569778	False	False	False	False	False	False	False	False
paper_0546	549	chr11	69458442	69458475	3	34	hyper	ENSG00000110092	CCND1	2603.0	5.0	7.0	-1.65235510817229	0.0128893402569778	False	False	False	False	False	False	False	False
paper_0547	550	chr11	71200349	71200515	5	167	hypo	ENSG00000172890	NADSYN1	36277.0	6.0	5.0	-0.107729230652469	0.625965193001346	False	False	False	False	False	False	False	False
paper_0548	551	chr11	71896880	71896889	3	10	hyper	ENSG00000110195	FOLR1	3716.0	7.0	7.0	-2.48163310701621		False	False	False	False	False	False	False	False
paper_0549	552	chr11	72099084	72099170	3	87	hyper	ENSG00000162129	CLPB	95658.0	4.0	5.0	-0.707577059990338	0.00376797673742305	False	False	False	False	False	False	False	False
paper_0550	553	chr11	72284377	72284562	3	186	hypo	ENSG00000186642	PDE2A	101027.0	7.0	7.0	0.448492302761858	0.707605277781993	False	False	False	False	False	False	False	False
paper_0551	554	chr11	73311518	73311587	4	70	hypo	ENSG00000054965	FAM168A	2317.0	7.0	7.0	0.0211060401573592	0.948302657764964	False	False	False	False	False	False	False	False
paper_0552	555	chr11	73711382	73711478	3	97	hypo	ENSG00000175564	UCP3	104.0	7.0	4.0	0.421535777784899	0.334153677286319	False	False	False	False	False	False	False	False
paper_0553	556	chr11	74316587	74316716	4	130	hypo	ENSG00000077514	POLD3	111755.0	6.0	4.0	-0.497058675221727	0.0307486231259452	False	False	False	False	True	True	False	False
paper_0554	557	chr11	74953594	74953656	4	63	hyper	ENSG00000261594	TPBGL	1675.0	7.0	7.0	-4.09877209159121	1.67212642092475e-10	False	False	False	False	False	False	False	False
paper_0555	558	chr11	76574308	76574676	3	369	hyper	ENSG00000078124	ACER3	2581.0	1.0	3.0	-0.939493427590035	5.09275800324396e-05	False	False	False	False	False	False	False	False
paper_0556	559	chr11	76902881	76903023	4	143	hypo	ENSG00000137474	MYO7A	63642.0	7.0	7.0	-2.51815369197883	6.4452465454872e-06	False	False	False	False	False	False	False	False
paper_0557	560	chr11	77482116	77482217	3	102	hyper	ENSG00000048649	RSF1	111125.0	5.0	5.0	0.818400910220788	7.29054171232049e-05	False	False	False	False	False	False	False	False
paper_0558	561	chr11	78149737	78149853	3	117	hyper	ENSG00000033327	GAB2	20400.0	5.0	5.0	1.19502393259841	9.11716126294483e-10	False	False	False	False	False	False	False	False
paper_0559	562	chr11	78520113	78520206	3	94	hyper	ENSG00000149256	TENM4	156283.0	7.0	7.0	2.93748566683306	0.253971946378147	False	False	False	False	False	False	False	False
paper_0560	563	chr11	79070694	79070958	3	265	hyper	ENSG00000149256	TENM4	706950.0	7.0	7.0	2.93748566683306	0.253971946378147	False	False	False	False	False	False	False	False
paper_0561	564	chr11	79117505	79117730	5	226	hyper	ENSG00000149256	TENM4	753741.0	7.0	7.0	2.93748566683306	0.253971946378147	False	False	False	False	False	False	False	False
paper_0562	565	chr11	81623726	81624024	3	299	hyper	ENSG00000182103	FAM181B	821030.0	7.0	7.0	3.98890938511881	0.0709894365248788	False	False	False	False	False	False	False	False
paper_0563	566	chr11	82706223	82706650	3	428	hypo	ENSG00000137502	RAB30	16126.0	5.0	3.0	2.84187447727287	4.30532952101698e-19	False	False	False	False	False	False	False	False
paper_0564	567	chr11	83227897	83227936	3	40	hyper	ENSG00000150672	DLG2	58954.0	7.0	7.0	-1.13172251224751	0.170837768866529	False	False	False	False	False	False	False	False
paper_0565	568	chr11	85726716	85726930	3	215	hypo	ENSG00000073921	PICALM	56941.0	4.0	4.0	0.336647495266169	0.440500169060003	False	False	False	False	False	False	False	False
paper_0566	569	chr11	85991093	85991354	7	262	hyper	ENSG00000149196	C11orf73	22028.0	6.0	6.0	-0.186331513651567	0.313453857541127	False	False	False	False	False	False	False	False
paper_0567	570	chr11	89597267	89597307	6	41	hyper	ENSG00000189253	TRIM64B	11897.0	7.0	7.0	-0.345417118404485	0.852601773915186	False	False	False	False	False	False	False	False
paper_0568	571	chr11	95449031	95449514	3	484	hyper	ENSG00000166037	CEP57	73855.0	7.0	4.0	0.0757246193514824	0.81571695998002	False	False	False	False	False	False	False	False
paper_0569	572	chr11	102164071	102164533	8	463	hypo	ENSG00000023445	BIRC3	23922.0	7.0	4.0	6.53836746944468	1.96936869447612e-07	False	False	False	False	True	True	True	True
paper_0570	573	chr11	102216585	102216972	8	388	hypo	ENSG00000110330	BIRC2	1165.0	4.0	3.0	2.34103982886059	1.73195476664479e-20	False	False	False	False	True	True	False	False
paper_0571	574	chr11	102274594	102274916	3	323	hyper	ENSG00000152558	TMEM123	7688.0	5.0	4.0	1.1880015116033	0.000115184103481253	False	False	False	False	False	False	False	False
paper_0572	575	chr11	102422018	102422347	5	330	hypo	ENSG00000137673	MMP7	20697.0	5.0	4.0	6.1122822881651	5.75670049086395e-44	False	False	False	False	True	True	True	False
paper_0573	576	chr11	102423080	102423184	4	105	hypo	ENSG00000137673	MMP7	21647.0	7.0	4.0	6.1122822881651	5.75670049086395e-44	False	False	False	False	False	False	False	False
paper_0574	577	chr11	102947315	102947348	3	34	hypo	ENSG00000137692	DCUN1D5	14523.0	5.0	5.0	-0.673633152776353	0.000480630774881414	False	False	False	False	False	False	False	False
paper_0575	578	chr11	102980900	102980992	5	93	hypo	ENSG00000187240	DYNC2H1	786.0	2.0	2.0	-1.25075405388148	0.0117265292111681	False	False	False	False	False	False	False	False
paper_0576	579	chr11	104427694	104427863	4	170	hypo	ENSG00000204403	CASP12	341618.0	5.0	5.0			False	False	False	False	False	False	False	False
paper_0577	580	chr11	108069697	108069819	4	123	hyper	ENSG00000149308	NPAT	41816.0	4.0	4.0	0.372518667131613	0.240612398126789	False	False	False	False	False	False	False	False
paper_0578	581	chr11	110220270	110220902	8	633	hypo	ENSG00000137710	RDX	53138.0	4.0	4.0	1.98341798685252	1.17550027497526e-10	True	True	False	False	True	True	True	False
paper_0579	582	chr11	111585938	111585978	3	41	hyper	ENSG00000170145	SIK2	112843.0	6.0	6.0	1.48016472886651	4.94920611707635e-07	False	False	False	False	False	False	False	False
paper_0580	583	chr11	111913638	111913838	4	201	hypo	ENSG00000150768	DLAT	18200.0	6.0	6.0	0.800010583919849	1.61416095976307e-05	False	False	False	False	False	False	False	False
paper_0581	584	chr11	112096625	112096720	4	96	hypo	ENSG00000150787	PTS	414.0	1.0	1.0	0.0109625136624543	0.976525867074864	False	False	False	False	False	False	False	False
paper_0582	585	chr11	115795900	115796690	5	791	hypo	ENSG00000182985	CADM1	420619.0	7.0	4.0	2.358787923595	5.39717514967804e-08	False	False	False	False	False	False	False	False
paper_0583	586	chr11	116726316	116726423	4	108	hyper	ENSG00000160584	SIK3	10060.0	4.0	5.0	0.709870632772871	0.0433114725411477	False	False	False	False	False	False	False	False
paper_0584	587	chr11	116933977	116934176	3	200	hypo	ENSG00000160584	SIK3	217767.0	5.0	4.0	0.709870632772871	0.0433114725411477	False	False	False	False	False	False	False	False
paper_0585	588	chr11	117009599	117009685	3	87	hyper	ENSG00000168092	PAFAH1B2	5339.0	7.0	7.0	0.584412095972991	0.00295933498372941	False	False	False	False	False	False	False	False
paper_0586	589	chr11	117899672	117899843	4	172	hyper	ENSG00000110324	IL10RA	42694.0	4.0	4.0	0.753307415395819	1.85129720935931e-07	False	False	False	False	False	False	False	False
paper_0587	590	chr11	118476517	118476676	3	160	hyper	ENSG00000019144	PHLDB1	557.0	7.0	5.0	3.01133398023538	2.628226530638e-22	False	False	False	False	False	False	False	False
paper_0588	591	chr11	118691778	118692031	4	254	hypo	ENSG00000110367	DDX6	30058.0	4.0	4.0	1.54176243952393	1.64238660945713e-05	False	False	False	False	False	False	False	False
paper_0589	592	chr11	119309481	119309602	3	122	hyper	ENSG00000154096	THY1	13845.0	7.0	7.0	0.838098270397414	0.43337110964061	False	False	False	False	False	False	False	False
paper_0590	593	chr11	120040733	120040749	3	17	hyper	ENSG00000176984	AP000679.2	1056.0	5.0	5.0	1.52430405094143	0.350284220100153	False	False	False	False	False	False	False	False
paper_0591	594	chr11	120788760	120789018	3	259	hypo	ENSG00000149403	GRIK4	406421.0	7.0	7.0	5.56597291184301	9.9091896627459e-11	False	False	False	False	False	False	False	False
paper_0592	595	chr11	121567778	121567800	3	23	hyper	ENSG00000137642	SORL1	244877.0	7.0	7.0	-0.297986955634191	0.339978162140589	False	False	False	False	False	False	False	False
paper_0593	596	chr11	122112354	122112450	3	97	hyper	ENSG00000259571	BLID	125478.0	5.0	7.0			False	False	False	False	False	False	False	False
paper_0594	597	chr11	122125075	122125120	3	46	hypo	ENSG00000259571	BLID	138173.0	5.0	7.0			False	False	False	False	False	False	False	False
paper_0595	598	chr11	122487421	122487443	3	23	hyper	ENSG00000154127	UBASH3B	38949.0	5.0	7.0	-0.549330558385121	0.500582480212002	False	False	False	False	False	False	False	False
paper_0596	599	chr11	122528027	122528064	4	38	hyper	ENSG00000154127	UBASH3B	1662.0	3.0	2.0	-0.549330558385121	0.500582480212002	False	False	False	False	False	False	False	False
paper_0597	600	chr11	122546110	122546273	4	164	hypo	ENSG00000154127	UBASH3B	19808.0	5.0	5.0	-0.549330558385121	0.500582480212002	False	False	False	False	False	False	False	False
paper_0598	601	chr11	122616717	122616784	4	68	hypo	ENSG00000154127	UBASH3B	90367.0	4.0	4.0	-0.549330558385121	0.500582480212002	False	False	False	False	False	False	False	False
paper_0599	602	chr11	123252316	123252602	4	287	hypo	ENSG00000254667	AP000783.1	48597.0	4.0	3.0	0.773657158991802	0.36835046634907	False	False	False	False	False	False	False	False
paper_0600	603	chr11	123252987	123253428	5	442	hypo	ENSG00000254667	AP000783.1	47849.0	4.0	4.0	0.773657158991802	0.36835046634907	False	False	False	False	False	False	False	False
paper_0601	604	chr11	124351082	124351216	3	135	hypo	ENSG00000197125	OR8B8	40094.0	7.0	7.0	-0.676235846215259		False	False	False	False	False	False	False	False
paper_0602	605	chr11	124540646	124540767	3	122	hyper	ENSG00000110013	SIAE	37697.0	4.0	5.0	-2.09272474353464	1.01696030956941e-13	False	False	False	False	False	False	False	False
paper_0603	606	chr11	124993503	124993883	5	381	hypo	ENSG00000150433	TMEM218	12033.0	4.0	3.0	-0.305784505374363	0.396149740036169	False	False	False	False	False	False	False	False
paper_0604	607	chr11	125068518	125068799	4	282	hyper	ENSG00000165495	PKNOX2	34056.0	7.0	7.0	0.907957193541005	0.507459599551941	False	False	False	False	False	False	False	False
paper_0605	608	chr11	126169365	126169740	5	376	hypo	ENSG00000255062	RP11-712L6.5	5359.0	6.0	4.0	-0.584947404243059	0.245322465467408	False	False	False	False	False	False	False	False
paper_0606	609	chr11	128584122	128584274	5	153	hypo	ENSG00000151702	FLI1	27768.0	4.0	4.0	-2.26664156956126	1.04924564324265e-10	False	False	False	False	False	False	False	False
paper_0607	610	chr11	129328348	129328620	4	273	hyper	ENSG00000043039	BARX2	82649.0	7.0	7.0	0.243134452457969	0.56415910664907	False	False	False	False	False	False	False	False
paper_0608	611	chr11	129688253	129688379	3	127	hypo	ENSG00000151715	TMEM45B	2602.0	7.0	7.0	-4.8197644471918	1.36343359162483e-05	False	False	False	False	False	False	False	False
paper_0609	612	chr11	132952053	132952103	5	51	hyper	ENSG00000183715	OPCML	667203.0	7.0	7.0	4.18757513302926		False	False	False	False	False	False	False	False
paper_0610	613	chr11	133617339	133617453	3	115	hypo	ENSG00000166118	SPATA19	98036.0	7.0	7.0	0.974925980303952		False	False	False	False	False	False	False	False
paper_0611	614	chr11	134632622	134632715	7	94	hyper	ENSG00000268936	AP003062.1	222576.0	7.0	7.0			False	False	False	False	False	False	False	False
paper_0612	615	chr12	643616	643687	4	72	hypo	ENSG00000139044	B4GALNT3	74121.0	7.0	7.0	-2.49162047633086	2.24816561277077e-08	False	False	False	False	False	False	False	False
paper_0613	616	chr12	778202	778548	10	347	hypo	ENSG00000171840	NINJ2	5429.0	7.0	4.0	-0.527659117568172	0.234568036534823	True	True	True	False	True	True	False	False
paper_0614	617	chr12	788246	788572	6	327	hypo	ENSG00000171840	NINJ2	15463.0	7.0	4.0	-0.527659117568172	0.234568036534823	True	True	True	True	True	True	True	False
paper_0615	618	chr12	950924	951239	7	316	hypo	ENSG00000060237	WNK1	89322.0	4.0	3.0	1.14530576864648	0.000228901853541317	False	False	False	False	False	False	False	False
paper_0616	619	chr12	1262086	1262316	4	231	hypo	ENSG00000082805	ERC1	162526.0	5.0	5.0	0.380138588364465	0.193600252091994	False	False	False	False	False	False	False	False
paper_0617	620	chr12	1289458	1289470	4	13	hyper	ENSG00000082805	ERC1	189789.0	7.0	6.0	0.380138588364465	0.193600252091994	False	False	False	False	False	False	False	False
paper_0618	621	chr12	1801429	1801715	4	287	hyper	ENSG00000006831	ADIPOR2	1379.0	1.0	3.0	0.263928106364943	0.0930072305654653	False	False	False	False	False	False	False	False
paper_0619	622	chr12	2028281	2028824	6	544	hyper	ENSG00000151062	CACNA2D4	549.0	3.0	3.0	-1.00294898815661	0.0689837765355959	False	False	False	False	False	False	False	False
paper_0620	623	chr12	2045720	2045810	6	91	hyper	ENSG00000151062	CACNA2D4	17762.0	6.0	7.0	-1.00294898815661	0.0689837765355959	False	False	False	False	False	False	False	False
paper_0621	624	chr12	2191441	2191483	3	43	hyper	ENSG00000151067	CACNA1C	111510.0	7.0	7.0	-0.73804048657883	0.157437919358638	False	False	False	False	False	False	False	False
paper_0622	625	chr12	2977220	2977457	6	238	hypo	ENSG00000111206	FOXM1	10489.0	6.0	7.0	0.176118208530952	0.48436735534379	False	False	False	False	True	True	True	False
paper_0623	626	chr12	4085679	4086105	5	427	hypo	ENSG00000111224	PARP11	103283.0	5.0	4.0	0.461052969314196	0.121802175224954	True	True	True	True	True	True	True	False
paper_0624	627	chr12	4255525	4255813	6	289	hypo	ENSG00000118971	CCND2	127267.0	7.0	5.0	0.659155949925759	0.024580945515273	True	True	True	False	True	True	True	True
paper_0625	628	chr12	5162367	5162811	5	445	hypo	ENSG00000130037	KCNA5	9504.0	5.0	5.0	3.52395290727528	0.133645849215489	False	False	False	False	False	False	False	False
paper_0626	629	chr12	6151235	6151270	3	36	hyper	ENSG00000110799	VWF	93212.0	7.0	7.0	-0.226471012020757	0.549729438215354	False	False	False	False	False	False	False	False
paper_0627	630	chr12	6301241	6301430	3	190	hypo	ENSG00000010278	CD9	7544.0	7.0	7.0	-0.299938027738597	0.213245382266367	False	False	False	False	False	False	False	False
paper_0628	631	chr12	6852120	6852507	4	388	hypo	ENSG00000111652	COPS7A	19406.0	7.0	4.0	-0.368750671950497	0.0152066951566511	False	False	False	False	False	False	False	False
paper_0629	632	chr12	6968544	6968589	3	46	hyper	ENSG00000111667	USP5	7274.0	6.0	6.0	-0.0860588760581056	0.746796975027996	False	False	False	False	False	False	False	False
paper_0630	633	chr12	7115807	7115950	3	144	hypo	ENSG00000182326	C1S	19527.0	5.0	5.0	3.29371407033437	8.74504321912832e-16	False	False	False	False	False	False	False	False
paper_0631	634	chr12	8421761	8422054	4	294	hyper	ENSG00000171847	FAM90A1	41692.0	7.0	7.0	-3.90350712177459	3.52853143180386e-13	False	False	False	False	False	False	False	False
paper_0632	635	chr12	9555380	9555409	3	30	hypo	ENSG00000126838	PZP	194427.0	7.0	7.0	0.154603489273416	0.835249932130943	False	False	False	False	False	False	False	False
paper_0633	636	chr12	10180185	10180287	3	103	hyper	ENSG00000197992	CLEC9A	3038.0	4.0	4.0	-1.06672206864072	0.101287428374572	False	False	False	False	False	False	False	False
paper_0634	637	chr12	10768275	10768457	3	183	hypo	ENSG00000111196	MAGOHB	2143.0	7.0	4.0	0.497183856643134	0.0103936905097499	False	False	False	False	False	False	False	False
paper_0635	638	chr12	11721916	11722202	3	287	hypo	ENSG00000139083	ETV6	80727.0	5.0	5.0	1.28701571346943	2.27644378233703e-13	False	False	False	False	False	False	False	False
paper_0636	639	chr12	11869949	11870067	4	119	hyper	ENSG00000139083	ETV6	67220.0	5.0	3.0	1.28701571346943	2.27644378233703e-13	False	False	False	False	False	False	False	False
paper_0637	640	chr12	11977108	11977450	6	343	hypo	ENSG00000139083	ETV6	174491.0	4.0	4.0	1.28701571346943	2.27644378233703e-13	True	True	True	False	True	True	True	False
paper_0638	641	chr12	11983355	11983441	3	87	hypo	ENSG00000139083	ETV6	180610.0	4.0	4.0	1.28701571346943	2.27644378233703e-13	False	False	False	False	False	False	False	False
paper_0639	642	chr12	12402296	12402405	3	110	hypo	ENSG00000070018	LRP6	62328.0	7.0	7.0	1.62176261170212	5.27512702259666e-11	False	False	False	False	False	False	False	False
paper_0640	643	chr12	12420856	12420954	4	99	hypo	ENSG00000070018	LRP6	958.0	7.0	7.0	1.62176261170212	5.27512702259666e-11	False	False	False	False	False	False	False	False
paper_0641	644	chr12	12486910	12487145	3	236	hypo	ENSG00000111261	MANSC1	4829.0	7.0	7.0	-0.215216811617806	0.72203167404474	False	False	False	False	False	False	False	False
paper_0642	645	chr12	13128658	13128867	4	210	hyper	ENSG00000013583	HEBP1	964.0	6.0	6.0	-1.08618664282879	9.10386463728238e-07	False	False	False	False	False	False	False	False
paper_0643	646	chr12	13253207	13253236	3	30	hyper	ENSG00000111305	GSG1	16179.0	4.0	4.0	0.367533082020522	0.190562737885624	False	False	False	False	False	False	False	False
paper_0644	647	chr12	14595300	14595528	3	229	hypo	ENSG00000171681	ATF7IP	76798.0	5.0	5.0	1.0267533808202	0.00196444267329794	False	False	False	False	False	False	False	False
paper_0645	648	chr12	14948118	14948293	4	176	hypo	ENSG00000084463	WBP11	8795.0	6.0	4.0	0.719922531238298	0.00131636546621649	False	False	False	False	False	False	False	False
paper_0646	649	chr12	19624759	19624942	3	184	hypo	ENSG00000139154	AEBP2	67871.0	5.0	5.0	1.22470876845344	1.73087748471106e-07	False	False	False	False	False	False	False	False
paper_0647	650	chr12	20705540	20705553	4	14	hyper	ENSG00000172572	PDE3A	183367.0	7.0	7.0	-0.150312876916173	0.835054733994707	False	False	False	False	False	False	False	False
paper_0648	651	chr12	22639192	22639238	3	47	hypo	ENSG00000111731	C2CD5	37698.0	7.0	7.0	-0.90077162498344	8.26398623954903e-06	False	False	False	False	False	False	False	False
paper_0649	652	chr12	22806273	22806549	4	277	hyper	ENSG00000139163	ETNK1	28402.0	5.0	5.0	0.122060751090762	0.696957433249446	False	False	False	False	False	False	False	False
paper_0650	653	chr12	23358135	23358475	3	341	hyper	ENSG00000139163	ETNK1	580296.0	7.0	7.0	0.122060751090762	0.696957433249446	False	False	False	False	False	False	False	False
paper_0651	654	chr12	25844119	25844239	5	121	hyper	ENSG00000152936	IFLTD1	42665.0	7.0	7.0	1.35182346461922	0.012449902931742	False	False	False	False	False	False	False	False
paper_0652	655	chr12	25928497	25928586	3	90	hyper	ENSG00000152936	IFLTD1	127027.0	7.0	7.0	1.35182346461922	0.012449902931742	False	False	False	False	False	False	False	False
paper_0653	656	chr12	25938229	25938241	3	13	hypo	ENSG00000152936	IFLTD1	136721.0	7.0	7.0	1.35182346461922	0.012449902931742	False	False	False	False	False	False	False	False
paper_0654	657	chr12	26325512	26326217	11	706	hypo	ENSG00000123096	SSPN	50940.0	7.0	4.0	4.91741238129904	2.81838964843129e-14	False	False	False	False	False	False	False	False
paper_0655	658	chr12	27536914	27537142	5	229	hyper	ENSG00000029153	ARNTL2	51241.0	7.0	7.0	2.94120158887193	1.47712769453623e-12	False	False	False	False	False	False	False	False
paper_0656	659	chr12	29532872	29533034	3	163	hyper	ENSG00000087502	ERGIC2	23592.0	2.0	1.0	0.123064179807557	0.610548184421215	False	False	False	False	False	False	False	False
paper_0657	660	chr12	30337321	30337630	5	310	hypo	ENSG00000133687	TMTC1	399782.0	7.0	7.0	-0.988777945467151	0.00697772972116956	False	False	False	False	False	False	False	False
paper_0658	661	chr12	31347765	31348134	3	370	hypo	ENSG00000013573	DDX11	121170.0	7.0	7.0	-0.221732947657758	0.262088060441973	False	False	False	False	False	False	False	False
paper_0659	662	chr12	32674202	32674422	3	221	hyper	ENSG00000139132	FGD4	121849.0	7.0	1.0	-0.5404657069769	0.363433195426193	False	False	False	False	False	False	False	False
paper_0660	663	chr12	40704684	40705097	3	414	hypo	ENSG00000205592	MUC19	82305.0	5.0	5.0	-0.158663898444547	0.89999325912732	False	False	False	False	False	False	False	False
paper_0661	664	chr12	41796794	41797061	4	268	hyper	ENSG00000165966	PDZRN4	214677.0	5.0	5.0	2.48788014718015		False	False	False	False	False	False	False	False
paper_0662	665	chr12	44198976	44199149	6	174	hypo	ENSG00000151239	TWF1	11536.0	1.0	1.0	0.423862588811227	0.0742091267983418	False	False	False	False	False	False	False	False
paper_0663	666	chr12	44440383	44440534	3	152	hypo	ENSG00000139173	TMEM117	210572.0	7.0	7.0	-2.01274713553649	7.16797645155038e-07	False	False	False	False	False	False	False	False
paper_0664	667	chr12	46694745	46694840	3	96	hyper	ENSG00000111371	SLC38A1	31057.0	4.0	5.0	3.38808865918016	4.7965009973554e-16	False	False	False	False	False	False	False	False
paper_0665	668	chr12	47611854	47612176	8	323	hypo	ENSG00000179715	PCED1B	138629.0	4.0	4.0	-1.7539501618484	7.2362987465683e-06	True	True	True	False	False	False	False	False
paper_0666	669	chr12	47787504	47787679	3	176	hypo	ENSG00000005175	RPAP3	312252.0	5.0	4.0	1.3169060032404	2.65473231692062e-13	False	False	False	False	False	False	False	False
paper_0667	670	chr12	49320386	49320425	3	40	hyper	ENSG00000255863	AC073610.5	4638.0	7.0	7.0			False	False	False	False	False	False	False	False
paper_0668	671	chr12	49504967	49505053	4	87	hypo	ENSG00000139636	LMBR1L	328.0	1.0	1.0	1.48836351090455	7.08995957411162e-09	False	False	False	False	False	False	False	False
paper_0669	672	chr12	49943395	49943420	3	26	hypo	ENSG00000135519	KCNH3	10467.0	7.0	7.0	-0.666347590207851	0.193935491255497	False	False	False	False	False	False	False	False
paper_0670	673	chr12	50045704	50045747	3	44	hypo	ENSG00000135436	FAM186B	46302.0	6.0	6.0	2.93810917465974	3.52015341917572e-10	False	False	False	False	False	False	False	False
paper_0671	674	chr12	50669018	50669107	4	90	hypo	ENSG00000050405	LIMA1	99491.0	7.0	7.0	0.597429388780509	0.222341264843118	False	False	False	False	False	False	False	False
paper_0672	675	chr12	50771955	50772035	3	81	hyper	ENSG00000185958	FAM186A	51982.0	7.0	7.0	-1.34616881095669	0.00447581443832745	False	False	False	False	False	False	False	False
paper_0673	676	chr12	51058361	51058444	4	84	hypo	ENSG00000066084	DIP2B	159512.0	6.0	4.0	0.385538634972247	0.192579495655351	False	False	False	False	False	False	False	False
paper_0674	677	chr12	51168107	51168113	3	7	hypo	ENSG00000123268	ATF1	10617.0	7.0	5.0	-0.176018601703933	0.53806097716709	False	False	False	False	False	False	False	False
paper_0675	678	chr12	51452953	51453432	6	480	hypo	ENSG00000050426	LETMD1	11447.0	6.0	6.0	-0.368546046209453	0.107689081465791	False	False	False	False	False	False	False	False
paper_0676	679	chr12	51792460	51792690	8	231	hypo	ENSG00000050438	SLC4A8	7474.0	5.0	3.0	-0.657482207261273	0.104091700808745	False	False	False	False	False	False	False	False
paper_0677	680	chr12	52709687	52709714	3	28	hyper	ENSG00000267873	AC121757.1	572.0	7.0	7.0			False	False	False	False	False	False	False	False
paper_0678	681	chr12	53466838	53466968	3	131	hyper	ENSG00000167778	SPRYD3	8515.0	4.0	5.0	-0.0451800033230806	0.847957530443181	False	False	False	False	False	False	False	False
paper_0679	682	chr12	54421335	54421532	3	198	hypo	ENSG00000198353	HOXC4	10718.0	7.0	7.0	0.918699710714176		False	False	False	False	False	False	False	False
paper_0680	683	chr12	54476283	54476320	3	38	hypo	ENSG00000273266	HOXC4	28640.0	7.0	7.0			False	False	False	False	False	False	False	False
paper_0681	684	chr12	54699295	54699462	4	168	hypo	ENSG00000111481	COPZ1	4392.0	4.0	5.0	-0.307580485384665	0.0526003904368413	False	False	False	False	False	False	False	False
paper_0682	685	chr12	56047012	56047057	3	46	hypo	ENSG00000175398	OR10P1	16390.0	7.0	7.0	-0.67649378595026		False	False	False	False	False	False	False	False
paper_0683	686	chr12	56050085	56050116	3	32	hyper	ENSG00000175398	OR10P1	19456.0	7.0	7.0	-0.67649378595026		False	False	False	False	False	False	False	False
paper_0684	687	chr12	56308923	56309321	4	399	hypo	ENSG00000170473	WIBG	13297.0	1.0	1.0	0.650420218414591	0.000458693029024238	False	False	False	False	False	False	False	False
paper_0685	688	chr12	56472748	56472797	3	50	hyper	ENSG00000065361	ERBB3	867.0	2.0	2.0	0.247854995031103	0.611071303005273	False	False	False	False	False	False	False	False
paper_0686	689	chr12	58141804	58141969	3	166	hypo	ENSG00000135452	TSPAN31	3222.0	5.0	4.0	0.230119794761903	0.224873836480908	False	False	False	False	False	False	False	False
paper_0687	690	chr12	58298862	58298868	3	7	hypo	ENSG00000166896	XRCC6BP1	36493.0	7.0	7.0	-0.541203176657117	0.0282861301889329	False	False	False	False	False	False	False	False
paper_0688	691	chr12	62586883	62586937	3	55	hypo	ENSG00000198673	FAM19A2	439451.0	5.0	7.0	0.772693629107666	0.0154797526179391	False	False	False	False	False	False	False	False
paper_0689	692	chr12	62867866	62868227	4	362	hyper	ENSG00000061987	MON2	7449.0	7.0	7.0	0.595211548127052	0.01516634154791	False	False	False	False	False	False	False	False
paper_0690	693	chr12	63126696	63126898	4	203	hyper	ENSG00000111110	PPM1H	89035.0	4.0	4.0	-1.29569295500984	3.756793976229e-05	False	False	False	False	False	False	False	False
paper_0691	694	chr12	64037695	64037748	3	54	hypo	ENSG00000177990	DPY19L2	24907.0	7.0	7.0	0.11058287923556	0.836677577059779	False	False	False	False	False	False	False	False
paper_0692	695	chr12	66564254	66564266	3	13	hypo	ENSG00000155957	TMBIM4	407.0	1.0	3.0	-0.704576222453289	0.000591674254412633	False	False	False	False	False	False	False	False
paper_0693	696	chr12	68629957	68629987	3	31	hypo	ENSG00000111536	IL26	10370.0	5.0	7.0	0.616645474595683	0.501932102897107	False	False	False	False	False	False	False	False
paper_0694	697	chr12	68763779	68763987	4	209	hypo	ENSG00000111554	MDM1	37721.0	5.0	4.0	-0.124019196030209	0.721538933125571	False	False	False	False	False	False	False	False
paper_0695	698	chr12	69869412	69869568	3	157	hypo	ENSG00000166225	FRS2	5361.0	5.0	3.0	1.52390460185496	2.55674068650949e-08	False	False	False	False	False	False	False	False
paper_0696	699	chr12	70032905	70033211	5	307	hypo	ENSG00000198812	LRRC10	28115.0	7.0	7.0	1.25005356571707	0.481836484080786	False	False	False	False	False	False	False	False
paper_0697	700	chr12	70033757	70033861	3	105	hyper	ENSG00000198812	LRRC10	28866.0	7.0	7.0	1.25005356571707	0.481836484080786	False	False	False	False	False	False	False	False
paper_0698	701	chr12	70698942	70698959	3	18	hypo	ENSG00000111596	CNOT2	62176.0	7.0	7.0	0.00944982119159887	0.971462464756493	False	False	False	False	False	False	False	False
paper_0699	702	chr12	72068705	72068801	3	97	hyper	ENSG00000258064	RP11-293I14.2	769.0	5.0	5.0			False	False	False	False	False	False	False	False
paper_0700	703	chr12	74930754	74930760	3	7	hyper	ENSG00000253719	ATXN7L3B	792.0	7.0	4.0	0.165226812805586	0.419212083459091	False	False	False	False	False	False	False	False
paper_0701	704	chr12	79959674	79959730	6	57	hypo	ENSG00000177425	PAWR	125174.0	7.0	7.0	0.820190112733111	0.0335089417824572	False	False	False	False	False	False	False	False
paper_0702	705	chr12	80292380	80292711	3	332	hypo	ENSG00000058272	PPP1R12A	124359.0	7.0	7.0	0.569779126174079	0.0229194078646887	False	False	False	False	False	False	False	False
paper_0703	706	chr12	81651287	81651778	3	492	hypo	ENSG00000111052	LIN7A	319827.0	7.0	7.0	1.62455685817101	1.68643594455556e-06	False	False	False	False	False	False	False	False
paper_0704	707	chr12	88693480	88693696	4	217	hypo	ENSG00000139324	TMTC3	157515.0	7.0	4.0	0.583724279199135	0.0634923868183129	False	False	False	False	True	True	True	True
paper_0705	708	chr12	89657407	89657590	3	184	hyper	ENSG00000139318	DUSP6	89549.0	7.0	7.0	0.739116260383924	0.269818574145093	False	False	False	False	False	False	False	False
paper_0706	709	chr12	92405050	92405267	4	218	hypo	ENSG00000257242	C12orf79	26292.0	7.0	7.0	5.04589362947882	5.30638726077293e-37	False	False	False	False	False	False	False	False
paper_0707	710	chr12	92458687	92459112	9	426	hypo	ENSG00000257242	C12orf79	80033.0	5.0	4.0	5.04589362947882	5.30638726077293e-37	True	True	True	False	True	True	True	False
paper_0708	711	chr12	92758045	92758166	3	122	hyper	ENSG00000257127	CLLU1	59628.0	4.0	7.0	1.90191216339555	1.00376015245403e-05	False	False	False	False	False	False	False	False
paper_0709	712	chr12	92896440	92897335	11	896	hypo	ENSG00000205057	CLLU1OS	74962.0	4.0	4.0	4.37050631833025	0.000203205758727124	True	True	True	False	True	True	True	False
paper_0710	713	chr12	92900190	92900517	3	328	hypo	ENSG00000205057	CLLU1OS	78428.0	4.0	4.0	4.37050631833025	0.000203205758727124	False	False	False	False	False	False	False	False
paper_0711	714	chr12	92946931	92947924	14	994	hypo	ENSG00000205057	CLLU1OS	125502.0	4.0	4.0	4.37050631833025	0.000203205758727124	True	False	False	False	True	True	False	False
paper_0712	715	chr12	93295365	93295634	3	270	hyper	ENSG00000102189	EEA1	131086.0	4.0	5.0	0.177366716838122	0.621159707926584	False	False	False	False	False	False	False	False
paper_0713	716	chr12	94010361	94010488	4	128	hypo	ENSG00000120833	SOCS2	46834.0	5.0	3.0	4.61850280458414	2.78290035837601e-29	False	False	False	False	False	False	False	False
paper_0714	717	chr12	94018722	94019073	3	352	hypo	ENSG00000169372	CRADD	52252.0	7.0	4.0	0.193876791209012	0.375945824937567	False	False	False	False	False	False	False	False
paper_0715	718	chr12	94179109	94179216	4	108	hypo	ENSG00000169372	CRADD	108011.0	7.0	4.0	0.193876791209012	0.375945824937567	False	False	False	False	True	True	True	True
paper_0716	719	chr12	94602291	94602316	4	26	hypo	ENSG00000136040	PLXNC1	59804.0	3.0	1.0	4.92412674998515	2.57625455200843e-17	False	False	False	False	True	False	False	False
paper_0717	720	chr12	94656787	94656885	6	99	hypo	ENSG00000136040	PLXNC1	114337.0	3.0	4.0	4.92412674998515	2.57625455200843e-17	False	False	False	False	False	False	False	False
paper_0718	721	chr12	94960130	94960254	3	125	hyper	ENSG00000057704	TMCC3	84145.0	7.0	7.0	4.62541810339852	1.26170532393013e-24	False	False	False	False	False	False	False	False
paper_0719	722	chr12	96363221	96363257	4	37	hyper	ENSG00000139344	AMDHD1	26168.0	7.0	7.0	-1.70688660918953	0.00114520067887815	False	False	False	False	False	False	False	False
paper_0720	723	chr12	96838388	96838549	4	162	hypo	ENSG00000059758	CDK17	44129.0	7.0	7.0	2.68735272106188	2.48886567979944e-20	False	False	False	False	False	False	False	False
paper_0721	724	chr12	97300410	97300429	3	20	hypo	ENSG00000139350	NEDD1	580.0	3.0	1.0	0.91329008866773	0.00147636221288255	False	False	False	False	False	False	False	False
paper_0722	725	chr12	97316493	97316623	3	131	hypo	ENSG00000139350	NEDD1	15557.0	6.0	6.0	0.91329008866773	0.00147636221288255	False	False	False	False	False	False	False	False
paper_0723	726	chr12	98723496	98723707	4	212	hyper	ENSG00000245017	RP11-181C3.1	174031.0	7.0	7.0	-0.586816304271124	0.201002437175868	False	False	False	False	False	False	False	False
paper_0724	727	chr12	101062878	101063029	5	152	hyper	ENSG00000151572	ANO4	48349.0	7.0	7.0	0.437289578968818		False	False	False	False	False	False	False	False
paper_0725	728	chr12	102155173	102155407	5	235	hyper	ENSG00000111670	GNPTAB	16015.0	5.0	5.0	0.444104760518805	0.159377834050253	False	False	False	False	False	False	False	False
paper_0726	729	chr12	104026486	104026583	6	98	hyper	ENSG00000136011	STAB2	45483.0	7.0	7.0	-1.83801525531539	0.000688048668612232	False	False	False	False	False	False	False	False
paper_0727	730	chr12	104609317	104609352	4	36	hypo	ENSG00000198431	TXNRD1	221.0	2.0	3.0	1.75051148301553	3.48419624447504e-11	False	False	False	False	False	False	False	False
paper_0728	731	chr12	104697862	104697956	10	95	hypo	ENSG00000255150	EID3	392.0	3.0	3.0	1.94876473018301	1.11172613665065e-10	False	False	False	False	False	False	False	False
paper_0729	732	chr12	104977210	104977354	3	145	hyper	ENSG00000171310	CHST11	126536.0	5.0	5.0	1.63252502499654	1.25260133845498e-07	False	False	False	False	False	False	False	False
paper_0730	733	chr12	105026846	105026888	3	43	hyper	ENSG00000171310	CHST11	176121.0	7.0	5.0	1.63252502499654	1.25260133845498e-07	False	False	False	False	False	False	False	False
paper_0731	734	chr12	105032327	105032887	5	561	hypo	ENSG00000171310	CHST11	181861.0	3.0	1.0	1.63252502499654	1.25260133845498e-07	False	False	False	False	False	False	False	False
paper_0732	735	chr12	105045717	105045898	5	182	hyper	ENSG00000171310	CHST11	195061.0	4.0	4.0	1.63252502499654	1.25260133845498e-07	False	False	False	False	False	False	False	False
paper_0733	736	chr12	105217795	105217936	3	142	hyper	ENSG00000136052	SLC41A2	134656.0	7.0	7.0	2.40970050824506	1.6969323799389e-14	False	False	False	False	False	False	False	False
paper_0734	737	chr12	105894425	105894746	7	322	hyper	ENSG00000235162	C12orf75	170171.0	7.0	7.0	2.6434879911603	8.6845893967692e-14	False	False	False	False	False	False	False	False
paper_0735	738	chr12	106224059	106224162	3	104	hyper	ENSG00000074590	NUAK1	309700.0	7.0	7.0	2.76207754709493	0.00124708465031975	False	False	False	False	False	False	False	False
paper_0736	739	chr12	108323215	108323303	3	89	hyper	ENSG00000187855	ASCL4	155097.0	7.0	7.0	0.090194398814856	0.953650721049708	False	False	False	False	False	False	False	False
paper_0737	740	chr12	108689465	108689575	5	111	hyper	ENSG00000174600	CMKLR1	4072.0	5.0	7.0	-2.30834796114226	0.000587415830339567	False	False	False	False	False	False	False	False
paper_0738	741	chr12	110216990	110217367	5	378	hyper	ENSG00000111199	TRPV4	54033.0	7.0	7.0	-1.76283804571415	0.0442277533696395	False	False	False	False	False	False	False	False
paper_0739	742	chr12	110270843	110270919	4	77	hyper	ENSG00000111199	TRPV4	49988.0	2.0	1.0	-1.76283804571415	0.0442277533696395	False	False	False	False	False	False	False	False
paper_0740	743	chr12	110452872	110452880	3	9	hypo	ENSG00000076513	ANKRD13A	15885.0	1.0	3.0	0.509042821398578	0.00703085770417942	False	False	False	False	False	False	False	False
paper_0741	744	chr12	110782924	110783098	3	175	hyper	ENSG00000196510	ANAPC7	58523.0	3.0	3.0	-0.732491869963762	0.000607074299754375	False	False	False	False	False	False	False	False
paper_0742	745	chr12	111129147	111129423	4	277	hypo	ENSG00000122986	HVCN1	30245.0	4.0	5.0	-2.09822276063436	6.53358409004028e-15	False	False	False	False	False	False	False	False
paper_0743	746	chr12	111978287	111978567	4	281	hyper	ENSG00000204842	ATXN2	88409.0	6.0	6.0	0.685274266396379	0.00168747181323001	False	False	False	False	False	False	False	False
paper_0744	747	chr12	112297556	112297751	4	196	hyper	ENSG00000089022	MAPKAPK5	17871.0	7.0	7.0	0.02209077439022	0.927692502987684	False	False	False	False	False	False	False	False
paper_0745	748	chr12	112452200	112452232	3	33	hyper	ENSG00000089248	ERP29	1096.0	1.0	1.0	-1.55803774520158	2.41937123363511e-07	False	False	False	False	False	False	False	False
paper_0746	749	chr12	112513497	112513566	3	70	hyper	ENSG00000111300	NAA25	49031.0	3.0	3.0	3.13566409839435	6.85961019634436e-24	False	False	False	False	False	False	False	False
paper_0747	750	chr12	112587246	112587888	9	643	hypo	ENSG00000135148	TRAFD1	24262.0	6.0	5.0	2.67840205826648	1.12316752119204e-17	True	True	True	False	True	True	True	True
paper_0748	751	chr12	112590259	112590619	6	361	hypo	ENSG00000135148	TRAFD1	27134.0	6.0	3.0	2.67840205826648	1.12316752119204e-17	False	False	False	False	False	False	False	False
paper_0749	752	chr12	113531266	113531309	3	44	hyper	ENSG00000135144	DTX1	35792.0	5.0	7.0	-2.68113670849794	1.50105125955294e-08	False	False	False	False	False	False	False	False
paper_0750	753	chr12	114149663	114149899	3	237	hypo	ENSG00000089116	LHX5	239903.0	7.0	7.0	0.548301276791912	0.487648342440719	False	False	False	False	False	False	False	False
paper_0751	754	chr12	114408189	114408494	4	306	hypo	ENSG00000122965	RBM19	4164.0	7.0	5.0	0.512909088945798	0.0203572814942651	False	False	False	False	False	False	False	False
paper_0752	755	chr12	115129242	115129287	3	46	hyper	ENSG00000135111	TBX3	7294.0	7.0	2.0	1.67865824093906		False	False	False	False	False	False	False	False
paper_0753	756	chr12	116978491	116978646	5	156	hypo	ENSG00000171471	MAP1LC3B2	18616.0	5.0	4.0	0.592976906020466	0.0128370653754811	False	False	False	False	True	True	True	False
paper_0754	757	chr12	118703589	118703623	3	35	hypo	ENSG00000135090	TAOK3	116000.0	5.0	3.0	0.759582048167147	0.000350428129251676	False	False	False	False	False	False	False	False
paper_0755	758	chr12	118762840	118763063	4	224	hypo	ENSG00000135090	TAOK3	175345.0	5.0	4.0	0.759582048167147	0.000350428129251676	False	False	False	False	False	False	False	False
paper_0756	759	chr12	119626344	119626409	3	66	hyper	ENSG00000152137	HSPB8	9929.0	7.0	7.0	7.52137365205487	3.11381367506011e-06	False	False	False	False	False	False	False	False
paper_0757	760	chr12	120108337	120108699	4	363	hypo	ENSG00000111725	PRKAB1	2960.0	4.0	3.0	1.00599112599234	9.3578511289684e-07	False	False	False	False	False	False	False	False
paper_0758	761	chr12	120445227	120445887	5	661	hyper	ENSG00000135127	CCDC64	17884.0	7.0	7.0	3.13380894963749	2.75093459878449e-18	False	False	False	False	False	False	False	False
paper_0759	762	chr12	120451555	120451819	3	265	hypo	ENSG00000135127	CCDC64	24014.0	7.0	4.0	3.13380894963749	2.75093459878449e-18	False	False	False	False	False	False	False	False
paper_0760	763	chr12	120525525	120525573	3	49	hypo	ENSG00000135127	CCDC64	97876.0	3.0	3.0	3.13380894963749	2.75093459878449e-18	False	False	False	False	False	False	False	False
paper_0761	764	chr12	120552989	120553128	3	140	hypo	ENSG00000111737	RAB35	18888.0	3.0	3.0	-0.182971791577223	0.319609812838385	False	False	False	False	False	False	False	False
paper_0762	765	chr12	121347455	121347810	3	356	hypo	ENSG00000157837	SPPL3	5457.0	7.0	4.0	0.257506886448002	0.122658880946577	False	False	False	False	False	False	False	False
paper_0763	766	chr12	121631143	121631391	3	249	hypo	ENSG00000135124	P2RX4	16391.0	7.0	5.0	1.49349428476686	1.89241102235937e-07	False	False	False	False	False	False	False	False
paper_0764	767	chr12	121729967	121730128	5	162	hyper	ENSG00000110931	CAMKK2	54547.0	4.0	7.0	0.245234775608833	0.111519124015341	False	False	False	False	False	False	False	False
paper_0765	768	chr12	121974146	121974157	4	12	hyper	ENSG00000089094	KDM2B	42502.0	3.0	1.0	2.17145599412351	7.4577835695296e-23	False	False	False	False	False	False	False	False
paper_0766	769	chr12	122266791	122266922	5	132	hypo	ENSG00000139718	SETD1B	24770.0	6.0	6.0	0.204237886892176	0.445729465950503	False	False	False	False	False	False	False	False
paper_0767	770	chr12	122287700	122287816	8	117	hyper	ENSG00000158104	HPD	10322.0	5.0	4.0	1.08787408942975	0.00676780811486324	False	False	False	False	False	False	False	False
paper_0768	771	chr12	122471796	122471852	3	57	hyper	ENSG00000110987	BCL7A	14496.0	5.0	5.0	-1.28266588397336	0.000117878443945202	False	False	False	False	False	False	False	False
paper_0769	772	chr12	122529244	122529325	3	82	hyper	ENSG00000175727	MLXIP	12656.0	5.0	5.0	-1.46956059174478	1.2527413487822e-12	False	False	False	False	False	False	False	False
paper_0770	773	chr12	122709827	122709858	3	32	hyper	ENSG00000256861	RP11-512M8.5	17516.0	1.0	1.0	-0.64223198432363		False	False	False	False	False	False	False	False
paper_0771	774	chr12	123205661	123205742	5	82	hypo	ENSG00000196917	HCAR1	100877.0	5.0	3.0	-1.3911150575006	0.00110172574699321	True	False	False	False	True	True	False	False
paper_0772	775	chr12	123344641	123344751	6	111	hypo	ENSG00000130787	HIP1R	24723.0	7.0	7.0	0.390691291059064	0.334591838180994	False	False	False	False	False	False	False	False
paper_0773	776	chr12	123373948	123373997	4	50	hypo	ENSG00000139722	VPS37B	24090.0	3.0	3.0	-0.615169805572202	0.00109696637817556	False	False	False	False	False	False	False	False
paper_0774	777	chr12	123874040	123874098	9	59	hyper	ENSG00000183955	SETD8	5749.0	7.0	7.0	-0.166837942707312	0.406275748224433	False	False	False	False	False	False	False	False
paper_0775	778	chr12	123971635	123971829	4	195	hypo	ENSG00000188026	RILPL1	15807.0	5.0	7.0	-2.57186694928446	6.30968653847658e-11	False	False	False	False	False	False	False	False
paper_0776	779	chr12	124251746	124251844	3	99	hyper	ENSG00000197653	DNAH10	4753.0	7.0	7.0	0.387497737564992	0.616599900674341	False	False	False	False	False	False	False	False
paper_0777	780	chr12	124817913	124817943	3	31	hyper	ENSG00000196498	NCOR2	234081.0	6.0	6.0	0.361451742267682	0.134266552725345	False	False	False	False	False	False	False	False
paper_0778	781	chr12	124959931	124960125	4	195	hypo	ENSG00000196498	NCOR2	128889.0	6.0	6.0	0.361451742267682	0.134266552725345	False	False	False	False	False	False	False	False
paper_0779	782	chr12	125030049	125030131	5	83	hyper	ENSG00000196498	NCOR2	198951.0	3.0	3.0	0.361451742267682	0.134266552725345	False	False	False	False	False	False	False	False
paper_0780	783	chr12	125094113	125094228	4	116	hypo	ENSG00000196498	NCOR2	42159.0	5.0	5.0	0.361451742267682	0.134266552725345	False	False	False	False	False	False	False	False
paper_0781	784	chr12	125101198	125101264	3	67	hyper	ENSG00000196498	NCOR2	49220.0	3.0	3.0	0.361451742267682	0.134266552725345	False	False	False	False	False	False	False	False
paper_0782	785	chr12	125137761	125137796	5	36	hypo	ENSG00000196498	NCOR2	85767.0	5.0	5.0	0.361451742267682	0.134266552725345	False	False	False	False	False	False	False	False
paper_0783	786	chr12	125251184	125251208	3	25	hypo	ENSG00000073060	SCARB1	97266.0	5.0	5.0	-1.94834901210297	3.39802716642411e-08	False	False	False	False	False	False	False	False
paper_0784	787	chr12	126582268	126582471	3	204	hyper	ENSG00000139364	TMEM132B	771207.0	7.0	7.0	0.610369891244334	0.407802581325255	False	False	False	False	False	False	False	False
paper_0785	788	chr12	127631022	127631055	4	34	hyper	ENSG00000181234	TMEM132C	1120908.0	2.0	1.0	-1.19657061716185		False	False	False	False	False	False	False	False
paper_0786	789	chr12	127900564	127900673	3	110	hypo	ENSG00000181234	TMEM132C	851328.0	7.0	7.0	-1.19657061716185		False	False	False	False	False	False	False	False
paper_0787	790	chr12	128257863	128258359	8	497	hypo	ENSG00000181234	TMEM132C	493835.0	7.0	7.0	-1.19657061716185		False	False	False	False	False	False	False	False
paper_0788	791	chr12	131575945	131576217	9	273	hypo	ENSG00000111452	GPR133	137629.0	5.0	4.0	4.27612615863289	1.08733197498142e-11	True	True	True	False	True	True	True	True
paper_0789	792	chr12	132078071	132078160	3	90	hypo	ENSG00000061936	SFSWAP	117517.0	4.0	5.0	-0.364417819227168	0.0256809909527777	False	False	False	False	False	False	False	False
paper_0790	793	chr12	132455768	132456206	3	439	hyper	ENSG00000183495	EP400	21479.0	5.0	5.0	0.170195663608337	0.484343648138585	False	False	False	False	False	False	False	False
paper_0791	794	chr12	132509283	132509321	3	39	hyper	ENSG00000183495	EP400	74794.0	6.0	6.0	0.170195663608337	0.484343648138585	False	False	False	False	False	False	False	False
paper_0792	795	chr12	132966263	132966349	6	87	hypo	ENSG00000182870	GALNT9	60516.0	7.0	7.0	1.0277224185163	0.587327497469914	False	False	False	False	False	False	False	False
paper_0793	796	chr12	133069284	133069456	7	173	hypo	ENSG00000112787	FBRSL1	3233.0	3.0	3.0	-0.111265784175597	0.669840789133168	True	True	True	False	True	True	True	False
paper_0794	797	chr12	133113839	133113950	5	112	hypo	ENSG00000112787	FBRSL1	47757.0	6.0	6.0	-0.111265784175597	0.669840789133168	False	False	False	False	False	False	False	False
paper_0795	798	chr12	133534287	133534312	3	26	hyper	ENSG00000196458	ZNF605	1406.0	7.0	7.0	0.0401741847580153	0.921381285334492	False	False	False	False	False	False	False	False
paper_0796	799	chr12	133537452	133537510	3	59	hyper	ENSG00000196458	ZNF605	4588.0	7.0	7.0	0.0401741847580153	0.921381285334492	False	False	False	False	False	False	False	False
paper_0797	800	chr13	20241023	20241039	3	17	hypo	ENSG00000196199	MPHOSPH8	33243.0	6.0	6.0	0.0350339562636419	0.87871750844724	False	False	False	False	False	False	False	False
paper_0798	801	chr13	21348453	21348461	3	9	hypo	ENSG00000150456	N6AMT2	368.0	7.0	7.0	-0.828303314966919	0.000977761132780836	False	False	False	False	False	False	False	False
paper_0799	802	chr13	22694771	22695056	7	286	hypo	ENSG00000102678	FGF9	449391.0	5.0	4.0	1.01901072212152	0.224051170040029	False	False	False	False	False	False	False	False
paper_0800	803	chr13	24166788	24166978	5	191	hyper	ENSG00000127863	TNFRSF19	22374.0	7.0	7.0	-0.0178066379093584	0.984896503258782	False	False	False	False	False	False	False	False
paper_0801	804	chr13	25223172	25223214	3	43	hyper	ENSG00000075673	ATP12A	31354.0	7.0	7.0	2.37656113834881	0.125424366820852	False	False	False	False	False	False	False	False
paper_0802	805	chr13	25416900	25416995	4	96	hypo	ENSG00000132972	RNF17	78657.0	7.0	7.0	5.33269110251676	7.92638343546693e-24	False	False	False	False	False	False	False	False
paper_0803	806	chr13	25523604	25523660	3	57	hypo	ENSG00000151849	CENPJ	26613.0	7.0	7.0	0.439600175410118	0.0840175637590464	False	False	False	False	False	False	False	False
paper_0804	807	chr13	25569560	25569664	5	105	hypo	ENSG00000269099	LSP1	21927.0	7.0	7.0	1.4292902386956	0.259967847658846	False	False	False	False	False	False	False	False
paper_0805	808	chr13	25577678	25577890	4	213	hypo	ENSG00000269099	LSP1	13755.0	7.0	7.0	1.4292902386956	0.259967847658846	False	False	False	False	False	False	False	False
paper_0806	809	chr13	25746082	25746126	5	45	hypo	ENSG00000165566	AMER2	10282.0	7.0	2.0	-0.111976427326391	0.909558252403638	False	False	False	False	False	False	False	False
paper_0807	810	chr13	26586290	26586353	5	64	hypo	ENSG00000132932	ATP8A2	640112.0	7.0	7.0	3.04173970982483	0.077684579666787	False	False	False	False	False	False	False	False
paper_0808	811	chr13	26885420	26885585	4	166	hypo	ENSG00000132964	CDK8	57226.0	7.0	5.0	0.262817385112964	0.261782201280043	False	False	False	False	False	False	False	False
paper_0809	812	chr13	27610576	27610741	3	166	hypo	ENSG00000152484	USP12	135374.0	7.0	5.0	2.31915360666235	2.01222507610075e-16	False	False	False	False	False	False	False	False
paper_0810	813	chr13	27703216	27703413	3	198	hypo	ENSG00000152484	USP12	63021.0	4.0	4.0	2.31915360666235	2.01222507610075e-16	False	False	False	False	False	False	False	False
paper_0811	814	chr13	27705445	27705648	4	204	hypo	ENSG00000152484	USP12	65253.0	5.0	3.0	2.31915360666235	2.01222507610075e-16	True	True	False	False	True	True	True	True
paper_0812	815	chr13	28579742	28579894	3	153	hypo	ENSG00000122025	FLT3	2407.0	7.0	4.0	4.08196984096332	2.24896017062283e-33	False	False	False	False	False	False	False	False
paper_0813	816	chr13	28588589	28588650	3	62	hyper	ENSG00000122025	FLT3	11208.0	5.0	4.0	4.08196984096332	2.24896017062283e-33	False	False	False	False	False	False	False	False
paper_0814	817	chr13	28589975	28590733	6	759	hypo	ENSG00000122025	FLT3	12943.0	7.0	4.0	4.08196984096332	2.24896017062283e-33	False	False	False	False	True	True	True	False
paper_0815	818	chr13	28609038	28609651	6	614	hypo	ENSG00000122025	FLT3	31933.0	4.0	4.0	4.08196984096332	2.24896017062283e-33	False	False	False	False	False	False	False	False
paper_0816	819	chr13	28615805	28615908	3	104	hypo	ENSG00000122025	FLT3	38445.0	4.0	3.0	4.08196984096332	2.24896017062283e-33	False	False	False	False	False	False	False	False
paper_0817	820	chr13	30689564	30689605	4	42	hyper	ENSG00000102781	KATNAL1	192036.0	2.0	3.0	0.872419454978977	0.00186253801121381	False	False	False	False	False	False	False	False
paper_0818	821	chr13	31686963	31687235	3	273	hypo	ENSG00000120694	HSPH1	49425.0	7.0	5.0	-0.229135258007538	0.252455014082377	False	False	False	False	False	False	False	False
paper_0819	822	chr13	32472465	32472808	3	344	hypo	ENSG00000073910	FRY	132799.0	7.0	6.0	1.04440066190147	0.00165359572097602	False	False	False	False	False	False	False	False
paper_0820	823	chr13	32695333	32695607	3	275	hypo	ENSG00000073910	FRY	90033.0	7.0	7.0	1.04440066190147	0.00165359572097602	False	False	False	False	False	False	False	False
paper_0821	824	chr13	33003425	33003760	7	336	hypo	ENSG00000139597	N4BP2L1	1276.0	3.0	3.0	4.31796070275021	1.62302848640558e-27	False	False	False	False	False	False	False	False
paper_0822	825	chr13	33357130	33357879	7	750	hyper	ENSG00000083642	PDS5B	196940.0	5.0	5.0	1.59670089463165	1.30332450073245e-12	False	False	False	False	False	False	False	False
paper_0823	826	chr13	33591636	33591707	3	72	hyper	ENSG00000133116	KL	1464.0	7.0	2.0	0.234140809626304	0.826048108492622	False	False	False	False	False	False	False	False
paper_0824	827	chr13	37394390	37394639	4	250	hypo	ENSG00000133111	RFXAP	1153.0	1.0	1.0	-1.7492999652207	1.26460122618682e-08	False	False	False	False	False	False	False	False
paper_0825	828	chr13	37426104	37426180	3	77	hypo	ENSG00000120693	SMAD9	7174.0	7.0	7.0	-2.69832460425949	3.68280365421393e-13	False	False	False	False	False	False	False	False
paper_0826	829	chr13	37426487	37426667	3	181	hypo	ENSG00000120693	SMAD9	7609.0	5.0	5.0	-2.69832460425949	3.68280365421393e-13	False	False	False	False	False	False	False	False
paper_0827	830	chr13	39262409	39262447	3	39	hyper	ENSG00000150893	FREM2	1162.0	7.0	7.0	1.04635930681982		False	False	False	False	False	False	False	False
paper_0828	831	chr13	40600338	40600585	5	248	hypo	ENSG00000133103	COG6	370697.0	7.0	4.0	-0.82511075845917	0.000449502753952583	False	False	False	False	False	False	False	False
paper_0829	832	chr13	41148152	41148449	4	298	hypo	ENSG00000150907	FOXO1	18496.0	2.0	5.0	3.26686569196645	1.43840196847915e-73	False	False	False	False	False	False	False	False
paper_0830	833	chr13	41193536	41193626	4	91	hypo	ENSG00000150907	FOXO1	63777.0	7.0	4.0	3.26686569196645	1.43840196847915e-73	False	False	False	False	False	False	False	False
paper_0831	834	chr13	41363042	41363082	3	41	hyper	ENSG00000102743	SLC25A15	569.0	2.0	4.0	-1.31229646720551	0.00129094042899696	False	False	False	False	False	False	False	False
paper_0832	835	chr13	41837188	41837284	3	97	hyper	ENSG00000120662	MTRF1	46022.0	1.0	1.0	-0.179832776580392	0.401418145294441	False	False	False	False	False	False	False	False
paper_0833	836	chr13	42075693	42075736	3	44	hyper	ENSG00000102760	RGCC	44019.0	5.0	7.0	0.0436552544469332	0.95312089117507	False	False	False	False	False	False	False	False
paper_0834	837	chr13	46195891	46196087	5	197	hypo	ENSG00000165837	FAM194B	6114.0	7.0	7.0	0.919312472937458	0.210697936555103	False	False	False	False	False	False	False	False
paper_0835	838	chr13	46944143	46944302	3	160	hypo	ENSG00000102445	KIAA0226L	27120.0	4.0	3.0	0.766956568792001	0.333717254225665	False	False	False	False	False	False	False	False
paper_0836	839	chr13	46954445	46954637	3	193	hypo	ENSG00000102445	KIAA0226L	37439.0	4.0	3.0	0.766956568792001	0.333717254225665	False	False	False	False	False	False	False	False
paper_0837	840	chr13	49147423	49147573	5	151	hyper	ENSG00000136161	RCBTB2	40128.0	3.0	4.0	-2.29359233936946	1.2918549044163e-08	False	False	False	False	False	False	False	False
paper_0838	841	chr13	49224156	49224424	4	269	hyper	ENSG00000152207	CYSLTR2	56659.0	5.0	4.0	4.29548497147411	5.09977761925378e-23	False	False	False	False	False	False	False	False
paper_0839	842	chr13	49644786	49644975	4	190	hyper	ENSG00000102531	FNDC3A	94832.0	5.0	5.0	1.05273011382696	1.46532327422385e-05	False	False	False	False	False	False	False	False
paper_0840	843	chr13	50069148	50069194	3	47	hyper	ENSG00000136147	PHF11	924.0	1.0	3.0	1.07401192227091	0.00138326670605195	False	False	False	False	False	False	False	False
paper_0841	844	chr13	50108590	50108649	4	60	hypo	ENSG00000136144	RCBTB1	2529.0	4.0	7.0	-0.254608212287345	0.424622900867921	False	False	False	False	False	False	False	False
paper_0842	845	chr13	50702981	50703057	5	77	hypo	ENSG00000176124	DLEU1	46712.0	7.0	1.0	-0.14225775493739	0.719439185900046	True	True	False	False	False	False	False	False
paper_0843	846	chr13	50767105	50767322	3	218	hyper	ENSG00000176124	DLEU1	110906.0	7.0	7.0	-0.14225775493739	0.719439185900046	False	False	False	False	False	False	False	False
paper_0844	847	chr13	51074443	51074864	3	422	hyper	ENSG00000186047	DLEU7	343421.0	7.0	7.0	0.772334528627547	0.0961244402273201	False	False	False	False	False	False	False	False
paper_0845	848	chr13	51563613	51563785	5	173	hyper	ENSG00000136104	RNASEH2B	79885.0	7.0	7.0	0.122505155969425	0.674151105968919	False	False	False	False	False	False	False	False
paper_0846	849	chr13	51707314	51707463	3	150	hyper	ENSG00000150510	FAM124A	89113.0	2.0	2.0	2.26115724439213	0.00545728068340097	False	False	False	False	False	False	False	False
paper_0847	850	chr13	53007972	53008176	3	205	hyper	ENSG00000136100	VPS36	21337.0	6.0	6.0	-0.173808441743467	0.474920420188842	False	False	False	False	False	False	False	False
paper_0848	851	chr13	53153370	53153680	4	311	hyper	ENSG00000139675	HNRNPA1L2	38078.0	7.0	7.0	-0.593273201810363	0.01410465801235	False	False	False	False	False	False	False	False
paper_0849	852	chr13	53775795	53775843	6	49	hyper	ENSG00000102837	OLFM4	172925.0	7.0	7.0	-1.1426293890611	0.584377338031506	False	False	False	False	False	False	False	False
paper_0850	853	chr13	57720442	57720481	5	40	hyper	ENSG00000204918	PRR20B	1159.0	7.0	7.0			False	False	False	False	False	False	False	False
paper_0851	854	chr13	64651269	64651310	4	42	hypo	ENSG00000226974	AL445989.1	330355.0	7.0	7.0			False	False	False	False	False	False	False	False
paper_0852	855	chr13	71403653	71403992	4	340	hypo	ENSG00000150361	KLHL1	721230.0	7.0	7.0			False	False	False	False	False	False	False	False
paper_0853	856	chr13	71814225	71814454	3	230	hypo	ENSG00000165659	DACH1	626990.0	7.0	4.0	0.618381163300983	0.137284420396773	False	False	False	False	False	False	False	False
paper_0854	857	chr13	76591337	76591377	3	41	hyper	ENSG00000178734	C13orf45	146170.0	5.0	5.0	-0.878551808987366		False	False	False	False	False	False	False	False
paper_0855	858	chr13	78514687	78515028	4	342	hyper	ENSG00000136160	EDNRB	20953.0	7.0	7.0	2.87452521069765	0.0708923528643706	False	False	False	False	False	False	False	False
paper_0856	859	chr13	79395820	79396034	3	215	hyper	ENSG00000152193	RNF219	162612.0	7.0	7.0	-0.0438618684205759	0.871082946980676	False	False	False	False	False	False	False	False
paper_0857	860	chr13	85915448	85915468	3	21	hyper	ENSG00000184564	SLITRK6	458164.0	7.0	7.0			False	False	False	False	False	False	False	False
paper_0858	861	chr13	92810563	92810847	3	285	hyper	ENSG00000179399	GPC5	759776.0	5.0	5.0	4.14932015264295	9.39598664659375e-30	False	False	False	False	False	False	False	False
paper_0859	862	chr13	99382198	99382224	3	27	hypo	ENSG00000088386	SLC15A1	46156.0	7.0	7.0	-0.3085115707055	0.463466553893816	False	False	False	False	False	False	False	False
paper_0860	863	chr13	99854047	99854053	3	7	hyper	ENSG00000134882	UBAC2	1022.0	1.0	1.0	-0.356483319112135	0.103794710542032	False	False	False	False	False	False	False	False
paper_0861	864	chr13	100047899	100048178	8	280	hypo	ENSG00000169508	GPR183	88378.0	7.0	4.0	2.67425743430481	2.38693298124916e-37	True	True	False	False	True	True	True	True
paper_0862	865	chr13	100227470	100227587	3	118	hyper	ENSG00000125246	CLYBL	31389.0	7.0	7.0	-2.3744853018046	8.18011143862495e-13	False	False	False	False	False	False	False	False
paper_0863	866	chr13	100766601	100766715	3	115	hypo	ENSG00000175198	PCCA	25389.0	7.0	7.0	-1.28868448311101	5.62240703003175e-07	False	False	False	False	False	False	False	False
paper_0864	867	chr13	101133082	101133214	5	133	hypo	ENSG00000175198	PCCA	391879.0	5.0	7.0	-1.28868448311101	5.62240703003175e-07	False	False	False	False	False	False	False	False
paper_0865	868	chr13	101198099	101198166	3	68	hyper	ENSG00000134864	GGACT	13383.0	5.0	5.0	-0.141092032036595	0.750887348370635	False	False	False	False	False	False	False	False
paper_0866	869	chr13	101719743	101720095	3	353	hyper	ENSG00000102452	NALCN	348864.0	7.0	7.0	0.643919021692671	0.268347043466001	False	False	False	False	False	False	False	False
paper_0867	870	chr13	107025840	107025900	3	61	hyper	ENSG00000125266	EFNB2	161591.0	7.0	7.0	3.46810034757355	2.72967677859372e-10	False	False	False	False	False	False	False	False
paper_0868	871	chr13	107214273	107214359	4	87	hypo	ENSG00000134884	ARGLU1	20295.0	4.0	3.0	0.525451475247802	0.00336818234747768	False	False	False	False	False	False	False	False
paper_0869	872	chr13	110135908	110136021	3	114	hyper	ENSG00000185950	IRS2	302950.0	7.0	7.0	2.06311097009741	2.08178105234156e-15	False	False	False	False	False	False	False	False
paper_0870	873	chr13	110251454	110251611	3	158	hyper	ENSG00000185950	IRS2	187382.0	7.0	7.0	2.06311097009741	2.08178105234156e-15	False	False	False	False	False	False	False	False
paper_0871	874	chr13	111131018	111131200	4	183	hypo	ENSG00000139832	RAB20	82970.0	5.0	4.0	1.75239797080983	6.09399026452632e-06	False	False	False	False	False	False	False	False
paper_0872	875	chr13	111718984	111719025	4	42	hyper	ENSG00000102606	ARHGEF7	47960.0	7.0	7.0	0.347039727425672	0.0452845232506628	False	False	False	False	False	False	False	False
paper_0873	876	chr13	112627983	112628082	5	100	hyper	ENSG00000182968	SOX1	93879.0	7.0	7.0	1.87609210040912		False	False	False	False	False	False	False	False
paper_0874	877	chr13	112985016	112985077	8	62	hypo	ENSG00000153498	SPACA7	45585.0	7.0	7.0	0.203463435570391	0.781257692815303	False	False	False	False	False	False	False	False
paper_0875	878	chr13	113572626	113572902	8	277	hypo	ENSG00000126217	MCF2L	24072.0	7.0	5.0	-2.12306365432048	0.000208290980922166	False	False	False	False	True	True	False	False
paper_0876	879	chr13	114052885	114052933	4	49	hyper	ENSG00000139835	GRTP1	34467.0	7.0	7.0	2.59391398966151	2.39527385255333e-12	False	False	False	False	False	False	False	False
paper_0877	880	chr13	114150408	114150490	4	83	hypo	ENSG00000150403	TMCO3	5139.0	6.0	6.0	0.195617226161564	0.535919149959949	False	False	False	False	False	False	False	False
paper_0878	881	chr13	114565715	114565781	3	67	hypo	ENSG00000183087	GAS6	42224.0	3.0	3.0	0.330762214018865	0.0834250701178187	False	False	False	False	False	False	False	False
paper_0879	882	chr14	19889560	19889577	3	18	hyper	ENSG00000187537	POTEM	130703.0	7.0	7.0	1.00258162183407		False	False	False	False	False	False	False	False
paper_0880	883	chr14	21675144	21675474	3	331	hypo	ENSG00000169327	OR5AU1	51086.0	6.0	3.0	4.74293136903978	6.38674947013725e-20	False	False	False	False	False	False	False	False
paper_0881	884	chr14	21684165	21684246	3	82	hyper	ENSG00000092199	HNRNPC	6910.0	6.0	5.0	0.316084661613073	0.0637184572288608	False	False	False	False	False	False	False	False
paper_0882	885	chr14	21820676	21820878	3	203	hyper	ENSG00000092201	SUPT16H	1146.0	7.0	7.0	0.473330864001282	0.0223493709758199	False	False	False	False	False	False	False	False
paper_0883	886	chr14	22458926	22459103	3	178	hypo	ENSG00000211796	TRAV16	279.0	7.0	7.0	1.1242501557413		False	False	False	False	False	False	False	False
paper_0884	887	chr14	22855789	22855845	4	57	hypo	ENSG00000211821	TRDV2	35543.0	7.0	7.0	1.86699744476882	0.015124778609908	False	False	False	False	False	False	False	False
paper_0885	888	chr14	23588055	23588171	7	117	hyper	ENSG00000092067	CEBPE	1600.0	4.0	5.0	-1.64593461371086	0.0014721523834949	False	False	False	False	False	False	False	False
paper_0886	889	chr14	23835708	23835733	4	26	hypo	ENSG00000100842	EFS	758.0	7.0	7.0	4.27440069327399	0.053680426631336	False	False	False	False	False	False	False	False
paper_0887	890	chr14	23955512	23955865	4	354	hyper	ENSG00000129460	NGDN	16791.0	6.0	6.0	-0.084823801586953	0.735753581140594	False	False	False	False	False	False	False	False
paper_0888	891	chr14	23999927	23999961	3	35	hypo	ENSG00000259431	THTPA	25270.0	4.0	5.0	-0.400119558667027	0.20265325097608	False	False	False	False	False	False	False	False
paper_0889	892	chr14	24300450	24300623	3	174	hyper	ENSG00000197775	DHRS4-AS1	107402.0	5.0	7.0			False	False	False	False	False	False	False	False
paper_0890	893	chr14	31108302	31108366	3	65	hyper	ENSG00000092108	SCFD1	17016.0	5.0	4.0	0.161161730556439	0.351167265933284	False	False	False	False	False	False	False	False
paper_0891	894	chr14	31435838	31436046	6	209	hyper	ENSG00000196792	STRN3	72937.0	7.0	7.0	1.24271874943472	6.63951416110672e-06	False	False	False	False	False	False	False	False
paper_0892	895	chr14	31560390	31560668	4	279	hyper	ENSG00000100478	AP4S1	66217.0	4.0	3.0	0.365641479968432	0.147892535860663	False	False	False	False	False	False	False	False
paper_0893	896	chr14	31926504	31926542	7	39	hyper	ENSG00000129480	DTD2	11281.0	1.0	1.0	-0.531622751710806	0.00950022926919092	False	False	False	False	False	False	False	False
paper_0894	897	chr14	34234353	34234747	5	395	hyper	ENSG00000151322	NPAS3	830411.0	7.0	7.0	0.0808780005143085	0.926535116442368	False	False	False	False	False	False	False	False
paper_0895	898	chr14	34270407	34270437	5	31	hypo	ENSG00000129521	EGLN3	421660.0	7.0	7.0	-0.252172811964237	0.59363344951468	False	False	False	False	False	False	False	False
paper_0896	899	chr14	34441446	34441488	3	43	hypo	ENSG00000129521	EGLN3	43162.0	5.0	5.0	-0.252172811964237	0.59363344951468	False	False	False	False	False	False	False	False
paper_0897	900	chr14	34793379	34793710	3	332	hyper	ENSG00000129521	EGLN3	101460.0	7.0	7.0	-0.252172811964237	0.59363344951468	False	False	False	False	False	False	False	False
paper_0898	901	chr14	35489629	35489664	3	36	hypo	ENSG00000100883	SRP54	38483.0	6.0	7.0	0.821450623902438	0.000205975534782576	False	False	False	False	False	False	False	False
paper_0899	902	chr14	35760178	35760258	3	81	hyper	ENSG00000100902	PSMA6	12379.0	4.0	4.0	0.212106507307881	0.427736628800451	False	False	False	False	False	False	False	False
paper_0900	903	chr14	35819239	35819412	3	174	hypo	ENSG00000100906	NFKBIA	54626.0	4.0	5.0	3.1478713657557	5.63548359674964e-30	False	False	False	False	False	False	False	False
paper_0901	904	chr14	35882877	35882928	3	52	hypo	ENSG00000100906	NFKBIA	8949.0	7.0	7.0	3.1478713657557	5.63548359674964e-30	False	False	False	False	False	False	False	False
paper_0902	905	chr14	36287624	36287742	3	119	hyper	ENSG00000100916	BRMS1L	7839.0	7.0	7.0	1.35751926725393	1.78285347724199e-08	False	False	False	False	False	False	False	False
paper_0903	906	chr14	36294597	36294649	5	53	hypo	ENSG00000100916	BRMS1L	899.0	7.0	7.0	1.35751926725393	1.78285347724199e-08	False	False	False	False	False	False	False	False
paper_0904	907	chr14	39829179	39829374	3	196	hypo	ENSG00000165355	FBXO33	72427.0	7.0	7.0	0.319332004632096	0.237455802514917	False	False	False	False	False	False	False	False
paper_0905	908	chr14	45267799	45267843	9	45	hypo	ENSG00000179476	C14orf28	98675.0	7.0	7.0	2.27841392536423e-05	1.0	False	False	False	False	True	False	False	False
paper_0906	909	chr14	45691726	45691976	3	251	hypo	ENSG00000129534	MIS18BP1	19458.0	3.0	1.0	0.754829089840974	0.0178763955914114	False	False	False	False	False	False	False	False
paper_0907	910	chr14	50459795	50460321	7	527	hypo	ENSG00000214900	C14orf182	11628.0	7.0	4.0	1.93485150568157	1.0341324199788e-07	False	False	False	False	False	False	False	False
paper_0908	911	chr14	50506587	50506772	4	186	hyper	ENSG00000214900	C14orf182	32440.0	4.0	3.0	1.93485150568157	1.0341324199788e-07	False	False	False	False	False	False	False	False
paper_0909	912	chr14	51137167	51137270	3	104	hypo	ENSG00000151748	SAV1	2168.0	5.0	5.0	1.26065547182322	2.02417324783375e-05	False	False	False	False	False	False	False	False
paper_0910	913	chr14	51328904	51329114	4	211	hypo	ENSG00000131969	ABHD12B	9867.0	7.0	7.0	0.0137235010455296	0.982279154783774	False	False	False	False	False	False	False	False
paper_0911	914	chr14	52242933	52243073	5	141	hyper	ENSG00000186469	GNG2	49908.0	7.0	7.0	2.23966910026513	2.865976269055e-05	False	False	False	False	False	False	False	False
paper_0912	915	chr14	52445673	52445828	3	156	hyper	ENSG00000267802	AL358333.1	9502.0	7.0	4.0			False	False	False	False	False	False	False	False
paper_0913	916	chr14	52510511	52510596	3	86	hypo	ENSG00000087303	NID2	39032.0	7.0	7.0	1.81916190571791	8.81736873612964e-07	False	False	False	False	False	False	False	False
paper_0914	917	chr14	53474193	53474327	3	135	hypo	ENSG00000073712	FERMT2	55106.0	5.0	4.0	6.9524017769621	1.51844750696792e-25	False	False	False	False	False	False	False	False
paper_0915	918	chr14	54683705	54683845	3	141	hypo	ENSG00000100526	CDKN3	179896.0	7.0	7.0	0.465447246251813	0.181139629682146	False	False	False	False	False	False	False	False
paper_0916	919	chr14	54687539	54687683	3	145	hyper	ENSG00000100526	CDKN3	176060.0	7.0	7.0	0.465447246251813	0.181139629682146	False	False	False	False	False	False	False	False
paper_0917	920	chr14	55036376	55036470	3	95	hyper	ENSG00000020577	SAMD4A	2608.0	7.0	7.0	-0.24440240786342	0.684979697531289	False	False	False	False	False	False	False	False
paper_0918	921	chr14	55732034	55732181	4	148	hypo	ENSG00000178974	FBXO34	5912.0	7.0	7.0	0.339845961229696	0.127249930890723	False	False	False	False	False	False	False	False
paper_0919	922	chr14	56046028	56046182	5	155	hyper	ENSG00000126777	KTN1	20315.0	1.0	1.0	-0.704413594843723	0.00237455491440421	False	False	False	False	False	False	False	False
paper_0920	923	chr14	57781301	57781369	5	69	hyper	ENSG00000070367	EXOC5	45608.0	7.0	7.0	0.729774826850365	0.00869160684193967	False	False	False	False	False	False	False	False
paper_0921	924	chr14	59027109	59027303	3	195	hyper	ENSG00000165617	DACT1	73578.0	7.0	7.0	-2.46061604229478	0.00374868196396569	False	False	False	False	False	False	False	False
paper_0922	925	chr14	59847449	59847589	3	141	hyper	ENSG00000181619	GPR135	84540.0	5.0	7.0	-0.897781862618624	0.00707345150869778	False	False	False	False	False	False	False	False
paper_0923	926	chr14	61549347	61549447	3	101	hyper	ENSG00000139974	SLC38A6	101565.0	6.0	6.0	-2.70899237999407	1.7208001501471e-12	False	False	False	False	False	False	False	False
paper_0924	927	chr14	61578052	61578144	11	93	hypo	ENSG00000027075	PRKCH	76177.0	4.0	4.0	1.88411823757801	2.99222388982449e-09	False	False	False	False	False	False	False	False
paper_0925	928	chr14	61657312	61657492	6	181	hypo	ENSG00000027075	PRKCH	3125.0	7.0	4.0	1.88411823757801	2.99222388982449e-09	True	True	True	True	True	True	False	False
paper_0926	929	chr14	62016363	62016576	3	214	hypo	ENSG00000258989	RP11-47I22.4	20623.0	4.0	4.0			False	False	False	False	False	False	False	False
paper_0927	930	chr14	62361376	62361531	3	156	hypo	ENSG00000139973	SYT16	92348.0	7.0	7.0	1.00258162183407		False	False	False	False	False	False	False	False
paper_0928	931	chr14	63178366	63178634	3	269	hypo	ENSG00000140015	KCNH5	390254.0	7.0	7.0	0.31607919956731	0.681789613072388	False	False	False	False	False	False	False	False
paper_0929	932	chr14	64340403	64340558	3	156	hypo	ENSG00000054654	SYNE2	20797.0	7.0	7.0	1.7510250389661	1.6103902898974e-12	False	False	False	False	False	False	False	False
paper_0930	933	chr14	65432125	65432243	4	119	hyper	ENSG00000139998	RAB15	17063.0	7.0	5.0	-3.58613462407898	3.25311277732263e-09	False	False	False	False	False	False	False	False
paper_0931	934	chr14	65918612	65918757	3	146	hyper	ENSG00000033170	FUT8	41374.0	7.0	7.0	-0.578825244824383	0.0129787623272028	False	False	False	False	False	False	False	False
paper_0932	935	chr14	68036213	68036344	4	132	hyper	ENSG00000054690	PLEKHH1	36260.0	7.0	7.0	-1.75034760497419	7.51762581178383e-07	False	False	False	False	False	False	False	False
paper_0933	936	chr14	69065237	69065301	3	65	hypo	ENSG00000182185	RAD51B	778773.0	3.0	3.0	0.129531759988571	0.719284304538214	False	False	False	False	False	False	False	False
paper_0934	937	chr14	69090037	69090108	3	72	hypo	ENSG00000185650	ZFP36L1	173117.0	7.0	7.0	0.270682704754205	0.262768609901219	False	False	False	False	False	False	False	False
paper_0935	938	chr14	69535979	69536438	4	460	hypo	ENSG00000139990	DCAF5	18610.0	6.0	6.0	0.0755577855903494	0.728681415256609	False	False	False	False	False	False	False	False
paper_0936	939	chr14	69926908	69926938	3	31	hyper	ENSG00000029364	SLC39A9	61516.0	6.0	6.0	0.392699205060801	0.0280043699411262	False	False	False	False	False	False	False	False
paper_0937	940	chr14	70479199	70479446	3	248	hypo	ENSG00000198732	SMOC1	133189.0	5.0	4.0	-0.0274720993120288	0.964719752357848	False	False	False	False	False	False	False	False
paper_0938	941	chr14	70826989	70827109	3	121	hyper	ENSG00000133983	COX16	600.0	7.0	7.0	-1.00500766571317	2.00844800971867e-06	False	False	False	False	False	False	False	False
paper_0939	942	chr14	71720842	71720927	3	86	hypo	ENSG00000267901	AC004817.1	37421.0	7.0	7.0			False	False	False	False	False	False	False	False
paper_0940	943	chr14	72887965	72888008	4	44	hyper	ENSG00000182732	RGS6	488830.0	7.0	7.0	5.26455302798562	7.67395534678403e-10	False	False	False	False	False	False	False	False
paper_0941	944	chr14	73181264	73181294	4	31	hypo	ENSG00000205683	DPF3	52695.0	7.0	5.0	-1.88943255603145	0.0121588245359531	False	False	False	False	False	False	False	False
paper_0942	945	chr14	73893914	73894039	5	126	hyper	ENSG00000133961	NUMB	152161.0	4.0	4.0	0.374240334771513	0.193187452308824	True	True	True	True	False	False	False	False
paper_0943	946	chr14	74058427	74058434	3	8	hypo	ENSG00000177465	ACOT4	20.0	2.0	1.0	1.15984383935041	0.00339637052095037	False	False	False	False	False	False	False	False
paper_0944	947	chr14	75954857	75954897	3	41	hyper	ENSG00000156127	BATF	33889.0	7.0	7.0	0.879292575217192	0.0718241365645621	False	False	False	False	False	False	False	False
paper_0945	948	chr14	76006192	76006734	12	543	hypo	ENSG00000156127	BATF	17695.0	5.0	3.0	0.879292575217192	0.0718241365645621	False	False	False	False	False	False	False	False
paper_0946	949	chr14	76015502	76015818	4	317	hypo	ENSG00000156127	BATF	26892.0	4.0	4.0	0.879292575217192	0.0718241365645621	False	False	False	False	False	False	False	False
paper_0947	950	chr14	76017632	76018064	7	433	hypo	ENSG00000119686	FLVCR2	27110.0	7.0	4.0	-1.20084794975341	1.59367733592032e-10	True	True	True	False	True	True	True	False
paper_0948	951	chr14	76120593	76120656	3	64	hypo	ENSG00000133935	C14orf1	4490.0	6.0	6.0	0.873186647194961	0.00169754138112889	False	False	False	False	False	False	False	False
paper_0949	952	chr14	76734564	76734651	5	88	hyper	ENSG00000119715	ESRRB	42348.0	7.0	7.0	-0.7095576520448	0.173880404976018	False	False	False	False	False	False	False	False
paper_0950	953	chr14	76948653	76948822	3	170	hyper	ENSG00000119715	ESRRB	171780.0	7.0	7.0	-0.7095576520448	0.173880404976018	False	False	False	False	False	False	False	False
paper_0951	954	chr14	77193440	77193492	4	53	hyper	ENSG00000071246	VASH1	35064.0	4.0	5.0	-2.29284370264319	7.50904254928294e-10	False	False	False	False	False	False	False	False
paper_0952	955	chr14	77371925	77372101	4	177	hyper	ENSG00000100565	C14orf166B	79298.0	7.0	4.0	0.410686228442565		False	False	False	False	False	False	False	False
paper_0953	956	chr14	77453210	77453453	5	244	hypo	ENSG00000119669	IRF2BPL	41702.0	7.0	7.0	-2.08356126859772	1.35755337757259e-08	False	False	False	False	False	False	False	False
paper_0954	957	chr14	77461784	77461948	3	165	hypo	ENSG00000119669	IRF2BPL	33167.0	5.0	5.0	-2.08356126859772	1.35755337757259e-08	False	False	False	False	False	False	False	False
paper_0955	958	chr14	77716664	77716760	3	97	hypo	ENSG00000165553	NGB	20942.0	7.0	7.0	-0.67649378595026		False	False	False	False	False	False	False	False
paper_0956	959	chr14	78093481	78093559	3	79	hyper	ENSG00000100596	SPTLC2	10403.0	7.0	7.0	-0.398621590786246	0.0677861935148842	False	False	False	False	False	False	False	False
paper_0957	960	chr14	79478040	79478117	3	78	hypo	ENSG00000021645	NRXN3	769344.0	7.0	7.0	-4.17069047242633		False	False	False	False	False	False	False	False
paper_0958	961	chr14	81889057	81889125	4	69	hypo	ENSG00000140022	STON2	26629.0	7.0	7.0	0.945744096674786	0.0065038054305424	False	False	False	False	False	False	False	False
paper_0959	962	chr14	82000809	82000882	4	74	hyper	ENSG00000071537	SEL1L	639.0	4.0	4.0	-0.181613911826199	0.606090517253045	False	False	False	False	False	False	False	False
paper_0960	963	chr14	88541834	88542168	3	335	hypo	ENSG00000140030	GPR65	70533.0	5.0	5.0	-0.952064180381565	0.00212477502451156	False	False	False	False	False	False	False	False
paper_0961	964	chr14	89259748	89259778	3	31	hyper	ENSG00000165521	EML5	666.0	2.0	2.0	-0.611106218324542	0.00152983072250059	False	False	False	False	False	False	False	False
paper_0962	965	chr14	89749955	89749997	3	43	hypo	ENSG00000053254	FOXN3	121270.0	4.0	4.0	0.200547026292252	0.560125631957847	False	False	False	False	False	False	False	False
paper_0963	966	chr14	89983655	89983900	6	246	hyper	ENSG00000053254	FOXN3	355071.0	6.0	7.0	0.200547026292252	0.560125631957847	False	False	False	False	False	False	False	False
paper_0964	967	chr14	90203259	90203539	4	281	hypo	ENSG00000258792	RP11-944C7.1	105488.0	7.0	7.0	-0.0228650600239305	0.981051526581745	False	False	False	False	False	False	False	False
paper_0965	968	chr14	90742366	90742555	8	190	hypo	ENSG00000100764	PSMC1	19621.0	4.0	4.0	0.182727847843868	0.511205686047825	False	False	False	False	True	True	True	True
paper_0966	969	chr14	90950665	90950804	3	140	hyper	ENSG00000198668	CALM1	87888.0	7.0	7.0	-0.410512031963786	0.164338987660918	False	False	False	False	False	False	False	False
paper_0967	970	chr14	91254827	91254868	3	42	hyper	ENSG00000165914	TTC7B	43585.0	3.0	3.0	-0.193233642367785	0.448245909876305	False	False	False	False	False	False	False	False
paper_0968	971	chr14	91379869	91379974	3	106	hypo	ENSG00000100784	RPS6KA5	12902.0	7.0	7.0	1.66660431722473	0.00376720692234459	False	False	False	False	False	False	False	False
paper_0969	972	chr14	92283665	92283732	3	68	hypo	ENSG00000165929	TC2N	37603.0	7.0	4.0	3.16526071314181	7.02597835815158e-11	False	False	False	False	False	False	False	False
paper_0970	973	chr14	92309939	92310024	3	86	hypo	ENSG00000165929	TC2N	63886.0	7.0	4.0	3.16526071314181	7.02597835815158e-11	False	False	False	False	False	False	False	False
paper_0971	974	chr14	92569928	92570265	5	338	hypo	ENSG00000066427	ATXN3	45200.0	3.0	5.0	-0.351472260856158	0.207173720218826	False	False	False	False	False	False	False	False
paper_0972	975	chr14	92991589	92991813	5	225	hyper	ENSG00000100599	RIN3	11583.0	4.0	5.0	-0.879159871266102	0.0108794257525837	False	False	False	False	False	False	False	False
paper_0973	976	chr14	93337917	93338140	3	224	hypo	ENSG00000100604	CHGA	51395.0	7.0	7.0	-0.286350260256647	0.850175473660327	False	False	False	False	False	False	False	False
paper_0974	977	chr14	93977031	93977540	7	510	hypo	ENSG00000133958	UNC79	177720.0	7.0	4.0	0.686006975351782	0.0921845994563954	True	True	True	True	False	False	False	False
paper_0975	978	chr14	94467722	94467817	6	96	hyper	ENSG00000100628	ASB2	24631.0	7.0	7.0	1.55056349397481	0.00722053769216878	False	False	False	False	False	False	False	False
paper_0976	979	chr14	94494873	94494934	3	62	hyper	ENSG00000089723	OTUB2	2228.0	5.0	5.0	-1.12502413068051	0.000140416998954467	False	False	False	False	False	False	False	False
paper_0977	980	chr14	95662391	95662540	4	150	hypo	ENSG00000165959	CLMN	14188.0	7.0	7.0	1.66886961061217	3.97759132148569e-07	False	False	False	False	False	False	False	False
paper_0978	981	chr14	95956067	95956325	4	259	hyper	ENSG00000176438	SYNE3	14022.0	5.0	5.0	-0.35686805265667	0.204081889187942	False	False	False	False	False	False	False	False
paper_0979	982	chr14	95982155	95982226	3	72	hypo	ENSG00000258572	RP11-1070N10.3	281.0	1.0	3.0	-0.543691470979139	0.547042056310926	False	False	False	False	False	False	False	False
paper_0980	983	chr14	97527858	97527936	3	79	hyper	ENSG00000100749	VRK1	264256.0	7.0	7.0	0.134461440379969	0.563122593933244	False	False	False	False	False	False	False	False
paper_0981	984	chr14	97684742	97684839	4	98	hyper	ENSG00000100749	VRK1	421149.0	7.0	7.0	0.134461440379969	0.563122593933244	False	False	False	False	False	False	False	False
paper_0982	985	chr14	99130841	99130907	3	67	hypo	ENSG00000176605	C14orf177	47074.0	7.0	7.0			False	False	False	False	False	False	False	False
paper_0983	986	chr14	99541066	99541100	3	35	hyper	ENSG00000127152	BCL11B	196777.0	5.0	7.0	0.453776943002235	0.153139821839268	False	False	False	False	False	False	False	False
paper_0984	987	chr14	100011625	100011683	3	59	hypo	ENSG00000205476	CCDC85C	34051.0	7.0	5.0	2.22619693508039	2.10274155583354e-15	False	False	False	False	False	False	False	False
paper_0985	988	chr14	100052245	100052475	3	231	hypo	ENSG00000205476	CCDC85C	74757.0	7.0	7.0	2.22619693508039	2.10274155583354e-15	False	False	False	False	False	False	False	False
paper_0986	989	chr14	100062480	100062527	3	48	hypo	ENSG00000205476	CCDC85C	84900.0	7.0	5.0	2.22619693508039	2.10274155583354e-15	False	False	False	False	False	False	False	False
paper_0987	990	chr14	100750981	100751104	4	124	hypo	ENSG00000197119	SLC25A29	21841.0	7.0	7.0	-1.33796972603437	1.75653257908915e-06	False	False	False	False	False	False	False	False
paper_0988	991	chr14	101908984	101909082	8	99	hypo	ENSG00000197406	DIO3	118653.0	7.0	7.0			False	False	False	False	False	False	False	False
paper_0989	992	chr14	102302575	102302771	8	197	hypo	ENSG00000078304	PPP2R5C	74538.0	5.0	3.0	0.611421532304487	0.00289792410221946	True	True	True	True	True	True	True	True
paper_0990	993	chr14	102452028	102452190	3	163	hyper	ENSG00000197102	DYNC1H1	21244.0	5.0	5.0	0.369176678943257	0.123980735605718	False	False	False	False	False	False	False	False
paper_0991	994	chr14	103219138	103219288	3	151	hypo	ENSG00000131323	TRAF3	24598.0	6.0	6.0	0.231112021727265	0.350943238528799	False	False	False	False	False	False	False	False
paper_0992	995	chr14	103230438	103230872	8	435	hypo	ENSG00000131323	TRAF3	13156.0	4.0	5.0	0.231112021727265	0.350943238528799	True	True	True	False	False	False	False	False
paper_0993	996	chr14	103461132	103461290	3	159	hyper	ENSG00000198752	CDC42BPB	62495.0	6.0	6.0	0.161840905526117	0.586481786484344	False	False	False	False	False	False	False	False
paper_0994	997	chr14	103606793	103607208	5	416	hypo	ENSG00000185215	TNFAIP2	17202.0	7.0	3.0	4.82746842828419	6.09484947601856e-40	False	False	False	False	False	False	False	False
paper_0995	998	chr14	103741004	103741026	3	23	hypo	ENSG00000100664	EIF5	59322.0	7.0	7.0	1.30480920612248	1.46330442314362e-12	False	False	False	False	False	False	False	False
paper_0996	999	chr14	103826095	103826101	3	7	hyper	ENSG00000075413	MARK3	25629.0	7.0	7.0	0.14368572037044	0.381954053634027	False	False	False	False	False	False	False	False
paper_0997	1000	chr14	103929627	103929737	3	111	hypo	ENSG00000075413	MARK3	77953.0	5.0	5.0	0.14368572037044	0.381954053634027	False	False	False	False	False	False	False	False
paper_0998	1001	chr14	104387096	104387106	4	11	hyper	ENSG00000156411	C14orf2	8474.0	1.0	1.0	-0.948308582898441	2.86028540395574e-06	False	False	False	False	False	False	False	False
paper_0999	1002	chr14	104388286	104388308	3	23	hyper	ENSG00000156411	C14orf2	9670.0	7.0	7.0	-0.948308582898441	2.86028540395574e-06	False	False	False	False	False	False	False	False
paper_1000	1003	chr14	104447036	104447116	5	81	hyper	ENSG00000156414	TDRD9	52277.0	7.0	7.0	0.849019815547205	0.0448203490365977	False	False	False	False	False	False	False	False
paper_1001	1004	chr14	104468780	104468854	3	75	hypo	ENSG00000156414	TDRD9	74018.0	7.0	7.0	0.849019815547205	0.0448203490365977	False	False	False	False	False	False	False	False
paper_1002	1005	chr14	104833149	104833539	4	391	hyper	ENSG00000228032	C14orf144	122803.0	7.0	7.0	-0.613929486657531	0.683886427742812	False	False	False	False	False	False	False	False
paper_1003	1006	chr14	105030989	105031037	4	49	hyper	ENSG00000184601	C14orf180	15006.0	7.0	7.0			False	False	False	False	False	False	False	False
paper_1004	1007	chr14	105044484	105044596	5	113	hyper	ENSG00000184601	C14orf180	1479.0	7.0	7.0			False	False	False	False	False	False	False	False
paper_1005	1008	chr14	105126916	105126993	4	78	hypo	ENSG00000203485	INF2	28987.0	4.0	5.0	0.201343115197021	0.579647482218962	False	False	False	False	False	False	False	False
paper_1006	1009	chr14	105532918	105533022	5	105	hypo	ENSG00000183484	GPR132	1187.0	4.0	3.0	2.90211200571137	8.06063995767395e-26	True	True	True	True	False	False	False	False
paper_1007	1010	chr14	105792485	105792552	6	68	hyper	ENSG00000179364	PACS2	25618.0	5.0	5.0	-1.75696126866119	1.06341364448557e-10	False	False	False	False	False	False	False	False
paper_1008	1011	chr14	105924658	105924791	4	134	hyper	ENSG00000182979	MTA1	38565.0	7.0	5.0	-0.389922493820032	0.0202399918907769	False	False	False	False	False	False	False	False
paper_1009	1012	chr14	106790503	106790623	4	121	hypo	ENSG00000211953	IGHV3-30	972.0	7.0	7.0	0.731183786958201	0.754246293413673	False	False	False	False	False	False	False	False
paper_1010	1013	chr15	22682670	22682702	5	33	hypo	ENSG00000197414	GOLGA6L1	53558.0	7.0	7.0	-0.103514615929469	0.961625616875407	False	False	False	False	False	False	False	False
paper_1011	1014	chr15	23217241	23217279	3	39	hyper	ENSG00000153666	GOLGA8I	37980.0	7.0	7.0	0.500096869091294	0.224554686771369	False	False	False	False	False	False	False	False
paper_1012	1015	chr15	27847178	27847404	3	227	hyper	ENSG00000104044	OCA2	497212.0	7.0	7.0	-5.04590031662854	0.0494672524259826	False	False	False	False	False	False	False	False
paper_1013	1016	chr15	28753796	28753833	6	38	hyper	ENSG00000183629	GOLGA8G	24328.0	7.0	7.0	-1.13970580695228	0.194170845961715	False	False	False	False	False	False	False	False
paper_1014	1017	chr15	29114049	29114104	3	56	hyper	ENSG00000034053	APBA2	15551.0	7.0	7.0	2.01426578789581	8.8511775284477e-16	False	False	False	False	False	False	False	False
paper_1015	1018	chr15	29959979	29960071	3	93	hyper	ENSG00000104059	FAM189A1	97097.0	7.0	7.0	4.96918078471316	0.0581004311634593	False	False	False	False	False	False	False	False
paper_1016	1019	chr15	30149568	30149680	3	113	hyper	ENSG00000104067	TJP1	90981.0	7.0	7.0	1.81223580804142	1.07372558488265e-11	False	False	False	False	False	False	False	False
paper_1017	1020	chr15	30468361	30468380	4	20	hypo	ENSG00000261247	GOLGA8T	41018.0	7.0	7.0	4.90067465388746	0.000971260032737422	False	False	False	False	False	False	False	False
paper_1018	1021	chr15	31150806	31151020	3	215	hypo	ENSG00000198690	FAN1	45140.0	7.0	7.0	0.156422332671531	0.61335355821346	False	False	False	False	False	False	False	False
paper_1019	1022	chr15	31591082	31591177	3	96	hypo	ENSG00000169926	KLF13	27927.0	7.0	7.0	0.730078491194418	0.00342347370346684	False	False	False	False	False	False	False	False
paper_1020	1023	chr15	31660428	31660450	3	23	hypo	ENSG00000169926	KLF13	41381.0	5.0	3.0	0.730078491194418	0.00342347370346684	False	False	False	False	False	False	False	False
paper_1021	1024	chr15	31735299	31735541	3	243	hypo	ENSG00000169926	KLF13	116362.0	7.0	4.0	0.730078491194418	0.00342347370346684	False	False	False	False	False	False	False	False
paper_1022	1025	chr15	33351627	33351702	3	76	hypo	ENSG00000248905	FMN1	135232.0	5.0	3.0	0.327195191452463	0.651083175838074	False	False	False	False	False	False	False	False
paper_1023	1026	chr15	33382502	33382822	3	321	hyper	ENSG00000248905	FMN1	104234.0	3.0	5.0	0.327195191452463	0.651083175838074	False	False	False	False	False	False	False	False
paper_1024	1027	chr15	38945235	38945488	6	254	hypo	ENSG00000175779	C15orf53	43436.0	7.0	7.0	2.7776082363248		False	False	False	False	False	False	False	False
paper_1025	1028	chr15	40082168	40082292	3	125	hyper	ENSG00000150667	FSIP1	7198.0	7.0	7.0	-0.480358560359494	0.648562694244589	False	False	False	False	False	False	False	False
paper_1026	1029	chr15	41055397	41055418	3	22	hyper	ENSG00000137880	GCHFR	809.0	3.0	3.0	-2.69607673120355	7.97985367159425e-14	False	False	False	False	False	False	False	False
paper_1027	1030	chr15	41371688	41371717	3	30	hypo	ENSG00000128908	INO80	100624.0	6.0	6.0	0.640267189004606	0.000969431390602247	False	False	False	False	False	False	False	False
paper_1028	1031	chr15	41468313	41468447	4	135	hypo	ENSG00000178997	EXD1	54560.0	7.0	7.0	-0.0821627384704027	0.873902589293763	False	False	False	False	False	False	False	False
paper_1029	1032	chr15	42034889	42035255	3	367	hyper	ENSG00000137802	MAPKBP1	31558.0	6.0	6.0	1.22758915988917	0.000368693226547238	False	False	False	False	False	False	False	False
paper_1030	1033	chr15	42267275	42267483	3	209	hypo	ENSG00000103966	EHD4	2602.0	7.0	7.0	0.43189524428799	0.0351821329566192	False	False	False	False	False	False	False	False
paper_1031	1034	chr15	42637056	42637186	5	131	hyper	ENSG00000092529	CAPN3	3178.0	6.0	6.0	-1.16464846476397	1.59222874760363e-05	False	False	False	False	False	False	False	False
paper_1032	1035	chr15	42842430	42842457	3	28	hyper	ENSG00000137814	HAUS2	1435.0	3.0	3.0	0.59483494322755	0.000646112812164066	False	False	False	False	False	False	False	False
paper_1033	1036	chr15	44534694	44534710	3	17	hypo	ENSG00000166734	CASC4	46223.0	7.0	7.0	1.45683649486844	4.0736889745676e-10	False	False	False	False	False	False	False	False
paper_1034	1037	chr15	45353763	45353861	3	99	hyper	ENSG00000140263	SORD	38510.0	7.0	7.0	-2.5248764647394	1.92126977318536e-16	False	False	False	False	False	False	False	False
paper_1035	1038	chr15	47656745	47656942	5	198	hyper	ENSG00000137872	SEMA6D	180545.0	7.0	7.0	-0.503773775530655	0.447681003472705	False	False	False	False	False	False	False	False
paper_1036	1039	chr15	49087113	49087365	3	253	hypo	ENSG00000103995	CEP152	22527.0	3.0	3.0	0.274147128702239	0.375945480738245	False	False	False	False	False	False	False	False
paper_1037	1040	chr15	49714372	49714382	4	11	hyper	ENSG00000166262	FAM227B	93789.0	7.0	7.0	-0.0586447970616276	0.90291651077171	False	False	False	False	False	False	False	False
paper_1038	1041	chr15	51698498	51698524	4	27	hypo	ENSG00000186417	GLDN	64685.0	5.0	5.0	-0.48271314131968	0.544319163528783	False	False	False	False	False	False	False	False
paper_1039	1042	chr15	52043025	52043076	3	52	hypo	ENSG00000140280	LYSMD2	27784.0	7.0	1.0	2.50016239151094	6.5021825229511e-13	False	False	False	False	False	False	False	False
paper_1040	1043	chr15	55726752	55726758	3	7	hyper	ENSG00000256061	DYX1C1	16797.0	7.0	7.0	0.50949613546439	0.186323998523352	False	False	False	False	False	False	False	False
paper_1041	1044	chr15	55881225	55881246	3	22	hyper	ENSG00000171016	PYGO1	89.0	7.0	2.0	0.590001478422852	0.185744752219288	False	False	False	False	False	False	False	False
paper_1042	1045	chr15	56912118	56912541	3	424	hyper	ENSG00000138587	MNS1	154993.0	5.0	5.0	-0.8153317330826	0.177010769585079	False	False	False	False	False	False	False	False
paper_1043	1046	chr15	57205432	57205478	3	47	hyper	ENSG00000137871	ZNF280D	260446.0	7.0	7.0	0.0459836739848927	0.89675852853184	False	False	False	False	False	False	False	False
paper_1044	1047	chr15	58250663	58250780	3	118	hypo	ENSG00000103569	AQP9	179645.0	7.0	5.0	4.73752212614413	9.42477450641481e-13	False	False	False	False	False	False	False	False
paper_1045	1048	chr15	58856155	58856221	3	67	hyper	ENSG00000166035	LIPC	153420.0	7.0	7.0	0.253361573969428	0.696957433249446	False	False	False	False	False	False	False	False
paper_1046	1049	chr15	59060685	59060706	5	22	hyper	ENSG00000128923	FAM63B	2694.0	7.0	7.0	0.786443556816958	0.0121588245359531	False	False	False	False	False	False	False	False
paper_1047	1050	chr15	59334420	59334604	5	185	hyper	ENSG00000157456	CCNB2	62763.0	6.0	6.0	0.0909096698946865	0.759566220607929	False	False	False	False	False	False	False	False
paper_1048	1051	chr15	59451398	59451440	4	43	hypo	ENSG00000157483	MYO1E	24306.0	5.0	6.0	0.680288037252421	0.150083293150658	False	False	False	False	False	False	False	False
paper_1049	1052	chr15	61328268	61328580	7	313	hyper	ENSG00000069667	RORA	547941.0	7.0	7.0	1.69458958075804	1.77432469881882e-08	False	False	False	False	False	False	False	False
paper_1050	1053	chr15	65783080	65783223	3	144	hypo	ENSG00000074603	DPP8	44192.0	6.0	6.0	0.184505776451837	0.571131741211254	False	False	False	False	False	False	False	False
paper_1051	1054	chr15	66149134	66149283	3	150	hyper	ENSG00000103769	RAB11A	12584.0	7.0	7.0	0.422573291447632	0.00978361211292242	False	False	False	False	False	False	False	False
paper_1052	1055	chr15	66209558	66209615	3	58	hypo	ENSG00000157890	MEGF11	22169.0	6.0	4.0	0.289572503804906	0.609834322947122	True	False	False	False	False	False	False	False
paper_1053	1056	chr15	66209947	66210017	3	71	hypo	ENSG00000157890	MEGF11	22565.0	6.0	4.0	0.289572503804906	0.609834322947122	True	False	False	False	False	False	False	False
paper_1054	1057	chr15	66863509	66863837	3	329	hypo	ENSG00000188501	LCTL	5355.0	7.0	4.0	1.29082788604162	1.24455232077927e-05	False	False	False	False	False	False	False	False
paper_1055	1058	chr15	67146102	67146128	4	27	hyper	ENSG00000137834	SMAD6	151549.0	7.0	7.0	1.46142797582602	1.44834238557594e-07	False	False	False	False	False	False	False	False
paper_1056	1059	chr15	70435196	70435358	6	163	hypo	ENSG00000140332	TLE3	44761.0	3.0	3.0	0.682013694294512	0.00338713933329246	False	False	False	False	False	False	False	False
paper_1057	1060	chr15	72433703	72434086	3	384	hypo	ENSG00000066933	MYO9A	22975.0	5.0	4.0	0.6083615876828	0.0287516604944272	False	False	False	False	False	False	False	False
paper_1058	1061	chr15	73689509	73689588	3	80	hyper	ENSG00000138622	HCN4	27942.0	7.0	7.0	-2.21976871888604		False	False	False	False	False	False	False	False
paper_1059	1062	chr15	74016676	74016917	3	242	hyper	ENSG00000205363	C15orf59	28291.0	7.0	7.0	1.33098867750806	0.00539385614300071	False	False	False	False	False	False	False	False
paper_1060	1063	chr15	74722405	74722641	6	237	hypo	ENSG00000138623	SEMA7A	20893.0	3.0	3.0	2.63827302511929	1.05387679012736e-12	False	False	False	False	True	True	True	True
paper_1061	1064	chr15	74940810	74941052	4	243	hypo	ENSG00000179335	CLK3	40218.0	5.0	5.0	0.167638874818284	0.380915661892799	False	False	False	False	False	False	False	False
paper_1062	1065	chr15	75118686	75118722	3	37	hyper	ENSG00000213578	CPLX3	182.0	7.0	7.0			False	False	False	False	False	False	False	False
paper_1063	1066	chr15	75119277	75119335	3	59	hyper	ENSG00000213578	CPLX3	418.0	7.0	7.0			False	False	False	False	False	False	False	False
paper_1064	1067	chr15	75199660	75199810	3	151	hyper	ENSG00000178761	FAM219B	272.0	3.0	3.0	0.420379260708897	0.00382008416730834	False	False	False	False	False	False	False	False
paper_1065	1068	chr15	75843574	75843727	4	154	hyper	ENSG00000169410	PTPN9	84188.0	4.0	5.0	-0.262756591356092	0.262898816824695	False	False	False	False	False	False	False	False
paper_1066	1069	chr15	76682388	76682654	3	267	hyper	ENSG00000159556	ISL2	53456.0	7.0	7.0	-1.26031387132574	0.00634865788298778	False	False	False	False	False	False	False	False
paper_1067	1070	chr15	76842338	76842391	3	54	hypo	ENSG00000159556	ISL2	213299.0	7.0	7.0	-1.26031387132574	0.00634865788298778	False	False	False	False	False	False	False	False
paper_1068	1071	chr15	77927395	77927497	6	103	hypo	ENSG00000169783	LINGO1	19271.0	7.0	7.0	2.17242024111717	0.076611142697553	False	False	False	False	False	False	False	False
paper_1069	1072	chr15	78864247	78864553	3	307	hyper	ENSG00000169684	CHRNA5	6538.0	7.0	7.0	0.936894027282363	0.00247903462036581	False	False	False	False	False	False	False	False
paper_1070	1073	chr15	79602869	79602938	3	70	hyper	ENSG00000166557	TMED3	499.0	7.0	7.0	-0.959975790050933	0.00033549935315872	False	False	False	False	False	False	False	False
paper_1071	1074	chr15	80079818	80079943	3	126	hypo	ENSG00000136371	MTHFS	109510.0	7.0	7.0	4.21727983418458	4.83233558267775e-26	False	False	False	False	False	False	False	False
paper_1072	1075	chr15	80216739	80216767	3	29	hyper	ENSG00000257028	C15ORF37	1246.0	2.0	1.0			False	False	False	False	False	False	False	False
paper_1073	1076	chr15	80258270	80258717	4	448	hypo	ENSG00000140379	BCL2A1	5262.0	7.0	1.0	6.8674418964054	5.55818967188441e-42	False	False	False	False	False	False	False	False
paper_1074	1077	chr15	80282723	80282906	4	184	hypo	ENSG00000140379	BCL2A1	19025.0	7.0	4.0	6.8674418964054	5.55818967188441e-42	False	False	False	False	True	True	True	True
paper_1075	1078	chr15	83649689	83650035	5	347	hypo	ENSG00000169612	FAM103A1	5095.0	5.0	5.0	-0.0300562735172059	0.891012851327759	False	False	False	False	False	False	False	False
paper_1076	1079	chr15	84748504	84748517	3	14	hypo	ENSG00000259511	UBE2Q2L	92730.0	7.0	7.0	-0.392669493568995		False	False	False	False	False	False	False	False
paper_1077	1080	chr15	85113143	85113187	3	45	hyper	ENSG00000176371	ZSCAN2	31050.0	1.0	1.0	0.350979845777362	0.157440124809208	False	False	False	False	False	False	False	False
paper_1078	1081	chr15	85131779	85131838	4	60	hypo	ENSG00000176371	ZSCAN2	12407.0	7.0	7.0	0.350979845777362	0.157440124809208	False	False	False	False	False	False	False	False
paper_1079	1082	chr15	85191825	85192027	3	203	hyper	ENSG00000177082	WDR73	5927.0	5.0	5.0	0.0170142924662562	0.943451667737208	False	False	False	False	False	False	False	False
paper_1080	1083	chr15	85904630	85904673	4	44	hypo	ENSG00000170776	AKAP13	19165.0	4.0	4.0	1.36590108417733	2.70301509249543e-05	False	False	False	False	False	False	False	False
paper_1081	1084	chr15	85905110	85905335	3	226	hypo	ENSG00000170776	AKAP13	18594.0	5.0	4.0	1.36590108417733	2.70301509249543e-05	False	False	False	False	False	False	False	False
paper_1082	1085	chr15	85909562	85909730	4	169	hypo	ENSG00000170776	AKAP13	14170.0	5.0	4.0	1.36590108417733	2.70301509249543e-05	True	True	False	False	False	False	False	False
paper_1083	1086	chr15	88580558	88580724	3	167	hypo	ENSG00000140538	NTRK3	162411.0	7.0	7.0	-2.51751762562816	0.0167370021732614	False	False	False	False	False	False	False	False
paper_1084	1087	chr15	89269379	89269627	3	249	hyper	ENSG00000157766	ACAN	77169.0	5.0	5.0	1.2465718319451	0.00634338271368513	False	False	False	False	False	False	False	False
paper_1085	1088	chr15	89632402	89632427	3	26	hyper	ENSG00000140526	ABHD2	1724.0	3.0	3.0	-1.68680461795989	2.32775246014365e-06	False	False	False	False	False	False	False	False
paper_1086	1089	chr15	89954659	89954701	6	43	hyper	ENSG00000140521	POLG	76587.0	2.0	2.0	0.165940612324888	0.415340519651316	False	False	False	False	False	False	False	False
paper_1087	1090	chr15	90233311	90233319	3	9	hyper	ENSG00000166821	PEX11A	6833.0	7.0	2.0	-1.09333128580855	0.000170384772325475	False	False	False	False	False	False	False	False
paper_1088	1091	chr15	90547592	90547721	4	130	hyper	ENSG00000140548	ZNF710	3032.0	1.0	3.0	-0.464104336618363	0.150637243466816	False	False	False	False	False	False	False	False
paper_1089	1092	chr15	91362990	91363050	3	61	hypo	ENSG00000140564	FURIN	48800.0	3.0	4.0	-2.08444788318523	1.35710591873748e-08	False	False	False	False	False	False	False	False
paper_1090	1093	chr15	91428341	91428456	4	116	hypo	ENSG00000182511	FES	1473.0	1.0	3.0	-3.73447637552952	2.08761534166923e-16	False	False	False	False	False	False	False	False
paper_1091	1094	chr15	92470368	92470452	3	85	hyper	ENSG00000176463	SLCO3A1	73485.0	7.0	7.0	0.431838690976615	0.00776950166925167	False	False	False	False	False	False	False	False
paper_1092	1095	chr15	92489857	92490151	7	295	hypo	ENSG00000176463	SLCO3A1	93079.0	3.0	3.0	0.431838690976615	0.00776950166925167	True	True	False	False	False	False	False	False
paper_1093	1096	chr15	92497776	92497857	3	82	hypo	ENSG00000176463	SLCO3A1	100891.0	7.0	7.0	0.431838690976615	0.00776950166925167	False	False	False	False	False	False	False	False
paper_1094	1097	chr15	92506853	92506995	7	143	hyper	ENSG00000176463	SLCO3A1	109999.0	7.0	7.0	0.431838690976615	0.00776950166925167	False	False	False	False	False	False	False	False
paper_1095	1098	chr15	93467574	93467646	4	73	hyper	ENSG00000173575	CHD2	41084.0	3.0	3.0	1.01734273110109	1.92969576755043e-08	False	False	False	False	False	False	False	False
paper_1096	1099	chr15	94015290	94015466	4	177	hyper	ENSG00000269360	AC112693.2	266083.0	7.0	7.0	0.235249163796377	0.654412448113304	False	False	False	False	False	False	False	False
paper_1097	1100	chr15	94946936	94946992	3	57	hypo	ENSG00000140563	MCTP2	172197.0	5.0	5.0	1.45791869404492	0.0038767841993258	False	False	False	False	False	False	False	False
paper_1098	1101	chr15	98691067	98691230	4	164	hyper	ENSG00000140450	ARRDC4	228364.0	5.0	7.0	-0.342870055108147	0.265507827852774	False	False	False	False	False	False	False	False
paper_1099	1102	chr15	99446590	99446756	6	167	hypo	ENSG00000140443	IGF1R	254473.0	5.0	4.0	2.50505975431899	6.97131477125546e-15	False	False	False	False	False	False	False	False
paper_1100	1103	chr15	99552368	99552384	3	17	hyper	ENSG00000183571	PGPEP1L	1351.0	7.0	7.0	2.10281957681365		False	False	False	False	False	False	False	False
paper_1101	1104	chr15	99644855	99644899	4	45	hypo	ENSG00000182253	SYNM	6457.0	7.0	7.0	4.02379307839657	3.30278318986018e-08	False	False	False	False	False	False	False	False
paper_1102	1105	chr15	100160263	100160548	4	286	hyper	ENSG00000068305	MEF2A	143035.0	4.0	4.0	0.263144550988682	0.493498297964218	False	False	False	False	False	False	False	False
paper_1103	1106	chr15	100262519	100262810	3	292	hyper	ENSG00000214397	DKFZP779J2370	4634.0	7.0	7.0	1.91480226667403		False	False	False	False	False	False	False	False
paper_1104	1107	chr15	100452219	100452246	3	28	hyper	ENSG00000259363	CTD-2054N24.2	105004.0	4.0	4.0	0.454805586432777	0.304374580098076	False	False	False	False	False	False	False	False
paper_1105	1108	chr15	101368279	101368448	3	170	hypo	ENSG00000184254	ALDH1A3	49554.0	7.0	7.0	-0.00588462077493436	0.992322124909682	False	False	False	False	False	False	False	False
paper_1106	1109	chr15	101805443	101805464	3	22	hypo	ENSG00000131871	VIMP	12246.0	7.0	4.0	0.843771958075057	1.34201894424361e-05	False	False	False	False	False	False	False	False
paper_1107	1110	chr15	102062355	102062458	4	104	hyper	ENSG00000140479	PCSK6	32218.0	7.0	7.0	2.51147054341881	0.00396612677419615	False	False	False	False	False	False	False	False
paper_1108	1111	chr16	285874	285879	3	6	hypo	ENSG00000167930	ITFG3	1331.0	3.0	3.0	-0.0290132121997001	0.943957871886725	False	False	False	False	False	False	False	False
paper_1109	1112	chr16	330061	330072	4	12	hyper	ENSG00000242173	ARHGDIG	11340.0	7.0	7.0	0.157487720533924	0.950605956059214	False	False	False	False	False	False	False	False
paper_1110	1113	chr16	776258	776392	5	135	hyper	ENSG00000162004	CCDC78	1398.0	7.0	7.0	-1.5206061273741	3.25692041848193e-06	False	False	False	False	False	False	False	False
paper_1111	1114	chr16	1080397	1080432	4	36	hypo	ENSG00000162009	SSTR5	42340.0	7.0	7.0			False	False	False	False	False	False	False	False
paper_1112	1115	chr16	1200853	1200947	5	95	hyper	ENSG00000196557	CACNA1H	2339.0	7.0	7.0	2.02368921243471	0.0507783520209504	False	False	False	False	False	False	False	False
paper_1113	1116	chr16	1273138	1273197	3	60	hypo	ENSG00000116176	TPSG1	1516.0	7.0	7.0	2.10928532110278	0.0325361605932317	False	False	False	False	False	False	False	False
paper_1114	1117	chr16	1471536	1471543	3	8	hyper	ENSG00000174109	C16orf91	1595.0	1.0	1.0	-0.476167456461898	0.0911396238757023	False	False	False	False	False	False	False	False
paper_1115	1118	chr16	1533250	1533288	3	39	hyper	ENSG00000251692	PTX4	5712.0	7.0	7.0	1.62892374425511	0.524043750174391	False	False	False	False	False	False	False	False
paper_1116	1119	chr16	1781444	1781522	3	79	hypo	ENSG00000138834	MAPK8IP3	25299.0	5.0	5.0	0.308651047279096	0.144580628852226	False	False	False	False	False	False	False	False
paper_1117	1120	chr16	2070979	2071232	4	254	hypo	ENSG00000065054	SLC9A3R2	4250.0	7.0	7.0	-2.86340941350957	3.3898844708794e-09	False	False	False	False	False	False	False	False
paper_1118	1121	chr16	2609871	2609889	3	19	hypo	ENSG00000140992	PDPK1	21915.0	7.0	7.0	1.12420426707493	4.03738292348513e-06	False	False	False	False	False	False	False	False
paper_1119	1122	chr16	3080719	3080774	4	56	hyper	ENSG00000162069	CCDC64B	3033.0	5.0	5.0	-0.693938701938313	0.40135146092567	False	False	False	False	False	False	False	False
paper_1120	1123	chr16	3157150	3157162	3	13	hyper	ENSG00000122386	ZNF205	5403.0	2.0	1.0	-0.973771716280304	0.00182588629656045	False	False	False	False	False	False	False	False
paper_1121	1124	chr16	3602926	3603088	3	163	hyper	ENSG00000167984	NLRC3	13969.0	2.0	5.0	0.516337065166503	0.00942674539998352	False	False	False	False	False	False	False	False
paper_1122	1125	chr16	3647390	3647422	3	33	hyper	ENSG00000188827	SLX4	16224.0	4.0	5.0	-1.24520813689616	5.78069744927112e-07	False	False	False	False	False	False	False	False
paper_1123	1126	chr16	3709518	3709671	3	154	hypo	ENSG00000126602	TRAP1	1556.0	3.0	5.0	-0.412043645335714	0.041910505406905	False	False	False	False	False	False	False	False
paper_1124	1127	chr16	4021577	4021684	3	108	hypo	ENSG00000162104	ADCY9	8978.0	4.0	3.0	1.06269946210083	0.00538167185663162	False	False	False	False	False	False	False	False
paper_1125	1128	chr16	4069228	4069548	5	321	hyper	ENSG00000162104	ADCY9	56736.0	3.0	3.0	1.06269946210083	0.00538167185663162	False	False	False	False	False	False	False	False
paper_1126	1129	chr16	4131058	4131282	8	225	hypo	ENSG00000162104	ADCY9	118518.0	5.0	4.0	1.06269946210083	0.00538167185663162	False	False	False	False	False	False	False	False
paper_1127	1130	chr16	4165356	4165377	4	22	hyper	ENSG00000162104	ADCY9	152714.0	3.0	3.0	1.06269946210083	0.00538167185663162	False	False	False	False	False	False	False	False
paper_1128	1131	chr16	5072598	5072818	5	221	hyper	ENSG00000103174	NAGPA	11226.0	3.0	5.0	-1.81838684549994	4.45784322083333e-11	False	False	False	False	False	False	False	False
paper_1129	1132	chr16	9905572	9905892	4	321	hypo	ENSG00000183454	GRIN2A	53356.0	7.0	7.0	2.00165963222109	0.262515254351143	False	False	False	False	False	False	False	False
paper_1130	1133	chr16	10691823	10691949	3	127	hyper	ENSG00000213853	EMP2	17330.0	7.0	7.0	1.10165267624964	0.00377986882920852	False	False	False	False	False	False	False	False
paper_1131	1134	chr16	10867707	10867723	3	17	hyper	ENSG00000166676	TVP23A	7182.0	7.0	5.0	2.45382757274927	1.65876052155611e-28	False	False	False	False	False	False	False	False
paper_1132	1135	chr16	10869174	10869477	12	304	hypo	ENSG00000166676	TVP23A	8792.0	5.0	4.0	2.45382757274927	1.65876052155611e-28	True	True	True	False	True	True	True	False
paper_1133	1136	chr16	11254049	11254342	7	294	hypo	ENSG00000038532	CLEC16A	215850.0	4.0	3.0	0.487511904386604	0.00565092481230642	False	False	False	False	False	False	False	False
paper_1134	1137	chr16	11277103	11277453	10	351	hypo	ENSG00000175643	RMI2	66226.0	4.0	3.0	-1.11231946637205	0.00656337587701018	True	True	True	False	True	True	True	True
paper_1135	1138	chr16	11702061	11702475	10	415	hypo	ENSG00000189067	LITAF	51855.0	4.0	3.0	1.27995578612354	2.03804199276367e-11	False	False	False	False	True	True	True	False
paper_1136	1139	chr16	11734845	11735043	3	199	hyper	ENSG00000189067	LITAF	4706.0	4.0	3.0	1.27995578612354	2.03804199276367e-11	False	False	False	False	False	False	False	False
paper_1137	1140	chr16	11763923	11763937	4	15	hyper	ENSG00000184602	SNN	1660.0	3.0	3.0	3.16322766287781	5.41699996750137e-28	False	False	False	False	False	False	False	False
paper_1138	1141	chr16	12135601	12135708	3	108	hyper	ENSG00000048471	SNX29	65060.0	7.0	7.0	-1.24891690502506	4.50441687471918e-05	False	False	False	False	False	False	False	False
paper_1139	1142	chr16	12184067	12184133	3	67	hyper	ENSG00000175604	RP11-276H1.3	3497.0	5.0	5.0	-0.754804136422237	0.135158505255996	False	False	False	False	False	False	False	False
paper_1140	1143	chr16	12566742	12566930	4	189	hypo	ENSG00000103381	CPPED1	331037.0	4.0	5.0	-1.52707599389272	2.97047403130753e-07	False	False	False	False	False	False	False	False
paper_1141	1144	chr16	14145806	14145921	3	116	hypo	ENSG00000186260	MKL2	19313.0	7.0	7.0	-0.172271620907066	0.674833509318738	False	False	False	False	False	False	False	False
paper_1142	1145	chr16	15583230	15583401	3	172	hypo	ENSG00000166780	C16orf45	55163.0	4.0	4.0	-0.618485381659272	0.140033349938535	False	False	False	False	False	False	False	False
paper_1143	1146	chr16	15591167	15591640	4	474	hypo	ENSG00000166780	C16orf45	63251.0	7.0	5.0	-0.618485381659272	0.140033349938535	False	False	False	False	False	False	False	False
paper_1144	1147	chr16	15666026	15666038	3	13	hypo	ENSG00000166780	C16orf45	137880.0	4.0	5.0	-0.618485381659272	0.140033349938535	False	False	False	False	False	False	False	False
paper_1145	1148	chr16	16122206	16122224	4	19	hyper	ENSG00000103222	ABCC1	78781.0	6.0	6.0	0.635985608413083	0.0492096174632798	False	False	False	False	False	False	False	False
paper_1146	1149	chr16	16131442	16131760	8	319	hypo	ENSG00000103222	ABCC1	88167.0	6.0	5.0	0.635985608413083	0.0492096174632798	False	False	False	False	False	False	False	False
paper_1147	1150	chr16	17002014	17002091	4	78	hypo	ENSG00000214967	NPIPA7	529140.0	7.0	5.0	0.365527870791736	0.455890351949021	True	False	False	False	False	False	False	False
paper_1148	1151	chr16	17200176	17200242	3	67	hypo	ENSG00000103489	XYLT1	4583.0	5.0	4.0	0.554648514116008	0.215706402557524	False	False	False	False	False	False	False	False
paper_1149	1152	chr16	19183285	19183484	4	200	hyper	ENSG00000103528	SYT17	4091.0	7.0	7.0	0.264913013732052	0.488967251641146	False	False	False	False	False	False	False	False
paper_1150	1153	chr16	19840830	19840910	3	81	hypo	ENSG00000174628	IQCK	113092.0	7.0	7.0	-0.8332989593783	0.032621143396903	False	False	False	False	False	False	False	False
paper_1151	1154	chr16	20016013	20016284	5	272	hypo	ENSG00000180269	GPR139	69090.0	7.0	7.0			False	False	False	False	False	False	False	False
paper_1152	1155	chr16	20913065	20913175	5	111	hyper	ENSG00000102897	LYRM1	1896.0	1.0	1.0	0.558791509908443	0.0260697865596175	False	False	False	False	False	False	False	False
paper_1153	1156	chr16	20931216	20931940	8	725	hypo	ENSG00000102897	LYRM1	20354.0	4.0	3.0	0.558791509908443	0.0260697865596175	False	False	False	False	True	True	True	False
paper_1154	1157	chr16	20995811	20995884	3	74	hypo	ENSG00000158486	DNAH3	51414.0	7.0	5.0	1.45582357095376	0.000767588053086935	False	False	False	False	False	False	False	False
paper_1155	1158	chr16	21642721	21642933	5	213	hyper	ENSG00000197006	METTL9	34284.0	7.0	7.0	-0.0303746720874752	0.932943807336858	False	False	False	False	False	False	False	False
paper_1156	1159	chr16	22006460	22006536	4	77	hypo	ENSG00000155714	PDZD9	11306.0	7.0	7.0	-0.270092852613472	0.691496449267047	False	False	False	False	False	False	False	False
paper_1157	1160	chr16	24214492	24214547	3	56	hypo	ENSG00000166501	PRKCB	367197.0	7.0	7.0	-0.962484359526351	0.000383432302076397	False	False	False	False	False	False	False	False
paper_1158	1161	chr16	24917365	24917459	3	95	hyper	ENSG00000158865	SLC5A11	60250.0	7.0	7.0	-0.540977218363358	0.516797931469425	False	False	False	False	False	False	False	False
paper_1159	1162	chr16	24984316	24984345	3	30	hypo	ENSG00000140750	ARHGAP17	4658.0	6.0	6.0	-1.0586909792785	0.000169653390265401	False	False	False	False	False	False	False	False
paper_1160	1163	chr16	27296245	27296515	4	271	hypo	ENSG00000245888	CTD-3203P2.2	16854.0	4.0	3.0	0.684492489084852	0.0329428577948631	False	False	False	False	False	False	False	False
paper_1161	1164	chr16	28288868	28288958	3	91	hypo	ENSG00000188322	SBK1	14925.0	7.0	7.0	1.33959653771062	4.02274199205891e-07	False	False	False	False	False	False	False	False
paper_1162	1165	chr16	28565852	28565941	7	90	hypo	ENSG00000176476	CCDC101	649.0	3.0	1.0	-0.162544333872853	0.615382081917021	False	False	False	False	False	False	False	False
paper_1163	1166	chr16	28856729	28856866	5	138	hypo	ENSG00000178952	TUFM	3065.0	3.0	3.0	-0.792372050323631	0.000308700911914658	False	False	False	False	False	False	False	False
paper_1164	1167	chr16	29085777	29085823	3	47	hyper	ENSG00000196796	CTB-134H23.2	35877.0	7.0	7.0	-1.37958152851242		False	False	False	False	False	False	False	False
paper_1165	1168	chr16	29784666	29784687	3	22	hyper	ENSG00000174992	ZG16	4883.0	7.0	7.0	0.252603034544048	0.744664838258849	False	False	False	False	False	False	False	False
paper_1166	1169	chr16	30563391	30563514	5	124	hyper	ENSG00000260869	AC002310.13	17904.0	4.0	7.0			False	False	False	False	False	False	False	False
paper_1167	1170	chr16	30819528	30820030	5	503	hyper	ENSG00000102870	ZNF629	21255.0	7.0	7.0	0.125814676710576	0.729013949704758	False	False	False	False	False	False	False	False
paper_1168	1171	chr16	31006670	31006860	4	191	hypo	ENSG00000099365	STX1B	6188.0	4.0	4.0	0.274397926163052	0.400232821986245	True	True	True	False	False	False	False	False
paper_1169	1172	chr16	31031869	31032063	3	195	hypo	ENSG00000099365	STX1B	10016.0	7.0	7.0	0.274397926163052	0.400232821986245	False	False	False	False	False	False	False	False
paper_1170	1173	chr16	31090793	31090901	5	109	hyper	ENSG00000167395	ZNF646	5104.0	5.0	5.0	-0.19543927195435	0.336607959278177	False	False	False	False	False	False	False	False
paper_1171	1174	chr16	46760775	46760790	3	16	hyper	ENSG00000140795	MYLK3	19204.0	7.0	7.0	0.539538691104143	0.149388195836268	False	False	False	False	False	False	False	False
paper_1172	1175	chr16	47009912	47010083	4	172	hypo	ENSG00000069345	DNAJA2	2297.0	7.0	4.0	0.744354606539234	0.000987766553770736	False	False	False	False	True	True	True	True
paper_1173	1176	chr16	47119088	47119313	3	226	hyper	ENSG00000171208	NETO2	7586.0	6.0	6.0	1.27271133974467	0.00232083818415622	False	False	False	False	False	False	False	False
paper_1174	1177	chr16	47516009	47516076	3	68	hypo	ENSG00000102893	PHKB	21008.0	4.0	3.0	1.21229239573964	3.29482466197726e-12	False	False	False	False	False	False	False	False
paper_1175	1178	chr16	48656126	48656284	4	159	hypo	ENSG00000102921	N4BP1	12084.0	1.0	1.0	0.276665331404539	0.126931078257555	False	False	False	False	False	False	False	False
paper_1176	1179	chr16	50117682	50118356	9	675	hypo	ENSG00000155393	HEATR3	18167.0	5.0	3.0	0.569102219449053	0.0218991699546214	True	True	True	False	True	True	True	False
paper_1177	1180	chr16	55090476	55090512	3	37	hyper	ENSG00000176842	IRX5	125720.0	7.0	7.0	-2.51962703366308	4.01270540126082e-05	False	False	False	False	False	False	False	False
paper_1178	1181	chr16	56922749	56922765	3	17	hypo	ENSG00000070915	SLC12A3	23638.0	7.0	7.0	2.60416499742057	2.8835110070901e-08	False	False	False	False	False	False	False	False
paper_1179	1182	chr16	57085823	57086012	5	190	hypo	ENSG00000140848	CPNE2	40530.0	5.0	3.0	0.826538218767992	8.17094375012868e-08	False	False	False	False	False	False	False	False
paper_1180	1183	chr16	57125732	57125762	4	31	hyper	ENSG00000140848	CPNE2	700.0	3.0	3.0	0.826538218767992	8.17094375012868e-08	False	False	False	False	False	False	False	False
paper_1181	1184	chr16	57190379	57190509	4	131	hyper	ENSG00000172775	FAM192A	29583.0	6.0	6.0	-0.227547588220162	0.19709838844023	False	False	False	False	False	False	False	False
paper_1182	1185	chr16	57348975	57349376	3	402	hyper	ENSG00000102934	PLLP	30575.0	7.0	5.0	2.47709427643666	0.00031889696020996	False	False	False	False	False	False	False	False
paper_1183	1186	chr16	66358878	66358922	3	45	hypo	ENSG00000179776	CDH5	41631.0	7.0	7.0	-2.13529230370956	9.42241444475706e-05	False	False	False	False	False	False	False	False
paper_1184	1187	chr16	66437349	66437573	4	225	hyper	ENSG00000179776	CDH5	36928.0	7.0	7.0	-2.13529230370956	9.42241444475706e-05	False	False	False	False	False	False	False	False
paper_1185	1188	chr16	67216895	67217170	3	276	hyper	ENSG00000196123	KIAA0895L	7525.0	1.0	3.0	-1.282349339431	1.55354576907606e-06	False	False	False	False	False	False	False	False
paper_1186	1189	chr16	67250553	67250594	3	42	hyper	ENSG00000237102	AC040160.1	6322.0	4.0	4.0			False	False	False	False	False	False	False	False
paper_1187	1190	chr16	67345737	67346128	4	392	hypo	ENSG00000168676	KCTD19	22581.0	5.0	4.0	0.0292332697749266	0.947655674156967	True	True	True	False	False	False	False	False
paper_1188	1191	chr16	67425455	67425833	6	379	hyper	ENSG00000159713	TPPP3	1932.0	7.0	7.0	0.234858877129023		False	False	False	False	False	False	False	False
paper_1189	1192	chr16	67636675	67636700	3	26	hyper	ENSG00000102974	CTCF	40377.0	7.0	7.0	0.15497815300911	0.463965948359055	False	False	False	False	False	False	False	False
paper_1190	1193	chr16	67933262	67933307	4	46	hyper	ENSG00000159792	PSKH1	6109.0	6.0	6.0	-0.599970409343284	0.00114255365388185	False	False	False	False	False	False	False	False
paper_1191	1194	chr16	67974284	67974327	3	44	hyper	ENSG00000213398	LCAT	652.0	5.0	5.0	-0.388018770894696	0.0963950831975772	False	False	False	False	False	False	False	False
paper_1192	1195	chr16	68087414	68087517	4	104	hyper	ENSG00000167264	DUS2	65816.0	6.0	6.0	-0.993198662415298	3.79645533414151e-05	False	False	False	False	False	False	False	False
paper_1193	1196	chr16	68251661	68251756	4	96	hyper	ENSG00000072736	NFATC3	132461.0	5.0	3.0	-0.789882877987717	0.00579962942058579	False	False	False	False	False	False	False	False
paper_1194	1197	chr16	68564671	68564719	4	49	hypo	ENSG00000184939	ZFP90	702.0	7.0	2.0	-0.641697051223305	0.00208164380911202	False	False	False	False	False	False	False	False
paper_1195	1198	chr16	68655924	68656184	3	261	hypo	ENSG00000062038	CDH3	22683.0	7.0	7.0	0.0757989738835609	0.933435361177864	False	False	False	False	False	False	False	False
paper_1196	1199	chr16	69433443	69433648	3	206	hyper	ENSG00000132604	TERF2	27373.0	5.0	5.0	-1.10991583466035	1.62254210413187e-07	False	False	False	False	False	False	False	False
paper_1197	1200	chr16	69535730	69535908	3	179	hypo	ENSG00000102908	NFAT5	63176.0	5.0	5.0	2.65800165468843	2.4356022442389e-08	False	False	False	False	False	False	False	False
paper_1198	1201	chr16	69823289	69823420	6	132	hypo	ENSG00000198373	WWP2	27145.0	6.0	6.0	-0.515244869212826	0.00175228560401994	False	False	False	False	False	False	False	False
paper_1199	1202	chr16	70145499	70145696	6	198	hyper	ENSG00000090857	PDPR	1930.0	7.0	7.0	0.340943116251909	0.388655789295713	False	False	False	False	False	False	False	False
paper_1200	1203	chr16	70819173	70819212	3	40	hypo	ENSG00000103043	VAC14	97850.0	3.0	4.0	0.839072223543948	0.000183026427762925	True	False	False	False	False	False	False	False
paper_1201	1204	chr16	70824357	70824498	5	142	hypo	ENSG00000103043	VAC14	103085.0	5.0	3.0	0.839072223543948	0.000183026427762925	False	False	False	False	True	True	True	False
paper_1202	1205	chr16	71907203	71907361	3	159	hyper	ENSG00000102984	ZNF821	8480.0	7.0	7.0	-1.03870497075442	7.17718551505343e-06	False	False	False	False	False	False	False	False
paper_1203	1206	chr16	72968586	72968803	8	218	hyper	ENSG00000140836	ZFHX3	151910.0	4.0	3.0	-0.0192654719466435	0.953344150867999	False	False	False	False	False	False	False	False
paper_1204	1207	chr16	73045820	73045944	3	125	hyper	ENSG00000140836	ZFHX3	229098.0	5.0	5.0	-0.0192654719466435	0.953344150867999	False	False	False	False	False	False	False	False
paper_1205	1208	chr16	73230808	73230918	3	111	hyper	ENSG00000197445	C16orf47	52516.0	7.0	7.0	-0.123850333380686		False	False	False	False	False	False	False	False
paper_1206	1209	chr16	74657312	74657396	3	85	hyper	ENSG00000168411	RFWD3	2062.0	6.0	6.0	0.580638201692288	0.00943737628368843	False	False	False	False	False	False	False	False
paper_1207	1210	chr16	74970759	74970770	3	12	hyper	ENSG00000103091	WDR59	63296.0	7.0	7.0	0.995249594629343	1.86393281587843e-07	False	False	False	False	False	False	False	False
paper_1208	1211	chr16	75388725	75388933	3	209	hyper	ENSG00000153774	CFDP1	61221.0	7.0	7.0	-0.933965082945608	1.75838198840595e-05	False	False	False	False	False	False	False	False
paper_1209	1212	chr16	77694848	77694864	4	17	hypo	ENSG00000140876	NUDT7	61553.0	7.0	7.0	-2.49282493222813	7.18416552971545e-16	False	False	False	False	False	False	False	False
paper_1210	1213	chr16	78164612	78164835	3	224	hypo	ENSG00000186153	WWOX	31413.0	7.0	7.0	-1.66411995380162	1.5849193119198e-07	False	False	False	False	False	False	False	False
paper_1211	1214	chr16	78891867	78892157	3	291	hyper	ENSG00000186153	WWOX	758702.0	7.0	7.0	-1.66411995380162	1.5849193119198e-07	False	False	False	False	False	False	False	False
paper_1212	1215	chr16	79117050	79117085	3	36	hyper	ENSG00000186153	WWOX	983757.0	5.0	5.0	-1.66411995380162	1.5849193119198e-07	False	False	False	False	False	False	False	False
paper_1213	1216	chr16	79135540	79136017	6	478	hypo	ENSG00000186153	WWOX	1002468.0	5.0	5.0	-1.66411995380162	1.5849193119198e-07	False	False	False	False	True	True	False	False
paper_1214	1217	chr16	80614312	80614543	3	232	hypo	ENSG00000168589	DYNLRB2	39796.0	4.0	4.0	2.41246703761371	0.025452316794084	True	True	True	False	False	False	False	False
paper_1215	1218	chr16	80621091	80621290	3	200	hyper	ENSG00000168589	DYNLRB2	46559.0	4.0	4.0	2.41246703761371	0.025452316794084	False	False	False	False	False	False	False	False
paper_1216	1219	chr16	80704186	80704374	4	189	hyper	ENSG00000166446	CDYL2	72477.0	7.0	7.0	4.03933187751694	6.92656986524706e-23	False	False	False	False	False	False	False	False
paper_1217	1220	chr16	80793310	80793638	5	329	hypo	ENSG00000166446	CDYL2	161671.0	4.0	3.0	4.03933187751694	6.92656986524706e-23	False	False	False	False	False	False	False	False
paper_1218	1221	chr16	81506963	81507031	3	69	hyper	ENSG00000153815	CMIP	28222.0	5.0	5.0	-0.698156480632444	0.0602201304138226	False	False	False	False	False	False	False	False
paper_1219	1222	chr16	81664960	81665028	3	69	hyper	ENSG00000153815	CMIP	186219.0	5.0	3.0	-0.698156480632444	0.0602201304138226	False	False	False	False	False	False	False	False
paper_1220	1223	chr16	81763746	81763762	3	17	hypo	ENSG00000197943	PLCG2	8946.0	7.0	5.0	-1.16199731010478	2.72933852095095e-05	False	False	False	False	False	False	False	False
paper_1221	1224	chr16	83897261	83897547	3	287	hyper	ENSG00000103150	MLYCD	35325.0	7.0	7.0	-1.1424768214702	2.19768921895343e-09	False	False	False	False	False	False	False	False
paper_1222	1225	chr16	84498318	84498408	3	91	hyper	ENSG00000140950	TLDC1	89275.0	7.0	6.0	1.20869886473621	2.41787587887266e-07	False	False	False	False	False	False	False	False
paper_1223	1226	chr16	85063579	85063725	9	147	hyper	ENSG00000135709	KIAA0513	2277.0	2.0	3.0	0.541154614692042	0.0713387078316499	False	False	False	False	False	False	False	False
paper_1224	1227	chr16	85084201	85084221	4	21	hypo	ENSG00000135709	KIAA0513	22836.0	5.0	5.0	0.541154614692042	0.0713387078316499	False	False	False	False	False	False	False	False
paper_1225	1228	chr16	85129080	85129090	3	11	hyper	ENSG00000153789	FAM92B	17028.0	7.0	7.0	1.46460042121485	0.480022642053483	False	False	False	False	False	False	False	False
paper_1226	1229	chr16	85137527	85137624	5	98	hypo	ENSG00000153789	FAM92B	5610.0	5.0	5.0	1.46460042121485	0.480022642053483	False	False	False	False	False	False	False	False
paper_1227	1230	chr16	85193957	85194058	5	102	hyper	ENSG00000262601	CTC-786C10.1	10873.0	5.0	5.0	1.10884416228564		False	False	False	False	False	False	False	False
paper_1228	1231	chr16	85470735	85470861	9	127	hyper	ENSG00000261567	RP11-680G10.1	79729.0	5.0	4.0			False	False	False	False	False	False	False	False
paper_1229	1232	chr16	85511564	85511586	3	23	hypo	ENSG00000261567	RP11-680G10.1	120506.0	7.0	4.0			False	False	False	False	False	False	False	False
paper_1230	1233	chr16	85603953	85604017	3	65	hyper	ENSG00000131149	GSE1	41028.0	3.0	3.0	-0.190974640016433	0.516914027212107	False	False	False	False	False	False	False	False
paper_1231	1234	chr16	85858050	85858390	7	341	hypo	ENSG00000131148	EMC8	25005.0	5.0	4.0	-0.370422506945846	0.0586537055361461	False	False	False	False	False	False	False	False
paper_1232	1235	chr16	86017636	86017715	4	80	hyper	ENSG00000140968	IRF8	85266.0	4.0	5.0	1.56620386070935	0.0414695867239335	False	False	False	False	False	False	False	False
paper_1233	1236	chr16	87626304	87626501	4	198	hyper	ENSG00000154118	JPH3	10107.0	7.0	7.0	-0.463402339320429	0.830652982823411	False	False	False	False	False	False	False	False
paper_1234	1237	chr16	87708903	87708992	4	90	hyper	ENSG00000154118	JPH3	72436.0	7.0	7.0	-0.463402339320429	0.830652982823411	False	False	False	False	False	False	False	False
paper_1235	1238	chr16	87756961	87756983	3	23	hypo	ENSG00000205047	FLJ00104	17681.0	6.0	6.0	0.161912495788713	0.677625078102229	False	False	False	False	False	False	False	False
paper_1236	1239	chr16	87890251	87890279	4	29	hypo	ENSG00000103257	SLC7A5	26636.0	7.0	7.0	1.39810526742576	0.00911397640694391	False	False	False	False	False	False	False	False
paper_1237	1240	chr16	88083087	88083240	3	154	hyper	ENSG00000172530	BANP	99121.0	6.0	6.0	1.04751553735975	3.25676658840867e-05	False	False	False	False	False	False	False	False
paper_1238	1241	chr16	88109168	88109188	4	21	hypo	ENSG00000172530	BANP	125136.0	6.0	7.0	1.04751553735975	3.25676658840867e-05	False	False	False	False	False	False	False	False
paper_1239	1242	chr16	88177633	88177657	3	25	hypo	ENSG00000172530	BANP	193603.0	7.0	7.0	1.04751553735975	3.25676658840867e-05	False	False	False	False	False	False	False	False
paper_1240	1243	chr16	88220402	88220435	4	34	hyper	ENSG00000172530	BANP	236376.0	7.0	7.0	1.04751553735975	3.25676658840867e-05	False	False	False	False	False	False	False	False
paper_1241	1244	chr16	88511861	88511947	9	87	hypo	ENSG00000179588	ZFPM1	7819.0	7.0	7.0	-0.324720225294363	0.319355015874535	True	True	True	False	False	False	False	False
paper_1242	1245	chr16	89012296	89012328	3	33	hyper	ENSG00000205018	RP11-830F9.6	6115.0	7.0	7.0	0.680073467252843	0.403102259417896	False	False	False	False	False	False	False	False
paper_1243	1246	chr16	89069849	89069887	4	39	hyper	ENSG00000129993	CBFA2T3	26255.0	7.0	7.0	-0.797024535965229	0.0118852152460721	False	False	False	False	False	False	False	False
paper_1244	1247	chr16	89114841	89114884	5	44	hyper	ENSG00000176715	ACSF3	39919.0	7.0	7.0	-0.649148145945152	0.000421906701983447	False	False	False	False	False	False	False	False
paper_1245	1248	chr16	89395661	89395729	4	69	hyper	ENSG00000167522	ANKRD11	61657.0	5.0	3.0	1.03140948871772	4.58003975587304e-06	False	False	False	False	False	False	False	False
paper_1246	1249	chr17	138719	138733	3	15	hypo	ENSG00000181031	RPH3AL	7166.0	7.0	7.0	-0.354689390845181	0.378759907895228	False	False	False	False	False	False	False	False
paper_1247	1250	chr17	206022	206045	4	24	hyper	ENSG00000181031	RPH3AL	74473.0	7.0	7.0	-0.354689390845181	0.378759907895228	False	False	False	False	False	False	False	False
paper_1248	1251	chr17	636679	636767	3	89	hyper	ENSG00000167695	FAM57A	1071.0	2.0	1.0	4.2423892209384	6.26510707548211e-23	False	False	False	False	False	False	False	False
paper_1249	1252	chr17	676893	677317	9	425	hypo	ENSG00000167699	GLOD4	14768.0	5.0	3.0	0.709932328490198	9.66694952664691e-07	False	False	False	False	False	False	False	False
paper_1250	1253	chr17	1039722	1039824	6	103	hyper	ENSG00000159842	ABR	53011.0	6.0	7.0	-1.0335616368077	3.67474450598022e-05	False	False	False	False	False	False	False	False
paper_1251	1254	chr17	1074570	1074666	3	97	hypo	ENSG00000159842	ABR	87856.0	6.0	6.0	-1.0335616368077	3.67474450598022e-05	False	False	False	False	False	False	False	False
paper_1252	1255	chr17	1258300	1258349	3	50	hypo	ENSG00000108953	YWHAE	10758.0	6.0	6.0	0.415467970650077	0.0170469508497826	False	False	False	False	False	False	False	False
paper_1253	1256	chr17	1452489	1452495	3	7	hypo	ENSG00000174238	PITPNA	31480.0	6.0	6.0	0.586793477358177	0.0011316204969831	False	False	False	False	False	False	False	False
paper_1254	1257	chr17	1875697	1875824	4	128	hypo	ENSG00000185924	RTN4RL1	37789.0	5.0	5.0	-0.208973558211095	0.901182219617408	False	False	False	False	False	False	False	False
paper_1255	1258	chr17	1911698	1911756	7	59	hyper	ENSG00000185924	RTN4RL1	73756.0	7.0	7.0	-0.208973558211095	0.901182219617408	True	True	True	True	False	False	False	False
paper_1256	1259	chr17	2040701	2040851	5	151	hyper	ENSG00000070366	SMG6	77639.0	5.0	4.0	-0.0243300461432277	0.925981290269569	False	False	False	False	False	False	False	False
paper_1257	1260	chr17	2652455	2652488	6	34	hypo	ENSG00000132359	RAP1GAP2	27877.0	7.0	7.0	-1.99301710394992	7.07672210770105e-07	False	False	False	False	False	False	False	False
paper_1258	1261	chr17	2703812	2703886	3	75	hypo	ENSG00000132359	RAP1GAP2	23499.0	5.0	5.0	-1.99301710394992	7.07672210770105e-07	True	True	False	False	False	False	False	False
paper_1259	1262	chr17	2748028	2748058	3	31	hyper	ENSG00000132359	RAP1GAP2	67693.0	7.0	7.0	-1.99301710394992	7.07672210770105e-07	False	False	False	False	False	False	False	False
paper_1260	1263	chr17	2843202	2843257	4	56	hyper	ENSG00000132359	RAP1GAP2	162879.0	5.0	4.0	-1.99301710394992	7.07672210770105e-07	False	False	False	False	False	False	False	False
paper_1261	1264	chr17	3641365	3641443	4	79	hyper	ENSG00000083457	ITGAE	23482.0	7.0	7.0	-0.886184095517026	0.00835740674480256	False	False	False	False	False	False	False	False
paper_1262	1265	chr17	3989372	3989734	7	363	hypo	ENSG00000074755	ZZEF1	81814.0	6.0	4.0	0.370754233492109	0.0532153496662405	True	True	False	False	True	True	False	False
paper_1263	1266	chr17	4004880	4004981	3	102	hypo	ENSG00000074755	ZZEF1	97191.0	1.0	1.0	0.370754233492109	0.0532153496662405	False	False	False	False	False	False	False	False
paper_1264	1267	chr17	4207501	4207599	5	99	hyper	ENSG00000132388	UBE2G1	32275.0	6.0	6.0	0.247045572176921	0.28886744273816	False	False	False	False	False	False	False	False
paper_1265	1268	chr17	4270403	4270409	3	7	hyper	ENSG00000132388	UBE2G1	482.0	3.0	1.0	0.247045572176921	0.28886744273816	False	False	False	False	False	False	False	False
paper_1266	1269	chr17	4429465	4429505	3	41	hyper	ENSG00000183018	SPNS2	27352.0	5.0	5.0	-0.643549367018764	0.235688097060999	False	False	False	False	False	False	False	False
paper_1267	1270	chr17	4581613	4581673	3	61	hyper	ENSG00000141456	PELP1	6963.0	4.0	3.0	-0.735946386436432	0.0345588248994973	False	False	False	False	False	False	False	False
paper_1268	1271	chr17	4738948	4739180	4	233	hypo	ENSG00000141503	MINK1	2381.0	3.0	1.0	0.929955840379363	0.000112008998712437	False	False	False	False	False	False	False	False
paper_1269	1272	chr17	4789459	4789650	4	192	hyper	ENSG00000141503	MINK1	52871.0	3.0	3.0	0.929955840379363	0.000112008998712437	False	False	False	False	False	False	False	False
paper_1270	1273	chr17	4999899	4999949	3	51	hypo	ENSG00000180787	ZFP3	18381.0	2.0	7.0	-0.573365438639512	0.0708750889683508	False	False	False	False	False	False	False	False
paper_1271	1274	chr17	5365539	5365584	4	46	hyper	ENSG00000005100	DHX33	21329.0	7.0	7.0	-0.318227286682315	0.153217938060292	False	False	False	False	False	False	False	False
paper_1272	1275	chr17	5524330	5524865	7	536	hypo	ENSG00000091592	NLRP1	1852.0	7.0	4.0	-1.01350308193254	0.00159502952929383	True	True	True	False	False	False	False	False
paper_1273	1276	chr17	6884470	6884572	4	103	hypo	ENSG00000108839	ALOX12	14861.0	7.0	7.0	0.555492279937191	0.0819170612174178	False	False	False	False	False	False	False	False
paper_1274	1277	chr17	6955793	6955805	3	13	hypo	ENSG00000174326	SLC16A11	8556.0	4.0	7.0	-1.88414745501177	0.033223795202479	False	False	False	False	False	False	False	False
paper_1275	1278	chr17	7219228	7219261	3	34	hyper	ENSG00000261915	RP11-542C16.2	3264.0	3.0	3.0	-1.47186135732879	0.314161666547001	False	False	False	False	False	False	False	False
paper_1276	1279	chr17	7801765	7801960	3	196	hypo	ENSG00000170004	CHD3	13738.0	5.0	3.0	2.02244394649604	3.63441832674978e-22	False	False	False	False	False	False	False	False
paper_1277	1280	chr17	7997033	7997168	3	136	hypo	ENSG00000179477	ALOX12B	6078.0	7.0	7.0	-0.388097041310959	0.842730507869582	False	False	False	False	False	False	False	False
paper_1278	1281	chr17	8839031	8839109	4	79	hypo	ENSG00000141506	PIK3R5	56834.0	4.0	4.0	0.571794374230212	0.00107863775738039	False	False	False	False	False	False	False	False
paper_1279	1282	chr17	8848035	8848064	3	30	hypo	ENSG00000141506	PIK3R5	65813.0	5.0	5.0	0.571794374230212	0.00107863775738039	False	False	False	False	False	False	False	False
paper_1280	1283	chr17	9921339	9921553	3	215	hypo	ENSG00000007237	GAS7	104279.0	3.0	3.0	-2.37499513969581	1.55244324944979e-09	False	False	False	False	False	False	False	False
paper_1281	1284	chr17	10475383	10475530	4	148	hyper	ENSG00000125414	MYH2	22181.0	7.0	7.0	0.976672340511328		False	False	False	False	False	False	False	False
paper_1282	1285	chr17	12178125	12178374	3	250	hyper	ENSG00000065559	MAP2K4	254108.0	7.0	7.0	0.958859633433079	2.55241751579945e-10	False	False	False	False	False	False	False	False
paper_1283	1286	chr17	12928162	12928197	3	36	hypo	ENSG00000006744	ELAC2	6674.0	7.0	7.0	-0.425351647471172	0.0239562240748034	False	False	False	False	False	False	False	False
paper_1284	1287	chr17	14213089	14213114	3	26	hyper	ENSG00000125430	HS3ST3B1	8701.0	3.0	3.0	1.52667430444029	0.0325299959083672	False	False	False	False	False	False	False	False
paper_1285	1288	chr17	14262636	14262681	3	46	hyper	ENSG00000125430	HS3ST3B1	58258.0	4.0	4.0	1.52667430444029	0.0325299959083672	False	False	False	False	False	False	False	False
paper_1286	1289	chr17	14277022	14277562	8	541	hypo	ENSG00000125430	HS3ST3B1	72892.0	5.0	4.0	1.52667430444029	0.0325299959083672	False	False	False	False	True	True	False	False
paper_1287	1290	chr17	14362245	14362402	3	158	hypo	ENSG00000125430	HS3ST3B1	157923.0	7.0	7.0	1.52667430444029	0.0325299959083672	False	False	False	False	False	False	False	False
paper_1288	1291	chr17	15165657	15165670	4	14	hypo	ENSG00000109099	PMP22	31279.0	2.0	1.0	3.87530719569857	8.86002401236417e-45	False	False	False	False	False	False	False	False
paper_1289	1292	chr17	15174542	15174725	3	184	hypo	ENSG00000109099	PMP22	5989.0	4.0	4.0	3.87530719569857	8.86002401236417e-45	False	False	False	False	False	False	False	False
paper_1290	1293	chr17	15577278	15577423	5	146	hypo	ENSG00000221926	TRIM16	37830.0	7.0	7.0	0.675210734808754	0.0168873990872481	False	False	False	False	False	False	False	False
paper_1291	1294	chr17	15653469	15653493	5	25	hypo	ENSG00000214946	TBC1D26	17920.0	7.0	7.0			False	False	False	False	False	False	False	False
paper_1292	1295	chr17	16127514	16127570	3	57	hyper	ENSG00000108474	PIGL	7019.0	7.0	7.0	0.228190376684602	0.367313056151479	False	False	False	False	False	False	False	False
paper_1293	1296	chr17	16276663	16276911	5	249	hypo	ENSG00000170315	UBB	7323.0	4.0	3.0	0.753105216998281	0.0102461730668835	False	False	False	False	False	False	False	False
paper_1294	1297	chr17	17656052	17656127	4	76	hypo	ENSG00000108557	RAI1	71302.0	3.0	3.0	-0.528867001068631	0.117018199720363	False	False	False	False	False	False	False	False
paper_1295	1298	chr17	17695925	17695949	3	25	hyper	ENSG00000108557	RAI1	111150.0	7.0	6.0	-0.528867001068631	0.117018199720363	False	False	False	False	False	False	False	False
paper_1296	1299	chr17	17976353	17976584	3	232	hyper	ENSG00000108591	DRG2	14730.0	7.0	7.0	-0.451814144311742	0.00726954884780697	False	False	False	False	False	False	False	False
paper_1297	1300	chr17	19245009	19245054	4	46	hypo	ENSG00000108641	B9D1	4164.0	7.0	7.0	-0.847246300940018	0.189925195702567	False	False	False	False	False	False	False	False
paper_1298	1301	chr17	19826680	19826880	5	201	hypo	ENSG00000108599	AKAP10	19165.0	5.0	5.0	0.138022978250572	0.606626097476974	False	False	False	False	False	False	False	False
paper_1299	1302	chr17	21190331	21190417	3	87	hypo	ENSG00000034152	MAP2K3	2390.0	3.0	1.0	0.351390128817652	0.238740199545741	False	False	False	False	False	False	False	False
paper_1300	1303	chr17	21415894	21415911	3	18	hypo	ENSG00000212719	C17orf51	39040.0	7.0	7.0	-1.52205590009496	1.06656288644913e-13	False	False	False	False	False	False	False	False
paper_1301	1304	chr17	25867805	25868018	5	214	hyper	ENSG00000141068	KSR1	84241.0	4.0	3.0	2.69815447409232	4.42878456173458e-14	False	False	False	False	False	False	False	False
paper_1302	1305	chr17	27093395	27093541	4	147	hyper	ENSG00000173065	FAM222B	6899.0	6.0	6.0	1.53004023199354	1.61259492931154e-12	False	False	False	False	False	False	False	False
paper_1303	1306	chr17	28004485	28004719	3	235	hypo	ENSG00000167549	CORO6	54679.0	5.0	5.0	-0.581147289392382	0.178332935867962	False	False	False	False	False	False	False	False
paper_1304	1307	chr17	29164592	29164712	3	121	hyper	ENSG00000176208	ATAD5	5664.0	7.0	7.0	0.639505004589949	0.0169750080364586	False	False	False	False	False	False	False	False
paper_1305	1308	chr17	30935761	30935824	3	64	hyper	ENSG00000176658	MYO1D	116252.0	7.0	7.0	-1.10322790369687	0.0137782051245409	False	False	False	False	False	False	False	False
paper_1306	1309	chr17	34083614	34083644	3	31	hyper	ENSG00000129270	MMP28	360.0	5.0	5.0	0.0760465106306663	0.957274311645272	False	False	False	False	False	False	False	False
paper_1307	1310	chr17	34207454	34207663	5	210	hypo	ENSG00000161570	CCL5	9063.0	7.0	4.0	4.27269033771166	2.37917233783764e-19	False	False	False	False	False	False	False	False
paper_1308	1311	chr17	35589445	35589772	3	328	hypo	ENSG00000132142	ACACA	147685.0	6.0	6.0	0.228659346632136	0.338564016466661	False	False	False	False	False	False	False	False
paper_1309	1312	chr17	36413806	36413812	3	7	hypo	ENSG00000174093	RP11-1407O15.2	61873.0	7.0	7.0	0.862068337945911	0.000268886115504002	False	False	False	False	False	False	False	False
paper_1310	1313	chr17	36641662	36641756	3	95	hyper	ENSG00000225485	ARHGAP23	57047.0	7.0	7.0	-2.04249481264855	0.000297937735632019	False	False	False	False	False	False	False	False
paper_1311	1314	chr17	36703796	36703919	5	124	hypo	ENSG00000017373	SRCIN1	17606.0	5.0	5.0	0.890070190789293	0.0214915697233124	False	False	False	False	False	False	False	False
paper_1312	1315	chr17	38076680	38077191	12	512	hypo	ENSG00000073605	GSDMB	2031.0	4.0	4.0	1.94063473376963	3.69750914626966e-20	False	False	False	False	False	False	False	False
paper_1313	1316	chr17	38084816	38085045	3	230	hypo	ENSG00000172057	ORMDL3	1075.0	5.0	3.0	1.94139652584952	2.22863058548238e-15	False	False	False	False	False	False	False	False
paper_1314	1317	chr17	38643280	38643441	4	162	hyper	ENSG00000131746	TNS4	11280.0	7.0	7.0	1.16941784343904	0.168188398697184	False	False	False	False	False	False	False	False
paper_1315	1318	chr17	38717200	38717499	15	300	hypo	ENSG00000126353	CCR7	7328.0	5.0	1.0	7.35240463982254	2.78337028593061e-29	True	False	False	False	False	False	False	False
paper_1316	1319	chr17	38733873	38734001	3	129	hypo	ENSG00000126353	CCR7	12212.0	7.0	4.0	7.35240463982254	2.78337028593061e-29	False	False	False	False	True	True	False	False
paper_1317	1320	chr17	38737573	38738254	6	682	hypo	ENSG00000126353	CCR7	16188.0	7.0	4.0	7.35240463982254	2.78337028593061e-29	False	False	False	False	True	True	True	False
paper_1318	1321	chr17	38755603	38755933	10	331	hypo	ENSG00000126353	CCR7	34043.0	4.0	4.0	7.35240463982254	2.78337028593061e-29	True	True	True	False	True	True	True	False
paper_1319	1322	chr17	39844139	39844239	3	101	hyper	ENSG00000173812	EIF1	948.0	4.0	3.0	1.14945432200373	7.84585088186358e-09	False	False	False	False	False	False	False	False
paper_1320	1323	chr17	39992840	39992872	4	33	hyper	ENSG00000161594	KLHL10	919.0	7.0	7.0	-1.78554413425774		False	False	False	False	False	False	False	False
paper_1321	1324	chr17	40720101	40720107	3	7	hypo	ENSG00000108788	MLX	1018.0	3.0	1.0	0.186051231225417	0.413729904362238	False	False	False	False	False	False	False	False
paper_1322	1325	chr17	41007321	41007341	4	21	hyper	ENSG00000131471	AOC3	4130.0	5.0	5.0	1.35237330016071	0.0175426213414175	False	False	False	False	False	False	False	False
paper_1323	1326	chr17	41139397	41139466	4	70	hypo	ENSG00000198863	RUNDC1	6849.0	5.0	3.0	0.327021259344146	0.0492847379024466	False	False	False	False	False	False	False	False
paper_1324	1327	chr17	41281255	41281583	7	329	hyper	ENSG00000012048	BRCA1	3918.0	7.0	5.0	-0.0620262807624729	0.851666767599327	False	False	False	False	False	False	False	False
paper_1325	1328	chr17	41751331	41751372	3	42	hyper	ENSG00000005102	MEOX1	12028.0	7.0	7.0	-1.36418891752907	0.362935066626331	False	False	False	False	False	False	False	False
paper_1326	1329	chr17	41908140	41908214	4	75	hypo	ENSG00000161647	MPP3	29391.0	5.0	5.0	1.59903330762648	0.000131333283803675	False	False	False	False	False	False	False	False
paper_1327	1330	chr17	42270587	42270627	3	41	hyper	ENSG00000168591	TMUB2	6269.0	5.0	5.0	-0.0279328944904598	0.924703138909372	False	False	False	False	False	False	False	False
paper_1328	1331	chr17	42302750	42302799	3	50	hyper	ENSG00000108312	UBTF	3779.0	7.0	7.0	-0.0462017624327366	0.847287213912023	False	False	False	False	False	False	False	False
paper_1329	1332	chr17	42425180	42425266	5	87	hyper	ENSG00000030582	GRN	2593.0	3.0	3.0	-1.32631598742127	0.000101117562802344	False	False	False	False	False	False	False	False
paper_1330	1333	chr17	42857035	42857075	3	41	hypo	ENSG00000073670	ADAM11	20656.0	7.0	7.0	-0.112279043300928	0.89999325912732	False	False	False	False	False	False	False	False
paper_1331	1334	chr17	43113121	43113395	6	275	hypo	ENSG00000172992	DCAKD	1930.0	6.0	5.0	0.410950895729033	0.0177918257322178	False	False	False	False	False	False	False	False
paper_1332	1335	chr17	45078450	45078519	4	70	hypo	ENSG00000262633	RP11-156P1.2	77985.0	7.0	7.0			False	False	False	False	False	False	False	False
paper_1333	1336	chr17	46157645	46157695	3	51	hypo	ENSG00000108468	CBX1	10256.0	7.0	7.0	0.425333037189068	0.0907341934176496	False	False	False	False	False	False	False	False
paper_1334	1337	chr17	46520283	46520417	3	135	hyper	ENSG00000141293	SKAP1	12712.0	5.0	7.0	0.219918930019135	0.629262174947687	False	False	False	False	False	False	False	False
paper_1335	1338	chr17	46697115	46697130	3	16	hyper	ENSG00000120068	HOXB8	4643.0	7.0	7.0			False	False	False	False	False	False	False	False
paper_1336	1339	chr17	47493025	47493045	4	21	hypo	ENSG00000262039	RP11-81K2.1	44933.0	7.0	7.0	-1.22316173805059	0.0010491612421837	False	False	False	False	False	False	False	False
paper_1337	1340	chr17	47844188	47844307	3	120	hyper	ENSG00000121104	FAM117A	55890.0	7.0	7.0	1.56629300870579	1.84907308704963e-07	False	False	False	False	False	False	False	False
paper_1338	1341	chr17	47968804	47969172	6	369	hypo	ENSG00000176358	TAC4	43608.0	5.0	5.0	0.361223276966301	0.691548501249707	False	False	False	False	False	False	False	False
paper_1339	1342	chr17	48661153	48661196	3	44	hyper	ENSG00000006283	CACNA1G	22745.0	7.0	7.0	1.47110040082507	9.9890640416486e-05	False	False	False	False	False	False	False	False
paper_1340	1343	chr17	48685332	48685356	5	25	hyper	ENSG00000006283	CACNA1G	46915.0	5.0	5.0	1.47110040082507	9.9890640416486e-05	False	False	False	False	False	False	False	False
paper_1341	1344	chr17	48961285	48961685	4	401	hyper	ENSG00000141232	TOB1	16145.0	4.0	5.0	0.144172668375527	0.694865791597432	False	False	False	False	False	False	False	False
paper_1342	1345	chr17	48964854	48964970	3	117	hyper	ENSG00000141232	TOB1	19572.0	4.0	5.0	0.144172668375527	0.694865791597432	False	False	False	False	False	False	False	False
paper_1343	1346	chr17	49166153	49166221	3	69	hypo	ENSG00000008294	SPAG9	126652.0	5.0	5.0	1.48687795960224	2.12974579830498e-10	False	False	False	False	False	False	False	False
paper_1344	1347	chr17	53372787	53372913	5	127	hypo	ENSG00000108924	HLF	30477.0	7.0	7.0	1.05769575719536	0.281856121929066	False	False	False	False	False	False	False	False
paper_1345	1348	chr17	53923046	53923053	4	8	hyper	ENSG00000141179	PCTP	94709.0	7.0	2.0	-1.48958447205853	5.57083775218196e-10	False	False	False	False	False	False	False	False
paper_1346	1349	chr17	54896771	54896944	3	174	hyper	ENSG00000214226	C17orf67	27583.0	7.0	7.0	1.75483296827585	6.58717985949332e-05	False	False	False	False	False	False	False	False
paper_1347	1350	chr17	54986416	54986513	3	98	hypo	ENSG00000121060	TRIM25	21194.0	4.0	4.0	1.39412474576855	0.000443188614344864	False	False	False	False	False	False	False	False
paper_1348	1351	chr17	55063557	55063643	3	87	hyper	ENSG00000121064	SCPEP1	8134.0	7.0	6.0	0.0297738588075371	0.962717702074902	False	False	False	False	False	False	False	False
paper_1349	1352	chr17	55928956	55929077	3	122	hyper	ENSG00000181610	MRPS23	1598.0	4.0	5.0	-0.448372941414182	0.0158596780725795	False	False	False	False	False	False	False	False
paper_1350	1353	chr17	56066535	56066769	3	235	hyper	ENSG00000266086	RP11-159D12.5	253.0	3.0	5.0			False	False	False	False	False	False	False	False
paper_1351	1354	chr17	56309180	56309436	3	257	hyper	ENSG00000167419	LPO	13399.0	5.0	4.0	-0.106088095439156	0.830593944500822	False	False	False	False	False	False	False	False
paper_1352	1355	chr17	56564855	56564906	5	52	hyper	ENSG00000176160	HSF5	67352.0	7.0	7.0	2.16623209004478	0.000811880898868187	False	False	False	False	False	False	False	False
paper_1353	1356	chr17	56590804	56590844	4	41	hyper	ENSG00000108389	MTMR4	23926.0	5.0	1.0	2.00877209861971	1.71610320703569e-13	False	False	False	False	False	False	False	False
paper_1354	1357	chr17	57954255	57954304	3	50	hyper	ENSG00000108423	TUBD1	16596.0	6.0	6.0	0.728905827346317	0.00109696637817556	False	False	False	False	False	False	False	False
paper_1355	1358	chr17	58471538	58471716	4	179	hyper	ENSG00000141371	C17orf64	1837.0	4.0	5.0	-1.31994445692075	0.0352837354896316	False	False	False	False	False	False	False	False
paper_1356	1359	chr17	58514635	58514937	4	303	hypo	ENSG00000170832	USP32	14954.0	4.0	4.0	0.252391934317496	0.269255170775674	False	False	False	False	False	False	False	False
paper_1357	1360	chr17	60595338	60595556	5	219	hyper	ENSG00000146872	TLK2	59428.0	7.0	7.0	0.985201752801953	3.48315643838883e-09	False	False	False	False	False	False	False	False
paper_1358	1361	chr17	60859951	60860009	4	59	hyper	ENSG00000173838	2015-03-10 00:00:00	81304.0	7.0	7.0	-0.654879034307718		False	False	False	False	False	False	False	False
paper_1359	1362	chr17	61787836	61787919	4	84	hypo	ENSG00000125695	RP11-51F16.8	7672.0	6.0	6.0	-1.1106236952652		False	False	False	False	False	False	False	False
paper_1360	1363	chr17	62193639	62194192	10	554	hypo	ENSG00000178607	ERN1	14263.0	7.0	3.0	2.29905907652408	1.13947677074119e-18	False	False	False	False	False	False	False	False
paper_1361	1364	chr17	62690614	62690707	3	94	hyper	ENSG00000108854	SMURF2	32473.0	7.0	7.0	1.24376927247621	6.47863038826196e-06	False	False	False	False	False	False	False	False
paper_1362	1365	chr17	62735839	62736224	8	386	hypo	ENSG00000108854	SMURF2	77844.0	4.0	4.0	1.24376927247621	6.47863038826196e-06	True	True	True	False	True	True	True	False
paper_1363	1366	chr17	62781072	62781086	4	15	hypo	ENSG00000108854	SMURF2	122892.0	7.0	7.0	1.24376927247621	6.47863038826196e-06	False	False	False	False	False	False	False	False
paper_1364	1367	chr17	62844456	62844500	3	45	hyper	ENSG00000176809	LRRC37A3	71119.0	7.0	7.0	0.459187695897344	0.0804692051635539	False	False	False	False	False	False	False	False
paper_1365	1368	chr17	63016923	63017145	4	223	hyper	ENSG00000120063	GNA13	10201.0	5.0	3.0	2.21927916374654	3.26397354469098e-16	False	False	False	False	False	False	False	False
paper_1366	1369	chr17	63053862	63054106	10	245	hypo	ENSG00000120063	GNA13	1026.0	3.0	1.0	2.21927916374654	3.26397354469098e-16	True	True	True	False	True	True	True	False
paper_1367	1370	chr17	64437234	64437331	3	98	hyper	ENSG00000154229	PRKCA	138528.0	7.0	5.0	1.14012229284071	0.00757830928190512	False	False	False	False	False	False	False	False
paper_1368	1371	chr17	64437674	64437806	4	133	hyper	ENSG00000154229	PRKCA	138986.0	1.0	3.0	1.14012229284071	0.00757830928190512	False	False	False	False	False	False	False	False
paper_1369	1372	chr17	65574139	65574408	8	270	hypo	ENSG00000154217	PITPNC1	200698.0	4.0	4.0	0.659090221774946	0.0315144276096808	True	True	False	False	True	True	True	False
paper_1370	1373	chr17	66221374	66221534	3	161	hypo	ENSG00000196704	AMZ2	22259.0	7.0	7.0	0.938291650468415	7.07672210770105e-07	False	False	False	False	False	False	False	False
paper_1371	1374	chr17	66269780	66270089	4	310	hyper	ENSG00000108932	SLC16A6	2165.0	3.0	3.0	-0.659678711751436	0.244806424943475	False	False	False	False	False	False	False	False
paper_1372	1375	chr17	67549538	67549760	5	223	hyper	ENSG00000108984	MAP2K6	138810.0	5.0	5.0	-2.34635406654836	6.85487638089295e-11	False	False	False	False	False	False	False	False
paper_1373	1376	chr17	70196075	70196321	3	247	hypo	ENSG00000125398	SOX9	79037.0	7.0	7.0	1.06511500219598	0.480292938341256	False	False	False	False	False	False	False	False
paper_1374	1377	chr17	71024430	71024704	6	275	hypo	ENSG00000133195	SLC39A11	64283.0	6.0	4.0	-1.64901926552962	4.82446274170712e-18	True	True	True	True	False	False	False	False
paper_1375	1378	chr17	71304278	71304358	3	81	hyper	ENSG00000179604	CDC42EP4	24555.0	3.0	5.0	-0.0472536740070489	0.890329418357682	False	False	False	False	False	False	False	False
paper_1376	1379	chr17	71908312	71908348	4	37	hypo	ENSG00000069188	SDK2	268101.0	7.0	7.0	0.316270300131191	0.712579704246409	False	False	False	False	False	False	False	False
paper_1377	1380	chr17	72021092	72021351	5	260	hypo	ENSG00000172809	RPL38	178498.0	4.0	4.0	-0.723809093890751	0.00134451270396165	False	False	False	False	False	False	False	False
paper_1378	1381	chr17	72146918	72147086	4	169	hyper	ENSG00000172809	RPL38	52717.0	7.0	7.0	-0.723809093890751	0.00134451270396165	False	False	False	False	False	False	False	False
paper_1379	1382	chr17	72172971	72173122	3	152	hyper	ENSG00000172809	RPL38	26673.0	7.0	7.0	-0.723809093890751	0.00134451270396165	False	False	False	False	False	False	False	False
paper_1380	1383	chr17	72228859	72229011	3	153	hypo	ENSG00000141540	TTYH2	19282.0	5.0	3.0	3.50374701458724	1.7687223421943e-23	False	False	False	False	False	False	False	False
paper_1381	1384	chr17	73240294	73240368	6	75	hypo	ENSG00000125447	GGA3	6012.0	5.0	5.0	-0.435147336462932	0.00705862758617858	False	False	False	False	False	False	False	False
paper_1382	1385	chr17	73522731	73522888	5	158	hypo	ENSG00000073350	LLGL2	1648.0	3.0	3.0	0.0191031631672871	0.968281201416969	False	False	False	False	False	False	False	False
paper_1383	1386	chr17	74249202	74249212	3	11	hyper	ENSG00000185262	UBALD2	12074.0	5.0	5.0	0.236178373404741	0.598990776852881	False	False	False	False	False	False	False	False
paper_1384	1387	chr17	74756625	74756673	4	49	hypo	ENSG00000092931	MFSD11	24702.0	7.0	6.0	-0.189651534493708	0.372754891102116	False	False	False	False	False	False	False	False
paper_1385	1388	chr17	75781036	75781180	4	145	hyper	ENSG00000204283	FLJ45079	97550.0	7.0	7.0			False	False	False	False	False	False	False	False
paper_1386	1389	chr17	76024474	76024676	3	203	hyper	ENSG00000078687	TNRC6C	24326.0	7.0	7.0	-0.91781340331583	0.000221378948522948	False	False	False	False	False	False	False	False
paper_1387	1390	chr17	76397211	76397410	3	200	hyper	ENSG00000087157	PGS1	22589.0	5.0	5.0	0.544153938122427	0.05088443641141	False	False	False	False	False	False	False	False
paper_1388	1391	chr17	76439374	76439426	4	53	hypo	ENSG00000187775	DNAH17	19622.0	4.0	4.0	0.771217415232031	0.0848325991203264	False	False	False	False	False	False	False	False
paper_1389	1392	chr17	76730931	76731264	5	334	hypo	ENSG00000108669	CYTH1	60967.0	3.0	1.0	1.69579105836917	1.65459275735361e-20	False	False	False	False	False	False	False	False
paper_1390	1393	chr17	76965471	76965587	5	117	hyper	ENSG00000108679	LGALS3BP	10661.0	7.0	5.0	0.341739694016408	0.720449072761922	False	False	False	False	False	False	False	False
paper_1391	1394	chr17	77034940	77035170	5	231	hypo	ENSG00000173918	C1QTNF1	16159.0	7.0	4.0	8.35215335973938	9.71062227818078e-11	True	True	True	False	False	False	False	False
paper_1392	1395	chr17	77389312	77389320	3	9	hypo	ENSG00000167281	RBFOX3	302418.0	7.0	7.0	-0.127923677406214	0.769285626556901	False	False	False	False	False	False	False	False
paper_1393	1396	chr17	77999267	77999356	3	90	hyper	ENSG00000167291	TBC1D16	93169.0	7.0	7.0	-1.87890157603595	5.79824360392916e-08	False	False	False	False	False	False	False	False
paper_1394	1397	chr17	78336715	78336840	4	126	hypo	ENSG00000173821	RNF213	102112.0	6.0	6.0	2.142179650309	1.32500706640094e-14	False	False	False	False	False	False	False	False
paper_1395	1398	chr17	78549473	78549510	3	38	hyper	ENSG00000141564	RPTOR	30872.0	7.0	7.0	-0.21844440945155	0.387153788439701	False	False	False	False	False	False	False	False
paper_1396	1399	chr17	78708416	78708607	3	192	hypo	ENSG00000141564	RPTOR	189892.0	5.0	7.0	-0.21844440945155	0.387153788439701	False	False	False	False	False	False	False	False
paper_1397	1400	chr17	79328944	79328977	3	34	hyper	ENSG00000185332	TMEM105	24485.0	5.0	5.0	0.0909867634893308	0.878975599547288	False	False	False	False	False	False	False	False
paper_1398	1401	chr17	79422508	79422558	4	51	hypo	ENSG00000171282	RP11-1055B8.7	48993.0	7.0	6.0	-1.2215910091364	8.11081993878791e-09	False	False	False	False	False	False	False	False
paper_1399	1402	chr17	79666745	79666775	3	31	hyper	ENSG00000262814	MRPL12	3625.0	6.0	6.0	-1.40829152934531	0.000235476537548237	False	False	False	False	False	False	False	False
paper_1400	1403	chr17	79996753	79996924	4	172	hyper	ENSG00000169738	DCXR	1229.0	7.0	7.0	-2.02197810639634	3.58681502266233e-10	False	False	False	False	False	False	False	False
paper_1401	1404	chr17	80310080	80310198	4	119	hypo	ENSG00000182459	TEX19	6982.0	7.0	7.0	3.63378071503846		False	False	False	False	False	False	False	False
paper_1402	1405	chr17	80924907	80924989	5	83	hyper	ENSG00000175711	B3GNTL1	23281.0	7.0	7.0	-1.95368050541476	9.90167479624634e-10	False	False	False	False	False	False	False	False
paper_1403	1406	chr17	81153274	81153288	3	15	hypo	ENSG00000176845	METRNL	115714.0	7.0	7.0	-1.11099778260628	0.0368024001900102	False	False	False	False	False	False	False	False
paper_1404	1407	chr18	331300	331602	7	303	hypo	ENSG00000158270	COLEC12	12090.0	4.0	3.0	3.76178438583091	6.12205105106029e-31	False	False	False	False	False	False	False	False
paper_1405	1408	chr18	369763	369819	3	57	hypo	ENSG00000158270	COLEC12	50430.0	5.0	5.0	3.76178438583091	6.12205105106029e-31	False	False	False	False	False	False	False	False
paper_1406	1409	chr18	447008	447296	3	289	hypo	ENSG00000158270	COLEC12	127791.0	4.0	5.0	3.76178438583091	6.12205105106029e-31	False	False	False	False	False	False	False	False
paper_1407	1410	chr18	3367859	3368077	3	219	hypo	ENSG00000177426	TGIF1	43636.0	5.0	7.0	2.29288098558717	6.45112697629061e-20	False	False	False	False	False	False	False	False
paper_1408	1411	chr18	3441464	3441729	3	266	hypo	ENSG00000177426	TGIF1	29990.0	5.0	5.0	2.29288098558717	6.45112697629061e-20	False	False	False	False	False	False	False	False
paper_1409	1412	chr18	6363278	6363687	9	410	hypo	ENSG00000154655	L3MBTL4	118916.0	7.0	4.0	5.50717116794993	5.63067363989003e-35	False	False	False	False	False	False	False	False
paper_1410	1413	chr18	7138503	7138519	3	17	hyper	ENSG00000101680	LAMA1	20697.0	7.0	7.0	-0.122742444533689	0.878410198236943	False	False	False	False	False	False	False	False
paper_1411	1414	chr18	7572809	7572925	3	117	hypo	ENSG00000173482	PTPRM	6087.0	7.0	7.0	-0.279267919121667	0.525194552775348	False	False	False	False	False	False	False	False
paper_1412	1415	chr18	9867154	9867630	5	477	hypo	ENSG00000168454	TXNDC2	18369.0	4.0	3.0	-0.732587856891855	0.213040048687435	False	False	False	False	False	False	False	False
paper_1413	1416	chr18	10020437	10020652	4	216	hyper	ENSG00000101558	VAPA	106545.0	5.0	5.0	1.08154585568992	7.93459261275342e-07	False	False	False	False	False	False	False	False
paper_1414	1417	chr18	10060561	10060636	5	76	hyper	ENSG00000101558	VAPA	146599.0	4.0	4.0	1.08154585568992	7.93459261275342e-07	False	False	False	False	False	False	False	False
paper_1415	1418	chr18	11519446	11519490	3	45	hyper	ENSG00000141404	GNAL	169485.0	7.0	7.0	-1.11266959381228	7.52477862206765e-05	False	False	False	False	False	False	False	False
paper_1416	1419	chr18	12067113	12067121	3	9	hypo	ENSG00000181626	ANKRD62	26733.0	7.0	7.0	-0.0529131501208521	0.924874408511728	False	False	False	False	False	False	False	False
paper_1417	1420	chr18	12309879	12310216	4	338	hyper	ENSG00000176014	TUBB6	2379.0	3.0	1.0	-0.3992282274974	0.0249704246051011	False	False	False	False	False	False	False	False
paper_1418	1421	chr18	12328142	12328263	3	122	hypo	ENSG00000176014	TUBB6	20534.0	6.0	6.0	-0.3992282274974	0.0249704246051011	False	False	False	False	False	False	False	False
paper_1419	1422	chr18	13223601	13223675	4	75	hypo	ENSG00000168675	LDLRAD4	5613.0	3.0	3.0	-0.719301841310583	0.050022610863128	True	True	False	False	False	False	False	False
paper_1420	1423	chr18	13319589	13319863	5	275	hypo	ENSG00000168675	LDLRAD4	101701.0	7.0	4.0	-0.719301841310583	0.050022610863128	False	False	False	False	False	False	False	False
paper_1421	1424	chr18	19363618	19363902	3	285	hyper	ENSG00000101752	MIB1	42479.0	6.0	6.0	0.325622753900936	0.262643124103612	False	False	False	False	False	False	False	False
paper_1422	1425	chr18	20376973	20377014	3	42	hyper	ENSG00000101773	RBBP8	1229.0	7.0	7.0	0.488621815165031	0.0317655417359473	False	False	False	False	False	False	False	False
paper_1423	1426	chr18	21631494	21631825	6	332	hypo	ENSG00000168234	TTC39C	58922.0	7.0	4.0	-1.32759795728224	3.7496690548865e-06	True	True	True	False	True	True	True	False
paper_1424	1427	chr18	22211882	22211900	3	19	hypo	ENSG00000134489	HRH4	171298.0	7.0	7.0	-0.684589767994742	0.101867300060959	False	False	False	False	False	False	False	False
paper_1425	1428	chr18	22565601	22565858	4	258	hyper	ENSG00000198795	ZNF521	366389.0	7.0	7.0	1.51087802867943	0.000213864490197702	False	False	False	False	False	False	False	False
paper_1426	1429	chr18	22693639	22693712	3	74	hyper	ENSG00000198795	ZNF521	51118.0	7.0	7.0	1.51087802867943	0.000213864490197702	False	False	False	False	False	False	False	False
paper_1427	1430	chr18	23669128	23669266	4	139	hypo	ENSG00000141380	SS18	71890.0	1.0	1.0	0.820117908833288	8.28124060771604e-05	False	False	False	False	False	False	False	False
paper_1428	1431	chr18	23770438	23770707	5	270	hyper	ENSG00000154611	PSMA8	56756.0	7.0	7.0	1.56525611889797	0.421615037354302	False	False	False	False	False	False	False	False
paper_1429	1432	chr18	23809718	23809758	3	41	hyper	ENSG00000141384	TAF4B	3838.0	7.0	7.0	0.064445064072888	0.893894818992146	False	False	False	False	False	False	False	False
paper_1430	1433	chr18	24388919	24389334	4	416	hypo	ENSG00000171885	AQP4	56655.0	7.0	5.0	1.87559230632894		False	False	False	False	False	False	False	False
paper_1431	1434	chr18	26732887	26733133	3	247	hyper	ENSG00000170558	CDH2	975599.0	7.0	7.0	-3.72469025060177	2.66936236150451e-12	False	False	False	False	False	False	False	False
paper_1432	1435	chr18	29408614	29408620	3	7	hyper	ENSG00000141437	SLC25A52	67773.0	7.0	6.0	2.11182047736482	0.0550196766613237	False	False	False	False	False	False	False	False
paper_1433	1436	chr18	29453270	29453314	3	45	hypo	ENSG00000153339	TRAPPC8	43391.0	6.0	6.0	0.527771092796074	0.0562627089355499	False	False	False	False	False	False	False	False
paper_1434	1437	chr18	29513921	29514129	3	209	hyper	ENSG00000153339	TRAPPC8	104124.0	7.0	6.0	0.527771092796074	0.0562627089355499	False	False	False	False	False	False	False	False
paper_1435	1438	chr18	30672630	30672922	3	293	hypo	ENSG00000197705	KLHL14	319750.0	7.0	7.0	-0.630900651628608		False	False	False	False	False	False	False	False
paper_1436	1439	chr18	33529929	33529943	3	15	hyper	ENSG00000141428	C18orf21	22108.0	2.0	7.0	-0.712844785813633	5.13017990530262e-05	False	False	False	False	False	False	False	False
paper_1437	1440	chr18	33791077	33791140	3	64	hypo	ENSG00000075643	MOCOS	23626.0	6.0	4.0	-0.395279665742347	0.511526902472286	False	False	False	False	False	False	False	False
paper_1438	1441	chr18	42176777	42176789	3	13	hyper	ENSG00000152217	SETBP1	83353.0	7.0	7.0	0.672524241527287	0.170090474236822	False	False	False	False	False	False	False	False
paper_1439	1442	chr18	42419922	42420124	3	203	hypo	ENSG00000152217	SETBP1	159885.0	7.0	7.0	0.672524241527287	0.170090474236822	False	False	False	False	False	False	False	False
paper_1440	1443	chr18	46281430	46281820	6	391	hypo	ENSG00000134030	CTIF	216208.0	5.0	5.0	-1.35834521115718	1.11988694308433e-06	False	False	False	False	True	True	True	False
paper_1441	1444	chr18	46289174	46289239	4	66	hyper	ENSG00000134030	CTIF	223789.0	6.0	6.0	-1.35834521115718	1.11988694308433e-06	False	False	False	False	False	False	False	False
paper_1442	1445	chr18	46433256	46433323	3	68	hypo	ENSG00000101665	SMAD7	43791.0	7.0	7.0	1.24093598819557	1.31960993658111e-09	False	False	False	False	False	False	False	False
paper_1443	1446	chr18	46744149	46744220	4	72	hyper	ENSG00000141627	DYM	243532.0	7.0	7.0	-0.78249907031919	6.51210654826931e-06	False	False	False	False	False	False	False	False
paper_1444	1447	chr18	48357511	48357517	3	7	hyper	ENSG00000134042	MRO	5741.0	4.0	7.0	-0.142475357450205		False	False	False	False	False	False	False	False
paper_1445	1448	chr18	48847763	48847973	3	211	hyper	ENSG00000176624	MEX3C	124177.0	7.0	7.0	1.10464651466049	8.24661923053801e-06	False	False	False	False	False	False	False	False
paper_1446	1449	chr18	51549992	51550279	5	288	hyper	ENSG00000134046	MBD2	201022.0	7.0	7.0	1.07275814553459	8.90629633867294e-07	False	False	False	False	False	False	False	False
paper_1447	1450	chr18	52636083	52636267	4	185	hypo	ENSG00000166510	CCDC68	9435.0	7.0	7.0	7.85509934248969	0.000134301374334664	False	False	False	False	False	False	False	False
paper_1448	1451	chr18	52897656	52897687	3	32	hyper	ENSG00000166510	CCDC68	270931.0	6.0	6.0	7.85509934248969	0.000134301374334664	False	False	False	False	False	False	False	False
paper_1449	1452	chr18	53445944	53446034	3	91	hyper	ENSG00000196628	TCF4	113970.0	2.0	3.0	-0.733200542450403	0.00626369281845233	False	False	False	False	False	False	False	False
paper_1450	1453	chr18	53448085	53448189	3	105	hypo	ENSG00000196628	TCF4	116118.0	7.0	7.0	-0.733200542450403	0.00626369281845233	False	False	False	False	False	False	False	False
paper_1451	1454	chr18	54179162	54179483	3	322	hypo	ENSG00000091157	WDR7	139250.0	5.0	4.0	0.0291679211305586	0.91875528929686	False	False	False	False	False	False	False	False
paper_1452	1455	chr18	54321425	54321660	5	236	hypo	ENSG00000091157	WDR7	2968.0	7.0	5.0	0.0291679211305586	0.91875528929686	False	False	False	False	False	False	False	False
paper_1453	1456	chr18	55988849	55988875	3	27	hypo	ENSG00000049759	NEDD4L	277263.0	4.0	4.0	2.2323942358548	1.45209050539763e-06	False	False	False	False	False	False	False	False
paper_1454	1457	chr18	56217161	56217219	4	59	hyper	ENSG00000198796	ALPK2	68711.0	5.0	5.0	4.29947784585519	3.37270922014078e-14	False	False	False	False	False	False	False	False
paper_1455	1458	chr18	57576384	57576852	6	469	hypo	ENSG00000141682	PMAIP1	9438.0	7.0	4.0	5.86233013934584	8.93250303878583e-26	True	True	False	False	False	False	False	False
paper_1456	1459	chr18	59831656	59831907	5	252	hypo	ENSG00000197563	PIGN	6784.0	7.0	7.0	-0.598570309274567	0.00321589011298699	False	False	False	False	False	False	False	False
paper_1457	1460	chr18	59990936	59990985	3	50	hypo	ENSG00000141655	TNFRSF11A	1558.0	7.0	4.0	2.11361736042546	6.43541551477186e-15	False	False	False	False	False	False	False	False
paper_1458	1461	chr18	60278429	60278488	5	60	hyper	ENSG00000141664	ZCCHC2	88218.0	5.0	5.0	-0.311041789838049	0.25810019330796	False	False	False	False	False	False	False	False
paper_1459	1462	chr18	60729700	60729788	4	89	hyper	ENSG00000269630	AC015989.2	223795.0	7.0	7.0			False	False	False	False	False	False	False	False
paper_1460	1463	chr18	60826170	60826611	8	442	hypo	ENSG00000171791	BCL2	35811.0	5.0	4.0	3.70162295065455	5.68062733751688e-22	False	False	False	False	False	False	False	False
paper_1461	1464	chr18	60828003	60829022	14	1020	hypo	ENSG00000171791	BCL2	37933.0	4.0	4.0	3.70162295065455	5.68062733751688e-22	False	False	False	False	False	False	False	False
paper_1462	1465	chr18	60850044	60850263	4	220	hyper	ENSG00000171791	BCL2	59574.0	5.0	7.0	3.70162295065455	5.68062733751688e-22	False	False	False	False	False	False	False	False
paper_1463	1466	chr18	60924743	60925167	7	425	hypo	ENSG00000171791	BCL2	134376.0	7.0	4.0	3.70162295065455	5.68062733751688e-22	True	True	True	False	True	True	True	False
paper_1464	1467	chr18	61695025	61695380	3	356	hypo	ENSG00000166401	SERPINB8	58043.0	7.0	4.0	0.51393113011935	0.172510692418084	True	True	True	False	False	False	False	False
paper_1465	1468	chr18	65085556	65085608	3	53	hyper	ENSG00000171451	DSEL	98634.0	1.0	1.0	-0.61645143833514	0.137420427949095	False	False	False	False	False	False	False	False
paper_1466	1469	chr18	70787000	70787398	4	399	hyper	ENSG00000263711	RP11-169F17.1	144515.0	7.0	7.0	0.225973974567197	0.755780255592837	False	False	False	False	False	False	False	False
paper_1467	1470	chr18	72704397	72704857	7	461	hypo	ENSG00000180011	ZADH2	216675.0	5.0	4.0	0.707307531157219	0.00214032516485829	True	True	False	False	True	True	False	False
paper_1468	1471	chr18	73105782	73105888	3	107	hypo	ENSG00000264116	RP11-321M21.3	13130.0	7.0	7.0			False	False	False	False	False	False	False	False
paper_1469	1472	chr18	74191994	74192007	3	14	hyper	ENSG00000101493	ZNF516	122356.0	7.0	5.0	0.637154715958912	0.0134040140950297	False	False	False	False	False	False	False	False
paper_1470	1473	chr18	76695123	76695172	6	50	hyper	ENSG00000256463	SALL3	45126.0	7.0	7.0	2.16329692913583		False	False	False	False	False	False	False	False
paper_1471	1474	chr18	76745259	76745272	4	14	hypo	ENSG00000256463	SALL3	4990.0	2.0	2.0	2.16329692913583		False	False	False	False	False	False	False	False
paper_1472	1475	chr18	76970322	76970400	4	79	hyper	ENSG00000166377	ATP9B	141076.0	5.0	5.0	-0.12984074189419	0.591852977240695	False	False	False	False	False	False	False	False
paper_1473	1476	chr18	77352829	77352888	3	60	hyper	ENSG00000269679	AC018445.1	76800.0	7.0	7.0	0.290094300000226		False	False	False	False	False	False	False	False
paper_1474	1477	chr18	77369046	77369139	5	94	hyper	ENSG00000060069	CTDP1	70707.0	7.0	7.0	-0.0692657911632798	0.750277789760773	False	False	False	False	False	False	False	False
paper_1475	1478	chr18	78015897	78016160	4	264	hyper	ENSG00000178184	PARD6G	10598.0	7.0	7.0	1.16825205908215	2.56978630188718e-05	False	False	False	False	False	False	False	False
paper_1476	1479	chr19	357346	357445	5	100	hyper	ENSG00000105556	MIER2	12601.0	7.0	7.0	-0.30722195446026	0.140206611202697	False	False	False	False	False	False	False	False
paper_1477	1480	chr19	848324	848357	3	34	hyper	ENSG00000197561	ELANE	2672.0	5.0	5.0	-1.49144557103589	0.000109403511974428	False	False	False	False	False	False	False	False
paper_1478	1481	chr19	948345	948433	8	89	hypo	ENSG00000116017	ARID3A	22389.0	4.0	3.0	0.87461085509416	1.03765732154116e-06	False	False	False	False	False	False	False	False
paper_1479	1482	chr19	955034	955082	3	49	hyper	ENSG00000116017	ARID3A	29058.0	4.0	5.0	0.87461085509416	1.03765732154116e-06	False	False	False	False	False	False	False	False
paper_1480	1483	chr19	1184043	1184172	4	130	hypo	ENSG00000064932	SBNO2	9824.0	4.0	4.0	1.22989709444899	6.25241971994673e-07	False	False	False	False	False	False	False	False
paper_1481	1484	chr19	1519285	1519427	3	143	hypo	ENSG00000185988	PLK5	4715.0	7.0	7.0	1.01756528762556		False	False	False	False	False	False	False	False
paper_1482	1485	chr19	1767183	1767268	3	86	hyper	ENSG00000205922	ONECUT3	14853.0	7.0	7.0	-0.322729885035299	0.444241746515374	False	False	False	False	False	False	False	False
paper_1483	1486	chr19	1943610	1943743	11	134	hyper	ENSG00000133275	CSNK1G2	2488.0	3.0	3.0	-0.443281172010765	0.00488136271698031	False	False	False	False	False	False	False	False
paper_1484	1487	chr19	2057498	2057632	6	135	hyper	ENSG00000099875	MKNK2	6321.0	7.0	7.0	0.670722299176301	0.00016160080301078	False	False	False	False	False	False	False	False
paper_1485	1488	chr19	2457358	2457371	5	14	hypo	ENSG00000176619	LMNB2	369.0	4.0	3.0	2.16308658442349	1.68017403328167e-33	False	False	False	False	False	False	False	False
paper_1486	1489	chr19	3182968	3183287	5	320	hyper	ENSG00000125912	NCLN	2432.0	7.0	7.0	-1.01406064311294	0.000130039471037459	False	False	False	False	False	False	False	False
paper_1487	1490	chr19	3384417	3384447	3	31	hyper	ENSG00000141905	NFIC	24871.0	4.0	5.0	0.206666973705625	0.177602224532121	False	False	False	False	False	False	False	False
paper_1488	1491	chr19	3413914	3413991	3	78	hypo	ENSG00000141905	NFIC	54391.0	6.0	6.0	0.206666973705625	0.177602224532121	False	False	False	False	False	False	False	False
paper_1489	1492	chr19	4181850	4181867	3	18	hyper	ENSG00000077463	SIRT6	7752.0	1.0	1.0	-0.214840921667744	0.416448053911518	False	False	False	False	False	False	False	False
paper_1490	1493	chr19	4323447	4323480	3	34	hypo	ENSG00000105255	FSD1	18866.0	7.0	7.0	0.166067768242535	0.774706367756542	False	False	False	False	False	False	False	False
paper_1491	1494	chr19	4344269	4344298	3	30	hyper	ENSG00000008382	MPND	759.0	3.0	3.0	-1.21661610768696	1.86830989362716e-06	False	False	False	False	False	False	False	False
paper_1492	1495	chr19	4370340	4370404	5	65	hypo	ENSG00000141985	SH3GL1	10005.0	3.0	3.0	-1.28198564846139	1.38778578840105e-09	False	False	False	False	False	False	False	False
paper_1493	1496	chr19	4380026	4380223	4	198	hyper	ENSG00000141985	SH3GL1	19757.0	3.0	4.0	-1.28198564846139	1.38778578840105e-09	False	False	False	False	False	False	False	False
paper_1494	1497	chr19	4386175	4386358	7	184	hyper	ENSG00000141985	SH3GL1	25899.0	3.0	5.0	-1.28198564846139	1.38778578840105e-09	False	False	False	False	False	False	False	False
paper_1495	1498	chr19	4544149	4544179	4	31	hyper	ENSG00000167680	SEMA6B	1559.0	7.0	7.0	3.18554057860818	1.44926704346312e-06	False	False	False	False	False	False	False	False
paper_1496	1499	chr19	4719606	4719896	12	291	hypo	ENSG00000142002	DPP9	5633.0	3.0	3.0	0.49928152004849	0.00593959389220399	True	True	False	False	True	True	True	False
paper_1497	1500	chr19	4899922	4899944	3	23	hyper	ENSG00000205784	ARRDC5	9484.0	7.0	7.0	-2.78548598991062	8.94240905961994e-20	False	False	False	False	False	False	False	False
paper_1498	1501	chr19	5216658	5216747	5	90	hypo	ENSG00000105426	PTPRS	11183.0	7.0	7.0	0.944198874975704	2.0605987663341e-05	False	False	False	False	False	False	False	False
paper_1499	1502	chr19	5987242	5987357	6	116	hyper	ENSG00000031823	RANBP3	9145.0	7.0	7.0	-0.251372865230797	0.189812511422945	False	False	False	False	False	False	False	False
paper_1500	1503	chr19	6738340	6738430	3	91	hyper	ENSG00000125733	TRIP10	449.0	4.0	3.0	3.56633717651574	7.04986230750302e-42	False	False	False	False	False	False	False	False
paper_1501	1504	chr19	6744214	6744264	3	51	hypo	ENSG00000125733	TRIP10	6303.0	6.0	3.0	3.56633717651574	7.04986230750302e-42	False	False	False	False	False	False	False	False
paper_1502	1505	chr19	8196956	8197008	3	53	hyper	ENSG00000142449	FBN3	66696.0	7.0	7.0	0.882361545560973		False	False	False	False	False	False	False	False
paper_1503	1506	chr19	8258007	8258642	6	636	hypo	ENSG00000090661	CERS4	13294.0	7.0	4.0	2.17665813854075	7.78224265742112e-14	False	False	False	False	False	False	False	False
paper_1504	1507	chr19	9190183	9190323	3	141	hypo	ENSG00000170929	OR1M1	13600.0	7.0	7.0	0.976672340511328		False	False	False	False	False	False	False	False
paper_1505	1508	chr19	9394477	9394492	5	16	hypo	ENSG00000196110	ZNF699	25764.0	7.0	7.0	0.636836130304325	0.16771760857993	False	False	False	False	False	False	False	False
paper_1506	1509	chr19	10496862	10497273	5	412	hypo	ENSG00000105397	TYK2	5714.0	7.0	4.0	0.367864717038322	0.0620673437878333	False	False	False	False	True	True	True	True
paper_1507	1510	chr19	10616221	10616236	4	16	hyper	ENSG00000079999	KEAP1	1810.0	7.0	7.0	0.464060416974346	0.0271427147302321	False	False	False	False	False	False	False	False
paper_1508	1511	chr19	10970339	10970525	4	187	hypo	ENSG00000214212	C19orf38	23181.0	4.0	4.0	-0.696427928289581	0.000189697013971764	False	False	False	False	False	False	False	False
paper_1509	1512	chr19	11407644	11407703	3	60	hyper	ENSG00000130167	TSPAN16	849.0	5.0	5.0	-3.10451469846865	4.58055817017441e-06	False	False	False	False	False	False	False	False
paper_1510	1513	chr19	11622201	11622326	3	126	hypo	ENSG00000130159	ECSIT	5532.0	6.0	6.0	-1.38249855792541	6.27737974270063e-08	False	False	False	False	False	False	False	False
paper_1511	1514	chr19	12713086	12713126	5	41	hypo	ENSG00000188033	ZNF490	24331.0	6.0	6.0	-0.509391920910968	0.0308599626409822	False	False	False	False	False	False	False	False
paper_1512	1515	chr19	12952521	12952560	3	40	hypo	ENSG00000105613	MAST1	7775.0	7.0	7.0	0.433640405645454	0.456678985343392	False	False	False	False	False	False	False	False
paper_1513	1516	chr19	13267394	13267679	5	286	hypo	ENSG00000160888	IER2	6307.0	5.0	4.0	0.807038532503004	0.00105934879162594	False	False	False	False	False	False	False	False
paper_1514	1517	chr19	13507791	13507824	3	34	hyper	ENSG00000141837	CACNA1A	25232.0	7.0	7.0	2.32663297722304	6.76224366973559e-06	False	False	False	False	False	False	False	False
paper_1515	1518	chr19	13886205	13886252	5	48	hyper	ENSG00000104979	C19orf53	1246.0	3.0	3.0	-0.548913280998998	0.0380498396261646	False	False	False	False	False	False	False	False
paper_1516	1519	chr19	13895525	13895736	4	212	hypo	ENSG00000214109	AC008686.1	4746.0	7.0	7.0	0.460566369788267	0.0598766683489711	False	False	False	False	False	False	False	False
paper_1517	1520	chr19	14062613	14062631	3	19	hyper	ENSG00000132000	PODNL1	19141.0	2.0	2.0	-2.94176989463771	2.52576687615799e-14	False	False	False	False	False	False	False	False
paper_1518	1521	chr19	14281869	14281948	3	80	hypo	ENSG00000072071	LPHN1	21158.0	7.0	6.0	-1.1335437450622	1.50116284861204e-08	False	False	False	False	False	False	False	False
paper_1519	1522	chr19	14318742	14318839	3	98	hypo	ENSG00000072071	LPHN1	1790.0	7.0	7.0	-1.1335437450622	1.50116284861204e-08	False	False	False	False	False	False	False	False
paper_1520	1523	chr19	14473602	14473730	4	129	hyper	ENSG00000123146	CD97	18300.0	5.0	5.0	-0.597699034172693	0.0877299112482599	False	False	False	False	False	False	False	False
paper_1521	1524	chr19	14532973	14533238	3	266	hypo	ENSG00000123136	DDX39A	2925.0	5.0	5.0	0.135419195857655	0.639231041532221	False	False	False	False	False	False	False	False
paper_1522	1525	chr19	14674714	14674749	3	36	hypo	ENSG00000099797	TECR	34359.0	6.0	6.0	-1.61091059577164	3.39437142468e-13	False	False	False	False	False	False	False	False
paper_1523	1526	chr19	14897932	14897992	5	61	hypo	ENSG00000127507	EMR2	8608.0	7.0	7.0	-0.265858335766331	0.747667600346753	False	False	False	False	False	False	False	False
paper_1524	1527	chr19	15318502	15318540	3	39	hypo	ENSG00000074181	NOTCH3	6728.0	7.0	7.0	0.547436130748231	0.341819820511201	False	False	False	False	False	False	False	False
paper_1525	1528	chr19	15488866	15488929	6	64	hyper	ENSG00000105127	AKAP8	7941.0	3.0	1.0	0.489136800246051	0.00486390283504662	False	False	False	False	False	False	False	False
paper_1526	1529	chr19	15580010	15580042	3	33	hypo	ENSG00000105122	RASAL3	4643.0	7.0	7.0	-0.302249658178286	0.31533608734801	False	False	False	False	False	False	False	False
paper_1527	1530	chr19	15581146	15581170	3	25	hyper	ENSG00000105122	RASAL3	5775.0	7.0	7.0	-0.302249658178286	0.31533608734801	False	False	False	False	False	False	False	False
paper_1528	1531	chr19	16010500	16010534	8	35	hyper	ENSG00000186115	CYP4F2	1586.0	7.0	7.0	-3.47811649213338	3.80100551104252e-06	False	False	False	False	False	False	False	False
paper_1529	1532	chr19	16191101	16191162	3	62	hypo	ENSG00000167460	TPM4	13300.0	3.0	1.0	0.129452132728123	0.750336615139739	False	False	False	False	False	False	False	False
paper_1530	1533	chr19	16266469	16266715	5	247	hypo	ENSG00000196684	HSH2D	21754.0	6.0	5.0	2.69992165873499	1.06868559994845e-20	False	False	False	False	False	False	False	False
paper_1531	1534	chr19	16292335	16292409	5	75	hypo	ENSG00000105058	FAM32A	3817.0	7.0	7.0	-0.526353440153165	0.00344623977352839	False	False	False	False	False	False	False	False
paper_1532	1535	chr19	16688459	16688525	5	67	hypo	ENSG00000268790	CTC-429P9.4	31.0	5.0	3.0	0.480605836608048	0.887796316242821	True	True	True	False	False	False	False	False
paper_1533	1536	chr19	16813025	16813068	3	44	hyper	ENSG00000188039	NWD1	17739.0	7.0	7.0	0.28555582239195	0.451077596122654	False	False	False	False	False	False	False	False
paper_1534	1537	chr19	17166584	17166661	7	78	hyper	ENSG00000131351	HAUS8	6051.0	5.0	5.0	-0.201827085079666	0.457633152375234	False	False	False	False	False	False	False	False
paper_1535	1538	chr19	17180192	17180283	4	92	hyper	ENSG00000131351	HAUS8	19666.0	5.0	5.0	-0.201827085079666	0.457633152375234	False	False	False	False	False	False	False	False
paper_1536	1539	chr19	17320344	17320355	3	12	hypo	ENSG00000099331	MYO9B	133758.0	5.0	6.0	0.697940681764185	0.000107771383127089	False	False	False	False	False	False	False	False
paper_1537	1540	chr19	17481534	17481593	3	60	hypo	ENSG00000130300	PLVAP	19306.0	4.0	4.0	1.05603912212524	0.0775881125157034	False	False	False	False	False	False	False	False
paper_1538	1541	chr19	17941069	17941173	4	105	hypo	ENSG00000105639	JAK3	5526.0	7.0	6.0	4.3055504038336	1.19938898677378e-21	False	False	False	False	False	False	False	False
paper_1539	1542	chr19	18405508	18405585	4	78	hypo	ENSG00000130522	JUND	13113.0	7.0	7.0	0.0740866459313069	0.814292155298861	False	False	False	False	False	False	False	False
paper_1540	1543	chr19	18504705	18504761	3	57	hyper	ENSG00000175489	LRRC25	2779.0	3.0	3.0	-2.41258117704253	0.00214507867474106	False	False	False	False	False	False	False	False
paper_1541	1544	chr19	19368658	19368662	3	5	hypo	ENSG00000187664	HAPLN4	2210.0	7.0	7.0			False	False	False	False	False	False	False	False
paper_1542	1545	chr19	19659985	19660018	3	34	hyper	ENSG00000160161	CILP2	10944.0	7.0	7.0	3.30971479825462	1.7420944703222e-09	False	False	False	False	False	False	False	False
paper_1543	1546	chr19	19708892	19709058	5	167	hypo	ENSG00000105717	PBX4	36453.0	4.0	4.0	3.60993692618677	1.34599237756118e-13	False	False	False	False	False	False	False	False
paper_1544	1547	chr19	20012771	20012830	4	60	hypo	ENSG00000184635	ZNF93	1063.0	2.0	1.0	-0.141591434127161	0.681082544424471	False	False	False	False	False	False	False	False
paper_1545	1548	chr19	21498996	21499028	3	33	hyper	ENSG00000182141	ZNF708	23606.0	7.0	7.0	0.0865181974328267	0.80535376980457	False	False	False	False	False	False	False	False
paper_1546	1549	chr19	21542665	21542899	3	235	hypo	ENSG00000172687	ZNF738	1050.0	1.0	2.0	-0.674882577303546	0.00667552617369085	False	False	False	False	False	False	False	False
paper_1547	1550	chr19	22234980	22234996	4	17	hypo	ENSG00000197134	ZNF257	264.0	7.0	2.0	-0.00762480620098919	0.984124111312961	False	False	False	False	False	False	False	False
paper_1548	1551	chr19	23945432	23945472	3	41	hyper	ENSG00000205246	RPSAP58	353.0	2.0	2.0	-1.10612592279254	0.00297279850888167	False	False	False	False	False	False	False	False
paper_1549	1552	chr19	30158121	30158158	3	38	hypo	ENSG00000166289	PLEKHF1	2176.0	4.0	5.0	-0.824356287795794	0.00491153080343655	False	False	False	False	False	False	False	False
paper_1550	1553	chr19	30185556	30185682	3	127	hyper	ENSG00000131943	C19orf12	20562.0	5.0	7.0	1.07271930630188	8.73530170059755e-07	False	False	False	False	False	False	False	False
paper_1551	1554	chr19	30705279	30705461	3	183	hypo	ENSG00000198597	ZNF536	14049.0	7.0	7.0	-0.674670527039827		False	False	False	False	False	False	False	False
paper_1552	1555	chr19	31457531	31457570	3	40	hyper	ENSG00000268953	AC020952.1	182810.0	7.0	7.0			False	False	False	False	False	False	False	False
paper_1553	1556	chr19	33754043	33754162	4	120	hypo	ENSG00000130876	SLC7A10	37345.0	7.0	7.0	-4.27798721078056	2.78145366126787e-06	False	False	False	False	False	False	False	False
paper_1554	1557	chr19	34430199	34430299	3	101	hypo	ENSG00000153885	KCTD15	143411.0	7.0	7.0	-3.04503356896968	1.89136353247344e-17	False	False	False	False	False	False	False	False
paper_1555	1558	chr19	35480226	35480662	7	437	hypo	ENSG00000089351	GRAMD1A	5242.0	4.0	3.0	3.79144831239527	2.78468012582273e-31	True	True	True	False	True	True	True	False
paper_1556	1559	chr19	35481688	35481961	8	274	hypo	ENSG00000089351	GRAMD1A	3862.0	4.0	4.0	3.79144831239527	2.78468012582273e-31	True	True	False	False	True	True	True	False
paper_1557	1560	chr19	35633238	35633258	3	21	hypo	ENSG00000266964	FXYD1	3536.0	2.0	5.0	-3.08669943978002	0.0675162130553357	False	False	False	False	False	False	False	False
paper_1558	1561	chr19	36138560	36138631	8	72	hypo	ENSG00000126267	COX6B1	528.0	7.0	7.0	-1.10084878993673	6.20542848088949e-06	False	False	False	False	False	False	False	False
paper_1559	1562	chr19	36295150	36295192	4	43	hyper	ENSG00000250799	PRODH2	4279.0	7.0	7.0	0.206167430842756		False	False	False	False	False	False	False	False
paper_1560	1563	chr19	36555876	36556051	3	176	hypo	ENSG00000075702	WDR62	10180.0	4.0	5.0	-0.348297384975015	0.198330612362993	False	False	False	False	False	False	False	False
paper_1561	1564	chr19	36698957	36699174	3	218	hypo	ENSG00000196357	ZNF565	25869.0	7.0	4.0	0.170834744772341	0.514341703580011	False	False	False	False	False	False	False	False
paper_1562	1565	chr19	36762942	36763077	8	136	hyper	ENSG00000196357	ZNF565	25849.0	7.0	7.0	0.170834744772341	0.514341703580011	False	False	False	False	False	False	False	False
paper_1563	1566	chr19	37463627	37463660	3	34	hyper	ENSG00000198453	ZNF568	56412.0	7.0	2.0	-0.622404461013625	0.00514525400917936	False	False	False	False	False	False	False	False
paper_1564	1567	chr19	37651714	37651839	5	126	hypo	ENSG00000267360	CTC-454I21.3	4543.0	7.0	7.0	-0.406825070128879	0.866393608540032	False	False	False	False	False	False	False	False
paper_1565	1568	chr19	37861426	37861452	4	27	hypo	ENSG00000189164	ZNF527	620.0	1.0	1.0	-0.995700487655898	2.04800390915279e-06	False	False	False	False	False	False	False	False
paper_1566	1569	chr19	38536678	38536709	3	32	hypo	ENSG00000105738	SIPA1L3	138825.0	4.0	4.0	-0.162163830990862	0.700609391071512	False	False	False	False	False	False	False	False
paper_1567	1570	chr19	39511775	39512243	4	469	hypo	ENSG00000161243	FBXO27	11415.0	5.0	5.0	0.844612987422903	0.00719423513036993	False	False	False	False	False	False	False	False
paper_1568	1571	chr19	39756684	39756709	3	26	hyper	ENSG00000183709	IFNL2	2456.0	7.0	7.0	6.89668495373664	5.59942073323024e-06	False	False	False	False	False	False	False	False
paper_1569	1572	chr19	39908514	39908557	7	44	hyper	ENSG00000090924	PLEKHG2	5310.0	5.0	5.0	2.68483630093703	1.90997640809017e-07	False	False	False	False	False	False	False	False
paper_1570	1573	chr19	40377897	40377917	3	21	hyper	ENSG00000090920	FCGBP	23944.0	7.0	7.0	-0.131989464660338	0.802806566151399	False	False	False	False	False	False	False	False
paper_1571	1574	chr19	41083458	41083492	3	35	hypo	ENSG00000160410	SHKBP1	718.0	3.0	1.0	-0.168254886521242	0.453489449799606	False	False	False	False	False	False	False	False
paper_1572	1575	chr19	41316584	41316614	3	31	hypo	ENSG00000268797	CTC-490E21.12	9397.0	7.0	7.0	0.043526499852073		False	False	False	False	False	False	False	False
paper_1573	1576	chr19	41899684	41899753	5	70	hyper	ENSG00000077348	EXOSC5	7439.0	6.0	7.0	-3.02837499363074	1.03974118420466e-20	False	False	False	False	False	False	False	False
paper_1574	1577	chr19	42385988	42386132	4	145	hyper	ENSG00000076928	ARHGEF1	1166.0	7.0	7.0	-0.77913980766729	1.71125504962416e-06	False	False	False	False	False	False	False	False
paper_1575	1578	chr19	42436647	42436728	4	82	hyper	ENSG00000105404	RABAC1	26854.0	7.0	7.0	-0.349006691522762	0.383426293828099	False	False	False	False	False	False	False	False
paper_1576	1579	chr19	42712036	42712053	3	18	hyper	ENSG00000160570	DEDD2	9279.0	3.0	3.0	0.0423673870570933	0.887283059587755	False	False	False	False	False	False	False	False
paper_1577	1580	chr19	43656621	43656854	3	234	hypo	ENSG00000204941	PSG5	33950.0	7.0	7.0	0.161514240919225	0.931948354745401	False	False	False	False	False	False	False	False
paper_1578	1581	chr19	43970034	43970081	3	48	hypo	ENSG00000124466	LYPD3	244.0	4.0	2.0	2.67684492255385	2.12999318244914e-32	False	False	False	False	False	False	False	False
paper_1579	1582	chr19	44231470	44231550	3	81	hypo	ENSG00000124449	IRGC	11348.0	5.0	5.0	2.69435248181178		False	False	False	False	False	False	False	False
paper_1580	1583	chr19	44559829	44559853	3	25	hyper	ENSG00000178386	ZNF223	3679.0	6.0	7.0	-0.882556593313303	0.00105710724676633	False	False	False	False	False	False	False	False
paper_1581	1584	chr19	45143910	45144643	6	734	hypo	ENSG00000073008	PVR	2820.0	7.0	3.0	2.6057290929065	9.40521975770702e-15	False	False	False	False	False	False	False	False
paper_1582	1585	chr19	45260278	45260319	3	42	hyper	ENSG00000069399	BCL3	8494.0	5.0	3.0	2.25162573926468	2.53934085483772e-23	False	False	False	False	False	False	False	False
paper_1583	1586	chr19	45450134	45450183	3	50	hyper	ENSG00000234906	APOC2	915.0	7.0	4.0	-0.557208930529906	0.38690372373115	False	False	False	False	False	False	False	False
paper_1584	1587	chr19	45457597	45457637	5	41	hypo	ENSG00000104853	CLPTM1	229.0	3.0	3.0	0.428507065733931	0.00815141460487037	False	False	False	False	False	False	False	False
paper_1585	1588	chr19	45491622	45491778	7	157	hypo	ENSG00000104853	CLPTM1	33852.0	5.0	4.0	0.428507065733931	0.00815141460487037	True	True	True	True	True	True	True	True
paper_1586	1589	chr19	45523542	45523670	3	129	hyper	ENSG00000104856	RELB	18918.0	7.0	6.0	2.31132543101437	9.55914391974779e-24	False	False	False	False	False	False	False	False
paper_1587	1590	chr19	45888665	45888695	3	31	hyper	ENSG00000104881	PPP1R13L	5784.0	5.0	7.0	-0.261251321380518	0.361806882317411	False	False	False	False	False	False	False	False
paper_1588	1591	chr19	46975044	46975062	4	19	hyper	ENSG00000182013	PNMAL1	232.0	2.0	3.0	-1.90753710927595	0.00433288571830135	False	False	False	False	False	False	False	False
paper_1589	1592	chr19	47080342	47080441	3	100	hypo	ENSG00000268423	AC011551.3	30078.0	7.0	7.0	0.0992995871980007	0.925821738722527	False	False	False	False	False	False	False	False
paper_1590	1593	chr19	47552375	47552386	3	12	hyper	ENSG00000130748	TMEM160	491.0	7.0	7.0	-1.11521554868052	6.60721030819565e-05	False	False	False	False	False	False	False	False
paper_1591	1594	chr19	47714463	47714514	3	52	hypo	ENSG00000105327	BBC3	21534.0	7.0	6.0	-0.542156265939701	0.0628016925053348	False	False	False	False	False	False	False	False
paper_1592	1595	chr19	48876231	48876376	3	146	hypo	ENSG00000105467	SYNGR4	8651.0	7.0	7.0	-0.866455854570117	0.512244982940123	False	False	False	False	False	False	False	False
paper_1593	1596	chr19	49359502	49359578	4	77	hyper	ENSG00000105559	PLEKHA4	19186.0	7.0	7.0	-1.29811117354861	0.000193764884007452	False	False	False	False	False	False	False	False
paper_1594	1597	chr19	49432882	49432942	4	61	hyper	ENSG00000104808	DHDH	4025.0	7.0	7.0	-1.28530568394346	0.00336818234747768	False	False	False	False	False	False	False	False
paper_1595	1598	chr19	49436443	49436474	3	32	hypo	ENSG00000104808	DHDH	479.0	3.0	3.0	-1.28530568394346	0.00336818234747768	False	False	False	False	False	False	False	False
paper_1596	1599	chr19	49924031	49924222	3	192	hypo	ENSG00000142538	PTH2	2571.0	5.0	7.0			False	False	False	False	False	False	False	False
paper_1597	1600	chr19	50397330	50397467	5	138	hypo	ENSG00000104951	IL4I1	4487.0	2.0	1.0	3.33278085754051	5.71791034704179e-21	False	False	False	False	False	False	False	False
paper_1598	1601	chr19	50920137	50920289	4	153	hypo	ENSG00000142539	CTD-2545M3.6	1157.0	5.0	4.0			False	False	False	False	False	False	False	False
paper_1599	1602	chr19	51612493	51612529	3	37	hyper	ENSG00000142544	CTU1	883.0	7.0	7.0	-1.12850699816895	9.88428908308794e-05	False	False	False	False	False	False	False	False
paper_1600	1603	chr19	53017221	53017323	4	103	hypo	ENSG00000198482	ZNF808	13631.0	7.0	7.0	0.0147829966691674	0.969211618901737	False	False	False	False	False	False	False	False
paper_1601	1604	chr19	53700878	53700988	5	111	hypo	ENSG00000197497	ZNF665	4305.0	1.0	1.0	0.393507530388811	0.200006802371929	False	False	False	False	False	False	False	False
paper_1602	1605	chr19	53872775	53872930	4	156	hypo	ENSG00000203326	ZNF525	3906.0	7.0	7.0	0.850062613841722	1.62834422182626e-05	False	False	False	False	False	False	False	False
paper_1603	1606	chr19	54250053	54250104	3	52	hypo	ENSG00000142405	NLRP12	77569.0	7.0	7.0	0.161728116998627	0.623638981872119	False	False	False	False	False	False	False	False
paper_1604	1607	chr19	54445137	54445239	3	103	hyper	ENSG00000105605	CACNG7	32599.0	7.0	7.0	0.976020720759859		False	False	False	False	False	False	False	False
paper_1605	1608	chr19	54931874	54931918	3	45	hypo	ENSG00000167614	TTYH1	5503.0	7.0	5.0	-0.633888966461053	0.00939577046695367	False	False	False	False	False	False	False	False
paper_1606	1609	chr19	55609270	55609292	3	23	hyper	ENSG00000125503	PPP1R12C	7000.0	5.0	3.0	-0.662139939142794	0.00221187007127085	False	False	False	False	False	False	False	False
paper_1607	1610	chr19	55843497	55843687	4	191	hyper	ENSG00000180061	TMEM150B	6883.0	7.0	7.0	-0.0891360355777086	0.781356143594206	False	False	False	False	False	False	False	False
paper_1608	1611	chr19	55863505	55863550	4	46	hyper	ENSG00000160471	COX6B2	2457.0	7.0	7.0	0.245399752662863	0.668869446381381	False	False	False	False	False	False	False	False
paper_1609	1612	chr19	56880271	56880289	4	19	hyper	ENSG00000131848	ZSCAN5A	527.0	3.0	3.0	-0.816769985515488	5.94737011665812e-05	False	False	False	False	False	False	False	False
paper_1610	1613	chr19	57049382	57049465	4	84	hypo	ENSG00000196867	ZFP28	892.0	1.0	1.0	0.572130897116287	0.0216312967101395	False	False	False	False	False	False	False	False
paper_1611	1614	chr19	57684204	57684216	3	13	hypo	ENSG00000258873	DUXA	5398.0	2.0	2.0	-2.80432549621363		False	False	False	False	False	False	False	False
paper_1612	1615	chr19	58330311	58330368	3	58	hypo	ENSG00000268750	CTD-2583A14.10	746.0	7.0	7.0			False	False	False	False	False	False	False	False
paper_1613	1616	chr19	58822257	58822286	4	30	hyper	ENSG00000267216	AC010642.1	31939.0	6.0	7.0	0.375280131916331	0.483202159446091	False	False	False	False	False	False	False	False
paper_1614	1617	chr19	58885829	58885921	3	93	hyper	ENSG00000152475	ZNF837	6885.0	7.0	7.0	-0.658513110930962	0.0397363221841107	False	False	False	False	False	False	False	False
paper_1615	1618	chr19	59057254	59057389	4	136	hyper	ENSG00000130726	TRIM28	1863.0	1.0	1.0	-0.773332792959919	0.00081143946734288	False	False	False	False	False	False	False	False
paper_1616	1619	chr2	529256	529516	3	261	hyper	ENSG00000151353	TMEM18	148052.0	7.0	7.0	0.049773140750574	0.820456164655545	False	False	False	False	False	False	False	False
paper_1617	1620	chr2	947711	947834	3	124	hypo	ENSG00000172554	SNTG2	1218.0	7.0	7.0	-0.313066320690746	0.716715621897023	False	False	False	False	False	False	False	False
paper_1618	1621	chr2	3226981	3227256	6	276	hypo	ENSG00000032389	TSSC1	34422.0	5.0	4.0	-0.843577531572574	7.69738235072607e-06	True	True	True	False	False	False	False	False
paper_1619	1622	chr2	7474272	7474313	4	42	hypo	ENSG00000151692	RNF144A	416769.0	7.0	7.0	1.28013056981121	6.14812888906997e-10	False	False	False	False	False	False	False	False
paper_1620	1623	chr2	7576416	7576889	7	474	hypo	ENSG00000151692	RNF144A	519129.0	7.0	4.0	1.28013056981121	6.14812888906997e-10	True	True	True	False	True	True	True	False
paper_1621	1624	chr2	7749892	7750013	4	122	hypo	ENSG00000151692	RNF144A	692429.0	7.0	7.0	1.28013056981121	6.14812888906997e-10	False	False	False	False	False	False	False	False
paper_1622	1625	chr2	8388611	8388810	6	200	hypo	ENSG00000115738	ID2	430263.0	4.0	4.0	4.48558522563684	4.09434990424846e-18	False	False	False	False	False	False	False	False
paper_1623	1626	chr2	8391281	8391458	4	178	hypo	ENSG00000115738	ID2	427604.0	4.0	4.0	4.48558522563684	4.09434990424846e-18	False	False	False	False	False	False	False	False
paper_1624	1627	chr2	8549000	8549088	5	89	hypo	ENSG00000115738	ID2	269929.0	4.0	4.0	4.48558522563684	4.09434990424846e-18	False	False	False	False	False	False	False	False
paper_1625	1628	chr2	8654946	8655330	5	385	hypo	ENSG00000115738	ID2	163835.0	4.0	4.0	4.48558522563684	4.09434990424846e-18	False	False	False	False	False	False	False	False
paper_1626	1629	chr2	8659073	8659553	5	481	hypo	ENSG00000115738	ID2	159660.0	4.0	4.0	4.48558522563684	4.09434990424846e-18	False	False	False	False	False	False	False	False
paper_1627	1630	chr2	8804640	8804917	5	278	hyper	ENSG00000115738	ID2	14195.0	7.0	7.0	4.48558522563684	4.09434990424846e-18	False	False	False	False	False	False	False	False
paper_1628	1631	chr2	8915457	8915562	4	106	hypo	ENSG00000134313	KIDINS220	46450.0	5.0	4.0	0.569633545099997	0.0632226608504089	True	True	True	True	True	True	True	True
paper_1629	1632	chr2	10130253	10130578	5	326	hypo	ENSG00000134317	GRHL1	45074.0	4.0	4.0	2.35942479197213	9.83394919593251e-22	False	False	False	False	False	False	False	False
paper_1630	1633	chr2	10374838	10374901	4	64	hyper	ENSG00000115756	HPCAL1	68144.0	7.0	7.0	-1.6404158594823	1.57148609330703e-10	False	False	False	False	False	False	False	False
paper_1631	1634	chr2	10848057	10848134	4	78	hypo	ENSG00000143882	ATP6V1C2	13678.0	7.0	7.0	-0.0126608317521165	0.97718736443067	False	False	False	False	False	False	False	False
paper_1632	1635	chr2	10972861	10973003	4	143	hyper	ENSG00000143870	PDIA6	48945.0	7.0	7.0	-0.836370547034416	0.00354663608558878	False	False	False	False	False	False	False	False
paper_1633	1636	chr2	11021170	11021200	3	31	hypo	ENSG00000162975	KCNF1	30876.0	3.0	1.0	-1.86338177208244		False	False	False	False	False	False	False	False
paper_1634	1637	chr2	11342425	11342496	3	72	hypo	ENSG00000134318	ROCK2	22573.0	6.0	4.0	1.48983397297249	2.22282075654864e-09	False	False	False	False	False	False	False	False
paper_1635	1638	chr2	12159041	12159150	3	110	hypo	ENSG00000134324	LPIN1	341374.0	7.0	7.0	-0.296750110067205	0.10361555355072	False	False	False	False	False	False	False	False
paper_1636	1639	chr2	13816344	13816495	3	152	hyper	ENSG00000162981	FAM84A	956389.0	7.0	7.0	2.00132826635924		False	False	False	False	False	False	False	False
paper_1637	1640	chr2	15984386	15984502	3	117	hyper	ENSG00000134323	MYCN	96240.0	7.0	7.0	0.46942480030209	0.419192553296383	False	False	False	False	False	False	False	False
paper_1638	1641	chr2	16228331	16228441	3	111	hyper	ENSG00000134323	MYCN	147700.0	7.0	7.0	0.46942480030209	0.419192553296383	False	False	False	False	False	False	False	False
paper_1639	1642	chr2	16833860	16834043	6	184	hypo	ENSG00000197872	FAM49A	88659.0	4.0	3.0	2.42498666701989	3.41141583864749e-33	False	False	False	False	False	False	False	False
paper_1640	1643	chr2	18562273	18562448	3	176	hyper	ENSG00000240857	RDH14	179585.0	4.0	5.0	0.478363362379569	0.0737110664923163	False	False	False	False	False	False	False	False
paper_1641	1644	chr2	18716650	18716904	3	255	hypo	ENSG00000240857	RDH14	25168.0	7.0	7.0	0.478363362379569	0.0737110664923163	False	False	False	False	False	False	False	False
paper_1642	1645	chr2	19286187	19286267	3	81	hyper	ENSG00000143867	OSR1	272186.0	7.0	7.0	-0.094108189361807		False	False	False	False	False	False	False	False
paper_1643	1646	chr2	20223525	20224078	5	554	hypo	ENSG00000132031	MATN3	11345.0	4.0	3.0	3.38870155339771	0.0121229244672391	False	False	False	False	False	False	False	False
paper_1644	1647	chr2	20792007	20792124	7	118	hyper	ENSG00000118960	HS1BP3	58783.0	5.0	5.0	-0.188675855076729	0.388185170955445	False	False	False	False	False	False	False	False
paper_1645	1648	chr2	23572941	23573106	3	166	hypo	ENSG00000119771	KLHL29	35063.0	7.0	7.0	0.254148660667662	0.547643920722114	False	False	False	False	False	False	False	False
paper_1646	1649	chr2	24232541	24232603	5	63	hyper	ENSG00000205639	MFSD2B	377.0	7.0	2.0	-0.651890104911953	0.0472844265230959	False	False	False	False	False	False	False	False
paper_1647	1650	chr2	25096697	25096768	5	72	hyper	ENSG00000138031	ADCY3	54694.0	7.0	5.0	-0.763332839999473	0.0107309077251568	False	False	False	False	False	False	False	False
paper_1648	1651	chr2	25161610	25161688	3	79	hyper	ENSG00000138031	ADCY3	18940.0	7.0	7.0	-0.763332839999473	0.0107309077251568	False	False	False	False	False	False	False	False
paper_1649	1652	chr2	25220261	25220340	4	80	hypo	ENSG00000115137	DNAJC27	25336.0	7.0	7.0	0.0946420510252946	0.814972705846397	False	False	False	False	False	False	False	False
paper_1650	1653	chr2	25627377	25627451	3	75	hyper	ENSG00000138101	DTNB	27302.0	7.0	7.0	-0.899944239252352	0.0120219262069052	False	False	False	False	False	False	False	False
paper_1651	1654	chr2	26831525	26831685	5	161	hypo	ENSG00000157884	CIB4	27535.0	7.0	7.0			False	False	False	False	False	False	False	False
paper_1652	1655	chr2	27098012	27098147	3	136	hypo	ENSG00000157851	DPYSL5	27464.0	5.0	5.0	-0.0678505067134089	0.937097385705423	False	False	False	False	False	False	False	False
paper_1653	1656	chr2	27110714	27110807	3	94	hyper	ENSG00000157851	DPYSL5	40145.0	5.0	5.0	-0.0678505067134089	0.937097385705423	False	False	False	False	False	False	False	False
paper_1654	1657	chr2	27346888	27346959	4	72	hyper	ENSG00000143994	ABHD1	232.0	7.0	2.0	-1.12790894708452	0.170528137656948	False	False	False	False	False	False	False	False
paper_1655	1658	chr2	27358684	27358798	3	115	hypo	ENSG00000138073	PREB	1197.0	7.0	4.0	-0.714841410674595	0.000262827826294604	False	False	False	False	False	False	False	False
paper_1656	1659	chr2	27398580	27398604	4	25	hyper	ENSG00000163792	TCF23	26720.0	7.0	7.0			False	False	False	False	False	False	False	False
paper_1657	1660	chr2	27436068	27436132	4	65	hyper	ENSG00000138085	ATRAID	1205.0	3.0	1.0	-0.582771117844917	0.00139433504690049	False	False	False	False	False	False	False	False
paper_1658	1661	chr2	28655427	28655500	3	74	hypo	ENSG00000163803	PLB1	24547.0	1.0	3.0	-2.40281341514478	2.79456872573164e-18	False	False	False	False	False	False	False	False
paper_1659	1662	chr2	28703318	28703437	3	120	hyper	ENSG00000163803	PLB1	23365.0	7.0	7.0	-2.40281341514478	2.79456872573164e-18	False	False	False	False	False	False	False	False
paper_1660	1663	chr2	29033039	29033100	4	62	hypo	ENSG00000163806	SPDYA	614.0	2.0	3.0	0.610876026188398	0.0484756452969029	False	False	False	False	False	False	False	False
paper_1661	1664	chr2	29541191	29541299	4	109	hyper	ENSG00000171094	ALK	125605.0	3.0	5.0	0.330343134307393	0.781598259599076	False	False	False	False	False	False	False	False
paper_1662	1665	chr2	29577136	29577174	3	39	hyper	ENSG00000171094	ALK	161515.0	7.0	7.0	0.330343134307393	0.781598259599076	False	False	False	False	False	False	False	False
paper_1663	1666	chr2	30238072	30238119	3	48	hyper	ENSG00000171094	ALK	93662.0	7.0	7.0	0.330343134307393	0.781598259599076	False	False	False	False	False	False	False	False
paper_1664	1667	chr2	30359813	30359848	3	36	hypo	ENSG00000119801	YPEL5	9975.0	7.0	7.0	2.82127853093649	8.57047461153268e-42	True	False	False	False	False	False	False	False
paper_1665	1668	chr2	30372744	30372817	3	74	hypo	ENSG00000119801	YPEL5	2973.0	3.0	1.0	2.82127853093649	8.57047461153268e-42	True	False	False	False	False	False	False	False
paper_1666	1669	chr2	30446558	30446790	4	233	hyper	ENSG00000213626	LBH	7721.0	5.0	5.0	0.383269386708692	0.510831736059737	False	False	False	False	False	False	False	False
paper_1667	1670	chr2	30806495	30806809	3	315	hyper	ENSG00000172954	LCLAT1	136560.0	7.0	7.0	-0.609649999712714	0.012430549052282	False	False	False	False	False	False	False	False
paper_1668	1671	chr2	32785114	32785401	3	288	hypo	ENSG00000115760	BIRC6	203161.0	6.0	6.0	0.693597742469103	0.0232967553016567	False	False	False	False	False	False	False	False
paper_1669	1672	chr2	33756408	33756796	8	389	hypo	ENSG00000152689	RASGRP3	95211.0	5.0	3.0	0.300983639261139	0.214815093730751	True	True	True	False	True	True	True	True
paper_1670	1673	chr2	35620413	35620623	4	211	hyper	ENSG00000150938	CRIM1	962549.0	7.0	7.0	2.31294216261939	3.14402819628633e-07	False	False	False	False	False	False	False	False
paper_1671	1674	chr2	36831892	36831898	3	7	hyper	ENSG00000171055	FEZ2	49064.0	7.0	7.0	-0.711632527675648	0.000340429916182625	False	False	False	False	False	False	False	False
paper_1672	1675	chr2	37117112	37117174	3	63	hyper	ENSG00000115808	STRN	46360.0	5.0	5.0	0.431819232061136	0.197142727883592	False	False	False	False	False	False	False	False
paper_1673	1676	chr2	37593885	37594079	6	195	hyper	ENSG00000115828	QPCT	22265.0	5.0	5.0	-0.653815936522257	0.148968469566737	False	False	False	False	False	False	False	False
paper_1674	1677	chr2	37760781	37761026	4	246	hyper	ENSG00000115828	QPCT	189186.0	7.0	7.0	-0.653815936522257	0.148968469566737	False	False	False	False	False	False	False	False
paper_1675	1678	chr2	38605245	38605337	3	93	hyper	ENSG00000119787	ATL2	863.0	7.0	7.0	0.290953044947188	0.225787941808777	False	False	False	False	False	False	False	False
paper_1676	1679	chr2	38763683	38763697	3	15	hyper	ENSG00000143889	HNRNPLL	66487.0	1.0	2.0	-0.791552109280272	2.8853993770311e-05	False	False	False	False	False	False	False	False
paper_1677	1680	chr2	44353240	44353549	3	310	hyper	ENSG00000138032	PPM1B	41712.0	7.0	7.0	1.17470063466566	7.02907500750414e-06	False	False	False	False	False	False	False	False
paper_1678	1681	chr2	44518635	44518930	5	296	hyper	ENSG00000138079	SLC3A1	16183.0	5.0	5.0	0.511094739787342	0.150244510200909	False	False	False	False	False	False	False	False
paper_1679	1682	chr2	46523549	46523577	4	29	hyper	ENSG00000116016	EPAS1	182.0	3.0	5.0	-0.913128195831292	0.0328843071459495	False	False	False	False	False	False	False	False
paper_1680	1683	chr2	46636133	46636200	4	68	hyper	ENSG00000187600	TMEM247	70557.0	7.0	7.0			False	False	False	False	False	False	False	False
paper_1681	1684	chr2	46861432	46861759	4	328	hypo	ENSG00000119878	CRIPT	17305.0	7.0	7.0	0.462763126051012	0.0267502065843131	False	False	False	False	False	False	False	False
paper_1682	1685	chr2	47229955	47230193	5	239	hyper	ENSG00000068724	TTC7A	86778.0	5.0	5.0	-1.73172283292756	5.98669566933576e-09	False	False	False	False	False	False	False	False
paper_1683	1686	chr2	47406784	47406858	3	75	hyper	ENSG00000143933	CALM2	3080.0	7.0	7.0	0.872515200338756	1.18989772556497e-05	False	False	False	False	False	False	False	False
paper_1684	1687	chr2	47428232	47428517	3	286	hypo	ENSG00000143933	CALM2	24633.0	4.0	4.0	0.872515200338756	1.18989772556497e-05	False	False	False	False	False	False	False	False
paper_1685	1688	chr2	48338208	48338217	3	10	hyper	ENSG00000170802	FOXN2	203562.0	4.0	3.0	2.06521561249557	1.45461372399045e-14	False	False	False	False	False	False	False	False
paper_1686	1689	chr2	54749916	54749983	3	68	hyper	ENSG00000115306	SPTBN1	66527.0	7.0	7.0	0.761677646239683	0.0105895403048369	False	False	False	False	False	False	False	False
paper_1687	1690	chr2	54857174	54857270	4	97	hypo	ENSG00000115306	SPTBN1	173800.0	6.0	5.0	0.761677646239683	0.0105895403048369	False	False	False	False	False	False	False	False
paper_1688	1691	chr2	58259373	58259697	3	325	hyper	ENSG00000028116	VRK2	124749.0	4.0	4.0	0.968272257972911	7.66290116837822e-07	False	False	False	False	False	False	False	False
paper_1689	1692	chr2	60715593	60715868	3	276	hypo	ENSG00000119866	BCL11A	37428.0	7.0	4.0	1.61501666760578	5.73384964179985e-08	False	False	False	False	False	False	False	False
paper_1690	1693	chr2	61083576	61083779	3	204	hypo	ENSG00000162924	REL	24977.0	4.0	3.0	4.92982777764036	1.08829433705762e-27	False	False	False	False	False	False	False	False
paper_1691	1694	chr2	61393555	61393828	4	274	hyper	ENSG00000173209	AHSA2	10860.0	5.0	5.0	-0.318049315084795	0.0771006578567317	False	False	False	False	False	False	False	False
paper_1692	1695	chr2	61927791	61927835	3	45	hypo	ENSG00000170264	FAM161A	153464.0	7.0	7.0	0.0867770820948145	0.822105837837674	False	False	False	False	False	False	False	False
paper_1693	1696	chr2	61928136	61928207	3	72	hypo	ENSG00000170264	FAM161A	153106.0	7.0	7.0	0.0867770820948145	0.822105837837674	False	False	False	False	False	False	False	False
paper_1694	1697	chr2	62683985	62684036	3	52	hyper	ENSG00000186889	TMEM17	49465.0	2.0	2.0	-0.081295341377348	0.841504676473166	False	False	False	False	False	False	False	False
paper_1695	1698	chr2	64552998	64553381	5	384	hypo	ENSG00000119862	LGALSL	127912.0	5.0	4.0	0.355860996148107	0.598184745185152	False	False	False	False	False	False	False	False
paper_1696	1699	chr2	65521133	65521487	8	355	hypo	ENSG00000138071	ACTR2	66423.0	7.0	3.0	0.0626635648746699	0.851370456901009	True	True	True	False	True	True	True	True
paper_1697	1700	chr2	65644915	65645014	3	100	hypo	ENSG00000198369	SPRED2	83201.0	6.0	1.0	4.18260849149574	3.70726258833565e-23	False	False	False	False	False	False	False	False
paper_1698	1701	chr2	68518104	68518291	4	188	hyper	ENSG00000119865	CNRIP1	28940.0	4.0	5.0	-1.10396939517852	0.000565090767003031	False	False	False	False	False	False	False	False
paper_1699	1702	chr2	68585293	68585614	5	322	hyper	ENSG00000115956	PLEK	6850.0	5.0	5.0	1.94231459071012	5.5399370436269e-16	False	False	False	False	False	False	False	False
paper_1700	1703	chr2	68966727	68966853	4	127	hypo	ENSG00000163219	ARHGAP25	60057.0	3.0	3.0	0.75799962254031	0.00012753044507039	False	False	False	False	False	False	False	False
paper_1701	1704	chr2	69664991	69665132	3	142	hypo	ENSG00000169599	NFU1	300.0	3.0	3.0	0.21191337183873	0.285853016833744	False	False	False	False	False	False	False	False
paper_1702	1705	chr2	70175826	70175868	4	43	hyper	ENSG00000244617	ASPRV1	13549.0	7.0	7.0	-0.908766214074413	0.0107686908657726	False	False	False	False	False	False	False	False
paper_1703	1706	chr2	70342852	70342901	3	50	hyper	ENSG00000169564	PCBP1	28291.0	4.0	3.0	0.722525285162125	1.6627687857056e-06	False	False	False	False	False	False	False	False
paper_1704	1707	chr2	70368312	70368460	4	149	hypo	ENSG00000115998	C2orf42	49816.0	3.0	3.0	0.187204108572494	0.336522707728738	False	False	False	False	False	False	False	False
paper_1705	1708	chr2	70395709	70395777	3	69	hypo	ENSG00000115998	C2orf42	18731.0	6.0	6.0	0.187204108572494	0.336522707728738	False	False	False	False	False	False	False	False
paper_1706	1709	chr2	70745304	70745822	6	519	hypo	ENSG00000163235	TGFA	71151.0	4.0	3.0	3.51216202045156	3.42649947171418e-20	False	False	False	False	True	True	True	False
paper_1707	1710	chr2	73181675	73181926	7	252	hyper	ENSG00000144040	SFXN5	12635.0	5.0	5.0	-1.29828085853914	3.46554412736983e-07	False	False	False	False	False	False	False	False
paper_1708	1711	chr2	74374198	74374279	4	82	hypo	ENSG00000163170	BOLA3	11713.0	3.0	3.0	-0.731718733859474	0.00263280798502229	False	False	False	False	False	False	False	False
paper_1709	1712	chr2	74532060	74532107	3	48	hypo	ENSG00000188687	SLC4A5	19171.0	7.0	7.0	1.33893271127937	5.18164929612691e-08	False	False	False	False	False	False	False	False
paper_1710	1713	chr2	74704393	74704566	4	174	hyper	ENSG00000135637	CCDC142	3562.0	5.0	5.0	-0.515607482800026	0.00238825456880769	False	False	False	False	False	False	False	False
paper_1711	1714	chr2	83065084	83065254	3	171	hyper	ENSG00000163541	SUCLG1	1621434.0	7.0	7.0	-0.72214389639163	0.000610320534102319	False	False	False	False	False	False	False	False
paper_1712	1715	chr2	85186394	85186642	4	249	hyper	ENSG00000176407	KCMF1	11696.0	5.0	5.0	0.226913826783467	0.207221179639077	False	False	False	False	False	False	False	False
paper_1713	1716	chr2	85513036	85513112	4	77	hypo	ENSG00000152284	TCF7L1	152541.0	7.0	7.0	0.471874575398343	0.323996769821792	False	False	False	False	False	False	False	False
paper_1714	1717	chr2	85545784	85546134	5	351	hypo	ENSG00000152291	TGOLN2	812.0	7.0	5.0	-0.40322754720056	0.0907977227229836	False	False	False	False	False	False	False	False
paper_1715	1718	chr2	86038234	86038325	5	92	hypo	ENSG00000168874	ATOH8	57262.0	7.0	7.0	3.11623132642951	0.000184555668028112	False	False	False	False	False	False	False	False
paper_1716	1719	chr2	86067277	86067398	3	122	hyper	ENSG00000115525	ST3GAL5	1070.0	5.0	5.0	0.899507875456664	0.000462861651470265	False	False	False	False	False	False	False	False
paper_1717	1720	chr2	86190919	86191106	3	188	hyper	ENSG00000115525	ST3GAL5	74874.0	7.0	7.0	0.899507875456664	0.000462861651470265	False	False	False	False	False	False	False	False
paper_1718	1721	chr2	86464456	86464542	3	87	hypo	ENSG00000068615	REEP1	23377.0	7.0	7.0	0.622157906039281	0.481778517617037	True	True	True	False	True	True	True	False
paper_1719	1722	chr2	86595154	86595226	3	73	hyper	ENSG00000068615	REEP1	29983.0	5.0	7.0	0.622157906039281	0.481778517617037	False	False	False	False	False	False	False	False
paper_1720	1723	chr2	86952758	86952765	3	8	hyper	ENSG00000153561	RMND5A	5465.0	7.0	7.0	0.100089821601376	0.750887348370635	False	False	False	False	False	False	False	False
paper_1721	1724	chr2	87034305	87034422	4	118	hypo	ENSG00000153563	CD8A	22634.0	7.0	7.0	1.1978380752809	7.48471142512897e-07	False	False	False	False	False	False	False	False
paper_1722	1725	chr2	87059181	87059339	3	159	hyper	ENSG00000172116	CD8B	16798.0	7.0	7.0	0.587985841706243	0.41837590489081	False	False	False	False	False	False	False	False
paper_1723	1726	chr2	87883528	87883563	4	36	hypo	ENSG00000125551	PLGLB2	164059.0	7.0	7.0	0.314060149651381		False	False	False	False	False	False	False	False
paper_1724	1727	chr2	88649898	88649955	7	58	hypo	ENSG00000172073	TEX37	174241.0	7.0	7.0			False	False	False	False	False	False	False	False
paper_1725	1728	chr2	89448876	89448964	3	89	hyper	ENSG00000239951	IGKV3-20	6276.0	7.0	7.0	1.07885540512636	0.0690344562308104	False	False	False	False	False	False	False	False
paper_1726	1729	chr2	95681368	95681424	4	57	hyper	ENSG00000172005	MAL	10031.0	2.0	5.0	0.288463619117473	0.401654745609467	False	False	False	False	False	False	False	False
paper_1727	1730	chr2	96852799	96852995	4	197	hyper	ENSG00000084090	STARD7	21665.0	5.0	5.0	0.118304173311059	0.613624501358651	False	False	False	False	False	False	False	False
paper_1728	1731	chr2	97171137	97171293	4	157	hypo	ENSG00000196843	ARID5A	31269.0	4.0	3.0	1.24754654989733	9.12658499543928e-06	False	False	False	False	False	False	False	False
paper_1729	1732	chr2	97341994	97342190	3	197	hyper	ENSG00000114982	KANSL3	33567.0	7.0	4.0	1.74139824392689	2.8289172268926e-25	False	False	False	False	False	False	False	False
paper_1730	1733	chr2	97435656	97435833	4	178	hyper	ENSG00000158158	CNNM4	9105.0	5.0	5.0	1.15738632621825	9.94815057896682e-06	False	False	False	False	False	False	False	False
paper_1731	1734	chr2	97547272	97547687	5	416	hypo	ENSG00000168754	FAM178B	5859.0	5.0	5.0	0.974167094389572	0.189626196962021	False	False	False	False	False	False	False	False
paper_1732	1735	chr2	98164447	98164532	3	86	hyper	ENSG00000135940	COX5B	98012.0	7.0	7.0	-1.4534352387567	4.81202560726342e-09	False	False	False	False	False	False	False	False
paper_1733	1736	chr2	98273405	98273607	4	203	hypo	ENSG00000115073	ACTR1B	1075.0	5.0	5.0	-0.498657410835734	0.000332784570303338	False	False	False	False	False	False	False	False
paper_1734	1737	chr2	98289152	98289322	3	171	hyper	ENSG00000115073	ACTR1B	8666.0	7.0	7.0	-0.498657410835734	0.000332784570303338	False	False	False	False	False	False	False	False
paper_1735	1738	chr2	99029070	99029185	3	116	hypo	ENSG00000040933	INPP4A	32188.0	7.0	7.0	-0.783343095935715	0.0217146130919253	False	False	False	False	False	False	False	False
paper_1736	1739	chr2	99606019	99606036	3	18	hyper	ENSG00000196872	KIAA1211L	53304.0	7.0	7.0	-4.80974497411477	1.66928917526759e-15	False	False	False	False	False	False	False	False
paper_1737	1740	chr2	99718455	99718631	4	177	hyper	ENSG00000135951	TSGA10	104819.0	7.0	7.0	-0.44509672776082	0.223958171511974	False	False	False	False	False	False	False	False
paper_1738	1741	chr2	100755127	100755355	4	229	hypo	ENSG00000144218	AFF3	131442.0	7.0	7.0	-0.112553853354596	0.891286371485691	False	False	False	False	False	False	False	False
paper_1739	1742	chr2	101011804	101012089	12	286	hypo	ENSG00000115526	CHST10	3619.0	7.0	4.0	1.97699338066514	1.19553667355926e-07	True	True	True	False	True	True	True	False
paper_1740	1743	chr2	101036465	101036605	3	141	hyper	ENSG00000115526	CHST10	2416.0	5.0	5.0	1.97699338066514	1.19553667355926e-07	False	False	False	False	False	False	False	False
paper_1741	1744	chr2	101206874	101207015	3	142	hypo	ENSG00000115539	PDCL3	27792.0	7.0	7.0	1.41185807635011	0.000251324748585418	False	False	False	False	False	False	False	False
paper_1742	1745	chr2	101996822	101996908	4	87	hyper	ENSG00000175874	CREG2	34852.0	5.0	5.0	0.407330187604751	0.377097825022106	False	False	False	False	False	False	False	False
paper_1743	1746	chr2	102187566	102187572	3	7	hypo	ENSG00000196460	RFX8	96403.0	7.0	7.0	4.67470282358526	0.0012717918987754	False	False	False	False	False	False	False	False
paper_1744	1747	chr2	102246790	102247002	8	213	hypo	ENSG00000071054	MAP4K4	66414.0	5.0	4.0	3.13939946356983	9.91493237271399e-21	True	True	True	False	False	False	False	False
paper_1745	1748	chr2	102254700	102254767	3	68	hypo	ENSG00000071054	MAP4K4	58577.0	4.0	4.0	3.13939946356983	9.91493237271399e-21	False	False	False	False	False	False	False	False
paper_1746	1749	chr2	102364910	102365077	4	168	hyper	ENSG00000071054	MAP4K4	51681.0	3.0	3.0	3.13939946356983	9.91493237271399e-21	False	False	False	False	False	False	False	False
paper_1747	1750	chr2	106402781	106402930	4	150	hypo	ENSG00000071051	NCK2	41501.0	5.0	5.0	3.10562453546481	2.56505817863461e-19	False	False	False	False	False	False	False	False
paper_1748	1751	chr2	106480856	106480950	3	95	hypo	ENSG00000071051	NCK2	119549.0	7.0	4.0	3.10562453546481	2.56505817863461e-19	False	False	False	False	False	False	False	False
paper_1749	1752	chr2	106785018	106785296	4	279	hyper	ENSG00000115652	UXS1	75398.0	5.0	4.0	1.19258315163421	9.86084299643061e-12	False	False	False	False	False	False	False	False
paper_1750	1753	chr2	106997459	106997482	3	24	hyper	ENSG00000153165	RGPD3	87361.0	7.0	7.0	2.21125678684675	0.0216791199554545	False	False	False	False	False	False	False	False
paper_1751	1754	chr2	108553191	108553434	3	244	hyper	ENSG00000115665	SLC5A7	49665.0	7.0	7.0			False	False	False	False	False	False	False	False
paper_1752	1755	chr2	110265400	110265640	5	241	hyper	ENSG00000186522	2015-09-10 00:00:00	106262.0	7.0	7.0	0.767457573824453	0.00446798985303322	False	False	False	False	False	False	False	False
paper_1753	1756	chr2	110315648	110315927	4	280	hyper	ENSG00000186522	2015-09-10 00:00:00	15228.0	7.0	4.0	0.767457573824453	0.00446798985303322	False	False	False	False	False	False	False	False
paper_1754	1757	chr2	111933177	111933317	3	141	hypo	ENSG00000153094	BCL2L11	56292.0	5.0	5.0	1.80323734416125	5.15120626546795e-06	False	False	False	False	False	False	False	False
paper_1755	1758	chr2	112060570	112060640	3	71	hyper	ENSG00000153094	BCL2L11	183650.0	7.0	7.0	1.80323734416125	5.15120626546795e-06	False	False	False	False	False	False	False	False
paper_1756	1759	chr2	112188574	112188885	3	312	hyper	ENSG00000153094	BCL2L11	311774.0	7.0	7.0	1.80323734416125	5.15120626546795e-06	False	False	False	False	False	False	False	False
paper_1757	1760	chr2	112280012	112280307	3	296	hypo	ENSG00000153107	ANAPC1	362107.0	5.0	4.0	-0.0987595674336186	0.682902164217197	False	False	False	False	False	False	False	False
paper_1758	1761	chr2	114025027	114025250	3	224	hypo	ENSG00000125618	PAX8	51564.0	5.0	7.0	0.708198622677546	0.00850261104143393	False	False	False	False	False	False	False	False
paper_1759	1762	chr2	114769434	114769576	3	143	hyper	ENSG00000115091	ACTR3	121968.0	5.0	5.0	0.377735990682514	0.138409270751845	False	False	False	False	False	False	False	False
paper_1760	1763	chr2	120239785	120240049	7	265	hypo	ENSG00000080293	SCTR	42498.0	5.0	5.0	-5.94564543681777	0.00303625781083065	False	False	False	False	False	False	False	False
paper_1761	1764	chr2	121060410	121060497	7	88	hyper	ENSG00000163083	INHBB	43264.0	6.0	6.0	1.39343557566762	0.181728792456879	False	False	False	False	False	False	False	False
paper_1762	1765	chr2	121499839	121499893	3	55	hyper	ENSG00000074047	GLI2	6043.0	7.0	7.0	-0.041070753541667	0.984970453456532	False	False	False	False	False	False	False	False
paper_1763	1766	chr2	121747371	121747529	4	159	hypo	ENSG00000074047	GLI2	253627.0	7.0	7.0	-0.041070753541667	0.984970453456532	False	False	False	False	False	False	False	False
paper_1764	1767	chr2	122130471	122130899	7	429	hypo	ENSG00000074054	CLASP1	35333.0	5.0	4.0	0.553141616146603	0.0211696662186027	False	False	False	False	False	False	False	False
paper_1765	1768	chr2	122281450	122281672	4	223	hypo	ENSG00000074054	CLASP1	186209.0	6.0	6.0	0.553141616146603	0.0211696662186027	False	False	False	False	False	False	False	False
paper_1766	1769	chr2	122312068	122312138	3	71	hypo	ENSG00000074054	CLASP1	216751.0	5.0	5.0	0.553141616146603	0.0211696662186027	False	False	False	False	False	False	False	False
paper_1767	1770	chr2	122568545	122568630	3	86	hypo	ENSG00000211460	TSN	73908.0	7.0	7.0	-0.483086610198437	0.00162813563875046	False	False	False	False	False	False	False	False
paper_1768	1771	chr2	123641089	123641354	3	266	hyper	ENSG00000155052	CNTNAP5	1141641.0	7.0	7.0	3.56698976845108		False	False	False	False	False	False	False	False
paper_1769	1772	chr2	124610500	124610844	3	345	hypo	ENSG00000155052	CNTNAP5	172190.0	7.0	7.0	3.56698976845108		False	False	False	False	False	False	False	False
paper_1770	1773	chr2	127471441	127471880	4	440	hyper	ENSG00000136732	GYPC	58151.0	5.0	5.0	2.22756073802995	4.15217652125725e-12	False	False	False	False	False	False	False	False
paper_1771	1774	chr2	127477517	127477645	3	129	hypo	ENSG00000136732	GYPC	64072.0	5.0	7.0	2.22756073802995	4.15217652125725e-12	False	False	False	False	False	False	False	False
paper_1772	1775	chr2	127729016	127729097	3	82	hypo	ENSG00000237524	AC114783.1	72584.0	2.0	2.0	-0.64223198432363		False	False	False	False	False	False	False	False
paper_1773	1776	chr2	127928790	127929004	3	215	hypo	ENSG00000186684	CYP27C1	48756.0	5.0	7.0	0.00640720476402027	0.992077371751976	False	False	False	False	False	False	False	False
paper_1774	1777	chr2	127955507	127955790	9	284	hyper	ENSG00000186684	CYP27C1	11662.0	7.0	7.0	0.00640720476402027	0.992077371751976	False	False	False	False	False	False	False	False
paper_1775	1778	chr2	128557934	128558083	4	150	hypo	ENSG00000136709	WDR33	73782.0	7.0	4.0	0.6883833185949	7.76814309028743e-05	False	False	False	False	False	False	False	False
paper_1776	1779	chr2	129348810	129348881	4	72	hyper	ENSG00000136720	HS6ST1	272693.0	7.0	7.0	0.290680420572945	0.396996738025289	False	False	False	False	False	False	False	False
paper_1777	1780	chr2	129365295	129365332	3	38	hypo	ENSG00000136720	HS6ST1	289161.0	7.0	7.0	0.290680420572945	0.396996738025289	False	False	False	False	False	False	False	False
paper_1778	1781	chr2	129393233	129393374	3	142	hyper	ENSG00000136720	HS6ST1	317151.0	5.0	5.0	0.290680420572945	0.396996738025289	False	False	False	False	False	False	False	False
paper_1779	1782	chr2	129430248	129430266	3	19	hypo	ENSG00000136720	HS6ST1	354105.0	7.0	7.0	0.290680420572945	0.396996738025289	False	False	False	False	False	False	False	False
paper_1780	1783	chr2	129510245	129510271	3	27	hypo	ENSG00000136720	HS6ST1	434106.0	5.0	5.0	0.290680420572945	0.396996738025289	False	False	False	False	False	False	False	False
paper_1781	1784	chr2	130902884	130902921	4	38	hyper	ENSG00000152076	CCDC74B	194.0	7.0	7.0	-2.22974706779871	0.39086745642748	False	False	False	False	False	False	False	False
paper_1782	1785	chr2	132414835	132414857	3	23	hypo	ENSG00000197927	C2orf27A	65100.0	7.0	7.0	-0.8196092777763	0.204997510972674	False	False	False	False	False	False	False	False
paper_1783	1786	chr2	135034988	135035017	4	30	hyper	ENSG00000152127	MGAT5	157249.0	6.0	6.0	-0.542247871047836	0.0222388376656739	False	False	False	False	False	False	False	False
paper_1784	1787	chr2	136583275	136583481	5	207	hyper	ENSG00000115850	LCT	37968.0	7.0	7.0	-1.47880475795655	0.613671147235428	False	False	False	False	False	False	False	False
paper_1785	1788	chr2	137067689	137067953	5	265	hypo	ENSG00000121966	CXCR4	192085.0	4.0	4.0	4.16238165777262	1.39423235423942e-36	True	True	False	False	False	False	False	False
paper_1786	1789	chr2	138739074	138739132	3	59	hypo	ENSG00000150540	HNMT	17513.0	5.0	4.0	-1.37123267793788	9.07631537133502e-05	False	False	False	False	False	False	False	False
paper_1787	1790	chr2	144253520	144253814	5	295	hypo	ENSG00000075884	ARHGAP15	404736.0	7.0	7.0	-2.09377389267852	1.26549229336171e-19	False	False	False	False	False	False	False	False
paper_1788	1791	chr2	146870520	146870543	3	24	hyper	ENSG00000169554	ZEB2	1591909.0	7.0	7.0	0.113967384984165	0.805989264847859	False	False	False	False	False	False	False	False
paper_1789	1792	chr2	148657391	148657673	3	283	hypo	ENSG00000121989	ACVR2A	55446.0	5.0	3.0	1.23324117138613	1.73543311214003e-06	False	False	False	False	False	False	False	False
paper_1790	1793	chr2	152045799	152045803	3	5	hyper	ENSG00000184898	RBM43	72591.0	7.0	7.0	0.871809008207112	0.0228888098500157	False	False	False	False	False	False	False	False
paper_1791	1794	chr2	152163031	152163155	4	125	hyper	ENSG00000123609	NMI	16521.0	7.0	7.0	0.509207257413164	0.0472445250458627	False	False	False	False	False	False	False	False
paper_1792	1795	chr2	153080416	153080798	3	383	hypo	ENSG00000115145	STAM2	48100.0	5.0	5.0	0.280293684522246	0.30752649833869	False	False	False	False	False	False	False	False
paper_1793	1796	chr2	158233374	158233491	4	118	hypo	ENSG00000136541	ERMN	49206.0	7.0	7.0	0.863140642155255	2.18304845780583e-05	False	False	False	False	False	False	False	False
paper_1794	1797	chr2	159610479	159610678	3	200	hyper	ENSG00000163331	DAPL1	41249.0	5.0	2.0	-1.95297565063827	0.347143207417563	False	False	False	False	False	False	False	False
paper_1795	1798	chr2	159757760	159758010	3	251	hyper	ENSG00000115183	TANC1	67259.0	7.0	7.0	1.92733334234878	9.18530303428473e-06	False	False	False	False	False	False	False	False
paper_1796	1799	chr2	161064005	161064190	4	186	hypo	ENSG00000115221	ITGB6	7281.0	4.0	3.0	2.28225299300364	0.000652866709220179	False	False	False	False	False	False	False	False
paper_1797	1800	chr2	161125816	161125934	3	119	hypo	ENSG00000115221	ITGB6	69059.0	4.0	3.0	2.28225299300364	0.000652866709220179	False	False	False	False	False	False	False	False
paper_1798	1801	chr2	161127019	161127052	3	34	hypo	ENSG00000115221	ITGB6	70219.0	4.0	3.0	2.28225299300364	0.000652866709220179	False	False	False	False	False	False	False	False
paper_1799	1802	chr2	162197826	162197845	6	20	hyper	ENSG00000115233	PSMD14	33286.0	7.0	7.0	0.254315157541464	0.26397934247154	False	False	False	False	True	True	False	False
paper_1800	1803	chr2	163027484	163027569	4	86	hyper	ENSG00000078098	FAP	326.0	7.0	7.0	3.3564891683843	4.77049957712345e-06	False	False	False	False	False	False	False	False
paper_1801	1804	chr2	166468344	166468477	3	134	hypo	ENSG00000178662	CSRNP3	142253.0	7.0	7.0	-2.26067810396835		False	False	False	False	False	False	False	False
paper_1802	1805	chr2	169261362	169261705	3	344	hypo	ENSG00000172292	CERS6	50837.0	2.0	3.0	2.55758909683492	6.88862941145966e-15	False	False	False	False	False	False	False	False
paper_1803	1806	chr2	169543192	169543296	3	105	hyper	ENSG00000172292	CERS6	230872.0	5.0	5.0	2.55758909683492	6.88862941145966e-15	False	False	False	False	False	False	False	False
paper_1804	1807	chr2	170604998	170605139	3	142	hypo	ENSG00000213160	KLHL23	54070.0	7.0	7.0	0.877381317273572	0.014726503805792	False	False	False	False	False	False	False	False
paper_1805	1808	chr2	173033703	173033806	3	104	hyper	ENSG00000115844	DLX2	66125.0	7.0	7.0	0.269735915540751	0.928698469801688	False	False	False	False	False	False	False	False
paper_1806	1809	chr2	173419622	173419736	3	115	hypo	ENSG00000152256	PDK1	420.0	5.0	3.0	0.707621473574592	0.0093690106857265	True	False	False	False	False	False	False	False
paper_1807	1810	chr2	173507269	173507491	4	223	hypo	ENSG00000152256	PDK1	87279.0	5.0	7.0	0.707621473574592	0.0093690106857265	False	False	False	False	False	False	False	False
paper_1808	1811	chr2	173966251	173966753	4	503	hypo	ENSG00000091436	MLTK	26339.0	7.0	4.0	0.398485016744552	0.260663985950786	False	False	False	False	False	False	False	False
paper_1809	1812	chr2	174153442	174153507	3	66	hyper	ENSG00000144354	CDCA7	66072.0	5.0	5.0	0.203038102367375	0.659856222098533	False	False	False	False	False	False	False	False
paper_1810	1813	chr2	174449639	174449915	3	277	hyper	ENSG00000144354	CDCA7	230229.0	7.0	7.0	0.203038102367375	0.659856222098533	False	False	False	False	False	False	False	False
paper_1811	1814	chr2	175556014	175556591	4	578	hypo	ENSG00000115935	WIPF1	8674.0	5.0	4.0	0.85937323689236	9.05249466431133e-06	False	False	False	False	True	True	True	True
paper_1812	1815	chr2	175573523	175573555	3	33	hyper	ENSG00000115935	WIPF1	25911.0	7.0	7.0	0.85937323689236	9.05249466431133e-06	False	False	False	False	False	False	False	False
paper_1813	1816	chr2	178938329	178938677	3	349	hyper	ENSG00000128655	PDE11A	445706.0	5.0	5.0	0.48642486028108	0.190719038114992	False	False	False	False	False	False	False	False
paper_1814	1817	chr2	179564949	179565075	3	127	hypo	ENSG00000155657	TTN	130516.0	7.0	7.0	2.69075183485578	1.17750985228687e-15	False	False	False	False	False	False	False	False
paper_1815	1818	chr2	180990036	180990197	6	162	hypo	ENSG00000163510	CWC22	118275.0	7.0	7.0	0.0282883399544925	0.907844224362757	False	False	False	False	False	False	False	False
paper_1816	1819	chr2	182030111	182030336	4	226	hypo	ENSG00000170035	UBE2E3	198248.0	5.0	4.0	-0.897576646338718	2.05053272552701e-05	False	False	False	False	False	False	False	False
paper_1817	1820	chr2	191320435	191320453	3	19	hypo	ENSG00000151690	MFSD6	47363.0	4.0	7.0	-1.98641008184765	8.6902512295202e-09	False	False	False	False	False	False	False	False
paper_1818	1821	chr2	191543211	191543671	4	461	hypo	ENSG00000138386	NAB1	31969.0	4.0	3.0	-0.147059136490025	0.738223095555397	False	False	False	False	False	False	False	False
paper_1819	1822	chr2	191657391	191658420	11	1030	hypo	ENSG00000115419	GLS	87646.0	7.0	4.0	2.09930586965059	1.55971143869989e-13	True	True	True	False	True	True	True	False
paper_1820	1823	chr2	191659124	191659420	5	297	hypo	ENSG00000115419	GLS	86279.0	5.0	4.0	2.09930586965059	1.55971143869989e-13	False	False	False	False	False	False	False	False
paper_1821	1824	chr2	192301475	192301756	3	282	hyper	ENSG00000128641	MYO1B	191704.0	4.0	5.0	2.20821485445373	0.00403337770997187	False	False	False	False	False	False	False	False
paper_1822	1825	chr2	196316500	196316554	3	55	hypo	ENSG00000196950	SLC39A10	124172.0	7.0	7.0	-0.798474160374276	0.0345427701389213	False	False	False	False	False	False	False	False
paper_1823	1826	chr2	196460749	196461094	4	346	hyper	ENSG00000196950	SLC39A10	20220.0	4.0	4.0	-0.798474160374276	0.0345427701389213	False	False	False	False	False	False	False	False
paper_1824	1827	chr2	196728045	196728211	3	167	hypo	ENSG00000118997	DNAH7	125701.0	5.0	5.0	1.01973085090917	0.130100089711028	False	False	False	False	False	False	False	False
paper_1825	1828	chr2	197213322	197213554	3	233	hypo	ENSG00000138411	HECW2	5057.0	5.0	5.0	1.32456483411068	0.00156588734699592	False	False	False	False	False	False	False	False
paper_1826	1829	chr2	197265062	197265222	3	161	hyper	ENSG00000138411	HECW2	56761.0	5.0	5.0	1.32456483411068	0.00156588734699592	False	False	False	False	False	False	False	False
paper_1827	1830	chr2	197615177	197615354	3	178	hypo	ENSG00000119041	GTF3C3	49183.0	7.0	7.0	0.49735188621336	0.0245683121667191	False	False	False	False	False	False	False	False
paper_1828	1831	chr2	198173898	198174109	3	212	hyper	ENSG00000065413	ANKRD44	183284.0	1.0	1.0	0.747472584691492	0.0326939511899347	False	False	False	False	False	False	False	False
paper_1829	1832	chr2	201202770	201202973	3	204	hypo	ENSG00000196141	SPATS2L	32267.0	5.0	7.0	-0.105846716090563	0.805296195437996	False	False	False	False	False	False	False	False
paper_1830	1833	chr2	201796123	201796319	3	197	hypo	ENSG00000115942	ORC2	22525.0	7.0	4.0	0.14051534162054	0.532016050261475	False	False	False	False	False	False	False	False
paper_1831	1834	chr2	201958612	201958770	5	159	hyper	ENSG00000003402	CFLAR	22134.0	2.0	2.0	2.94894645668995	9.33392899424119e-21	False	False	False	False	False	False	False	False
paper_1832	1835	chr2	202023279	202023559	3	281	hyper	ENSG00000003402	CFLAR	42592.0	3.0	3.0	2.94894645668995	9.33392899424119e-21	False	False	False	False	False	False	False	False
paper_1833	1836	chr2	203713490	203713620	4	131	hyper	ENSG00000163596	ICA1L	70933.0	4.0	4.0	-0.930305307855492	0.000209241717744716	False	False	False	False	False	False	False	False
paper_1834	1837	chr2	204143563	204143731	4	169	hypo	ENSG00000119004	CYP20A1	39984.0	6.0	6.0	0.760664855961381	4.07728097910834e-08	False	False	False	False	False	False	False	False
paper_1835	1838	chr2	205765127	205765400	3	274	hyper	ENSG00000116117	PARD3B	354747.0	7.0	7.0	1.94388173331774	7.27116287049915e-07	False	False	False	False	False	False	False	False
paper_1836	1839	chr2	206599122	206599229	4	108	hyper	ENSG00000118257	NRP2	51951.0	7.0	6.0	4.53109120234904	2.08950036116049e-54	False	False	False	False	False	False	False	False
paper_1837	1840	chr2	206612280	206612346	3	67	hypo	ENSG00000118257	NRP2	65089.0	6.0	5.0	4.53109120234904	2.08950036116049e-54	True	False	False	False	True	True	True	True
paper_1838	1841	chr2	206616376	206616649	5	274	hypo	ENSG00000118257	NRP2	69288.0	5.0	3.0	4.53109120234904	2.08950036116049e-54	False	False	False	False	False	False	False	False
paper_1839	1842	chr2	207905091	207905251	3	161	hypo	ENSG00000144410	CPO	100893.0	5.0	5.0	-0.531107520997337	0.49798256508085	False	False	False	False	False	False	False	False
paper_1840	1843	chr2	208130180	208130494	3	315	hypo	ENSG00000118263	KLF7	98345.0	7.0	5.0	3.04009910568037	6.4317321597752e-13	False	False	False	False	False	False	False	False
paper_1841	1844	chr2	208199055	208199465	11	411	hypo	ENSG00000118263	KLF7	167268.0	5.0	4.0	3.04009910568037	6.4317321597752e-13	True	True	False	False	True	True	True	False
paper_1842	1845	chr2	208199687	208199843	5	157	hypo	ENSG00000118263	KLF7	167773.0	4.0	4.0	3.04009910568037	6.4317321597752e-13	True	False	False	False	True	False	False	False
paper_1843	1846	chr2	208541684	208541770	3	87	hypo	ENSG00000163249	CCNYL1	34535.0	7.0	7.0	0.785910628276641	7.1426275711523e-05	False	False	False	False	False	False	False	False
paper_1844	1847	chr2	208575403	208575413	4	11	hypo	ENSG00000163249	CCNYL1	854.0	1.0	1.0	0.785910628276641	7.1426275711523e-05	False	False	False	False	False	False	False	False
paper_1845	1848	chr2	208666077	208666231	3	155	hyper	ENSG00000163251	FZD5	31866.0	5.0	7.0	0.484489457517962	0.158775302239113	False	False	False	False	False	False	False	False
paper_1846	1849	chr2	208860673	208860866	3	194	hypo	ENSG00000178385	PLEKHM3	167742.0	5.0	4.0	3.15615617449119	2.62146171559131e-11	False	False	False	False	False	False	False	False
paper_1847	1850	chr2	214022013	214022244	3	232	hypo	ENSG00000030419	IKZF2	4976.0	5.0	4.0	1.24998049650305	6.13259359077811e-05	False	False	False	False	True	True	True	False
paper_1848	1851	chr2	214111490	214111645	3	156	hyper	ENSG00000144451	SPAG16	37544.0	7.0	7.0	0.946306585942499	0.000536176789052941	False	False	False	False	False	False	False	False
paper_1849	1852	chr2	216780235	216780363	3	129	hypo	ENSG00000118242	MREG	118519.0	5.0	5.0	2.77421864921081	3.99474886132624e-16	False	False	False	False	False	False	False	False
paper_1850	1853	chr2	218515754	218515894	4	141	hypo	ENSG00000231672	DIRC3	105453.0	7.0	7.0	-0.235533585648112	0.510264254568008	False	False	False	False	False	False	False	False
paper_1851	1854	chr2	218620864	218621032	3	169	hypo	ENSG00000231672	DIRC3	52325.0	3.0	3.0	-0.235533585648112	0.510264254568008	False	False	False	False	False	False	False	False
paper_1852	1855	chr2	218669890	218670084	6	195	hypo	ENSG00000231672	DIRC3	48708.0	4.0	4.0	-0.235533585648112	0.510264254568008	False	False	False	False	False	False	False	False
paper_1853	1856	chr2	219162783	219162902	3	120	hyper	ENSG00000135926	TMBIM1	5532.0	5.0	7.0	-0.715393491247144	0.00621534579803113	False	False	False	False	False	False	False	False
paper_1854	1857	chr2	219670478	219670543	3	66	hypo	ENSG00000135929	CYP27A1	24031.0	3.0	4.0	2.53249155564621	2.65717004809085e-09	False	False	False	False	False	False	False	False
paper_1855	1858	chr2	219732980	219733006	3	27	hypo	ENSG00000115596	WNT6	8449.0	5.0	5.0	-0.39708200855242	0.833317852289031	False	False	False	False	False	False	False	False
paper_1856	1859	chr2	219768387	219768633	3	247	hypo	ENSG00000135925	WNT10A	23425.0	7.0	7.0	1.13571790031221	0.125465098739326	False	False	False	False	False	False	False	False
paper_1857	1860	chr2	219789348	219789697	3	350	hyper	ENSG00000171450	CDK5R2	34853.0	7.0	7.0	-0.675500636208655		False	False	False	False	False	False	False	False
paper_1858	1861	chr2	223196957	223197049	4	93	hypo	ENSG00000135903	PAX3	33287.0	5.0	2.0	2.20930341494813		False	False	False	False	False	False	False	False
paper_1859	1862	chr2	225260847	225261019	3	173	hypo	ENSG00000124019	FAM124B	5868.0	7.0	7.0	-1.8166064689404	0.00505416129352161	False	False	False	False	False	False	False	False
paper_1860	1863	chr2	225607168	225607201	4	34	hyper	ENSG00000036257	CUL3	157073.0	7.0	7.0	0.284862794823481	0.19328707972144	False	False	False	False	False	False	False	False
paper_1861	1864	chr2	225902739	225903147	5	409	hypo	ENSG00000135905	DOCK10	144678.0	3.0	1.0	0.829777452582279	0.000270026212698043	False	False	False	False	True	True	True	True
paper_1862	1865	chr2	226879301	226879748	3	448	hypo	ENSG00000144460	NYAP2	614160.0	7.0	7.0	0.573310939578917	0.288801373905023	False	False	False	False	False	False	False	False
paper_1863	1866	chr2	228523346	228523377	3	32	hyper	ENSG00000042304	C2orf83	25324.0	7.0	7.0	0.290929766419212	0.650013813235887	False	False	False	False	False	False	False	False
paper_1864	1867	chr2	230136346	230136411	4	66	hypo	ENSG00000153823	PID1	376.0	7.0	7.0	-0.0628144891480211	0.976184429373014	False	False	False	False	False	False	False	False
paper_1865	1868	chr2	231630778	231630925	3	148	hypo	ENSG00000135932	CAB39	53291.0	6.0	4.0	0.120680436586447	0.706555430248914	False	False	False	False	False	False	False	False
paper_1866	1869	chr2	231673668	231674128	10	461	hypo	ENSG00000135932	CAB39	96338.0	5.0	4.0	0.120680436586447	0.706555430248914	False	False	False	False	False	False	False	False
paper_1867	1870	chr2	231821540	231821576	3	37	hypo	ENSG00000135898	GPR55	46977.0	5.0	3.0	1.67368648333134	0.000152064557013901	False	False	False	False	False	False	False	False
paper_1868	1871	chr2	231838909	231839255	7	347	hypo	ENSG00000135898	GPR55	13300.0	5.0	4.0	1.67368648333134	0.000152064557013901	True	True	True	True	False	False	False	False
paper_1869	1872	chr2	233975621	233975923	3	303	hypo	ENSG00000168918	INPP5D	51095.0	6.0	6.0	-2.58786593780701	1.54781138170357e-13	False	False	False	False	False	False	False	False
paper_1870	1873	chr2	234321781	234321918	3	138	hyper	ENSG00000077044	DGKD	58696.0	7.0	7.0	-1.1740778767537	9.6583907575255e-10	False	False	False	False	False	False	False	False
paper_1871	1874	chr2	235895876	235896128	4	253	hypo	ENSG00000130147	SH3BP4	35385.0	7.0	7.0	-1.57506142974612	2.62051148163785e-08	False	False	False	False	False	False	False	False
paper_1872	1875	chr2	236208765	236208773	3	9	hyper	ENSG00000157985	AGAP1	193962.0	7.0	7.0	-1.57578658125738	1.26188562126748e-07	False	False	False	False	False	False	False	False
paper_1873	1876	chr2	238454635	238455076	3	442	hypo	ENSG00000071677	PRLH	20360.0	7.0	7.0			False	False	False	False	False	False	False	False
paper_1874	1877	chr2	238456545	238456640	3	96	hyper	ENSG00000071677	PRLH	18623.0	7.0	7.0			False	False	False	False	False	False	False	False
paper_1875	1878	chr2	238591578	238591696	4	119	hyper	ENSG00000124831	LRRFIP1	55418.0	5.0	5.0	0.341553145502773	0.0883709985237988	False	False	False	False	False	False	False	False
paper_1876	1879	chr2	238740177	238740341	3	165	hypo	ENSG00000177483	RBM44	32871.0	7.0	7.0	0.211344164567996	0.576363561224146	False	False	False	False	False	False	False	False
paper_1877	1880	chr2	238809828	238810122	6	295	hypo	ENSG00000132329	RAMP1	42439.0	3.0	3.0	-0.00570737830496477	0.989622934533637	True	True	True	True	False	False	False	False
paper_1878	1881	chr2	238832508	238832532	4	25	hyper	ENSG00000184182	UBE2F	42947.0	7.0	2.0	0.967443383592515	2.01502047139047e-05	False	False	False	False	False	False	False	False
paper_1879	1882	chr2	238876970	238877023	4	54	hyper	ENSG00000258984	UBE2F-SCLY	1340.0	3.0	1.0	1.2461761789553	0.0587001053319365	False	False	False	False	False	False	False	False
paper_1880	1883	chr2	239140537	239140610	5	74	hyper	ENSG00000186235	AC016757.3	254.0	7.0	7.0	-1.27538138981785	1.78829418924622e-06	False	False	False	False	False	False	False	False
paper_1881	1884	chr2	241504215	241504290	3	76	hypo	ENSG00000144504	ANKMY1	32759.0	4.0	4.0	-0.536358908695262	0.00375155638074451	False	False	False	False	False	False	False	False
paper_1882	1885	chr2	241562971	241563044	4	74	hyper	ENSG00000178623	GPR35	18159.0	4.0	5.0	-1.18878735773387	0.0212720043122497	False	False	False	False	False	False	False	False
paper_1883	1886	chr2	241645121	241645381	4	261	hyper	ENSG00000184945	AQP12A	13989.0	4.0	5.0			False	False	False	False	False	False	False	False
paper_1884	1887	chr2	241687843	241687929	3	87	hyper	ENSG00000130294	KIF1A	34703.0	7.0	7.0	6.53838012111394	1.03282888866919e-17	False	False	False	False	False	False	False	False
paper_1885	1888	chr2	242090564	242090620	3	57	hypo	ENSG00000115685	PPP1R7	1601.0	1.0	1.0	-1.88314062450897	6.68767741961277e-15	False	False	False	False	False	False	False	False
paper_1886	1889	chr2	242174769	242174797	3	29	hypo	ENSG00000268485	AC104841.2	7464.0	6.0	6.0			False	False	False	False	False	False	False	False
paper_1887	1890	chr2	242561504	242561522	4	19	hyper	ENSG00000176946	THAP4	37693.0	7.0	7.0	-0.869138684015204	2.35035038163497e-05	False	False	False	False	False	False	False	False
paper_1888	1891	chr2	242819951	242820018	5	68	hyper	ENSG00000188011	CXXC11	8232.0	7.0	7.0	1.39919489503464		False	False	False	False	False	False	False	False
paper_1889	1892	chr20	1935122	1935285	4	164	hyper	ENSG00000101327	PDYN	39528.0	7.0	7.0	-0.47858062915527	0.717294741794031	False	False	False	False	False	False	False	False
paper_1890	1893	chr20	3309310	3309492	3	183	hyper	ENSG00000088854	C20orf194	79450.0	6.0	6.0	0.195496597744108	0.423017401248758	False	False	False	False	False	False	False	False
paper_1891	1894	chr20	3387179	3387185	3	7	hypo	ENSG00000088854	C20orf194	157231.0	1.0	1.0	0.195496597744108	0.423017401248758	False	False	False	False	False	False	False	False
paper_1892	1895	chr20	3824289	3824365	3	77	hypo	ENSG00000088888	MAVS	3158.0	5.0	6.0	-0.218984568161124	0.582488366893493	False	False	False	False	False	False	False	False
paper_1893	1896	chr20	4754398	4754736	5	339	hypo	ENSG00000180259	PRNT	33252.0	4.0	4.0			False	False	False	False	False	False	False	False
paper_1894	1897	chr20	5829391	5829745	6	355	hypo	ENSG00000089199	CHGB	62506.0	7.0	7.0	0.759214295664821	0.0336558718671505	False	False	False	False	False	False	False	False
paper_1895	1898	chr20	7961049	7961467	5	419	hyper	ENSG00000125827	TMX4	3263.0	6.0	6.0	-1.4848360672761	8.9333551934615e-12	False	False	False	False	False	False	False	False
paper_1896	1899	chr20	10607653	10607844	3	192	hyper	ENSG00000101384	JAG1	46945.0	4.0	4.0	-0.956294301546277	0.00491656139421535	False	False	False	False	False	False	False	False
paper_1897	1900	chr20	12035407	12035458	3	52	hyper	ENSG00000132640	BTBD3	164061.0	7.0	7.0	-0.200204945690422	0.506623505854675	False	False	False	False	False	False	False	False
paper_1898	1901	chr20	17614547	17614603	3	57	hyper	ENSG00000125844	RRBP1	20252.0	5.0	5.0	-0.10834789968991	0.765686789936731	False	False	False	False	False	False	False	False
paper_1899	1902	chr20	19079525	19079788	4	264	hyper	ENSG00000185052	SLC24A3	113632.0	5.0	5.0	1.26489548691644	9.41547210886796e-05	False	False	False	False	False	False	False	False
paper_1900	1903	chr20	19738764	19738776	3	13	hypo	ENSG00000268628	AL121761.2	90.0	1.0	1.0	-1.06472604034022		False	False	False	False	False	False	False	False
paper_1901	1904	chr20	19804845	19804893	4	49	hyper	ENSG00000132669	RIN2	62294.0	5.0	5.0	-0.489615235168475	0.238534593832413	False	False	False	False	False	False	False	False
paper_1902	1905	chr20	19942878	19942922	4	45	hyper	ENSG00000132669	RIN2	75735.0	7.0	7.0	-0.489615235168475	0.238534593832413	False	False	False	False	False	False	False	False
paper_1903	1906	chr20	21709779	21709818	5	40	hypo	ENSG00000125813	PAX1	23501.0	7.0	7.0			False	False	False	False	False	False	False	False
paper_1904	1907	chr20	22710497	22711151	10	655	hypo	ENSG00000125798	FOXA2	144730.0	7.0	4.0			False	False	False	False	True	True	True	False
paper_1905	1908	chr20	23380447	23380508	3	62	hypo	ENSG00000125814	NAPB	25318.0	4.0	4.0	0.580927665294625	0.000163909796776096	False	False	False	False	False	False	False	False
paper_1906	1909	chr20	23423585	23423745	4	161	hypo	ENSG00000125823	CSTL1	3343.0	7.0	5.0	-0.681683954618811	0.577532874158042	False	False	False	False	False	False	False	False
paper_1907	1910	chr20	23597874	23598107	3	234	hyper	ENSG00000173335	CST9	11476.0	7.0	7.0			False	False	False	False	False	False	False	False
paper_1908	1911	chr20	30304761	30305055	3	295	hypo	ENSG00000268457	AL160175.1	4091.0	3.0	1.0	3.13112895961266		False	False	False	False	False	False	False	False
paper_1909	1912	chr20	30421306	30421383	4	78	hyper	ENSG00000101306	MYLK2	14233.0	7.0	7.0	-0.462435451557913		False	False	False	False	False	False	False	False
paper_1910	1913	chr20	30467078	30467118	5	41	hypo	ENSG00000131044	TTLL9	8593.0	2.0	2.0	0.428287749060766	0.472889301687407	False	False	False	False	False	False	False	False
paper_1911	1914	chr20	30758527	30758625	5	99	hyper	ENSG00000126003	PLAGL2	37017.0	7.0	7.0	1.43328326049408	2.0376627569429e-08	False	False	False	False	False	False	False	False
paper_1912	1915	chr20	30945022	30945152	3	131	hypo	ENSG00000171456	ASXL1	1066.0	3.0	1.0	1.12836377587447	4.74776145273102e-07	False	False	False	False	False	False	False	False
paper_1913	1916	chr20	30980329	30980396	6	68	hyper	ENSG00000171456	ASXL1	34207.0	7.0	6.0	1.12836377587447	4.74776145273102e-07	False	False	False	False	False	False	False	False
paper_1914	1917	chr20	31889127	31889152	3	26	hypo	ENSG00000125999	BPIFB1	27853.0	7.0	7.0	0.325787676223287	0.6882978072579	False	False	False	False	False	False	False	False
paper_1915	1918	chr20	32720996	32721015	3	20	hyper	ENSG00000125977	EIF2S2	20866.0	7.0	7.0	0.133115902324236	0.652581793767429	False	False	False	False	False	False	False	False
paper_1916	1919	chr20	33113868	33113918	4	51	hyper	ENSG00000125971	DYNLRB1	9679.0	5.0	5.0	0.0708372442390899	0.806115351375075	False	False	False	False	False	False	False	False
paper_1917	1920	chr20	33126555	33126790	5	236	hyper	ENSG00000125971	DYNLRB1	22458.0	6.0	6.0	0.0708372442390899	0.806115351375075	False	False	False	False	False	False	False	False
paper_1918	1921	chr20	33647542	33647560	3	19	hyper	ENSG00000100991	TRPC4AP	57344.0	7.0	6.0	0.426498382456561	0.00663562318903755	False	False	False	False	False	False	False	False
paper_1919	1922	chr20	35013577	35013736	3	160	hypo	ENSG00000080845	DLGAP4	119398.0	7.0	7.0	1.30470091447949	3.77260836596242e-05	False	False	False	False	False	False	False	False
paper_1920	1923	chr20	35445664	35445847	4	184	hypo	ENSG00000149639	SOGA1	39910.0	6.0	6.0	-1.10236591010937	0.006049334733499	False	False	False	False	False	False	False	False
paper_1921	1924	chr20	35513853	35513956	5	104	hyper	ENSG00000101342	TLDC2	9380.0	5.0	5.0	-1.34714798589306	1.37370366973604e-06	False	False	False	False	False	False	False	False
paper_1922	1925	chr20	36015572	36015609	3	38	hypo	ENSG00000197122	SRC	42502.0	5.0	5.0	0.988155212869988	9.18627115850979e-07	False	False	False	False	False	False	False	False
paper_1923	1926	chr20	36428716	36428877	3	162	hyper	ENSG00000132792	CTNNBL1	106388.0	6.0	6.0	0.142203288518116	0.580702402622795	False	False	False	False	False	False	False	False
paper_1924	1927	chr20	36509299	36509447	4	149	hyper	ENSG00000132821	VSTM2L	22124.0	7.0	7.0	0.556607543199279	0.622621358359935	False	False	False	False	False	False	False	False
paper_1925	1928	chr20	36628576	36628652	4	77	hyper	ENSG00000101407	TTI1	17205.0	5.0	3.0	0.0882020476386041	0.695762901871017	False	False	False	False	False	False	False	False
paper_1926	1929	chr20	36915355	36915565	3	211	hyper	ENSG00000101425	BPI	26909.0	4.0	7.0	-2.96680448511428	6.4866207358654e-05	False	False	False	False	False	False	False	False
paper_1927	1930	chr20	37075889	37075933	4	45	hyper	ENSG00000170471	RALGAPB	25546.0	1.0	1.0	0.596482815980311	0.0100171974431823	False	False	False	False	False	False	False	False
paper_1928	1931	chr20	37163583	37163606	3	24	hypo	ENSG00000170471	RALGAPB	62135.0	6.0	6.0	0.596482815980311	0.0100171974431823	False	False	False	False	False	False	False	False
paper_1929	1932	chr20	37428505	37428719	3	215	hypo	ENSG00000101445	PPP1R16B	5734.0	7.0	7.0	4.06244278610683	4.79284533547473e-18	False	False	False	False	False	False	False	False
paper_1930	1933	chr20	39414090	39414332	3	243	hyper	ENSG00000204103	MAFB	96330.0	5.0	5.0	-4.02639513465129	7.45907140194979e-09	False	False	False	False	False	False	False	False
paper_1931	1934	chr20	39860783	39860920	3	138	hypo	ENSG00000174306	ZHX3	50096.0	5.0	7.0	-2.60766955721478	1.01452923692364e-10	False	False	False	False	False	False	False	False
paper_1932	1935	chr20	40133826	40134501	9	676	hypo	ENSG00000124177	CHD6	103422.0	5.0	1.0	1.69353265094901	1.09231252877367e-11	True	True	False	False	True	True	False	False
paper_1933	1936	chr20	40401650	40401851	3	202	hyper	ENSG00000124177	CHD6	154616.0	7.0	7.0	1.69353265094901	1.09231252877367e-11	False	False	False	False	False	False	False	False
paper_1934	1937	chr20	40618789	40619057	5	269	hypo	ENSG00000124177	CHD6	371789.0	7.0	7.0	1.69353265094901	1.09231252877367e-11	False	False	False	False	False	False	False	False
paper_1935	1938	chr20	41975965	41976005	3	41	hypo	ENSG00000124193	SRSF6	110581.0	7.0	7.0	0.00747172245632412	0.971462464756493	False	False	False	False	False	False	False	False
paper_1936	1939	chr20	42183041	42183288	3	248	hyper	ENSG00000101049	SGK2	4442.0	7.0	7.0	-1.89798814691865	2.45248044315754e-07	False	False	False	False	False	False	False	False
paper_1937	1940	chr20	43972901	43972943	3	43	hyper	ENSG00000124145	SDC4	18994.0	5.0	3.0	1.94316398321912	1.41358099595783e-14	False	False	False	False	False	False	False	False
paper_1938	1941	chr20	44741130	44741710	10	581	hypo	ENSG00000101017	CD40	5489.0	4.0	3.0	1.71481800241757	2.35340858505465e-12	False	False	False	False	True	True	False	False
paper_1939	1942	chr20	44893506	44893561	8	56	hyper	ENSG00000149654	CDH22	90507.0	7.0	7.0	3.57604904959467		False	False	False	False	False	False	False	False
paper_1940	1943	chr20	45040106	45040121	3	16	hyper	ENSG00000062598	ELMO2	44313.0	7.0	7.0	1.11586523847108	0.000313305714373611	False	False	False	False	False	False	False	False
paper_1941	1944	chr20	45190851	45190916	3	66	hyper	ENSG00000149635	OCSTAMP	11669.0	5.0	5.0	0.0896487422152953	0.904101851876568	False	False	False	False	False	False	False	False
paper_1942	1945	chr20	47013683	47013689	3	7	hyper	ENSG00000124126	PREX1	430733.0	7.0	7.0	-0.804108057445689	0.0059528910617844	False	False	False	False	False	False	False	False
paper_1943	1946	chr20	47286814	47287168	9	355	hyper	ENSG00000124126	PREX1	46201.0	5.0	5.0	-0.804108057445689	0.0059528910617844	False	False	False	False	False	False	False	False
paper_1944	1947	chr20	48489313	48489340	4	28	hypo	ENSG00000197818	SLC9A8	60076.0	6.0	6.0	0.887703735853058	1.93629761297646e-07	False	False	False	False	False	False	False	False
paper_1945	1948	chr20	48645323	48645390	3	68	hyper	ENSG00000124216	SNAI1	45820.0	7.0	7.0	3.83656368561032	1.93965382035453e-20	False	False	False	False	False	False	False	False
paper_1946	1949	chr20	48993465	48993661	6	197	hypo	ENSG00000196396	PTPN1	133326.0	7.0	7.0	2.84258796105729	7.01770970264513e-21	False	False	False	False	False	False	False	False
paper_1947	1950	chr20	49145587	49145809	4	223	hyper	ENSG00000196396	PTPN1	18807.0	5.0	5.0	2.84258796105729	7.01770970264513e-21	False	False	False	False	False	False	False	False
paper_1948	1951	chr20	50073400	50073430	3	31	hyper	ENSG00000101096	NFATC2	68252.0	4.0	5.0	-1.05680868306015	0.00025586723145744	False	False	False	False	False	False	False	False
paper_1949	1952	chr20	50366841	50366953	4	113	hypo	ENSG00000054793	ATP9A	153844.0	5.0	7.0	0.557352388850656	0.28381190202338	False	False	False	False	False	False	False	False
paper_1950	1953	chr20	50744456	50744715	3	260	hypo	ENSG00000020256	ZFP64	63939.0	4.0	4.0	-0.817939586192618	4.68532056426486e-05	False	False	False	False	False	False	False	False
paper_1951	1954	chr20	51271247	51271563	3	317	hypo	ENSG00000182463	TSHZ2	317539.0	7.0	5.0	0.341331504729235	0.508679422078509	False	False	False	False	False	False	False	False
paper_1952	1955	chr20	51900464	51900563	3	100	hyper	ENSG00000182463	TSHZ2	311567.0	7.0	7.0	0.341331504729235	0.508679422078509	False	False	False	False	False	False	False	False
paper_1953	1956	chr20	52011553	52011838	3	286	hypo	ENSG00000182463	TSHZ2	422749.0	7.0	7.0	0.341331504729235	0.508679422078509	False	False	False	False	False	False	False	False
paper_1954	1957	chr20	55026213	55026354	5	142	hyper	ENSG00000087589	CASS4	39115.0	6.0	6.0	0.566395901910629	0.191193024924927	False	False	False	False	False	False	False	False
paper_1955	1958	chr20	56971719	56971912	3	194	hyper	ENSG00000124164	VAPB	7637.0	5.0	5.0	0.37119660021162	0.02064257337569	False	False	False	False	False	False	False	False
paper_1956	1959	chr20	57456563	57456577	3	15	hypo	ENSG00000087460	GNAS	41797.0	5.0	5.0	-0.306966359147271	0.0446422061588173	False	False	False	False	False	False	False	False
paper_1957	1960	chr20	57581378	57581416	4	39	hyper	ENSG00000101160	CTSZ	11157.0	1.0	1.0	-0.0211723354475646	0.953462989825944	False	False	False	False	False	False	False	False
paper_1958	1961	chr20	58031300	58031326	3	27	hyper	ENSG00000087495	PHACTR3	121249.0	7.0	7.0	-0.170127836525849	0.893482421388027	False	False	False	False	False	False	False	False
paper_1959	1962	chr20	60596102	60596166	3	65	hypo	ENSG00000130699	TAF4	46280.0	7.0	4.0	-0.183334610382042	0.511454306154469	False	False	False	False	False	False	False	False
paper_1960	1963	chr20	60819817	60819887	4	71	hypo	ENSG00000130703	OSBPL2	6272.0	6.0	6.0	0.0195928984863342	0.936000540134517	False	False	False	False	False	False	False	False
paper_1961	1964	chr20	60848169	60848231	3	63	hyper	ENSG00000130703	OSBPL2	34620.0	5.0	5.0	0.0195928984863342	0.936000540134517	False	False	False	False	False	False	False	False
paper_1962	1965	chr20	61765903	61765944	4	42	hypo	ENSG00000149658	YTHDF1	81662.0	7.0	7.0	-0.275321775534662	0.0578205857631788	False	False	False	False	False	False	False	False
paper_1963	1966	chr20	61882803	61882842	3	40	hyper	ENSG00000101198	NKAIN4	10080.0	7.0	7.0	-1.76874233376752		False	False	False	False	False	False	False	False
paper_1964	1967	chr20	62092566	62092617	4	52	hypo	ENSG00000075043	KCNQ2	55049.0	7.0	7.0	2.87187872250392	0.243974497295131	False	False	False	False	False	False	False	False
paper_1965	1968	chr20	62180671	62180684	3	14	hyper	ENSG00000125508	SRMS	1819.0	7.0	7.0	0.642303230011617	0.4896989840631	False	False	False	False	False	False	False	False
paper_1966	1969	chr20	62406345	62406351	3	7	hyper	ENSG00000130584	ZBTB46	30470.0	6.0	6.0	-0.103276753349426	0.751083232557741	False	False	False	False	False	False	False	False
paper_1967	1970	chr20	62870390	62870826	8	437	hypo	ENSG00000203880	PCMTD2	16484.0	7.0	4.0	-0.401233077351611	0.136126274391752	True	True	True	False	False	False	False	False
paper_1968	1971	chr21	16261521	16261844	5	324	hyper	ENSG00000180530	NRIP1	175638.0	7.0	4.0	2.42486095004139	1.67092307591634e-13	False	False	False	False	False	False	False	False
paper_1969	1972	chr21	19003238	19003297	4	60	hyper	ENSG00000154640	BTG3	18001.0	7.0	7.0	2.77147620392221	9.10616514526831e-24	False	False	False	False	False	False	False	False
paper_1970	1973	chr21	23811523	23811669	6	147	hypo	ENSG00000154654	NCAM2	1440963.0	7.0	7.0	0.88967276911336	0.467334991898171	False	False	False	False	False	False	False	False
paper_1971	1974	chr21	27275825	27276157	5	333	hyper	ENSG00000142192	APP	22353.0	4.0	3.0	0.987627632204557	0.00116440216066171	False	False	False	False	False	False	False	False
paper_1972	1975	chr21	29524987	29525243	4	257	hyper	ENSG00000156239	N6AMT1	732577.0	7.0	7.0	-0.0755087792591218	0.784252106757402	False	False	False	False	False	False	False	False
paper_1973	1976	chr21	30670678	30670727	3	50	hyper	ENSG00000156273	BACH1	104310.0	3.0	1.0	1.05139789207075	0.000187655210021113	False	False	False	False	False	False	False	False
paper_1974	1977	chr21	32598581	32598793	4	213	hypo	ENSG00000156299	TIAM1	107953.0	5.0	5.0	1.56839744320072	1.89296962168539e-09	False	False	False	False	False	False	False	False
paper_1975	1978	chr21	32625281	32625555	3	275	hypo	ENSG00000156299	TIAM1	134684.0	6.0	3.0	1.56839744320072	1.89296962168539e-09	False	False	False	False	False	False	False	False
paper_1976	1979	chr21	32710754	32711202	14	449	hypo	ENSG00000156299	TIAM1	220244.0	5.0	3.0	1.56839744320072	1.89296962168539e-09	True	True	True	False	True	True	True	True
paper_1977	1980	chr21	32727160	32727533	5	374	hypo	ENSG00000156299	TIAM1	236612.0	5.0	4.0	1.56839744320072	1.89296962168539e-09	False	False	False	False	False	False	False	False
paper_1978	1981	chr21	32994551	32994613	3	63	hyper	ENSG00000142168	SOD1	37351.0	7.0	7.0	0.0535002657358837	0.883725091220159	False	False	False	False	False	False	False	False
paper_1979	1982	chr21	34472172	34472271	4	100	hypo	ENSG00000184221	OLIG1	29771.0	7.0	5.0	1.03329964246757	0.0832625674024369	False	False	False	False	False	False	False	False
paper_1980	1983	chr21	34671796	34671947	3	152	hyper	ENSG00000142166	IFNAR1	24861.0	4.0	4.0	0.973360189016144	0.000981458831396459	False	False	False	False	False	False	False	False
paper_1981	1984	chr21	34866292	34866540	4	249	hyper	ENSG00000177692	DNAJC28	2388.0	7.0	7.0	-1.49045722376029	4.29236074099705e-07	False	False	False	False	False	False	False	False
paper_1982	1985	chr21	35234327	35234580	5	254	hypo	ENSG00000249209	AP000304.12	277460.0	7.0	7.0	-1.97791907906372		False	False	False	False	False	False	False	False
paper_1983	1986	chr21	35387947	35388143	3	197	hypo	ENSG00000243927	MRPS6	57776.0	4.0	4.0	1.85479333403751	0.00594326202502793	False	False	False	False	False	False	False	False
paper_1984	1987	chr21	36570068	36570763	5	696	hypo	ENSG00000159216	RUNX1	311072.0	7.0	4.0	0.687031474693295	0.000723998888703668	False	False	False	False	False	False	False	False
paper_1985	1988	chr21	37477813	37477864	3	52	hyper	ENSG00000185917	SETD4	26150.0	7.0	7.0	-0.101728591878298	0.669816880392389	False	False	False	False	False	False	False	False
paper_1986	1989	chr21	37796663	37796730	3	68	hyper	ENSG00000159259	CHAF1B	39020.0	4.0	5.0	-0.0806503948120481	0.790938859839498	False	False	False	False	False	False	False	False
paper_1987	1990	chr21	38330600	38330619	3	20	hypo	ENSG00000159267	HLCS	207420.0	7.0	7.0	-0.1174043647739	0.646105891583596	False	False	False	False	False	False	False	False
paper_1988	1991	chr21	40140537	40140783	4	247	hypo	ENSG00000157557	ETS2	36569.0	7.0	5.0	3.29621005505355	4.52294759343281e-09	False	False	False	False	False	False	False	False
paper_1989	1992	chr21	40450304	40450654	3	351	hyper	ENSG00000183527	PSMG1	105297.0	5.0	5.0	-0.477577167290119	0.0204748909701855	False	False	False	False	False	False	False	False
paper_1990	1993	chr21	40453810	40454056	3	247	hypo	ENSG00000183527	PSMG1	101843.0	4.0	3.0	-0.477577167290119	0.0204748909701855	False	False	False	False	False	False	False	False
paper_1991	1994	chr21	40770164	40770228	4	65	hyper	ENSG00000182093	WRB	18026.0	5.0	5.0	0.309539614879422	0.172706369325918	False	False	False	False	False	False	False	False
paper_1992	1995	chr21	42932056	42932173	6	118	hypo	ENSG00000184012	TMPRSS2	29070.0	4.0	4.0	0.446418347438764	0.43779906885183	False	False	False	False	False	False	False	False
paper_1993	1996	chr21	43422798	43422994	6	197	hypo	ENSG00000173276	ZBTB21	14150.0	7.0	5.0	0.755870163839866	0.00360102986456841	False	False	False	False	False	False	False	False
paper_1994	1997	chr21	43684098	43684134	3	37	hyper	ENSG00000160179	ABCG1	64317.0	5.0	5.0	-0.989503087492803	0.00010177353506023	True	False	False	False	False	False	False	False
paper_1995	1998	chr21	43833796	43834048	3	253	hypo	ENSG00000160185	UBASH3A	9914.0	5.0	4.0	2.73587584784767	1.45209050539763e-06	False	False	False	False	False	False	False	False
paper_1996	1999	chr21	43835234	43835277	4	44	hypo	ENSG00000160185	UBASH3A	11247.0	5.0	4.0	2.73587584784767	1.45209050539763e-06	False	False	False	False	False	False	False	False
paper_1997	2000	chr21	44357039	44357096	3	58	hyper	ENSG00000160199	PKNOX1	37551.0	7.0	7.0	0.690480957069344	1.45001129008773e-05	False	False	False	False	False	False	False	False
paper_1998	2001	chr21	44727004	44727494	17	491	hypo	ENSG00000142178	SIK1	119758.0	4.0	4.0	3.9385996121568	9.888582960745e-24	False	False	False	False	True	True	True	False
paper_1999	2002	chr21	44853659	44853826	4	168	hypo	ENSG00000142178	SIK1	6733.0	7.0	4.0	3.9385996121568	9.888582960745e-24	False	False	False	False	False	False	False	False
paper_2000	2003	chr21	44985103	44985133	4	31	hyper	ENSG00000160207	HSF2BP	36046.0	7.0	7.0	-1.38311613320299	0.00589466675881	False	False	False	False	False	False	False	False
paper_2001	2004	chr21	45503232	45503397	3	166	hypo	ENSG00000160218	TRAPPC10	71114.0	6.0	6.0	0.973008126641447	4.02274199205891e-07	False	False	False	False	False	False	False	False
paper_2002	2005	chr21	45543793	45543804	3	12	hyper	ENSG00000241945	PWP2	16627.0	4.0	5.0	-0.982705222346186	0.000119570467706784	False	False	False	False	False	False	False	False
paper_2003	2006	chr21	45604897	45605083	7	187	hypo	ENSG00000267913	AP001055.1	11409.0	4.0	4.0	-0.756533645344697	0.227713479870598	True	True	True	True	False	False	False	False
paper_2004	2007	chr21	45775965	45776044	5	80	hyper	ENSG00000142185	TRPM2	5958.0	4.0	4.0	-2.19312933688687	2.0661854696824e-05	False	False	False	False	False	False	False	False
paper_2005	2008	chr21	47476495	47476520	3	26	hyper	ENSG00000142173	COL6A2	41502.0	7.0	7.0	0.509642117251076	0.0401097807381117	False	False	False	False	False	False	False	False
paper_2006	2009	chr21	47580996	47581080	9	85	hyper	ENSG00000160282	FTCD	5556.0	7.0	7.0	1.40112921296623	0.485751219587064	True	True	True	False	False	False	False	False
paper_2007	2010	chr21	47676302	47676366	6	65	hypo	ENSG00000160294	MCM3AP	21287.0	6.0	6.0	0.43421792419259	0.00698874542830483	False	False	False	False	False	False	False	False
paper_2008	2011	chr21	47716839	47716866	4	28	hypo	ENSG00000182362	YBEY	10601.0	7.0	7.0	-0.691570958787349	0.0103074430594005	False	False	False	False	False	False	False	False
paper_2009	2012	chr22	16122790	16122799	3	10	hyper	ENSG00000198062	POTEH	165142.0	7.0	7.0			False	False	False	False	False	False	False	False
paper_2010	2013	chr22	18586766	18587005	5	240	hypo	ENSG00000215193	PEX26	26196.0	7.0	4.0	0.624830139932139	0.00159192197330059	False	False	False	False	True	True	False	False
paper_2011	2014	chr22	21357401	21357440	3	40	hyper	ENSG00000184436	THAP7	934.0	3.0	1.0	-0.0886242164797889	0.803379975950536	False	False	False	False	False	False	False	False
paper_2012	2015	chr22	21379543	21379576	4	34	hyper	ENSG00000099957	P2RX6	10243.0	7.0	7.0	-0.574839158589199	0.478992808521786	False	False	False	False	False	False	False	False
paper_2013	2016	chr22	21799356	21799379	3	24	hyper	ENSG00000169635	HIC2	27674.0	6.0	6.0	0.276829655539557	0.20853504201804	False	False	False	False	False	False	False	False
paper_2014	2017	chr22	22889527	22889869	3	343	hyper	ENSG00000185686	PRAME	12048.0	7.0	7.0	5.37437828684075	1.01646051968174e-17	False	False	False	False	False	False	False	False
paper_2015	2018	chr22	23575891	23576045	3	155	hyper	ENSG00000186716	BCR	53571.0	5.0	5.0	-0.709725043116471	0.00748010583029964	False	False	False	False	False	False	False	False
paper_2016	2019	chr22	24128827	24128930	3	104	hyper	ENSG00000099956	SMARCB1	270.0	4.0	3.0	-0.221508186155138	0.258215597194241	False	False	False	False	False	False	False	False
paper_2017	2020	chr22	24910849	24910977	3	129	hypo	ENSG00000100024	UPB1	47707.0	7.0	4.0	4.57172787518224	5.59223968067491e-21	False	False	False	False	False	False	False	False
paper_2018	2021	chr22	24950119	24950128	4	10	hypo	ENSG00000138867	GUCD1	11757.0	3.0	3.0	0.657470556517972	9.93077332078305e-05	False	False	False	False	False	False	False	False
paper_2019	2022	chr22	24952793	24953074	3	282	hyper	ENSG00000100028	SNRPD3	1462.0	3.0	3.0	-0.201376495159162	0.306897237251298	False	False	False	False	False	False	False	False
paper_2020	2023	chr22	25170338	25170371	3	34	hypo	ENSG00000184571	PIWIL3	55353.0	7.0	7.0	0.114061742531742	0.886040166507992	False	False	False	False	False	False	False	False
paper_2021	2024	chr22	25359558	25359635	4	78	hypo	ENSG00000197077	KIAA1671	10899.0	7.0	7.0	0.64467751161365	0.00415565237388402	False	False	False	False	False	False	False	False
paper_2022	2025	chr22	26039195	26040019	11	825	hypo	ENSG00000100077	ADRBK2	78791.0	5.0	3.0	1.25678587225071	3.45235258596683e-11	True	True	False	False	True	True	True	False
paper_2023	2026	chr22	26814682	26814871	3	190	hypo	ENSG00000128203	ASPHD2	10461.0	7.0	7.0	-1.90115793174638	0.000214046808214424	False	False	False	False	False	False	False	False
paper_2024	2027	chr22	26825900	26825934	3	35	hypo	ENSG00000128203	ASPHD2	678.0	3.0	3.0	-1.90115793174638	0.000214046808214424	False	False	False	False	False	False	False	False
paper_2025	2028	chr22	27707548	27707664	5	117	hyper	ENSG00000169184	MN1	489879.0	7.0	7.0	0.474187262646554	0.245776124379615	False	False	False	False	False	False	False	False
paper_2026	2029	chr22	29076343	29076383	4	41	hypo	ENSG00000100154	TTC28	509.0	7.0	7.0	-0.428346980205175	0.10632133242109	False	False	False	False	False	False	False	False
paper_2027	2030	chr22	30014381	30014815	3	435	hyper	ENSG00000186575	NF2	15053.0	7.0	5.0	-1.46567930317538	1.75155445015593e-10	False	False	False	False	False	False	False	False
paper_2028	2031	chr22	30678358	30678402	3	45	hyper	ENSG00000239282	GATSL3	7235.0	3.0	3.0	0.940330053822195	2.29618125113676e-06	False	False	False	False	False	False	False	False
paper_2029	2032	chr22	31139404	31139435	3	32	hypo	ENSG00000184792	OSBP2	49650.0	5.0	5.0	-0.701784825544275	0.000429192256440683	False	False	False	False	False	False	False	False
paper_2030	2033	chr22	31366150	31366383	4	234	hyper	ENSG00000133422	MORC2	1981.0	3.0	1.0	-0.479223346241315	0.0162258971310548	False	False	False	False	False	False	False	False
paper_2031	2034	chr22	31763593	31763933	6	341	hypo	ENSG00000213888	AC005003.1	20888.0	5.0	5.0	0.0530414575129359	0.902190557727265	False	False	False	False	False	False	False	False
paper_2032	2035	chr22	31922315	31922392	3	78	hypo	ENSG00000198089	SFI1	30092.0	7.0	7.0	0.0256098392469443	0.924700412074483	False	False	False	False	False	False	False	False
paper_2033	2036	chr22	32191528	32191738	3	211	hypo	ENSG00000100150	DEPDC5	41689.0	6.0	6.0	-1.1469021322604	2.24369088785422e-10	False	False	False	False	False	False	False	False
paper_2034	2037	chr22	33834918	33834924	3	7	hyper	ENSG00000185666	SYN3	380562.0	7.0	7.0	3.4383694426959	0.00394647731358143	False	False	False	False	False	False	False	False
paper_2035	2038	chr22	34706900	34706912	3	13	hypo	ENSG00000133424	LARGE	388076.0	7.0	7.0	-0.583480632421552	0.0880631439282925	False	False	False	False	False	False	False	False
paper_2036	2039	chr22	36054281	36054806	9	526	hypo	ENSG00000221963	APOL6	10101.0	6.0	5.0	2.1417150000738	7.84163612922044e-08	True	True	True	False	True	True	True	False
paper_2037	2040	chr22	37045585	37045845	6	261	hypo	ENSG00000166862	CACNG2	85747.0	5.0	4.0	1.00258162183407		False	False	False	False	False	False	False	False
paper_2038	2041	chr22	37436891	37436981	3	91	hyper	ENSG00000100379	KCTD17	10841.0	7.0	7.0	-1.19698108454963	8.90182440709246e-06	False	False	False	False	False	False	False	False
paper_2039	2042	chr22	38309452	38309790	3	339	hypo	ENSG00000100139	MICALL1	7957.0	5.0	3.0	1.54011862944326	4.46827518523293e-10	False	False	False	False	False	False	False	False
paper_2040	2043	chr22	38624023	38624165	7	143	hypo	ENSG00000198792	TMEM184B	8796.0	4.0	4.0	0.516308846394345	0.00669070403278484	False	False	False	False	True	False	False	False
paper_2041	2044	chr22	38783057	38783270	5	214	hypo	ENSG00000213923	CSNK1E	95790.0	7.0	7.0	0.219925262135387	0.394002052550858	False	False	False	False	False	False	False	False
paper_2042	2045	chr22	38848744	38848863	3	120	hypo	ENSG00000168135	KCNJ4	26471.0	7.0	7.0	0.504175257527851		False	False	False	False	False	False	False	False
paper_2043	2046	chr22	39041821	39041891	3	71	hyper	ENSG00000184949	FAM227A	67731.0	7.0	7.0	0.460491153827918	0.0666862070146645	False	False	False	False	False	False	False	False
paper_2044	2047	chr22	39495488	39495712	5	225	hypo	ENSG00000100298	APOBEC3H	2371.0	5.0	4.0	2.19964214941755	1.65939150463279e-06	True	False	False	False	False	False	False	False
paper_2045	2048	chr22	39567700	39567792	9	93	hypo	ENSG00000100307	CBX7	19090.0	7.0	7.0	-1.23321515247736	1.45550940230403e-10	False	False	False	False	False	False	False	False
paper_2046	2049	chr22	39686840	39686966	7	127	hypo	ENSG00000100316	RPL3	28872.0	4.0	4.0	-0.747378853541748	0.000300509131340562	False	False	False	False	False	False	False	False
paper_2047	2050	chr22	40525251	40525424	4	174	hyper	ENSG00000100354	TNRC6B	84516.0	6.0	6.0	-0.200937640832881	0.474164683217911	False	False	False	False	False	False	False	False
paper_2048	2051	chr22	41122645	41122692	3	48	hypo	ENSG00000128285	MCHR1	47914.0	7.0	7.0	3.14729931732221		False	False	False	False	False	False	False	False
paper_2049	2052	chr22	42427166	42427436	4	271	hypo	ENSG00000183066	WBP2NL	32572.0	3.0	3.0	-0.908861655949951	0.000614429652977903	False	False	False	False	False	False	False	False
paper_2050	2053	chr22	45081857	45081961	3	105	hypo	ENSG00000186654	PRR5	17316.0	5.0	7.0	-0.358575368636972	0.359209239738049	False	False	False	False	False	False	False	False
paper_2051	2054	chr22	45557129	45557214	6	86	hypo	ENSG00000093000	NUP50	2549.0	7.0	5.0	0.754332379526905	6.30394749619044e-06	False	False	False	False	False	False	False	False
paper_2052	2055	chr22	45833332	45833465	5	134	hyper	ENSG00000128408	RIBC2	23826.0	7.0	7.0	-0.0334287784890124	0.978289076292024	False	False	False	False	False	False	False	False
paper_2053	2056	chr22	45993928	45993986	3	59	hyper	ENSG00000130638	ATXN10	73719.0	7.0	7.0	-0.493621639309955	0.00991264301024255	False	False	False	False	False	False	False	False
paper_2054	2057	chr22	46035516	46035567	3	52	hypo	ENSG00000130638	ATXN10	32135.0	5.0	5.0	-0.493621639309955	0.00991264301024255	False	False	False	False	False	False	False	False
paper_2055	2058	chr22	47329560	47329645	6	86	hypo	ENSG00000054611	TBC1D22A	171084.0	5.0	5.0	-0.692527625463945	0.000203213983115017	False	False	False	False	False	False	False	False
paper_2056	2059	chr22	47377661	47377740	3	80	hyper	ENSG00000054611	TBC1D22A	219182.0	6.0	6.0	-0.692527625463945	0.000203213983115017	False	False	False	False	False	False	False	False
paper_2057	2060	chr22	49648709	49648782	3	74	hyper	ENSG00000188511	C22orf34	402444.0	7.0	7.0	-0.606490026998315	0.0638692033555723	False	False	False	False	False	False	False	False
paper_2058	2061	chr22	50469202	50469229	4	28	hypo	ENSG00000138892	TTLL8	15659.0	7.0	7.0	1.91424655643809		False	False	False	False	False	False	False	False
paper_2059	2062	chr22	50909934	50910172	6	239	hyper	ENSG00000100241	SBF1	24482.0	5.0	4.0	0.550330739088002	0.00479675106147194	False	False	False	False	False	False	False	False
paper_2060	2063	chr22	50945424	50945565	3	142	hyper	ENSG00000100258	LMF2	4118.0	3.0	3.0	0.027776306767944	0.932635112559335	False	False	False	False	False	False	False	False
paper_2061	2064	chr22	50973197	50973308	4	112	hyper	ENSG00000177989	ODF3B	2242.0	7.0	4.0	1.88201841058428	2.11502226719433e-09	False	False	False	False	False	False	False	False
paper_2062	2065	chr3	577608	577635	4	28	hypo	ENSG00000134121	CHL1	339342.0	7.0	7.0	2.38733628105045	0.26308519717978	False	False	False	False	False	False	False	False
paper_2063	2066	chr3	2029652	2029988	4	337	hypo	ENSG00000144619	CNTN4	110675.0	7.0	7.0	0.953159394612943	0.145533899034227	False	False	False	False	False	False	False	False
paper_2064	2067	chr3	3107010	3107185	4	176	hypo	ENSG00000091181	IL5RA	61199.0	7.0	7.0	1.28273444616078	0.049893623789561	False	False	False	False	False	False	False	False
paper_2065	2068	chr3	3621105	3621239	3	135	hyper	ENSG00000175928	LRRN1	219947.0	7.0	7.0	1.97106544804011	5.99028878398274e-05	False	False	False	False	False	False	False	False
paper_2066	2069	chr3	4637431	4637580	3	150	hypo	ENSG00000150995	ITPR1	102473.0	7.0	4.0	2.32657061836178	7.79091628250355e-06	False	False	False	False	True	True	False	False
paper_2067	2070	chr3	7575980	7576327	4	348	hypo	ENSG00000196277	GRM7	764465.0	5.0	4.0	-1.21729708910752	0.118402171875807	False	False	False	False	False	False	False	False
paper_2068	2071	chr3	8744437	8744486	3	50	hyper	ENSG00000125046	SSUH2	83174.0	7.0	7.0	0.672928918492663	0.555618616713966	False	False	False	False	False	False	False	False
paper_2069	2072	chr3	8906383	8906526	4	144	hyper	ENSG00000180914	OXTR	95139.0	5.0	5.0	1.54750482307299	3.63058443738415e-07	False	False	False	False	False	False	False	False
paper_2070	2073	chr3	9415157	9415728	5	572	hyper	ENSG00000134077	THUMPD3	10916.0	6.0	6.0	0.00612321826833307	0.981365323718032	False	False	False	False	False	False	False	False
paper_2071	2074	chr3	9852435	9852546	3	112	hyper	ENSG00000214021	TTLL3	2720.0	3.0	1.0	0.475027771026307	0.0182206196277819	False	False	False	False	False	False	False	False
paper_2072	2075	chr3	9958172	9958316	4	145	hyper	ENSG00000163702	IL17RC	512.0	3.0	1.0	-1.53751397887864	8.2085930480394e-09	False	False	False	False	False	False	False	False
paper_2073	2076	chr3	10021758	10021809	3	52	hyper	ENSG00000125037	EMC3	3070.0	3.0	4.0	0.176718107125164	0.56192250554462	False	False	False	False	False	False	False	False
paper_2074	2077	chr3	10059845	10060162	3	318	hyper	ENSG00000125037	EMC3	7202.0	7.0	7.0	0.176718107125164	0.56192250554462	False	False	False	False	False	False	False	False
paper_2075	2078	chr3	10363086	10363096	4	11	hyper	ENSG00000157020	SEC13	228.0	1.0	1.0	-0.187176388091261	0.411815214863837	False	False	False	False	False	False	False	False
paper_2076	2079	chr3	11300080	11300216	3	137	hyper	ENSG00000196639	HRH1	121369.0	5.0	6.0	-4.67940058725734	3.54353398396877e-27	False	False	False	False	False	False	False	False
paper_2077	2080	chr3	12584270	12584463	3	194	hyper	ENSG00000225526	C3orf83	2895.0	7.0	7.0	-0.988364813182671	0.331197127468101	False	False	False	False	False	False	False	False
paper_2078	2081	chr3	12620962	12621613	5	652	hyper	ENSG00000075975	MKRN2	22774.0	5.0	5.0	0.672280662500006	0.00106951606193956	False	False	False	False	False	False	False	False
paper_2079	2082	chr3	12944026	12944316	8	291	hyper	ENSG00000144711	IQSEC1	1823.0	5.0	5.0	-0.584329680118222	0.00664579239518541	True	False	False	False	False	False	False	False
paper_2080	2083	chr3	12990024	12990034	3	11	hyper	ENSG00000144711	IQSEC1	47681.0	5.0	5.0	-0.584329680118222	0.00664579239518541	False	False	False	False	False	False	False	False
paper_2081	2084	chr3	13664715	13664737	3	23	hypo	ENSG00000163520	FBLN2	90902.0	7.0	7.0	1.02318085769696	0.0091704618793827	False	False	False	False	False	False	False	False
paper_2082	2085	chr3	14383035	14383068	3	34	hyper	ENSG00000131389	SLC6A6	61023.0	5.0	5.0	1.23292419402156	2.23268137604162e-05	False	False	False	False	False	False	False	False
paper_2083	2086	chr3	14644891	14645023	4	133	hypo	ENSG00000154781	CCDC174	48312.0	7.0	7.0	0.424866118162884	0.00774367433683672	False	False	False	False	False	False	False	False
paper_2084	2087	chr3	15107267	15107319	4	53	hypo	ENSG00000131368	MRPS25	450.0	7.0	4.0	-1.0534140023616	1.38375067687564e-08	False	False	False	False	False	False	False	False
paper_2085	2088	chr3	15459324	15459455	4	132	hyper	ENSG00000206562	METTL6	2315.0	6.0	7.0	0.0613779692553916	0.858927183265858	False	False	False	False	False	False	False	False
paper_2086	2089	chr3	16092289	16092407	5	119	hypo	ENSG00000131386	GALNT15	123806.0	4.0	7.0	0.0269755503666891	0.970195359928927	False	False	False	False	False	False	False	False
paper_2087	2090	chr3	16267743	16268053	5	311	hyper	ENSG00000131386	GALNT15	51742.0	7.0	7.0	0.0269755503666891	0.970195359928927	False	False	False	False	False	False	False	False
paper_2088	2091	chr3	16274370	16274705	4	336	hypo	ENSG00000154813	DPH3	31941.0	7.0	7.0	0.828675252265167	0.000142713840019663	False	False	False	False	False	False	False	False
paper_2089	2092	chr3	16551574	16551978	5	405	hypo	ENSG00000131378	RFTN1	100796.0	4.0	1.0	2.46413375904132	6.57026062934567e-14	True	True	False	False	True	True	True	True
paper_2090	2093	chr3	16552338	16552498	3	161	hypo	ENSG00000131378	RFTN1	101438.0	3.0	1.0	2.46413375904132	6.57026062934567e-14	False	False	False	False	False	False	False	False
paper_2091	2094	chr3	16783584	16783749	4	166	hypo	ENSG00000092345	DAZL	71852.0	7.0	7.0	6.18050610049543	0.00226490783517686	False	False	False	False	True	True	True	True
paper_2092	2095	chr3	17816446	17816569	3	124	hyper	ENSG00000131374	TBC1D5	32362.0	7.0	7.0	-1.16035030868476	0.00027357792485599	False	False	False	False	False	False	False	False
paper_2093	2096	chr3	19296710	19296815	4	106	hyper	ENSG00000183960	KCNH8	106816.0	7.0	7.0	0.00199196262436345	1.0	False	False	False	False	False	False	False	False
paper_2094	2097	chr3	20123013	20123432	3	420	hyper	ENSG00000114166	KAT2B	41707.0	7.0	7.0	0.880365690336796	0.0210687030897069	False	False	False	False	False	False	False	False
paper_2095	2098	chr3	30649456	30649533	4	78	hypo	ENSG00000163513	TGFBR2	1500.0	1.0	2.0	-0.307652692579866	0.481571445592192	False	False	False	False	False	False	False	False
paper_2096	2099	chr3	31591290	31591418	5	129	hypo	ENSG00000163527	STT3B	17072.0	7.0	7.0	-0.596882129381414	0.00286004849945993	False	False	False	False	False	False	False	False
paper_2097	2100	chr3	32303132	32303437	3	306	hypo	ENSG00000170293	CMTM8	23113.0	5.0	5.0	-2.65145560712164	7.32095233211273e-16	False	False	False	False	False	False	False	False
paper_2098	2101	chr3	32542659	32542746	3	88	hyper	ENSG00000091317	CMTM6	19898.0	1.0	1.0	1.49106047396627	1.48905418573075e-11	False	False	False	False	False	False	False	False
paper_2099	2102	chr3	32783215	32783255	4	41	hyper	ENSG00000182973	CNOT10	56598.0	6.0	6.0	2.52819638893897	1.30191993524046e-24	False	False	False	False	False	False	False	False
paper_2100	2103	chr3	33034083	33034475	7	393	hypo	ENSG00000183813	CCR4	41213.0	7.0	4.0	2.95607267420844	1.19645867077837e-11	False	False	False	False	False	False	False	False
paper_2101	2104	chr3	33458293	33458448	3	156	hyper	ENSG00000153560	UBP1	4152.0	6.0	5.0	0.228279922567521	0.26493571490747	False	False	False	False	False	False	False	False
paper_2102	2105	chr3	34117659	34117791	4	133	hyper	ENSG00000170248	PDCD6IP	277881.0	4.0	7.0	0.137436983090304	0.558385769022016	False	False	False	False	False	False	False	False
paper_2103	2106	chr3	37572531	37572541	4	11	hypo	ENSG00000144668	ITGA9	78930.0	7.0	7.0	1.04489589369561	0.0757561451118204	False	False	False	False	False	False	False	False
paper_2104	2107	chr3	37632326	37632726	5	401	hyper	ENSG00000144668	ITGA9	138920.0	7.0	7.0	1.04489589369561	0.0757561451118204	False	False	False	False	False	False	False	False
paper_2105	2108	chr3	38071591	38071660	4	70	hyper	ENSG00000187091	PLCD1	371.0	4.0	5.0	-2.58273254190936	4.77364819281575e-18	False	False	False	False	False	False	False	False
paper_2106	2109	chr3	38500771	38500927	9	157	hyper	ENSG00000114739	ACVR2B	5507.0	5.0	5.0	0.154947438766348	0.611926554676211	False	False	False	False	False	False	False	False
paper_2107	2110	chr3	38577704	38578179	4	476	hypo	ENSG00000157036	EXOG	40323.0	7.0	5.0	-0.336723590134928	0.195395865823011	False	False	False	False	False	False	False	False
paper_2108	2111	chr3	41002705	41003179	5	475	hypo	ENSG00000168036	CTNNB1	233384.0	7.0	4.0	1.04763673831905	1.2394209980785e-06	False	False	False	False	True	True	True	False
paper_2109	2112	chr3	41732752	41733034	3	283	hyper	ENSG00000168038	ULK4	444795.0	7.0	7.0	-0.534071772208952	0.0235631399300552	False	False	False	False	False	False	False	False
paper_2110	2113	chr3	42643370	42643618	4	249	hyper	ENSG00000114857	NKTR	1388.0	3.0	1.0	0.73961027600295	0.0033136620199924	False	False	False	False	False	False	False	False
paper_2111	2114	chr3	42853526	42853640	5	115	hyper	ENSG00000240747	KRBOX1	2608.0	5.0	7.0	0.333532704851306	0.740883859137056	False	False	False	False	False	False	False	False
paper_2112	2115	chr3	42907430	42907538	3	109	hyper	ENSG00000240747	KRBOX1	56509.0	7.0	7.0	0.333532704851306	0.740883859137056	False	False	False	False	False	False	False	False
paper_2113	2116	chr3	44241025	44241229	3	205	hyper	ENSG00000173769	TOPAZ1	42249.0	7.0	7.0	-0.67649378595026		False	False	False	False	False	False	False	False
paper_2114	2117	chr3	44850111	44850489	4	379	hyper	ENSG00000163808	KIF15	47091.0	7.0	7.0	1.76475805034571	3.0015217562167e-12	False	False	False	False	False	False	False	False
paper_2115	2118	chr3	45136705	45136783	4	79	hypo	ENSG00000163814	CDCP1	12974.0	7.0	7.0	0.720136694877752	0.111585305424011	False	False	False	False	False	False	False	False
paper_2116	2119	chr3	45670621	45670643	3	23	hyper	ENSG00000144791	LIMD1	34816.0	5.0	5.0	-1.1653846410203	7.48096112746483e-12	False	False	False	False	False	False	False	False
paper_2117	2120	chr3	45783418	45783493	3	76	hyper	ENSG00000211456	SACM1L	52777.0	5.0	5.0	0.514192415142651	0.0250510658800186	False	False	False	False	False	False	False	False
paper_2118	2121	chr3	45813276	45813623	6	348	hyper	ENSG00000163817	SLC6A20	16507.0	7.0	7.0	0.187251282585243	0.700531790569057	False	False	False	False	False	False	False	False
paper_2119	2122	chr3	46249410	46249427	3	18	hyper	ENSG00000163823	CCR1	6218.0	1.0	1.0	-2.75888295956583	7.4615237729384e-06	False	False	False	False	False	False	False	False
paper_2120	2123	chr3	46420236	46420275	3	40	hypo	ENSG00000160791	CCR5	8622.0	5.0	5.0	-2.94635658022269	2.78598776097472e-11	False	False	False	False	False	False	False	False
paper_2121	2124	chr3	46940550	46940663	5	114	hypo	ENSG00000160801	PTH1R	21370.0	7.0	7.0	2.47484728809358	0.150637243466816	False	False	False	False	False	False	False	False
paper_2122	2125	chr3	47517819	47517883	3	65	hypo	ENSG00000114650	SCAP	41365.0	1.0	1.0	-0.728802959013249	0.000151404783058758	False	False	False	False	False	False	False	False
paper_2123	2126	chr3	47831039	47831076	3	38	hyper	ENSG00000173473	SMARCC1	7649.0	3.0	1.0	0.380482282253253	0.0856509874960934	False	False	False	False	False	False	False	False
paper_2124	2127	chr3	48016803	48017096	3	294	hypo	ENSG00000047849	MAP4	124767.0	5.0	5.0	0.913151982353968	2.86381276453093e-07	False	False	False	False	False	False	False	False
paper_2125	2128	chr3	48322575	48322680	3	106	hypo	ENSG00000164048	ZNF589	40037.0	7.0	4.0	-0.588809650224974	0.0633084378383507	False	False	False	False	False	False	False	False
paper_2126	2129	chr3	48773146	48773333	4	188	hyper	ENSG00000068745	IP6K2	42350.0	5.0	5.0	-0.000683642124846847	0.997775679560329	False	False	False	False	False	False	False	False
paper_2127	2130	chr3	49219236	49219639	10	404	hyper	ENSG00000236980	C3orf84	4372.0	7.0	7.0			False	False	False	False	False	False	False	False
paper_2128	2131	chr3	49419285	49419474	3	190	hyper	ENSG00000067560	RHOA	22801.0	7.0	5.0	0.0802399626430065	0.680442432709452	False	False	False	False	False	False	False	False
paper_2129	2132	chr3	49465711	49465882	4	172	hyper	ENSG00000145029	NICN1	5417.0	5.0	7.0	-0.358228697216011	0.0248600577814385	False	False	False	False	False	False	False	False
paper_2130	2133	chr3	50290679	50290898	4	220	hypo	ENSG00000114353	GNAI2	27064.0	5.0	3.0	-0.525145846667611	0.000169977497121298	False	False	False	False	False	False	False	False
paper_2131	2134	chr3	51505823	51505859	3	37	hypo	ENSG00000145041	VPRBP	30855.0	6.0	6.0	0.620921702400032	0.00042375308886102	False	False	False	False	False	False	False	False
paper_2132	2135	chr3	51777015	51777218	4	204	hyper	ENSG00000214686	IQCF6	35892.0	7.0	7.0	-0.674670527039827		False	False	False	False	False	False	False	False
paper_2133	2136	chr3	51777909	51778084	3	176	hypo	ENSG00000214686	IQCF6	35012.0	7.0	7.0	-0.674670527039827		False	False	False	False	False	False	False	False
paper_2134	2137	chr3	52470698	52471011	4	314	hyper	ENSG00000010319	SEMA3G	8246.0	4.0	5.0	-2.48059451882158	9.12337615339821e-07	False	False	False	False	False	False	False	False
paper_2135	2138	chr3	52803965	52803984	3	20	hypo	ENSG00000114904	NEK4	59174.0	3.0	3.0	0.659014289751415	0.00658205371702424	False	False	False	False	False	False	False	False
paper_2136	2139	chr3	53711271	53711350	4	80	hyper	ENSG00000157388	CACNA1D	182627.0	7.0	7.0	-0.992177104483396	0.00621030836862223	False	False	False	False	False	False	False	False
paper_2137	2140	chr3	55679707	55679735	3	29	hypo	ENSG00000187672	ERC2	137385.0	7.0	7.0	-0.609800881272564	0.151574780259802	False	False	False	False	False	False	False	False
paper_2138	2141	chr3	55723025	55723221	3	197	hyper	ENSG00000187672	ERC2	180787.0	5.0	5.0	-0.609800881272564	0.151574780259802	False	False	False	False	False	False	False	False
paper_2139	2142	chr3	56717602	56717625	4	24	hyper	ENSG00000163946	FAM208A	347.0	1.0	1.0	0.237943628603825	0.370853802918337	False	False	False	False	False	False	False	False
paper_2140	2143	chr3	57749158	57749297	8	140	hyper	ENSG00000163681	SLMAP	7270.0	6.0	6.0	0.796690229239951	0.000264565768226968	False	False	False	False	False	False	False	False
paper_2141	2144	chr3	57960783	57960914	3	132	hyper	ENSG00000136068	FLNB	33277.0	5.0	5.0	0.376019426998885	0.516726838611426	False	False	False	False	False	False	False	False
paper_2142	2145	chr3	58117062	58117332	5	271	hypo	ENSG00000136068	FLNB	123070.0	5.0	5.0	0.376019426998885	0.516726838611426	False	False	False	False	False	False	False	False
paper_2143	2146	chr3	58164259	58164402	3	144	hypo	ENSG00000163687	DNASE1L3	36093.0	7.0	7.0	-3.31846755171133	1.55293688568116e-10	False	False	False	False	False	False	False	False
paper_2144	2147	chr3	59051059	59051278	6	220	hypo	ENSG00000163689	C3orf67	15357.0	7.0	4.0	0.61684978755086	0.104951753920252	False	False	False	False	True	False	False	False
paper_2145	2148	chr3	62219412	62219422	3	11	hypo	ENSG00000144724	PTPRG	671832.0	7.0	7.0	3.19564455034694	9.85430233606991e-16	False	False	False	False	False	False	False	False
paper_2146	2149	chr3	64195623	64195860	6	238	hypo	ENSG00000163637	PRICKLE2	11281.0	5.0	7.0	-1.84256890183925	0.374188774262818	False	False	False	False	False	False	False	False
paper_2147	2150	chr3	66280890	66280953	3	64	hypo	ENSG00000144741	SLC25A26	161636.0	5.0	7.0	-0.231194306566991	0.481287038530714	False	False	False	False	False	False	False	False
paper_2148	2151	chr3	67431369	67431515	3	147	hyper	ENSG00000172340	SUCLG2	6299.0	7.0	7.0	-0.322147394348109	0.169421625168287	False	False	False	False	False	False	False	False
paper_2149	2152	chr3	67705364	67705423	5	60	hyper	ENSG00000172340	SUCLG2	354.0	3.0	1.0	-0.322147394348109	0.169421625168287	False	False	False	False	False	False	False	False
paper_2150	2153	chr3	71029827	71030284	6	458	hypo	ENSG00000114861	FOXP1	26211.0	6.0	4.0	1.89471461028645	3.57278454284252e-13	False	False	False	False	False	False	False	False
paper_2151	2154	chr3	71388273	71388360	3	88	hyper	ENSG00000114861	FOXP1	384472.0	7.0	7.0	1.89471461028645	3.57278454284252e-13	False	False	False	False	False	False	False	False
paper_2152	2155	chr3	72187185	72187324	3	140	hypo	ENSG00000163602	RYBP	308814.0	7.0	7.0	1.80619243131113	5.57067002438789e-10	False	False	False	False	False	False	False	False
paper_2153	2156	chr3	72307541	72307639	4	99	hypo	ENSG00000163602	RYBP	188478.0	7.0	5.0	1.80619243131113	5.57067002438789e-10	False	False	False	False	False	False	False	False
paper_2154	2157	chr3	72499694	72499782	3	89	hyper	ENSG00000163602	RYBP	3668.0	7.0	7.0	1.80619243131113	5.57067002438789e-10	False	False	False	False	False	False	False	False
paper_2155	2158	chr3	75445600	75445793	10	194	hyper	ENSG00000172969	FRG2C	267783.0	7.0	7.0	-0.531379624057323	0.613604146609068	True	True	True	True	True	True	False	False
paper_2156	2159	chr3	75471373	75471483	3	111	hyper	ENSG00000172969	FRG2C	242051.0	7.0	7.0	-0.531379624057323	0.613604146609068	False	False	False	False	False	False	False	False
paper_2157	2160	chr3	76855157	76855491	3	335	hyper	ENSG00000185008	ROBO2	899478.0	7.0	7.0	0.606576568493272		False	False	False	False	False	False	False	False
paper_2158	2161	chr3	81792735	81792982	4	248	hyper	ENSG00000114480	GBE1	254008.0	5.0	4.0	1.05972728897716	1.79389770150205e-06	False	False	False	False	False	False	False	False
paper_2159	2162	chr3	81802802	81803278	3	477	hypo	ENSG00000114480	GBE1	264190.0	7.0	7.0	1.05972728897716	1.79389770150205e-06	False	False	False	False	False	False	False	False
paper_2160	2163	chr3	88198080	88198086	3	7	hypo	ENSG00000163320	CGGBP1	93507.0	5.0	2.0	0.455389460811916	0.0418710789048813	False	False	False	False	False	False	False	False
paper_2161	2164	chr3	89177307	89177382	3	76	hyper	ENSG00000044524	EPHA3	20670.0	7.0	7.0	-0.765172348957998	0.552479431158721	False	False	False	False	False	False	False	False
paper_2162	2165	chr3	93711068	93711188	3	121	hypo	ENSG00000169379	ARL13B	12145.0	7.0	4.0	1.04877109796086	0.000599885552974706	False	False	False	False	False	False	False	False
paper_2163	2166	chr3	99809116	99809346	3	231	hyper	ENSG00000168386	FILIP1L	257243.0	5.0	5.0	0.192254070023939	0.627300542158722	False	False	False	False	False	False	False	False
paper_2164	2167	chr3	100035658	100035674	4	17	hyper	ENSG00000114021	NIT2	17877.0	6.0	7.0	1.12562314395284	3.04826974752936e-08	False	False	False	False	False	False	False	False
paper_2165	2168	chr3	101079652	101079859	3	208	hypo	ENSG00000138468	SENP7	36638.0	5.0	5.0	0.160285763407119	0.694865791597432	False	False	False	False	False	False	False	False
paper_2166	2169	chr3	101394557	101394601	4	45	hypo	ENSG00000066422	ZBTB11	26846.0	1.0	1.0	0.174751693446027	0.648523280265218	False	False	False	False	False	False	False	False
paper_2167	2170	chr3	107736624	107736771	3	148	hypo	ENSG00000196776	CD47	73174.0	7.0	4.0	0.672208993721714	0.0217287623581203	False	False	False	False	False	False	False	False
paper_2168	2171	chr3	107737488	107737783	5	296	hyper	ENSG00000196776	CD47	72236.0	7.0	4.0	0.672208993721714	0.0217287623581203	False	False	False	False	False	False	False	False
paper_2169	2172	chr3	111343825	111343939	3	115	hypo	ENSG00000177494	ZBED2	29591.0	7.0	7.0	5.64170538207008	4.30459935087258e-12	False	False	False	False	False	False	False	False
paper_2170	2173	chr3	111805998	111806015	3	18	hypo	ENSG00000114529	C3orf52	824.0	7.0	7.0	5.47661497730871	3.86410671882062e-20	False	False	False	False	False	False	False	False
paper_2171	2174	chr3	111904824	111904844	3	21	hypo	ENSG00000172139	SLC9C1	45100.0	7.0	7.0	4.86544594407124	5.89194365304932e-05	False	False	False	False	False	False	False	False
paper_2172	2175	chr3	115510919	115510950	3	32	hyper	ENSG00000172020	GAP43	168763.0	7.0	7.0	1.1095740058902	0.263381893521184	False	False	False	False	False	False	False	False
paper_2173	2176	chr3	119263674	119263788	3	115	hyper	ENSG00000121594	CD80	20591.0	5.0	3.0	4.26770541215383	1.19711100933599e-25	False	False	False	False	False	False	False	False
paper_2174	2177	chr3	119281438	119281928	5	491	hypo	ENSG00000121594	CD80	3233.0	4.0	1.0	4.26770541215383	1.19711100933599e-25	True	True	True	True	False	False	False	False
paper_2175	2178	chr3	119290611	119290972	7	362	hypo	ENSG00000144843	ADPRH	7322.0	4.0	4.0	0.807497357641582	0.0012347458471077	True	True	True	False	True	True	True	False
paper_2176	2179	chr3	119880644	119880754	3	111	hyper	ENSG00000082701	GSK3B	67434.0	7.0	7.0	0.36669956364859	0.133801116255195	False	False	False	False	False	False	False	False
paper_2177	2180	chr3	121405603	121405858	3	256	hypo	ENSG00000173230	GOLGB1	23684.0	7.0	5.0	0.373877863349309	0.0648818417481229	False	False	False	False	False	False	False	False
paper_2178	2181	chr3	121920458	121920476	4	19	hypo	ENSG00000036828	CASR	17937.0	7.0	7.0	5.061092593324	0.000410095351930815	False	False	False	False	False	False	False	False
paper_2179	2182	chr3	122207496	122207696	5	201	hypo	ENSG00000114030	KPNA1	46701.0	6.0	5.0	0.990942735339488	7.04008265705478e-06	False	False	False	False	False	False	False	False
paper_2180	2183	chr3	123178969	123179103	4	135	hypo	ENSG00000173175	ADCY5	10430.0	7.0	7.0	0.0455917775742667	0.937006148169718	False	False	False	False	False	False	False	False
paper_2181	2184	chr3	123302973	123303049	3	77	hypo	ENSG00000206527	PTPLB	92610.0	1.0	1.0	-0.933413772667803	0.000174096181360437	False	False	False	False	False	False	False	False
paper_2182	2185	chr3	123353657	123353826	4	170	hyper	ENSG00000065534	MYLK	24845.0	4.0	5.0	-1.13504466691613	0.000246723507045482	False	False	False	False	False	False	False	False
paper_2183	2186	chr3	124166213	124166537	4	325	hyper	ENSG00000114491	UMPS	282836.0	7.0	7.0	-0.41012340604416	0.0405414705299526	False	False	False	False	False	False	False	False
paper_2184	2187	chr3	125153688	125154030	3	343	hypo	ENSG00000163848	ZNF148	59660.0	7.0	7.0	0.385736300885057	0.136627485376794	False	False	False	False	False	False	False	False
paper_2185	2188	chr3	125568300	125568374	3	75	hypo	ENSG00000189366	ALG1L	87544.0	7.0	7.0	0.645847886257537		False	False	False	False	False	False	False	False
paper_2186	2189	chr3	125784178	125784456	4	279	hypo	ENSG00000114544	SLC41A3	48743.0	7.0	7.0	-0.572013143985682	0.000283354801840358	False	False	False	False	False	False	False	False
paper_2187	2190	chr3	126679999	126680093	3	95	hypo	ENSG00000114554	PLXNA1	27389.0	5.0	4.0	1.70296306954398	1.0729572037769e-10	False	False	False	False	False	False	False	False
paper_2188	2191	chr3	127071252	127071349	3	98	hypo	ENSG00000214324	C3orf56	159326.0	7.0	7.0			False	False	False	False	False	False	False	False
paper_2189	2192	chr3	127705319	127705394	3	76	hypo	ENSG00000187715	KBTBD12	71281.0	7.0	7.0	0.0996400596901496	0.823173936011308	False	False	False	False	False	False	False	False
paper_2190	2193	chr3	128753812	128753849	3	38	hyper	ENSG00000114654	EFCC1	33358.0	7.0	7.0	-3.7119400268967	3.26051050579589e-13	False	False	False	False	False	False	False	False
paper_2191	2194	chr3	128943162	128943382	3	221	hypo	ENSG00000181789	COPG1	25175.0	7.0	7.0	0.331741847641289	0.0805836869706468	False	False	False	False	False	False	False	False
paper_2192	2195	chr3	130901159	130901268	3	110	hyper	ENSG00000114670	NEK11	155519.0	7.0	7.0	-0.239148711736639	0.564745230331837	False	False	False	False	False	False	False	False
paper_2193	2196	chr3	131222488	131222585	4	98	hyper	ENSG00000114686	MRPL3	708.0	3.0	3.0	-1.22982186822941	1.42970529744833e-09	False	False	False	False	False	False	False	False
paper_2194	2197	chr3	131929756	131929967	4	212	hyper	ENSG00000196353	CPNE4	677452.0	7.0	7.0	3.53921069887561	1.37280193162798e-11	False	False	False	False	False	False	False	False
paper_2195	2198	chr3	133135709	133135790	3	82	hypo	ENSG00000170819	BFSP2	16910.0	7.0	7.0	-0.416385160271783		False	False	False	False	False	False	False	False
paper_2196	2199	chr3	133582853	133583083	10	231	hypo	ENSG00000154917	RAB6B	25875.0	5.0	5.0	-1.87797427550678	0.00023793082892503	False	False	False	False	False	False	False	False
paper_2197	2200	chr3	134031663	134031688	4	26	hypo	ENSG00000163785	RYK	61985.0	7.0	1.0	-0.199391635008062	0.476842127955092	False	False	False	False	False	False	False	False
paper_2198	2201	chr3	135692666	135693039	4	374	hypo	ENSG00000073711	PPP2R3A	8337.0	7.0	4.0	2.78120955395577	1.71633139686312e-12	False	False	False	False	False	False	False	False
paper_2199	2202	chr3	135899707	135899750	4	44	hyper	ENSG00000174579	MSL2	28690.0	5.0	7.0	0.127869460694698	0.623646924536555	False	False	False	False	False	False	False	False
paper_2200	2203	chr3	136476848	136476912	4	65	hypo	ENSG00000118007	STAG1	5659.0	4.0	4.0	0.710825467033963	0.0246617496054647	False	False	False	False	False	False	False	False
paper_2201	2204	chr3	136939753	136939937	3	185	hypo	ENSG00000174564	IL20RB	263138.0	7.0	7.0	0.538418742935376	0.156219562924875	False	False	False	False	False	False	False	False
paper_2202	2205	chr3	139076791	139077081	4	291	hypo	ENSG00000184432	COPB2	688.0	5.0	5.0	0.165005631995323	0.403414132874961	False	False	False	False	False	False	False	False
paper_2203	2206	chr3	139395765	139395956	4	192	hyper	ENSG00000163864	NMNAT3	116838.0	1.0	3.0	-4.93927816635726	5.4819771322918e-22	False	False	False	False	False	False	False	False
paper_2204	2207	chr3	141055539	141055631	4	93	hypo	ENSG00000177311	ZBTB38	12530.0	4.0	4.0	2.73686907105026	3.7265739123532e-17	False	False	False	False	False	False	False	False
paper_2205	2208	chr3	141593927	141594088	4	162	hypo	ENSG00000069849	ATP1B3	957.0	2.0	1.0	2.01622415658976	8.21658090474962e-17	False	False	False	False	False	False	False	False
paper_2206	2209	chr3	142941453	142941706	3	254	hypo	ENSG00000175040	CHST2	103406.0	4.0	3.0	2.34737527932257	2.38714932293665e-06	False	False	False	False	False	False	False	False
paper_2207	2210	chr3	143494451	143494499	3	49	hyper	ENSG00000181804	SLC9A9	510411.0	4.0	5.0	1.58626768498323	0.000139514006230709	False	False	False	False	False	False	False	False
paper_2208	2211	chr3	144577027	144577131	5	105	hyper	ENSG00000181744	C3orf58	886439.0	7.0	7.0	-1.02114999568492	8.2622001600549e-05	False	False	False	False	False	False	False	False
paper_2209	2212	chr3	145936854	145936892	3	39	hypo	ENSG00000114698	PLSCR4	26747.0	7.0	7.0	2.36072375121832	3.37391449133852e-05	False	False	False	False	False	False	False	False
paper_2210	2213	chr3	148141842	148142132	4	291	hypo	ENSG00000144891	AGTR1	273582.0	7.0	7.0	3.55404133345752	0.138888366502326	False	False	False	False	False	False	False	False
paper_2211	2214	chr3	149506078	149506285	3	208	hypo	ENSG00000206199	ANKUB1	27289.0	7.0	7.0	-0.0686716140958559	0.916106059264973	False	False	False	False	False	False	False	False
paper_2212	2215	chr3	150465053	150465607	8	555	hypo	ENSG00000181788	SIAH2	5055.0	7.0	3.0	2.75087863402074	1.65459275735361e-20	False	False	False	False	False	False	False	False
paper_2213	2216	chr3	150878644	150878915	3	272	hyper	ENSG00000144893	MED12L	74598.0	5.0	5.0	1.55857159392624	0.000575438127250785	False	False	False	False	False	False	False	False
paper_2214	2217	chr3	151570046	151570171	3	126	hypo	ENSG00000198829	SUCNR1	21321.0	7.0	7.0	-2.87197038106	7.02650754976314e-07	False	False	False	False	False	False	False	False
paper_2215	2218	chr3	151878625	151878735	3	111	hypo	ENSG00000152601	MBNL1	107147.0	7.0	4.0	0.405955097965629	0.12277891720871	True	False	False	False	False	False	False	False
paper_2216	2219	chr3	155550338	155550766	4	429	hyper	ENSG00000169359	SLC33A1	6237.0	5.0	2.0	-0.108318220242102	0.687390646609485	False	False	False	False	False	False	False	False
paper_2217	2220	chr3	156896721	156896921	3	201	hypo	ENSG00000163660	CCNL1	18271.0	7.0	7.0	0.808474670723892	9.51335104974185e-05	False	False	False	False	False	False	False	False
paper_2218	2221	chr3	159493322	159493515	3	194	hyper	ENSG00000151967	SCHIP1	64230.0	4.0	3.0	1.06813758186132	0.0137015414185014	False	False	False	False	False	False	False	False
paper_2219	2222	chr3	159779568	159779681	4	114	hypo	ENSG00000242107	LINC01100	45813.0	7.0	7.0	-0.675500636208655		False	False	False	False	False	False	False	False
paper_2220	2223	chr3	160518851	160519105	3	255	hypo	ENSG00000163590	PPM1L	45588.0	3.0	3.0	-0.830355092295792	0.000553348488677183	False	False	False	False	False	False	False	False
paper_2221	2224	chr3	168946901	168947084	3	184	hypo	ENSG00000085276	MECOM	144443.0	7.0	7.0	0.855043947526608	0.141400605872311	False	False	False	False	False	False	False	False
paper_2222	2225	chr3	172369568	172369693	6	126	hypo	ENSG00000144959	NCEH1	21591.0	7.0	7.0	-0.892248956557636	0.0581004311634593	False	False	False	False	False	False	False	False
paper_2223	2226	chr3	172494129	172494147	3	19	hypo	ENSG00000114346	ECT2	25666.0	6.0	6.0	0.190363336942071	0.547990275551066	False	False	False	False	False	False	False	False
paper_2224	2227	chr3	176943746	176943911	3	166	hypo	ENSG00000177565	TBL1XR1	28566.0	7.0	7.0	-0.176621477032565	0.633128309224387	False	False	False	False	False	False	False	False
paper_2225	2228	chr3	178750668	178750703	4	36	hypo	ENSG00000172667	ZMAT3	15674.0	7.0	7.0	0.346903652185243	0.285670446091078	False	False	False	False	False	False	False	False
paper_2226	2229	chr3	178788932	178788993	4	62	hyper	ENSG00000172667	ZMAT3	53951.0	1.0	1.0	0.346903652185243	0.285670446091078	False	False	False	False	False	False	False	False
paper_2227	2230	chr3	179419671	179419695	4	25	hyper	ENSG00000058056	USP13	49140.0	5.0	5.0	-0.648191818256622	0.00827542172464947	False	False	False	False	False	False	False	False
paper_2228	2231	chr3	182957377	182957388	3	12	hypo	ENSG00000176597	B3GNT5	13648.0	5.0	5.0	0.13686266328466	0.765686789936731	False	False	False	False	False	False	False	False
paper_2229	2232	chr3	183510134	183510206	3	73	hypo	ENSG00000163872	YEATS2	94564.0	6.0	6.0	0.839549395238024	1.21075618644023e-05	False	False	False	False	False	False	False	False
paper_2230	2233	chr3	183725087	183725339	4	253	hyper	ENSG00000114770	ABCC5	87491.0	3.0	3.0	-1.30398279595633	7.15537210064036e-08	False	False	False	False	False	False	False	False
paper_2231	2234	chr3	183977551	183977566	5	16	hypo	ENSG00000163888	CAMK2N2	557.0	7.0	7.0	0.0847887986453283		False	False	False	False	False	False	False	False
paper_2232	2235	chr3	184411172	184411523	4	352	hyper	ENSG00000177383	MAGEF1	18488.0	7.0	7.0	0.196584472812756	0.412871543262872	False	False	False	False	False	False	False	False
paper_2233	2236	chr3	184934163	184934268	3	106	hypo	ENSG00000113790	EHHADH	25803.0	7.0	5.0	3.00728380491462	7.60673123765023e-15	False	False	False	False	False	False	False	False
paper_2234	2237	chr3	185029730	185030175	4	446	hypo	ENSG00000073803	MAP3K13	29223.0	4.0	4.0	2.22535961033871	2.40727255002712e-30	False	False	False	False	False	False	False	False
paper_2235	2238	chr3	185313649	185313691	3	43	hyper	ENSG00000163904	SENP2	13386.0	5.0	6.0	0.186570504940672	0.363154775482762	False	False	False	False	False	False	False	False
paper_2236	2239	chr3	185614583	185614927	5	345	hypo	ENSG00000136527	TRA2B	41168.0	7.0	7.0	0.265596643820363	0.143626599829338	False	False	False	False	False	False	False	False
paper_2237	2240	chr3	186749085	186749385	5	301	hyper	ENSG00000073849	ST6GAL1	100961.0	7.0	5.0	-2.19633565243383	7.85594906514881e-17	False	False	False	False	False	False	False	False
paper_2238	2241	chr3	187491429	187491470	3	42	hyper	ENSG00000113916	BCL6	27933.0	1.0	1.0	-1.01387834720247	0.00707786358045671	False	False	False	False	False	False	False	False
paper_2239	2242	chr3	188016899	188017329	12	431	hypo	ENSG00000145012	LPP	146042.0	4.0	4.0	-0.0211144747387084	0.955942683484913	False	False	False	False	True	True	True	True
paper_2240	2243	chr3	188063108	188063583	6	476	hypo	ENSG00000145012	LPP	192273.0	4.0	4.0	-0.0211144747387084	0.955942683484913	False	False	False	False	True	True	True	False
paper_2241	2244	chr3	188328453	188328585	3	133	hyper	ENSG00000145012	LPP	457447.0	5.0	6.0	-0.0211144747387084	0.955942683484913	False	False	False	False	False	False	False	False
paper_2242	2245	chr3	188413183	188413296	3	114	hypo	ENSG00000145012	LPP	542167.0	5.0	5.0	-0.0211144747387084	0.955942683484913	False	False	False	False	False	False	False	False
paper_2243	2246	chr3	188585768	188586024	4	257	hypo	ENSG00000188001	TPRG1	79105.0	5.0	4.0	-1.17010526677764	0.00916617655106918	False	False	False	False	False	False	False	False
paper_2244	2247	chr3	189208375	189208737	4	363	hyper	ENSG00000073282	TP63	140658.0	7.0	7.0	-0.191513364153934	0.668195884236892	False	False	False	False	False	False	False	False
paper_2245	2248	chr3	189567512	189567817	4	306	hypo	ENSG00000073282	TP63	218448.0	7.0	7.0	-0.191513364153934	0.668195884236892	False	False	False	False	False	False	False	False
paper_2246	2249	chr3	190601651	190601823	6	173	hyper	ENSG00000205835	GMNC	21271.0	7.0	7.0	1.4251448131753		False	False	False	False	False	False	False	False
paper_2247	2250	chr3	191048045	191048127	4	83	hypo	ENSG00000152492	CCDC50	1220.0	3.0	1.0	0.705798312349059	0.00366342098992295	False	False	False	False	False	False	False	False
paper_2248	2251	chr3	191133332	191133386	3	55	hyper	ENSG00000253548	PYDC2	45591.0	7.0	7.0			False	False	False	False	False	False	False	False
paper_2249	2252	chr3	192390353	192390449	3	97	hyper	ENSG00000114279	FGF12	528634.0	7.0	7.0	-0.510092586485343	0.617671870525105	False	False	False	False	False	False	False	False
paper_2250	2253	chr3	192548819	192549028	5	210	hypo	ENSG00000180611	MB21D2	34319.0	4.0	3.0	2.07450279850196	3.99119110703983e-07	False	False	False	False	False	False	False	False
paper_2251	2254	chr3	192588478	192588589	4	112	hyper	ENSG00000180611	MB21D2	73929.0	7.0	7.0	2.07450279850196	3.99119110703983e-07	False	False	False	False	False	False	False	False
paper_2252	2255	chr3	192607561	192607739	3	179	hypo	ENSG00000180611	MB21D2	93046.0	4.0	3.0	2.07450279850196	3.99119110703983e-07	False	False	False	False	False	False	False	False
paper_2253	2256	chr3	193328967	193328993	3	27	hypo	ENSG00000198836	OPA1	18047.0	7.0	7.0	0.216479206997777	0.373985250309777	False	False	False	False	False	False	False	False
paper_2254	2257	chr3	193597528	193597621	4	94	hypo	ENSG00000114315	HES1	256358.0	4.0	3.0	2.77357790019736	1.95813920585746e-05	False	False	False	False	False	False	False	False
paper_2255	2258	chr3	193658705	193658807	3	103	hypo	ENSG00000114315	HES1	195176.0	7.0	7.0	2.77357790019736	1.95813920585746e-05	False	False	False	False	False	False	False	False
paper_2256	2259	chr3	193703852	193703887	3	36	hypo	ENSG00000114315	HES1	150063.0	7.0	7.0	2.77357790019736	1.95813920585746e-05	False	False	False	False	False	False	False	False
paper_2257	2260	chr3	194749799	194749976	5	178	hypo	ENSG00000173950	XXYLT1	242008.0	5.0	4.0	-1.11500164509956	2.33270990330703e-08	False	False	False	False	False	False	False	False
paper_2258	2261	chr3	194815961	194816101	9	141	hyper	ENSG00000173950	XXYLT1	27023.0	5.0	5.0	-1.11500164509956	2.33270990330703e-08	False	False	False	False	False	False	False	False
paper_2259	2262	chr3	194892229	194892375	3	147	hyper	ENSG00000173950	XXYLT1	103294.0	7.0	7.0	-1.11500164509956	2.33270990330703e-08	False	False	False	False	False	False	False	False
paper_2260	2263	chr3	195717667	195717714	4	48	hypo	ENSG00000061938	TNK2	81734.0	7.0	7.0	0.0922353614940993	0.783868223187702	False	False	False	False	False	False	False	False
paper_2261	2264	chr3	195837404	195837439	3	36	hyper	ENSG00000072274	TFRC	28360.0	7.0	4.0	4.38161942810482	1.1750251326364e-15	False	False	False	False	False	False	False	False
paper_2262	2265	chr3	196660043	196660251	4	209	hypo	ENSG00000119231	SENP5	65420.0	5.0	5.0	0.604489304478314	0.00100243810587434	False	False	False	False	False	False	False	False
paper_2263	2266	chr3	197313916	197313927	3	12	hyper	ENSG00000161267	BDH1	13726.0	7.0	7.0	-2.10399631100133	8.13222795151597e-14	False	False	False	False	False	False	False	False
paper_2264	2267	chr3	197447567	197447667	3	101	hyper	ENSG00000145016	KIAA0226	49353.0	5.0	4.0	1.49138763355185	2.3589197317469e-12	False	False	False	False	False	False	False	False
paper_2265	2268	chr3	197648661	197648722	3	62	hypo	ENSG00000114473	IQCG	32745.0	7.0	7.0	2.80269890844894	5.33292616571326e-21	False	False	False	False	False	False	False	False
paper_2266	2269	chr3	197839971	197839985	3	15	hyper	ENSG00000185621	LMLN	152907.0	7.0	7.0	0.535539722429268	0.00883146444895966	False	False	False	False	False	False	False	False
paper_2267	2270	chr4	873324	873789	14	466	hypo	ENSG00000178950	GAK	30490.0	6.0	5.0	0.442471237092419	0.00947865125375761	True	True	True	False	True	True	True	False
paper_2268	2271	chr4	1107682	1107783	7	102	hyper	ENSG00000178222	RNF212	381.0	2.0	7.0	0.568715758097084	0.158774671876874	False	False	False	False	False	False	False	False
paper_2269	2272	chr4	1221935	1221979	4	45	hyper	ENSG00000159692	CTBP1	11994.0	5.0	5.0	-0.59808185390808	0.000751038401301444	False	False	False	False	False	False	False	False
paper_2270	2273	chr4	2047379	2047418	3	40	hypo	ENSG00000243449	C4orf48	3709.0	7.0	7.0	-1.22861632918376	0.000680952677751134	False	False	False	False	False	False	False	False
paper_2271	2274	chr4	2450702	2450765	4	64	hypo	ENSG00000249428	RP11-503N18.3	965.0	7.0	7.0	1.96689706686345	0.294180511207927	False	False	False	False	False	False	False	False
paper_2272	2275	chr4	2599866	2600112	4	247	hyper	ENSG00000125386	FAM193A	26997.0	4.0	5.0	0.218251755368836	0.196624738272906	False	False	False	False	False	False	False	False
paper_2273	2276	chr4	2766367	2766399	3	33	hyper	ENSG00000168884	TNIP2	8279.0	1.0	2.0	1.61138167829079	1.09186880157849e-15	False	False	False	False	False	False	False	False
paper_2274	2277	chr4	3487409	3487449	7	41	hypo	ENSG00000175920	DOK7	22396.0	5.0	7.0	-1.09471257946899	0.496241434106678	False	False	False	False	False	False	False	False
paper_2275	2278	chr4	4475299	4475319	5	21	hyper	ENSG00000168818	STX18	48409.0	7.0	7.0	1.15670560278798	4.29236074099705e-07	False	False	False	False	False	False	False	False
paper_2276	2279	chr4	4494321	4494478	3	158	hypo	ENSG00000168818	STX18	67499.0	3.0	3.0	1.15670560278798	4.29236074099705e-07	False	False	False	False	False	False	False	False
paper_2277	2280	chr4	6576328	6576343	3	16	hypo	ENSG00000013288	MAN2B2	565.0	7.0	2.0	-0.721961827044488	2.17732654705041e-06	False	False	False	False	False	False	False	False
paper_2278	2281	chr4	6665645	6665698	6	54	hyper	ENSG00000179010	MRFAP1	23853.0	7.0	7.0	-0.355748108474401	0.0457131967383896	False	False	False	False	False	False	False	False
paper_2279	2282	chr4	6685065	6685093	3	29	hyper	ENSG00000268791	AC093323.1	9109.0	5.0	7.0	-0.803094542939404		False	False	False	False	False	False	False	False
paper_2280	2283	chr4	6763871	6763933	4	63	hypo	ENSG00000170871	KIAA0232	20465.0	7.0	7.0	-0.644203289477675	0.0207286909393419	False	False	False	False	False	False	False	False
paper_2281	2284	chr4	6918814	6918868	3	55	hypo	ENSG00000132405	TBC1D14	7872.0	3.0	3.0	-0.664046265753473	0.0745925936982298	False	False	False	False	False	False	False	False
paper_2282	2285	chr4	7298967	7299134	6	168	hyper	ENSG00000184985	SORCS2	104785.0	7.0	7.0	5.14165118165129	4.68220898917902e-07	False	False	False	False	False	False	False	False
paper_2283	2286	chr4	7628337	7628455	4	119	hypo	ENSG00000184985	SORCS2	434131.0	7.0	7.0	5.14165118165129	4.68220898917902e-07	False	False	False	False	False	False	False	False
paper_2284	2287	chr4	7697748	7698182	4	435	hyper	ENSG00000184985	SORCS2	503700.0	7.0	7.0	5.14165118165129	4.68220898917902e-07	False	False	False	False	False	False	False	False
paper_2285	2288	chr4	7747206	7747271	4	66	hypo	ENSG00000228919	AC097381.1	193488.0	5.0	4.0	0.530295282644176		False	False	False	False	False	False	False	False
paper_2286	2289	chr4	7979919	7979952	3	34	hypo	ENSG00000163995	ABLIM2	12892.0	7.0	3.0	0.831016875389317	0.284244320067437	False	False	False	False	False	False	False	False
paper_2287	2290	chr4	8421532	8421674	3	143	hypo	ENSG00000087008	ACOX3	53164.0	3.0	3.0	1.23541439436514	0.000109019467486165	False	False	False	False	False	False	False	False
paper_2288	2291	chr4	8422805	8422997	5	193	hypo	ENSG00000087008	ACOX3	54462.0	7.0	7.0	1.23541439436514	0.000109019467486165	False	False	False	False	True	True	False	False
paper_2289	2292	chr4	8618019	8618116	5	98	hyper	ENSG00000109625	CPZ	23680.0	7.0	7.0	-0.362664365619033		False	False	False	False	False	False	False	False
paper_2290	2293	chr4	9530493	9530702	7	210	hyper	ENSG00000186146	DEFB131	84337.0	7.0	7.0			False	False	False	False	False	False	False	False
paper_2291	2294	chr4	11233706	11234010	4	305	hyper	ENSG00000002587	HS3ST1	197530.0	7.0	7.0	-3.03772950089257	6.69567953868611e-10	False	False	False	False	False	False	False	False
paper_2292	2295	chr4	14845741	14845942	4	202	hypo	ENSG00000137449	CPEB2	158455.0	7.0	4.0	2.47154470748603	3.07583327861039e-16	False	False	False	False	True	True	True	True
paper_2293	2296	chr4	14846267	14846487	3	221	hypo	ENSG00000137449	CPEB2	157919.0	7.0	4.0	2.47154470748603	3.07583327861039e-16	False	False	False	False	False	False	False	False
paper_2294	2297	chr4	15721192	15721440	4	249	hyper	ENSG00000109743	BST1	16743.0	7.0	5.0	-1.3708456106257	4.47448843937495e-05	False	False	False	False	False	False	False	False
paper_2295	2298	chr4	16900733	16900813	3	81	hypo	ENSG00000169744	LDB2	340.0	7.0	7.0	0.468942840736599	0.618606320221429	False	False	False	False	False	False	False	False
paper_2296	2299	chr4	17739189	17739297	3	109	hyper	ENSG00000047662	FAM184B	108314.0	7.0	7.0	-1.27098395456375	0.00079142875348359	False	False	False	False	False	False	False	False
paper_2297	2300	chr4	22517230	22517243	5	14	hypo	ENSG00000152990	GPR125	128229.0	2.0	2.0	0.551499478070585	0.0899099347724273	False	False	False	False	False	False	False	False
paper_2298	2301	chr4	25762531	25762678	3	148	hypo	ENSG00000091490	SEL1L3	102777.0	7.0	7.0	3.4831332523762	1.89378572767831e-11	False	False	False	False	False	False	False	False
paper_2299	2302	chr4	26163380	26163479	4	100	hypo	ENSG00000168214	RBPJ	1646.0	4.0	4.0	-0.700751688447168	0.0731131645216551	False	False	False	False	False	False	False	False
paper_2300	2303	chr4	26163874	26164047	4	174	hypo	ENSG00000168214	RBPJ	1115.0	4.0	4.0	-0.700751688447168	0.0731131645216551	False	False	False	False	True	True	True	True
paper_2301	2304	chr4	26341873	26342074	3	202	hyper	ENSG00000168214	RBPJ	176896.0	4.0	5.0	-0.700751688447168	0.0731131645216551	False	False	False	False	False	False	False	False
paper_2302	2305	chr4	30279796	30279834	7	39	hyper	ENSG00000169851	PCDH7	442220.0	7.0	7.0	-0.30029941546533	0.922814572474725	False	False	False	False	False	False	False	False
paper_2303	2306	chr4	37829215	37829247	3	33	hypo	ENSG00000169299	PGM2	976.0	1.0	1.0	0.0200501411553336	0.959302604217899	False	False	False	False	False	False	False	False
paper_2304	2307	chr4	38054318	38054336	3	19	hyper	ENSG00000065882	TBC1D1	161619.0	6.0	6.0	0.435492824553097	0.00799150554512653	False	False	False	False	False	False	False	False
paper_2305	2308	chr4	38732485	38732623	5	139	hypo	ENSG00000174123	TLR10	52055.0	5.0	5.0	-0.853584583106027	0.00370467875212226	True	True	True	True	False	False	False	False
paper_2306	2309	chr4	38821331	38821520	3	190	hypo	ENSG00000174125	TLR1	21118.0	5.0	4.0	-1.46813979389928	0.0133756238913628	False	False	False	False	False	False	False	False
paper_2307	2310	chr4	38887634	38887714	3	81	hypo	ENSG00000197712	FAM114A1	18376.0	7.0	7.0	-0.280145018275752	0.262348218634456	False	False	False	False	False	False	False	False
paper_2308	2311	chr4	39623991	39624330	8	340	hyper	ENSG00000163683	SMIM14	76210.0	7.0	7.0	-1.30595300733909	6.49564271130781e-06	False	False	False	False	False	False	False	False
paper_2309	2312	chr4	39659141	39659452	4	312	hypo	ENSG00000163683	SMIM14	18585.0	5.0	5.0	-1.30595300733909	6.49564271130781e-06	False	False	False	False	False	False	False	False
paper_2310	2313	chr4	39726691	39726924	5	234	hypo	ENSG00000078140	UBE2K	27143.0	5.0	5.0	0.372126435009578	0.0516477971627675	False	False	False	False	False	False	False	False
paper_2311	2314	chr4	40127041	40127233	3	193	hyper	ENSG00000078177	N4BP2	68691.0	5.0	5.0	0.896775478905539	0.00603952811693177	False	False	False	False	False	False	False	False
paper_2312	2315	chr4	41396626	41396958	3	333	hypo	ENSG00000064042	LIMCH1	35168.0	7.0	4.0	6.02234554182392	2.17200715851777e-26	False	False	False	False	False	False	False	False
paper_2313	2316	chr4	42280842	42281051	5	210	hyper	ENSG00000178343	SHISA3	118908.0	7.0	7.0	5.6272207461742	4.72884112419926e-12	False	False	False	False	False	False	False	False
paper_2314	2317	chr4	47841314	47841645	5	332	hypo	ENSG00000145244	CORIN	1355.0	3.0	4.0	-0.116253964258115	0.805983684836112	False	False	False	False	False	False	False	False
paper_2315	2318	chr4	48141845	48142056	3	212	hyper	ENSG00000135605	TEC	4150.0	6.0	6.0	1.77704603610144	1.13282786413914e-05	False	False	False	False	False	False	False	False
paper_2316	2319	chr4	48164287	48164690	5	404	hypo	ENSG00000135605	TEC	26688.0	5.0	3.0	1.77704603610144	1.13282786413914e-05	False	False	False	False	False	False	False	False
paper_2317	2320	chr4	53262554	53262983	4	430	hyper	ENSG00000109189	USP46	262733.0	7.0	7.0	1.46619811515556	9.53292529207392e-09	False	False	False	False	False	False	False	False
paper_2318	2321	chr4	55575302	55575427	3	126	hyper	ENSG00000157404	KIT	51279.0	5.0	5.0	0.603626695145713	0.0517023195501794	False	False	False	False	False	False	False	False
paper_2319	2322	chr4	56207371	56207702	6	332	hypo	ENSG00000128039	SRD5A3	4738.0	7.0	7.0	0.555571210997108	0.0206411723084392	True	True	True	False	False	False	False	False
paper_2320	2323	chr4	56301576	56301631	3	56	hyper	ENSG00000134852	CLOCK	414.0	5.0	5.0	0.522288880373764	0.0507783520209504	False	False	False	False	False	False	False	False
paper_2321	2324	chr4	57358878	57359056	3	179	hyper	ENSG00000174780	SRP72	25886.0	6.0	7.0	-0.102017317185319	0.654755595882353	False	False	False	False	False	False	False	False
paper_2322	2325	chr4	57371446	57371467	3	22	hyper	ENSG00000196503	ARL9	51.0	2.0	2.0	0.117494542284458	0.959148090183643	False	False	False	False	False	False	False	False
paper_2323	2326	chr4	66865909	66866161	3	253	hypo	ENSG00000145242	EPHA5	329821.0	7.0	7.0			False	False	False	False	False	False	False	False
paper_2324	2327	chr4	69216077	69216111	3	35	hyper	ENSG00000083896	YTHDC1	286.0	2.0	1.0	0.367456128263559	0.039106434714638	False	False	False	False	False	False	False	False
paper_2325	2328	chr4	71728930	71729308	4	379	hypo	ENSG00000132463	GRSF1	23456.0	7.0	4.0	2.22329690543597	5.79282042807017e-19	False	False	False	False	False	False	False	False
paper_2326	2329	chr4	71740671	71740854	3	184	hyper	ENSG00000173542	MOB1B	27279.0	5.0	5.0	1.62921167500943	1.38407212570952e-12	False	False	False	False	False	False	False	False
paper_2327	2330	chr4	76829364	76829624	4	261	hyper	ENSG00000156194	PPEF2	5812.0	4.0	5.0	-1.26322642825296	0.000930769771315247	False	False	False	False	False	False	False	False
paper_2328	2331	chr4	77789568	77789730	3	163	hypo	ENSG00000186212	SOWAHB	29352.0	7.0	7.0	0.976672340511328		False	False	False	False	False	False	False	False
paper_2329	2332	chr4	79695691	79695969	3	279	hyper	ENSG00000138756	BMP2K	1664.0	1.0	1.0	0.772807737291532	0.00773099931687236	False	False	False	False	False	False	False	False
paper_2330	2333	chr4	82707441	82707847	3	407	hyper	ENSG00000138670	RASGEF1B	327011.0	7.0	7.0	3.07087606558119	2.32731118966835e-15	False	False	False	False	False	False	False	False
paper_2331	2334	chr4	83726011	83726177	4	167	hypo	ENSG00000145284	SCD5	6083.0	5.0	5.0	1.04476094884052	0.00531638044970655	False	False	False	False	False	False	False	False
paper_2332	2335	chr4	83737522	83737803	4	282	hypo	ENSG00000145284	SCD5	17651.0	7.0	6.0	1.04476094884052	0.00531638044970655	False	False	False	False	False	False	False	False
paper_2333	2336	chr4	86759472	86759488	3	17	hyper	ENSG00000138639	ARHGAP24	363213.0	7.0	7.0	2.29056276659031	1.84040527665533e-05	False	False	False	False	False	False	False	False
paper_2334	2337	chr4	88142407	88142439	3	33	hyper	ENSG00000145332	KLHL8	662.0	1.0	2.0	-0.906539932392351	0.00131705226596576	False	False	False	False	False	False	False	False
paper_2335	2338	chr4	88468851	88469108	4	258	hypo	ENSG00000152583	SPARCL1	16765.0	7.0	7.0	1.37173023543314	0.117751981046962	False	False	False	False	False	False	False	False
paper_2336	2339	chr4	96060847	96060891	6	45	hyper	ENSG00000138696	BMPR1B	381750.0	7.0	7.0	0.271155578521347	0.749278736103204	False	False	False	False	False	False	False	False
paper_2337	2340	chr4	96133793	96133847	3	55	hyper	ENSG00000182168	UNC5C	50165.0	5.0	5.0	7.80348474104221	1.12871692777213e-18	False	False	False	False	False	False	False	False
paper_2338	2341	chr4	100482401	100482424	3	24	hyper	ENSG00000145331	TRMT10A	12642.0	7.0	7.0	1.11904869998622	5.34999824332734e-06	False	False	False	False	False	False	False	False
paper_2339	2342	chr4	102243492	102243846	5	355	hyper	ENSG00000138814	PPP3CA	224094.0	7.0	7.0	-0.283632207079339	0.514090255182673	False	False	False	False	False	False	False	False
paper_2340	2343	chr4	103243062	103243103	3	42	hyper	ENSG00000138821	SLC39A8	60259.0	3.0	3.0	0.981409828239919	0.200252874840326	False	False	False	False	False	False	False	False
paper_2341	2344	chr4	103443187	103443464	3	278	hypo	ENSG00000109320	NFKB1	20839.0	5.0	1.0	4.04468890488265	1.29749835984213e-34	False	False	False	False	True	True	True	False
paper_2342	2345	chr4	103520004	103520661	10	658	hypo	ENSG00000109320	NFKB1	97846.0	7.0	4.0	4.04468890488265	1.29749835984213e-34	True	True	True	False	True	True	True	False
paper_2343	2346	chr4	103664725	103664938	3	214	hypo	ENSG00000109323	MANBA	111781.0	7.0	7.0	0.225679610354265	0.320742944964043	False	False	False	False	False	False	False	False
paper_2344	2347	chr4	104077116	104077759	6	644	hyper	ENSG00000138778	CENPE	50474.0	5.0	5.0	0.346088443380039	0.201703313637746	False	False	False	False	False	False	False	False
paper_2345	2348	chr4	105417091	105417116	3	26	hyper	ENSG00000168772	CXXC4	1051.0	2.0	7.0	-1.73802327638577	0.162239894982425	False	False	False	False	False	False	False	False
paper_2346	2349	chr4	105768196	105768524	3	329	hyper	ENSG00000168769	TET2	298670.0	7.0	7.0	-0.503297167598445	0.249485515830767	False	False	False	False	False	False	False	False
paper_2347	2350	chr4	106033873	106034167	3	295	hyper	ENSG00000168769	TET2	33010.0	4.0	4.0	-0.503297167598445	0.249485515830767	False	False	False	False	False	False	False	False
paper_2348	2351	chr4	107955060	107955076	3	17	hypo	ENSG00000155011	DKK2	109966.0	7.0	7.0	0.256556474035421	0.850621167912333	False	False	False	False	False	False	False	False
paper_2349	2352	chr4	109935963	109936110	4	148	hyper	ENSG00000164089	ETNPPL	251825.0	7.0	7.0	-0.13459246929456	0.885453271460028	False	False	False	False	False	False	False	False
paper_2350	2353	chr4	113163569	113163997	3	429	hyper	ENSG00000138660	AP1AR	10890.0	6.0	7.0	0.00067570745343134	0.998773395008857	False	False	False	False	False	False	False	False
paper_2351	2354	chr4	115068870	115068919	3	50	hyper	ENSG00000180801	ARSJ	168036.0	7.0	7.0	4.22228802587486	0.0427575417807166	False	False	False	False	False	False	False	False
paper_2352	2355	chr4	122282828	122283020	5	193	hypo	ENSG00000186867	QRFPR	32455.0	7.0	7.0			False	False	False	False	False	False	False	False
paper_2353	2356	chr4	123243833	123244199	4	367	hypo	ENSG00000138688	KIAA1109	170528.0	6.0	4.0	0.912808850510938	5.75546098816222e-05	False	False	False	False	False	False	False	False
paper_2354	2357	chr4	139221176	139221423	5	248	hypo	ENSG00000151012	SLC7A11	57795.0	4.0	1.0	2.53264462016912	1.19168945344226e-06	True	True	True	True	True	True	True	True
paper_2355	2358	chr4	139938096	139938102	3	7	hyper	ENSG00000151014	CCRN4L	1156.0	1.0	1.0	1.7314209076834	1.71438127145844e-14	False	False	False	False	False	False	False	False
paper_2356	2359	chr4	139955067	139955180	3	114	hypo	ENSG00000151014	CCRN4L	18180.0	7.0	4.0	1.7314209076834	1.71438127145844e-14	False	False	False	False	False	False	False	False
paper_2357	2360	chr4	141600834	141600944	3	111	hypo	ENSG00000109436	TBC1D9	58970.0	7.0	6.0	1.92878124877184	3.47436474516905e-07	False	False	False	False	False	False	False	False
paper_2358	2361	chr4	141642284	141642466	3	183	hypo	ENSG00000109436	TBC1D9	100456.0	1.0	3.0	1.92878124877184	3.47436474516905e-07	False	False	False	False	False	False	False	False
paper_2359	2362	chr4	141901872	141902662	7	791	hypo	ENSG00000170153	RNF150	115542.0	7.0	4.0	3.19322193230336	1.42466944034904e-16	False	False	False	False	False	False	False	False
paper_2360	2363	chr4	142254227	142254249	4	23	hyper	ENSG00000109445	ZNF330	112197.0	7.0	7.0	-1.15533545711348	7.65923414838173e-10	False	False	False	False	False	False	False	False
paper_2361	2364	chr4	142254833	142254899	4	67	hypo	ENSG00000109445	ZNF330	112825.0	5.0	2.0	-1.15533545711348	7.65923414838173e-10	False	False	False	False	False	False	False	False
paper_2362	2365	chr4	142470795	142470946	4	152	hyper	ENSG00000164136	IL15	86880.0	7.0	7.0	3.73786316662906	1.63018001078782e-22	False	False	False	False	False	False	False	False
paper_2363	2366	chr4	148676566	148676916	4	351	hypo	ENSG00000071205	ARHGAP10	23527.0	7.0	4.0	0.260906881278058	0.305404407386229	False	False	False	False	False	False	False	False
paper_2364	2367	chr4	148768746	148768958	3	213	hypo	ENSG00000071205	ARHGAP10	115638.0	5.0	3.0	0.260906881278058	0.305404407386229	False	False	False	False	False	False	False	False
paper_2365	2368	chr4	148810331	148810519	4	189	hypo	ENSG00000071205	ARHGAP10	157211.0	6.0	6.0	0.260906881278058	0.305404407386229	False	False	False	False	False	False	False	False
paper_2366	2369	chr4	148975405	148975591	3	187	hyper	ENSG00000071205	ARHGAP10	322284.0	5.0	5.0	0.260906881278058	0.305404407386229	False	False	False	False	False	False	False	False
paper_2367	2370	chr4	151937998	151938004	3	7	hyper	ENSG00000198589	LRBA	1121.0	7.0	2.0	-0.416808990923308	0.188991626666296	False	False	False	False	False	False	False	False
paper_2368	2371	chr4	152331278	152331298	3	21	hypo	ENSG00000164142	FAM160A1	890.0	2.0	7.0	-1.23711938508018	0.118513846771353	False	False	False	False	False	False	False	False
paper_2369	2372	chr4	154028504	154028728	3	225	hyper	ENSG00000109654	TRIM2	45027.0	7.0	5.0	4.64355567172954	2.90021587171708e-31	False	False	False	False	False	False	False	False
paper_2370	2373	chr4	155598911	155599008	3	98	hyper	ENSG00000121207	LRAT	50846.0	7.0	7.0	0.390709805761418	0.471096661688845	False	False	False	False	False	False	False	False
paper_2371	2374	chr4	155599340	155599397	3	58	hyper	ENSG00000121207	LRAT	51255.0	7.0	7.0	0.390709805761418	0.471096661688845	False	False	False	False	False	False	False	False
paper_2372	2375	chr4	159041778	159042167	6	390	hyper	ENSG00000164125	FAM198B	52497.0	7.0	7.0	-3.44461862160035	2.03416956404544e-09	False	False	False	False	False	False	False	False
paper_2373	2376	chr4	163418668	163419157	7	490	hyper	ENSG00000168843	FSTL5	333724.0	7.0	7.0	0.974925980303952		False	False	False	False	False	False	False	False
paper_2374	2377	chr4	169103977	169104092	3	116	hypo	ENSG00000109511	ANXA10	90368.0	7.0	7.0	6.63067724277586	0.000862806393999086	False	False	False	False	False	False	False	False
paper_2375	2378	chr4	172131922	172132368	5	447	hypo	ENSG00000174473	GALNTL6	601258.0	7.0	7.0	0.766862851809085	0.586648701445442	False	False	False	False	False	False	False	False
paper_2376	2379	chr4	172579562	172579961	4	400	hypo	ENSG00000174473	GALNTL6	153642.0	7.0	7.0	0.766862851809085	0.586648701445442	False	False	False	False	False	False	False	False
paper_2377	2380	chr4	174421693	174421715	4	23	hyper	ENSG00000164107	HAND2	29675.0	7.0	7.0			False	False	False	False	False	False	False	False
paper_2378	2381	chr4	174505244	174505261	4	18	hypo	ENSG00000164107	HAND2	53871.0	7.0	7.0			False	False	False	False	False	False	False	False
paper_2379	2382	chr4	175274926	175275002	3	77	hypo	ENSG00000164117	FBXO8	69548.0	7.0	7.0	0.444002812314982	0.0364807618163043	False	False	False	False	False	False	False	False
paper_2380	2383	chr4	184411961	184412032	3	72	hyper	ENSG00000168556	ING2	14149.0	4.0	7.0	-1.98455716779793	2.23358458842713e-14	False	False	False	False	False	False	False	False
paper_2381	2384	chr4	184523823	184523991	4	169	hyper	ENSG00000182552	RWDD4	56470.0	7.0	7.0	-0.104888058723563	0.649521642593759	False	False	False	False	False	False	False	False
paper_2382	2385	chr4	184779582	184779647	5	66	hyper	ENSG00000173320	STOX2	46893.0	7.0	7.0	-0.719466702748065	0.235324318508243	False	False	False	False	False	False	False	False
paper_2383	2386	chr4	184916740	184916773	3	34	hyper	ENSG00000173320	STOX2	90247.0	7.0	5.0	-0.719466702748065	0.235324318508243	False	False	False	False	False	False	False	False
paper_2384	2387	chr4	185202940	185203123	5	184	hypo	ENSG00000164303	ENPP6	60647.0	4.0	4.0	3.19821889975598	3.30097982197627e-11	False	False	False	False	False	False	False	False
paper_2385	2388	chr4	185209951	185210128	5	178	hypo	ENSG00000164303	ENPP6	67655.0	4.0	4.0	3.19821889975598	3.30097982197627e-11	False	False	False	False	False	False	False	False
paper_2386	2389	chr4	185469653	185469681	3	29	hypo	ENSG00000168310	IRF2	73932.0	4.0	5.0	1.52179007200833	1.39527868218691e-09	False	False	False	False	False	False	False	False
paper_2387	2390	chr4	185534505	185534708	3	204	hyper	ENSG00000164305	CASP3	36056.0	7.0	4.0	1.63795510448065	4.6384070029371e-12	False	False	False	False	False	False	False	False
paper_2388	2391	chr4	185707026	185707279	7	254	hyper	ENSG00000151726	ACSL1	30398.0	5.0	5.0	3.12523479985346	2.14976114966445e-19	False	False	False	False	False	False	False	False
paper_2389	2392	chr4	185723613	185723711	3	99	hyper	ENSG00000151726	ACSL1	46908.0	6.0	6.0	3.12523479985346	2.14976114966445e-19	False	False	False	False	False	False	False	False
paper_2390	2393	chr4	185960436	185960474	3	39	hyper	ENSG00000187821	HELT	20460.0	7.0	7.0			False	False	False	False	False	False	False	False
paper_2391	2394	chr4	186037470	186037578	4	109	hyper	ENSG00000151729	SLC25A4	26869.0	7.0	7.0	-0.356421254162988	0.171815721096205	False	False	False	False	False	False	False	False
paper_2392	2395	chr4	186050275	186050309	3	35	hyper	ENSG00000151729	SLC25A4	14101.0	2.0	7.0	-0.356421254162988	0.171815721096205	False	False	False	False	False	False	False	False
paper_2393	2396	chr4	188954042	188954058	4	17	hypo	ENSG00000179059	ZFP42	37125.0	7.0	7.0	-0.137405363428484	0.837387367107632	False	False	False	False	False	False	False	False
paper_2394	2397	chr4	190230201	190230241	3	41	hypo	ENSG00000109536	FRG1	631720.0	7.0	7.0	-0.740686199788544	0.00170354800373841	False	False	False	False	False	False	False	False
paper_2395	2398	chr4	190566526	190566567	4	42	hyper	ENSG00000109536	FRG1	295395.0	7.0	7.0	-0.740686199788544	0.00170354800373841	False	False	False	False	False	False	False	False
paper_2396	2399	chr5	12466	12483	6	18	hypo	ENSG00000153404	PLEKHG4B	127897.0	7.0	7.0	0.440035694529872	0.35362975705835	False	False	False	False	False	False	False	False
paper_2397	2400	chr5	369773	369969	3	197	hypo	ENSG00000063438	AHRR	65580.0	4.0	4.0	-1.39299785511917	5.75698822545027e-12	False	False	False	False	False	False	False	False
paper_2398	2401	chr5	789978	790067	4	90	hypo	ENSG00000206077	ZDHHC11B	22954.0	7.0	7.0	-1.02464119063722	0.706555430248914	False	False	False	False	False	False	False	False
paper_2399	2402	chr5	969661	969671	3	11	hyper	ENSG00000250173	RP11-661C8.3	9812.0	7.0	7.0			False	False	False	False	False	False	False	False
paper_2400	2403	chr5	1912261	1912363	3	103	hypo	ENSG00000113430	IRX4	24961.0	7.0	7.0	1.08315875497546	0.520406313258301	False	False	False	False	False	False	False	False
paper_2401	2404	chr5	1924636	1924841	5	206	hyper	ENSG00000113430	IRX4	37387.0	7.0	7.0	1.08315875497546	0.520406313258301	False	False	False	False	False	False	False	False
paper_2402	2405	chr5	2989749	2989824	4	76	hyper	ENSG00000186493	C5orf38	237541.0	7.0	7.0	-1.4503440861304	0.131904142119863	False	False	False	False	False	False	False	False
paper_2403	2406	chr5	3962588	3962709	3	122	hyper	ENSG00000170549	IRX1	366480.0	7.0	7.0	0.974925980303952		False	False	False	False	False	False	False	False
paper_2404	2407	chr5	6737705	6737739	4	35	hypo	ENSG00000112941	PAPD7	23004.0	3.0	4.0	1.38864966397146	8.45682740523754e-10	False	False	False	False	False	False	False	False
paper_2405	2408	chr5	6775386	6775547	3	162	hypo	ENSG00000112941	PAPD7	60748.0	5.0	4.0	1.38864966397146	8.45682740523754e-10	False	False	False	False	False	False	False	False
paper_2406	2409	chr5	6827753	6827814	3	62	hypo	ENSG00000112941	PAPD7	113065.0	7.0	1.0	1.38864966397146	8.45682740523754e-10	False	False	False	False	False	False	False	False
paper_2407	2410	chr5	10438632	10438900	4	269	hyper	ENSG00000145491	ROPN1L	2868.0	6.0	6.0	1.61756219392714	0.0743544497670088	False	False	False	False	False	False	False	False
paper_2408	2411	chr5	10562796	10562862	7	67	hypo	ENSG00000164236	ANKRD33B	1611.0	4.0	3.0	7.42808210733886	2.4384678233746e-20	False	False	False	False	False	False	False	False
paper_2409	2412	chr5	10685203	10685432	5	230	hypo	ENSG00000112977	DAP	5975.0	6.0	5.0	-1.77653679942573	1.69594870977403e-13	False	False	False	False	False	False	False	False
paper_2410	2413	chr5	13578720	13578737	5	18	hypo	ENSG00000039139	DNAH5	365923.0	7.0	7.0	0.916181359490571		False	False	False	False	False	False	False	False
paper_2411	2414	chr5	16699956	16699986	3	31	hypo	ENSG00000145555	MYO10	34576.0	7.0	7.0	2.95459078864962	4.87537137454584e-15	False	False	False	False	False	False	False	False
paper_2412	2415	chr5	16754310	16754670	4	361	hyper	ENSG00000145555	MYO10	89095.0	7.0	7.0	2.95459078864962	4.87537137454584e-15	False	False	False	False	False	False	False	False
paper_2413	2416	chr5	18690906	18691012	3	107	hypo	ENSG00000176788	BASP1	1625252.0	7.0	7.0	3.00219429699588	4.24029206045704e-23	False	False	False	False	False	False	False	False
paper_2414	2417	chr5	32172881	32172898	3	18	hypo	ENSG00000113384	GOLPH3	48079.0	1.0	1.0	0.570297717484015	0.0166737089330038	False	False	False	False	False	False	False	False
paper_2415	2418	chr5	34486738	34486848	4	111	hyper	ENSG00000039560	RAI14	169547.0	7.0	7.0	2.2232271577511	0.0124554533595142	False	False	False	False	False	False	False	False
paper_2416	2419	chr5	35247006	35247268	3	263	hypo	ENSG00000113494	PRLR	16342.0	7.0	7.0	4.64718110872734	6.90019888173637e-05	False	False	False	False	False	False	False	False
paper_2417	2420	chr5	36819403	36819414	3	12	hyper	ENSG00000164190	NIPBL	57451.0	4.0	4.0	0.614665377342949	0.00916254203857346	False	False	False	False	False	False	False	False
paper_2418	2421	chr5	57137578	57137688	3	111	hypo	ENSG00000169067	ACTBL2	358996.0	7.0	7.0	0.975177937151533		False	False	False	False	False	False	False	False
paper_2419	2422	chr5	59284378	59284495	6	118	hyper	ENSG00000113448	PDE4D	1013952.0	4.0	3.0	2.76104984714645	1.33776701331527e-08	False	False	False	False	False	False	False	False
paper_2420	2423	chr5	60130251	60130271	4	21	hyper	ENSG00000164181	ELOVL7	82643.0	7.0	7.0	3.28179896688008	2.25189947763478e-08	False	False	False	False	False	False	False	False
paper_2421	2424	chr5	60241079	60241109	3	31	hyper	ENSG00000164182	NDUFAF2	138.0	1.0	1.0	-1.58941142569923	5.85974928265247e-08	False	False	False	False	False	False	False	False
paper_2422	2425	chr5	60242045	60242090	3	46	hypo	ENSG00000164182	NDUFAF2	1111.0	3.0	1.0	-1.58941142569923	5.85974928265247e-08	False	False	False	False	False	False	False	False
paper_2423	2426	chr5	60457185	60457368	5	184	hyper	ENSG00000188725	SMIM15	3740.0	1.0	1.0	-0.592223782978571	0.00173250343565761	False	False	False	False	False	False	False	False
paper_2424	2427	chr5	61566531	61567326	6	796	hypo	ENSG00000068796	KIF2A	35059.0	7.0	4.0	3.45746318878476	6.38867162490372e-25	False	False	False	False	False	False	False	False
paper_2425	2428	chr5	65135422	65135740	3	319	hypo	ENSG00000112851	ERBB2IP	86720.0	7.0	7.0	-0.180340692770814	0.647043767443697	False	False	False	False	False	False	False	False
paper_2426	2429	chr5	65206863	65206989	3	127	hypo	ENSG00000112851	ERBB2IP	15375.0	5.0	7.0	-0.180340692770814	0.647043767443697	False	False	False	False	False	False	False	False
paper_2427	2430	chr5	66117941	66118494	4	554	hypo	ENSG00000069020	MAST4	226041.0	7.0	4.0	2.63475547447736	4.13967581694521e-26	False	False	False	False	False	False	False	False
paper_2428	2431	chr5	66975359	66975548	6	190	hyper	ENSG00000134061	CD180	482825.0	7.0	7.0	0.473663269689131	0.305404407386229	False	False	False	False	False	False	False	False
paper_2429	2432	chr5	67362498	67362546	3	49	hyper	ENSG00000253787	RP11-404L6.2	123180.0	7.0	7.0	1.71374747412987		False	False	False	False	False	False	False	False
paper_2430	2433	chr5	67483571	67483610	8	40	hyper	ENSG00000253787	RP11-404L6.2	2112.0	7.0	7.0	1.71374747412987		False	False	False	False	False	False	False	False
paper_2431	2434	chr5	67729836	67729860	3	25	hypo	ENSG00000145675	PIK3R1	218300.0	4.0	4.0	-1.00335172389908	0.000318117428267741	False	False	False	False	False	False	False	False
paper_2432	2435	chr5	67888175	67888332	4	158	hyper	ENSG00000145675	PIK3R1	376705.0	5.0	5.0	-1.00335172389908	0.000318117428267741	False	False	False	False	False	False	False	False
paper_2433	2436	chr5	68728482	68728786	6	305	hypo	ENSG00000152939	MARVELD2	17695.0	4.0	3.0	1.17593376384097	0.000960556628123243	True	True	True	True	False	False	False	False
paper_2434	2437	chr5	68772660	68772781	4	122	hyper	ENSG00000197822	OCLN	15397.0	7.0	7.0	-0.279773503022521	0.488800441463353	False	False	False	False	False	False	False	False
paper_2435	2438	chr5	70819777	70820060	8	284	hypo	ENSG00000145734	BDP1	68476.0	6.0	1.0	2.11709130575386	2.06109017111951e-13	True	True	True	True	True	True	True	False
paper_2436	2439	chr5	72118239	72118302	3	64	hyper	ENSG00000083312	TNPO1	6131.0	2.0	3.0	0.479945494519077	0.0911218844456777	False	False	False	False	False	False	False	False
paper_2437	2440	chr5	72417152	72417186	3	35	hyper	ENSG00000157111	TMEM171	1050.0	7.0	7.0	2.8169668815464	0.117616624975974	False	False	False	False	False	False	False	False
paper_2438	2441	chr5	74903013	74903029	3	17	hypo	ENSG00000189045	ANKDD1B	4261.0	7.0	7.0	-1.7308756828021	4.110521376857e-07	False	False	False	False	False	False	False	False
paper_2439	2442	chr5	75605022	75605163	4	142	hypo	ENSG00000122012	SV2C	226095.0	7.0	7.0	0.805939602499176	0.182620397548036	False	False	False	False	False	False	False	False
paper_2440	2443	chr5	75689072	75689206	3	135	hyper	ENSG00000145703	IQGAP2	9933.0	7.0	7.0	-0.193904747552384	0.701964743985331	False	False	False	False	False	False	False	False
paper_2441	2444	chr5	76361342	76361518	4	177	hyper	ENSG00000132846	ZBED3	21717.0	7.0	4.0	-0.472671534578284	0.127293463144297	False	False	False	False	False	False	False	False
paper_2442	2445	chr5	76372883	76372924	6	42	hyper	ENSG00000132846	ZBED3	5006.0	3.0	3.0	-0.472671534578284	0.127293463144297	False	False	False	False	False	False	False	False
paper_2443	2446	chr5	77806995	77807179	4	185	hyper	ENSG00000145685	LHFPL2	26047.0	3.0	3.0	1.20440479124429	4.29736870075562e-09	False	False	False	False	False	False	False	False
paper_2444	2447	chr5	78884600	78885066	9	467	hypo	ENSG00000164329	PAPD4	23408.0	4.0	4.0	0.5339716466819	0.0102659260805139	True	True	False	False	True	True	True	False
paper_2445	2448	chr5	79552942	79552977	4	36	hyper	ENSG00000164300	SERINC5	1060.0	1.0	1.0	2.23727072223197	1.11837479436179e-10	False	False	False	False	False	False	False	False
paper_2446	2449	chr5	79553267	79553342	3	76	hypo	ENSG00000164300	SERINC5	1405.0	3.0	1.0	2.23727072223197	1.11837479436179e-10	False	False	False	False	False	False	False	False
paper_2447	2450	chr5	80702559	80702578	4	20	hyper	ENSG00000172497	ACOT12	12569.0	7.0	7.0	-0.952713739983142		False	False	False	False	False	False	False	False
paper_2448	2451	chr5	88028895	88029125	3	231	hyper	ENSG00000081189	MEF2C	14971.0	4.0	4.0	-1.26543745105955	4.81980293282529e-08	False	False	False	False	False	False	False	False
paper_2449	2452	chr5	93905178	93905195	3	18	hyper	ENSG00000185261	KIAA0825	152420.0	7.0	7.0	-1.25185145805761	6.0998896072312e-05	False	False	False	False	False	False	False	False
paper_2450	2453	chr5	95513202	95513651	6	450	hypo	ENSG00000118985	ELL2	215650.0	5.0	4.0	3.20067645113064	5.89467084369982e-12	False	False	False	False	True	True	True	False
paper_2451	2454	chr5	96126937	96127147	3	211	hyper	ENSG00000164307	ERAP1	30521.0	5.0	5.0	0.485658592727668	0.0330363853721762	False	False	False	False	False	False	False	False
paper_2452	2455	chr5	99385234	99385373	3	140	hyper	ENSG00000174132	FAM174A	485704.0	7.0	7.0	0.0163376239665885	0.954034523912075	False	False	False	False	False	False	False	False
paper_2453	2456	chr5	102596081	102596100	3	20	hyper	ENSG00000181751	C5orf30	1687.0	2.0	2.0	0.935325218733912	0.000291988122886035	False	False	False	False	False	False	False	False
paper_2454	2457	chr5	108202052	108202217	3	166	hyper	ENSG00000151422	FER	118611.0	7.0	7.0	1.71290439804695	2.19585313773044e-08	False	False	False	False	False	False	False	False
paper_2455	2458	chr5	108741039	108741137	4	99	hyper	ENSG00000198961	PJA2	70678.0	7.0	3.0	0.382145148935606	0.283935816427821	False	False	False	False	False	False	False	False
paper_2456	2459	chr5	108741845	108741890	3	46	hyper	ENSG00000198961	PJA2	71457.0	7.0	7.0	0.382145148935606	0.283935816427821	False	False	False	False	False	False	False	False
paper_2457	2460	chr5	116791458	116791511	3	54	hypo	ENSG00000092421	SEMA6A	880853.0	7.0	7.0	1.00053347459211	0.0984557100856225	False	False	False	False	False	False	False	False
paper_2458	2461	chr5	121414866	121415306	3	441	hypo	ENSG00000113083	LOX	1105.0	7.0	7.0	1.66342669372767	6.29039516206518e-08	False	False	False	False	False	False	False	False
paper_2459	2462	chr5	122885308	122885414	3	107	hypo	ENSG00000151292	CSNK1G3	37568.0	5.0	4.0	1.60420968118361	1.16992968554289e-08	False	False	False	False	False	False	False	False
paper_2460	2463	chr5	124100842	124101225	3	384	hyper	ENSG00000168916	ZNF608	16532.0	7.0	7.0	2.71811320978897	3.43745873035556e-10	False	False	False	False	False	False	False	False
paper_2461	2464	chr5	130925671	130925863	3	193	hypo	ENSG00000273217	CTC-432M15.3	164183.0	7.0	6.0			False	False	False	False	False	False	False	False
paper_2462	2465	chr5	131133566	131133815	4	250	hyper	ENSG00000217128	FNIP1	979.0	2.0	2.0	0.71838342459046	0.00198580404965485	False	False	False	False	False	False	False	False
paper_2463	2466	chr5	131512779	131513015	3	237	hyper	ENSG00000131435	PDLIM4	80465.0	4.0	4.0	-1.70916451303482	9.34362306721946e-07	False	False	False	False	False	False	False	False
paper_2464	2467	chr5	131999808	132000014	6	207	hypo	ENSG00000169194	IL13	6046.0	7.0	4.0	4.23832141350261	1.98773292970262e-14	True	True	False	False	True	True	True	True
paper_2465	2468	chr5	132166696	132166755	4	60	hypo	ENSG00000164403	SHROOM1	134.0	2.0	2.0	-1.9977732613728	1.57528059642693e-10	False	False	False	False	False	False	False	False
paper_2466	2469	chr5	132657596	132658026	5	431	hypo	ENSG00000053108	FSTL4	125664.0	7.0	4.0	1.0019261420358	0.192301735224446	False	False	False	False	False	False	False	False
paper_2467	2470	chr5	132948600	132948656	3	57	hyper	ENSG00000053108	FSTL4	372.0	7.0	7.0	1.0019261420358	0.192301735224446	False	False	False	False	False	False	False	False
paper_2468	2471	chr5	133295361	133295412	5	52	hyper	ENSG00000113583	C5orf15	4185.0	7.0	4.0	1.13439107797424	3.88033831611277e-06	False	False	False	False	False	False	False	False
paper_2469	2472	chr5	133436273	133436371	5	99	hypo	ENSG00000081059	TCF7	14078.0	7.0	4.0	1.30152871164639	2.52082485716689e-07	False	False	False	False	False	False	False	False
paper_2470	2473	chr5	133585340	133585406	4	67	hypo	ENSG00000113575	PPP2CA	23539.0	4.0	7.0	0.636809426638135	0.000418924688807898	False	False	False	False	False	False	False	False
paper_2471	2474	chr5	134271531	134272106	11	576	hypo	ENSG00000132570	PCBD2	31222.0	4.0	3.0	0.237215839149525	0.234414542071831	False	False	False	False	False	False	False	False
paper_2472	2475	chr5	134735900	134735935	5	36	hyper	ENSG00000113648	H2AFY	339.0	3.0	3.0	-0.99531149571555	2.32594478117499e-05	False	False	False	False	False	False	False	False
paper_2473	2476	chr5	136934568	136934597	3	30	hypo	ENSG00000152377	SPOCK1	99544.0	7.0	7.0	0.894367174128333	0.329481466095638	False	False	False	False	False	False	False	False
paper_2474	2477	chr5	137299302	137299356	4	55	hyper	ENSG00000078795	PKD2L2	75672.0	6.0	6.0	0.209062867495199	0.60627432546037	False	False	False	False	False	False	False	False
paper_2475	2478	chr5	137329240	137329298	4	59	hyper	ENSG00000031003	FAM13B	58380.0	7.0	7.0	-0.00283232678785885	0.994179067241572	False	False	False	False	False	False	False	False
paper_2476	2479	chr5	137367352	137367399	3	48	hyper	ENSG00000031003	FAM13B	13300.0	1.0	1.0	-0.00283232678785885	0.994179067241572	False	False	False	False	False	False	False	False
paper_2477	2480	chr5	138090937	138091169	4	233	hypo	ENSG00000044115	CTNNA1	144397.0	5.0	1.0	1.12292045109333	7.49917171401546e-05	False	False	False	False	True	True	True	False
paper_2478	2481	chr5	138592198	138592507	3	310	hyper	ENSG00000015479	MATR3	17087.0	7.0	4.0	0.0759756046848891	0.729055335575547	False	False	False	False	False	False	False	False
paper_2479	2482	chr5	139152618	139152890	5	273	hyper	ENSG00000146005	PSD2	22650.0	7.0	7.0	0.436961481346811	0.830963339706469	False	False	False	False	False	False	False	False
paper_2480	2483	chr5	139803877	139804012	3	136	hypo	ENSG00000254996	ANKHD1-EIF4EBP3	22451.0	7.0	6.0	0.556929437781641	0.0957028673265418	False	False	False	False	False	False	False	False
paper_2481	2484	chr5	140794590	140794607	4	18	hyper	ENSG00000253846	PCDHGA10	1855.0	7.0	7.0	2.65198929603505	2.40365054855692e-05	False	False	False	False	True	False	False	False
paper_2482	2485	chr5	140874572	140874742	7	171	hyper	ENSG00000240764	PCDHGC5	5849.0	7.0	7.0	2.81119155422587	0.251957761200868	False	False	False	False	False	False	False	False
paper_2483	2486	chr5	140999073	140999131	3	59	hyper	ENSG00000131504	DIAPH1	479.0	3.0	3.0	-1.42856622769061	6.13067179664402e-11	False	False	False	False	False	False	False	False
paper_2484	2487	chr5	141408154	141408394	6	241	hyper	ENSG00000113552	GNPDA1	15667.0	5.0	5.0	-1.05703637372983	0.0140169338807649	False	False	False	False	False	False	False	False
paper_2485	2488	chr5	141467908	141467962	5	55	hypo	ENSG00000131507	NDFIP1	20133.0	5.0	4.0	0.129199994554263	0.517200596720229	False	False	False	False	False	False	False	False
paper_2486	2489	chr5	141514490	141514566	3	77	hyper	ENSG00000131507	NDFIP1	26458.0	4.0	5.0	0.129199994554263	0.517200596720229	False	False	False	False	False	False	False	False
paper_2487	2490	chr5	142344966	142344995	4	30	hyper	ENSG00000145819	ARHGAP26	195031.0	6.0	6.0	-1.87725858946554	2.44704850081504e-09	False	False	False	False	False	False	False	False
paper_2488	2491	chr5	142585961	142586216	8	256	hypo	ENSG00000145819	ARHGAP26	436139.0	4.0	4.0	-1.87725858946554	2.44704850081504e-09	True	True	True	False	True	True	True	False
paper_2489	2492	chr5	142593453	142593786	11	334	hypo	ENSG00000145819	ARHGAP26	443670.0	5.0	4.0	-1.87725858946554	2.44704850081504e-09	True	True	True	False	True	True	True	True
paper_2490	2493	chr5	142823337	142823489	3	153	hyper	ENSG00000113580	NR3C1	8335.0	7.0	7.0	0.897814178436843	0.00217742567294552	False	False	False	False	False	False	False	False
paper_2491	2494	chr5	145832433	145832443	3	11	hypo	ENSG00000113649	TCERG1	5563.0	5.0	7.0	-0.0137612776040564	0.962285126401086	False	False	False	False	False	False	False	False
paper_2492	2495	chr5	146834192	146834304	5	113	hyper	ENSG00000113657	DPYSL3	63873.0	2.0	2.0	4.01685983446719	5.28158323028697e-30	False	False	False	False	False	False	False	False
paper_2493	2496	chr5	148907302	148907394	3	93	hypo	ENSG00000113712	CSNK1A1	32503.0	5.0	5.0	0.485471210103501	0.0402197865514785	False	False	False	False	False	False	False	False
paper_2494	2497	chr5	149258310	149258579	3	270	hyper	ENSG00000132915	PDE6A	20925.0	7.0	7.0	-0.068321013852445	0.85095635859245	False	False	False	False	False	False	False	False
paper_2495	2498	chr5	150004026	150004061	4	36	hypo	ENSG00000171992	SYNPO	23401.0	2.0	1.0	3.84420625637774	1.00117040802047e-06	False	False	False	False	False	False	False	False
paper_2496	2499	chr5	150957849	150958192	3	344	hyper	ENSG00000086570	FAT2	9514.0	4.0	4.0	0.271470247160736	0.688845613316307	False	False	False	False	False	False	False	False
paper_2497	2500	chr5	151129327	151129488	4	162	hypo	ENSG00000177556	ATOX1	7024.0	3.0	3.0	0.230295085491735	0.471224578515701	False	False	False	False	False	False	False	False
paper_2498	2501	chr5	154287065	154287186	5	122	hypo	ENSG00000082516	GEMIN5	20149.0	5.0	5.0	0.026628818915403	0.916226507544487	False	False	False	False	False	False	False	False
paper_2499	2502	chr5	154403647	154403722	5	76	hyper	ENSG00000226650	KIF4B	10424.0	5.0	5.0	-0.0378134952234614		False	False	False	False	False	False	False	False
paper_2500	2503	chr5	156739568	156739684	4	117	hyper	ENSG00000055163	CYFIP2	46537.0	7.0	7.0	0.167488676849853	0.797089182101787	False	False	False	False	False	False	False	False
paper_2501	2504	chr5	157009430	157009489	3	60	hypo	ENSG00000135074	ADAM19	6675.0	4.0	3.0	2.296971106508	6.49878346907624e-15	False	False	False	False	False	False	False	False
paper_2502	2505	chr5	158192105	158192668	6	564	hyper	ENSG00000164330	EBF1	69458.0	7.0	7.0	5.87644185156877	8.50692573469287e-15	False	False	False	False	False	False	False	False
paper_2503	2506	chr5	159492459	159492584	4	126	hyper	ENSG00000113312	TTC1	56401.0	6.0	6.0	-0.210178396319916	0.438332158313564	False	False	False	False	False	False	False	False
paper_2504	2507	chr5	159738551	159738726	5	176	hypo	ENSG00000135083	CCNJL	42172.0	2.0	2.0	0.961390451301425	0.0191676223775956	False	False	False	False	False	False	False	False
paper_2505	2508	chr5	169424877	169425002	3	126	hypo	ENSG00000134516	DOCK2	360688.0	5.0	7.0	-1.80935641853885	4.8563051720662e-11	False	False	False	False	False	False	False	False
paper_2506	2509	chr5	169704298	169704620	7	323	hypo	ENSG00000043462	LCP2	31218.0	4.0	4.0	-1.45957812807185	5.92355747573176e-06	False	False	False	False	False	False	False	False
paper_2507	2510	chr5	169791076	169791153	3	78	hyper	ENSG00000182132	KCNIP1	10623.0	4.0	4.0	-1.97479547764974		False	False	False	False	False	False	False	False
paper_2508	2511	chr5	170171941	170171956	3	16	hypo	ENSG00000094755	GABRP	18404.0	7.0	5.0	0.518321140970302	0.207276077315933	False	False	False	False	False	False	False	False
paper_2509	2512	chr5	172010903	172011143	6	241	hypo	ENSG00000268553	AC027309.1	25412.0	7.0	5.0			False	False	False	False	False	False	False	False
paper_2510	2513	chr5	172315102	172315200	4	99	hyper	ENSG00000113719	ERGIC1	53873.0	4.0	4.0	0.717946568668539	0.00181134533567565	False	False	False	False	False	False	False	False
paper_2511	2514	chr5	174139756	174139799	3	44	hyper	ENSG00000120149	MSX2	11757.0	7.0	7.0	0.216424358912895		False	False	False	False	False	False	False	False
paper_2512	2515	chr5	175997165	175997305	3	141	hyper	ENSG00000074276	CDHR2	27723.0	7.0	7.0	-1.68614019056049	0.0209903404910349	False	False	False	False	False	False	False	False
paper_2513	2516	chr5	176434255	176434272	3	18	hypo	ENSG00000087206	UIMC1	37979.0	7.0	7.0	0.234938639129699	0.132904750827517	False	False	False	False	False	False	False	False
paper_2514	2517	chr5	176917547	176917562	3	16	hypo	ENSG00000196923	PDLIM7	7159.0	5.0	5.0	-1.02544084783691	0.0458256761178474	False	False	False	False	False	False	False	False
paper_2515	2518	chr5	177529627	177529683	3	57	hypo	ENSG00000145911	N4BP3	10787.0	7.0	7.0	1.73552368170484	3.96181248207978e-11	False	False	False	False	False	False	False	False
paper_2516	2519	chr5	177658837	177658863	3	27	hyper	ENSG00000175309	PHYKPL	23262.0	1.0	1.0	0.81872682408052	1.37797238034761e-05	False	False	False	False	False	False	False	False
paper_2517	2520	chr5	177832572	177832829	4	258	hyper	ENSG00000050767	COL23A1	168081.0	7.0	5.0	-0.575531158695404	0.211103465712685	False	False	False	False	False	False	False	False
paper_2518	2521	chr5	178152253	178152398	4	146	hypo	ENSG00000169131	ZNF354A	13732.0	6.0	7.0	-0.359859620627635	0.167393847081492	False	False	False	False	False	False	False	False
paper_2519	2522	chr5	178450274	178450298	4	25	hypo	ENSG00000234284	ZNF879	465.0	2.0	2.0	-0.330082304037524	0.332221378070835	False	False	False	False	False	False	False	False
paper_2520	2523	chr5	178763771	178763824	4	54	hyper	ENSG00000087116	ADAMTS2	225945.0	7.0	7.0	-0.113854411660175	0.885568917878403	False	False	False	False	False	False	False	False
paper_2521	2524	chr5	178980927	178980992	3	66	hyper	ENSG00000176783	RUFY1	3400.0	4.0	3.0	0.119532157208957	0.581393171206508	False	False	False	False	False	False	False	False
paper_2522	2525	chr5	179174990	179175186	3	197	hyper	ENSG00000161021	MAML1	15237.0	7.0	7.0	0.412877897100106	0.054113631177443	False	False	False	False	False	False	False	False
paper_2523	2526	chr5	179269803	179270029	5	227	hypo	ENSG00000161010	C5orf45	5640.0	7.0	7.0	1.58097632294827	1.51765270330035e-21	False	False	False	False	False	False	False	False
paper_2524	2527	chr5	179354885	179355198	6	314	hyper	ENSG00000197226	TBC1D9B	20181.0	7.0	7.0	-0.0315384154065822	0.90179006772508	False	False	False	False	False	False	False	False
paper_2525	2528	chr5	179499431	179499488	4	58	hyper	ENSG00000113269	RNF130	340.0	4.0	2.0	-1.88088292615192	2.12140507157664e-11	False	False	False	False	False	False	False	False
paper_2526	2529	chr5	179894302	179894412	5	111	hypo	ENSG00000113300	CNOT6	27058.0	7.0	1.0	0.230921151548499	0.41741613782876	False	False	False	False	True	True	False	False
paper_2527	2530	chr5	180257679	180257697	3	19	hypo	ENSG00000131446	MGAT1	15107.0	1.0	1.0	0.573623006517784	0.00205104087691093	False	False	False	False	False	False	False	False
paper_2528	2531	chr5	180487004	180487061	3	58	hyper	ENSG00000165810	BTNL9	19807.0	7.0	7.0	0.160106088357443	0.821174305960951	False	False	False	False	False	False	False	False
paper_2529	2532	chr5	180601738	180601754	3	17	hyper	ENSG00000182613	OR2V2	19803.0	7.0	7.0			False	False	False	False	False	False	False	False
paper_2530	2533	chr5	180700563	180700628	7	66	hypo	ENSG00000183718	TRIM52	12475.0	7.0	7.0	-0.434368743835856	0.012802124900955	False	False	False	False	False	False	False	False
paper_2531	2534	chr6	177513	177724	3	212	hypo	ENSG00000112679	DUSP22	114010.0	7.0	7.0	0.540085533751164	0.00446798985303322	False	False	False	False	False	False	False	False
paper_2532	2535	chr6	356992	357312	8	321	hypo	ENSG00000137265	IRF4	34585.0	4.0	4.0	2.35605649489858	7.93229366110053e-41	True	True	True	False	False	False	False	False
paper_2533	2536	chr6	405027	405309	7	283	hypo	ENSG00000137265	IRF4	13429.0	5.0	3.0	2.35605649489858	7.93229366110053e-41	False	False	False	False	False	False	False	False
paper_2534	2537	chr6	506438	506812	5	375	hypo	ENSG00000112685	EXOC2	20107.0	5.0	4.0	-0.465828903930592	0.00189312304458636	False	False	False	False	False	False	False	False
paper_2535	2538	chr6	676076	676107	3	32	hypo	ENSG00000112685	EXOC2	189573.0	7.0	7.0	-0.465828903930592	0.00189312304458636	False	False	False	False	False	False	False	False
paper_2536	2539	chr6	676653	676816	3	164	hypo	ENSG00000112685	EXOC2	190216.0	7.0	7.0	-0.465828903930592	0.00189312304458636	False	False	False	False	False	False	False	False
paper_2537	2540	chr6	1654600	1654713	3	114	hypo	ENSG00000112699	GMDS	30615.0	5.0	5.0	-0.0979469779446111	0.796402180579745	False	False	False	False	False	False	False	False
paper_2538	2541	chr6	2286018	2286209	3	192	hypo	ENSG00000112699	GMDS	40186.0	7.0	7.0	-0.0979469779446111	0.796402180579745	False	False	False	False	False	False	False	False
paper_2539	2542	chr6	2375802	2375895	7	94	hyper	ENSG00000112699	GMDS	129921.0	7.0	7.0	-0.0979469779446111	0.796402180579745	False	False	False	False	False	False	False	False
paper_2540	2543	chr6	2623778	2623873	4	96	hypo	ENSG00000164385	C6orf195	1678.0	7.0	7.0	5.07900628671169	0.00227896041797287	False	False	False	False	False	False	False	False
paper_2541	2544	chr6	3065187	3065204	3	18	hyper	ENSG00000137275	RIPK1	3461.0	1.0	1.0	0.628141695865586	0.00103920591609625	False	False	False	False	False	False	False	False
paper_2542	2545	chr6	3209665	3210110	6	446	hypo	ENSG00000137285	TUBB2B	18081.0	5.0	4.0	2.62815496844825	4.70424789802604e-07	True	True	True	False	False	False	False	False
paper_2543	2546	chr6	3804371	3804585	4	215	hypo	ENSG00000145945	FAM50B	45140.0	7.0	4.0	-0.400016871261889	0.122418134750304	False	False	False	False	True	True	True	True
paper_2544	2547	chr6	4337090	4337269	4	180	hypo	ENSG00000198721	ECI2	201347.0	7.0	7.0	-1.51821330711908	3.0292827874391e-08	False	False	False	False	False	False	False	False
paper_2545	2548	chr6	4466195	4466302	4	108	hypo	ENSG00000153046	CDYL	240143.0	7.0	7.0	1.84022107764912	5.05950871931685e-10	False	False	False	False	False	False	False	False
paper_2546	2549	chr6	4773627	4773943	5	317	hypo	ENSG00000153046	CDYL	67392.0	7.0	4.0	1.84022107764912	5.05950871931685e-10	False	False	False	False	False	False	False	False
paper_2547	2550	chr6	4774756	4774850	3	95	hyper	ENSG00000153046	CDYL	68410.0	7.0	3.0	1.84022107764912	5.05950871931685e-10	False	False	False	False	False	False	False	False
paper_2548	2551	chr6	4788974	4789083	5	110	hypo	ENSG00000153046	CDYL	82635.0	4.0	3.0	1.84022107764912	5.05950871931685e-10	False	False	False	False	False	False	False	False
paper_2549	2552	chr6	5306147	5306544	4	398	hyper	ENSG00000145982	FARS2	45068.0	7.0	7.0	-0.825983333757958	0.000935557993368389	False	False	False	False	False	False	False	False
paper_2550	2553	chr6	5892303	5892347	6	45	hyper	ENSG00000124785	NRN1	114874.0	7.0	7.0	1.58015525743548	0.202625675722331	False	False	False	False	False	False	False	False
paper_2551	2554	chr6	5979893	5979976	4	84	hypo	ENSG00000124785	NRN1	27265.0	5.0	5.0	1.58015525743548	0.202625675722331	False	False	False	False	False	False	False	False
paper_2552	2555	chr6	6547920	6547985	3	66	hypo	ENSG00000112799	LY86	40387.0	7.0	7.0	-4.31646027473599	1.04839398849392e-12	False	False	False	False	False	False	False	False
paper_2553	2556	chr6	6654747	6654824	3	78	hyper	ENSG00000112799	LY86	66444.0	4.0	4.0	-4.31646027473599	1.04839398849392e-12	False	False	False	False	False	False	False	False
paper_2554	2557	chr6	6861924	6862048	3	125	hypo	ENSG00000124782	RREB1	245842.0	5.0	3.0	-0.305101063048275	0.209002737510369	False	False	False	False	True	True	False	False
paper_2555	2558	chr6	7401440	7401622	3	183	hyper	ENSG00000124784	RIOK1	11802.0	5.0	5.0	-0.521991484213208	0.0245451170187346	False	False	False	False	False	False	False	False
paper_2556	2559	chr6	7909736	7909794	3	59	hypo	ENSG00000259040	BLOC1S5-TXNDC5	28010.0	3.0	3.0			False	False	False	False	False	False	False	False
paper_2557	2560	chr6	10519740	10519894	3	155	hyper	ENSG00000111846	GCNT2	27361.0	7.0	4.0	2.56452576320397	1.02781954574874e-24	False	False	False	False	False	False	False	False
paper_2558	2561	chr6	10638514	10638548	3	35	hyper	ENSG00000205318	GCNT6	4538.0	5.0	7.0	3.86815597252139	0.00891760116764527	False	False	False	False	False	False	False	False
paper_2559	2562	chr6	10687960	10688121	4	162	hyper	ENSG00000137434	C6orf52	16385.0	7.0	7.0	0.410611251732325	0.701663714207113	False	False	False	False	False	False	False	False
paper_2560	2563	chr6	12789027	12789571	5	545	hypo	ENSG00000112137	PHACTR1	71406.0	7.0	7.0	1.2097143049247	6.74201147314205e-07	False	False	False	False	False	False	False	False
paper_2561	2564	chr6	13075296	13075543	3	248	hypo	ENSG00000112137	PHACTR1	357526.0	5.0	5.0	1.2097143049247	6.74201147314205e-07	False	False	False	False	False	False	False	False
paper_2562	2565	chr6	13169436	13169475	3	40	hyper	ENSG00000112137	PHACTR1	451562.0	5.0	5.0	1.2097143049247	6.74201147314205e-07	False	False	False	False	False	False	False	False
paper_2563	2566	chr6	14072113	14072637	6	525	hypo	ENSG00000112149	CD83	45495.0	7.0	4.0	4.23422036869336	3.62231969735306e-28	False	False	False	False	True	True	False	False
paper_2564	2567	chr6	14108719	14108881	3	163	hypo	ENSG00000112149	CD83	9070.0	3.0	4.0	4.23422036869336	3.62231969735306e-28	False	False	False	False	False	False	False	False
paper_2565	2568	chr6	14875764	14876085	6	322	hypo	ENSG00000008083	JARID2	370601.0	7.0	4.0	-0.253095096894117	0.468281260035339	False	False	False	False	False	False	False	False
paper_2566	2569	chr6	14938771	14939209	4	439	hyper	ENSG00000008083	JARID2	307535.0	7.0	7.0	-0.253095096894117	0.468281260035339	False	False	False	False	False	False	False	False
paper_2567	2570	chr6	15167607	15167965	3	359	hypo	ENSG00000008083	JARID2	78739.0	7.0	7.0	-0.253095096894117	0.468281260035339	False	False	False	False	False	False	False	False
paper_2568	2571	chr6	15549755	15549833	4	79	hypo	ENSG00000047579	DTNBP1	26720.0	7.0	4.0	-0.082779726127333	0.803567947188494	False	False	False	False	False	False	False	False
paper_2569	2572	chr6	15996613	15997050	5	438	hyper	ENSG00000007944	MYLIP	132523.0	5.0	5.0	2.55686081272636	2.60153677984251e-11	False	False	False	False	False	False	False	False
paper_2570	2573	chr6	16323477	16323634	4	158	hyper	ENSG00000124788	ATXN1	24212.0	4.0	5.0	0.352658492910072	0.266976618762017	False	False	False	False	False	False	False	False
paper_2571	2574	chr6	16461714	16461970	5	257	hypo	ENSG00000124788	ATXN1	162499.0	7.0	7.0	0.352658492910072	0.266976618762017	False	False	False	False	False	False	False	False
paper_2572	2575	chr6	16471237	16471501	3	265	hypo	ENSG00000124788	ATXN1	172026.0	5.0	4.0	0.352658492910072	0.266976618762017	False	False	False	False	False	False	False	False
paper_2573	2576	chr6	16514291	16514378	3	88	hyper	ENSG00000124788	ATXN1	214991.0	5.0	3.0	0.352658492910072	0.266976618762017	False	False	False	False	False	False	False	False
paper_2574	2577	chr6	16747686	16747853	5	168	hypo	ENSG00000124788	ATXN1	448426.0	5.0	4.0	0.352658492910072	0.266976618762017	False	False	False	False	False	False	False	False
paper_2575	2578	chr6	16889957	16890028	3	72	hyper	ENSG00000124788	ATXN1	128270.0	7.0	7.0	0.352658492910072	0.266976618762017	False	False	False	False	False	False	False	False
paper_2576	2579	chr6	16936497	16936652	3	156	hyper	ENSG00000230873	STMND1	165913.0	7.0	7.0	0.217205165292394	0.739251534410154	False	False	False	False	False	False	False	False
paper_2577	2580	chr6	17076901	17077164	3	264	hypo	ENSG00000230873	STMND1	25455.0	7.0	7.0	0.217205165292394	0.739251534410154	False	False	False	False	False	False	False	False
paper_2578	2581	chr6	17101478	17101610	3	133	hypo	ENSG00000230873	STMND1	943.0	5.0	2.0	0.217205165292394	0.739251534410154	False	False	False	False	False	False	False	False
paper_2579	2582	chr6	17606162	17606244	3	83	hyper	ENSG00000137414	FAM8A1	5617.0	7.0	7.0	-1.0554083612492	0.00165710519647368	False	False	False	False	False	False	False	False
paper_2580	2583	chr6	20500330	20500773	3	444	hyper	ENSG00000145996	CDKAL1	34135.0	4.0	4.0	0.39149753677653	0.0359451285506434	False	False	False	False	False	False	False	False
paper_2581	2584	chr6	21377963	21378176	5	214	hypo	ENSG00000124766	SOX4	215901.0	5.0	5.0	1.16785222394686	2.86494389856187e-05	False	False	False	False	False	False	False	False
paper_2582	2585	chr6	21402797	21402890	4	94	hyper	ENSG00000124766	SOX4	191127.0	7.0	7.0	1.16785222394686	2.86494389856187e-05	False	False	False	False	False	False	False	False
paper_2583	2586	chr6	21438636	21438667	3	32	hypo	ENSG00000124766	SOX4	155319.0	5.0	3.0	1.16785222394686	2.86494389856187e-05	False	False	False	False	False	False	False	False
paper_2584	2587	chr6	24700147	24700438	3	292	hypo	ENSG00000112304	ACOT13	33029.0	6.0	4.0	0.445638183891423	0.0251230162143862	False	False	False	False	False	False	False	False
paper_2585	2588	chr6	26647935	26648129	4	195	hypo	ENSG00000181315	ZNF322	11514.0	7.0	7.0	0.0243572530761366	0.954695686594511	False	False	False	False	False	False	False	False
paper_2586	2589	chr6	27028686	27028761	3	76	hypo	ENSG00000124635	HIST1H2BJ	71817.0	7.0	7.0	2.92346284584706	1.85659708498156e-11	False	False	False	False	False	False	False	False
paper_2587	2590	chr6	27783438	27783500	3	63	hyper	ENSG00000196374	HIST1H2BM	647.0	7.0	7.0	0.128075005651212		False	False	False	False	False	False	False	False
paper_2588	2591	chr6	28058591	28058724	4	134	hyper	ENSG00000197279	ZNF165	9904.0	2.0	2.0	0.918024196060401	0.080330372404523	False	False	False	False	False	False	False	False
paper_2589	2592	chr6	28249910	28250173	3	264	hypo	ENSG00000137338	PGBD1	727.0	2.0	2.0	-1.11840609072405	1.96976965895853e-09	False	False	False	False	False	False	False	False
paper_2590	2593	chr6	28863663	28863725	6	63	hypo	ENSG00000204713	TRIM27	28071.0	1.0	1.0	-0.488056246281441	0.00189258807340757	False	False	False	False	False	False	False	False
paper_2591	2594	chr6	28885706	28885898	3	193	hyper	ENSG00000204713	TRIM27	15023.0	5.0	5.0	-0.488056246281441	0.00189258807340757	False	False	False	False	False	False	False	False
paper_2592	2595	chr6	29856538	29856564	3	27	hypo	ENSG00000206503	HLA-A	52484.0	7.0	2.0	0.688372618388837	0.0668161831359781	False	False	False	False	False	False	False	False
paper_2593	2596	chr6	30458278	30458601	4	324	hypo	ENSG00000204592	HLA-E	1195.0	3.0	3.0	0.0509067676831173	0.920207144312771	False	False	False	False	False	False	False	False
paper_2594	2597	chr6	30483537	30483554	3	18	hyper	ENSG00000204592	HLA-E	26301.0	7.0	4.0	0.0509067676831173	0.920207144312771	False	False	False	False	False	False	False	False
paper_2595	2598	chr6	30955628	30955727	4	100	hypo	ENSG00000204544	MUC21	4182.0	5.0	7.0	0.0996998087787531		False	False	False	False	False	False	False	False
paper_2596	2599	chr6	31671485	31671505	4	21	hyper	ENSG00000204422	XXbac-BPG32J3.20	16756.0	1.0	1.0	0.158932424206974		False	False	False	False	False	False	False	False
paper_2597	2600	chr6	32086425	32086637	3	213	hyper	ENSG00000213676	ATF6B	3490.0	6.0	6.0	-0.796341154132191	8.06177716779238e-07	False	False	False	False	False	False	False	False
paper_2598	2601	chr6	32256131	32256383	3	253	hypo	ENSG00000204301	NOTCH4	64412.0	7.0	7.0	0.986110660831662	0.0207690194306882	False	False	False	False	False	False	False	False
paper_2599	2602	chr6	33167377	33167488	3	112	hyper	ENSG00000204231	RXRB	5085.0	1.0	1.0	-0.34416929695643	0.03144642255815	False	False	False	False	False	False	False	False
paper_2600	2603	chr6	33636888	33636907	5	20	hyper	ENSG00000096433	ITPR3	48755.0	7.0	7.0	1.71170652603901	3.07367526234738e-08	False	False	False	False	False	False	False	False
paper_2601	2604	chr6	34241457	34241805	4	349	hypo	ENSG00000186577	C6orf1	24383.0	5.0	5.0	-0.944625483165554	4.90759714373661e-05	False	False	False	False	False	False	False	False
paper_2602	2605	chr6	34559818	34559837	3	20	hyper	ENSG00000196821	C6orf106	4762.0	7.0	5.0	0.227800287100102	0.254530948475209	False	False	False	False	False	False	False	False
paper_2603	2606	chr6	34942013	34942041	3	29	hyper	ENSG00000064999	ANKS1A	84985.0	7.0	7.0	-0.262438633995496	0.302135049620942	False	False	False	False	False	False	False	False
paper_2604	2607	chr6	35049077	35049126	4	50	hyper	ENSG00000064999	ANKS1A	192059.0	3.0	5.0	-0.262438633995496	0.302135049620942	False	False	False	False	False	False	False	False
paper_2605	2608	chr6	35192746	35192864	3	119	hyper	ENSG00000146197	SCUBE3	10615.0	7.0	7.0	1.49994322024696	0.000232096500982206	False	False	False	False	False	False	False	False
paper_2606	2609	chr6	35471004	35471010	3	7	hyper	ENSG00000112041	TULP1	5356.0	7.0	7.0	0.717170035715099		False	False	False	False	False	False	False	False
paper_2607	2610	chr6	35744901	35744942	3	42	hypo	ENSG00000196748	CLPSL2	529.0	7.0	2.0			False	False	False	False	False	False	False	False
paper_2608	2611	chr6	35941585	35941687	3	103	hypo	ENSG00000112053	SLC26A8	51008.0	7.0	7.0	-0.28970649589075	0.415653376552079	False	False	False	False	False	False	False	False
paper_2609	2612	chr6	36410085	36410143	3	59	hypo	ENSG00000179165	PXT1	51786.0	1.0	1.0	4.31449534055387	0.00023252651803468	False	False	False	False	False	False	False	False
paper_2610	2613	chr6	36531247	36531547	3	301	hyper	ENSG00000112079	STK38	16149.0	7.0	7.0	0.367538866897179	0.0506981602170365	False	False	False	False	False	False	False	False
paper_2611	2614	chr6	37072402	37072524	4	123	hypo	ENSG00000226976	COX6A1P2	59856.0	5.0	4.0	-0.868054593619954	0.0269199621782191	False	False	False	False	False	False	False	False
paper_2612	2615	chr6	37233824	37233929	3	106	hyper	ENSG00000065491	TBC1D22B	8328.0	5.0	3.0	1.86412744033486	2.08727301092898e-12	False	False	False	False	False	False	False	False
paper_2613	2616	chr6	37839948	37840124	5	177	hypo	ENSG00000156639	ZFAND3	52761.0	5.0	5.0	0.697971829404786	1.90427444409126e-05	False	False	False	False	False	False	False	False
paper_2614	2617	chr6	38133801	38134035	3	235	hyper	ENSG00000156639	ZFAND3	346643.0	7.0	7.0	0.697971829404786	1.90427444409126e-05	False	False	False	False	False	False	False	False
paper_2615	2618	chr6	39174296	39174349	5	54	hyper	ENSG00000164626	KCNK5	17573.0	7.0	7.0	2.67319025765045	7.35341986016845e-10	False	False	False	False	False	False	False	False
paper_2616	2619	chr6	39315527	39315579	4	53	hyper	ENSG00000164627	KIF6	17787.0	7.0	7.0	0.463409073206013	0.258325631446113	False	False	False	False	False	False	False	False
paper_2617	2620	chr6	40517767	40517949	4	183	hyper	ENSG00000156564	LRFN2	158533.0	7.0	7.0	-0.255340354745221	0.880888193013925	False	False	False	False	False	False	False	False
paper_2618	2621	chr6	41376639	41376679	6	41	hypo	ENSG00000096264	NCR2	73266.0	7.0	7.0	1.31665364939119	0.456077491718244	False	False	False	False	False	False	False	False
paper_2619	2622	chr6	41789226	41789248	3	23	hyper	ENSG00000164663	USP49	23854.0	5.0	4.0	0.363244227429938	0.21040708088748	False	False	False	False	False	False	False	False
paper_2620	2623	chr6	42433403	42433668	3	266	hyper	ENSG00000124496	TRERF1	13745.0	7.0	7.0	-1.80012053319745	6.69098843954173e-13	False	False	False	False	False	False	False	False
paper_2621	2624	chr6	42729670	42729853	4	184	hypo	ENSG00000124659	TBCC	15202.0	7.0	4.0	0.802457093205052	1.81244165029239e-08	False	False	False	False	False	False	False	False
paper_2622	2625	chr6	43028110	43028231	3	122	hyper	ENSG00000137171	KLC4	19655.0	3.0	3.0	-0.55674075145108	0.0166276539576318	False	False	False	False	False	False	False	False
paper_2623	2626	chr6	43930304	43930372	4	69	hypo	ENSG00000181577	C6orf223	37977.0	7.0	7.0	5.40772027647327	3.0302498949826e-21	False	False	False	False	False	False	False	False
paper_2624	2627	chr6	44145154	44145181	4	28	hypo	ENSG00000137225	CAPN11	18619.0	5.0	5.0	-3.07829548518089	1.40238851365519e-16	False	False	False	False	False	False	False	False
paper_2625	2628	chr6	44680052	44680243	4	192	hyper	ENSG00000267849	AL133262.1	279426.0	7.0	7.0	-0.0544574837072716		False	False	False	False	False	False	False	False
paper_2626	2629	chr6	45769408	45769438	4	31	hypo	ENSG00000112782	CLIC5	278708.0	7.0	5.0	1.97403335512017	0.000236422835385506	False	False	False	False	False	False	False	False
paper_2627	2630	chr6	46817052	46817144	3	93	hypo	ENSG00000112818	MEP1A	55971.0	7.0	7.0	-0.283904100451182	0.618119461183043	False	False	False	False	False	False	False	False
paper_2628	2631	chr6	52528026	52528117	3	92	hypo	ENSG00000096092	TMEM14A	7834.0	5.0	3.0	-2.29109651566123	7.18603172100555e-10	False	False	False	False	False	False	False	False
paper_2629	2632	chr6	52704572	52704721	4	150	hypo	ENSG00000182793	GSTA5	8106.0	7.0	7.0			False	False	False	False	False	False	False	False
paper_2630	2633	chr6	53045456	53045567	3	112	hypo	ENSG00000137270	GCM1	31883.0	7.0	7.0	0.0347251032322172	0.962480171695247	False	False	False	False	False	False	False	False
paper_2631	2634	chr6	53096552	53096761	5	210	hypo	ENSG00000137270	GCM1	83028.0	7.0	7.0	0.0347251032322172	0.962480171695247	False	False	False	False	False	False	False	False
paper_2632	2635	chr6	53416594	53416755	3	162	hyper	ENSG00000001084	GCLC	29411.0	5.0	7.0	-0.863114481938734	0.00288628636677352	False	False	False	False	False	False	False	False
paper_2633	2636	chr6	54748413	54748433	3	21	hypo	ENSG00000168143	FAM83B	36854.0	7.0	7.0	-0.97371996299195	0.368241023761213	False	False	False	False	False	False	False	False
paper_2634	2637	chr6	69074128	69074429	3	302	hypo	ENSG00000135298	BAI3	270979.0	7.0	7.0	2.10242997426391		False	False	False	False	False	False	False	False
paper_2635	2638	chr6	69942121	69942250	3	130	hyper	ENSG00000135298	BAI3	596926.0	7.0	7.0	2.10242997426391		False	False	False	False	False	False	False	False
paper_2636	2639	chr6	70993096	70993212	3	117	hyper	ENSG00000112280	COL9A1	68390.0	7.0	7.0	0.0768426836858542	0.91006184936034	False	False	False	False	False	False	False	False
paper_2637	2640	chr6	71376516	71376649	5	134	hyper	ENSG00000112305	SMAP1	895.0	4.0	5.0	0.0382745866306811	0.87505489934298	False	False	False	False	False	False	False	False
paper_2638	2641	chr6	71987941	71988356	4	416	hypo	ENSG00000119900	OGFRL1	10356.0	5.0	4.0	0.841713612274016	0.0104063412020865	False	False	False	False	False	False	False	False
paper_2639	2642	chr6	74164165	74164202	4	38	hyper	ENSG00000164430	MB21D1	2183.0	7.0	5.0	1.28333740483092	3.74087170443821e-09	False	False	False	False	False	False	False	False
paper_2640	2643	chr6	76379626	76379704	3	79	hyper	ENSG00000112701	SENP6	68440.0	7.0	7.0	0.143136592846916	0.599172984509744	False	False	False	False	False	False	False	False
paper_2641	2644	chr6	80577560	80577810	5	251	hyper	ENSG00000118402	ELOVL4	79611.0	5.0	5.0	3.60898840848745	1.47248281479001e-05	False	False	False	False	False	False	False	False
paper_2642	2645	chr6	83092067	83092176	3	110	hypo	ENSG00000146242	TPBG	19198.0	7.0	7.0	1.07557056845664	0.0128719916060894	False	False	False	False	False	False	False	False
paper_2643	2646	chr6	83906464	83906475	3	12	hypo	ENSG00000013392	RWDD2A	3371.0	7.0	7.0	-1.00826577389372	2.23466074729988e-07	False	False	False	False	False	False	False	False
paper_2644	2647	chr6	86260851	86261005	3	155	hypo	ENSG00000135317	SNX14	45412.0	7.0	5.0	0.640296321627503	0.00209040265439629	True	False	False	False	False	False	False	False
paper_2645	2648	chr6	89723005	89723696	7	692	hypo	ENSG00000203863	AL079342.1	49104.0	4.0	4.0	-0.38083910076184	0.599520450617167	True	True	True	False	True	True	True	False
paper_2646	2649	chr6	89949408	89949442	3	35	hyper	ENSG00000146276	GABRR1	8427.0	5.0	7.0	2.61990962440778	0.275481854467945	False	False	False	False	False	False	False	False
paper_2647	2650	chr6	90403366	90403472	3	107	hypo	ENSG00000112159	MDN1	51201.0	6.0	6.0	-0.0201546063348806	0.952487621915262	False	False	False	False	False	False	False	False
paper_2648	2651	chr6	90639660	90639676	3	17	hyper	ENSG00000112182	BACH2	3420.0	5.0	5.0	4.17637044597365	8.98383289444611e-13	False	False	False	False	False	False	False	False
paper_2649	2652	chr6	97066329	97066773	3	445	hyper	ENSG00000112214	FHL5	56127.0	7.0	7.0			False	False	False	False	False	False	False	False
paper_2650	2653	chr6	99970381	99970550	4	170	hypo	ENSG00000123552	USP45	860.0	7.0	7.0	1.55465482066008	3.67128804704788e-13	False	False	False	False	False	False	False	False
paper_2651	2654	chr6	100271474	100271507	3	34	hypo	ENSG00000152034	MCHR2	170632.0	7.0	7.0	0.0811616691671187	0.97417197580137	False	False	False	False	False	False	False	False
paper_2652	2655	chr6	105421367	105421520	3	154	hyper	ENSG00000187772	LIN28B	16520.0	7.0	7.0			False	False	False	False	False	False	False	False
paper_2653	2656	chr6	106626766	106626858	3	93	hyper	ENSG00000057657	PRDM1	92617.0	5.0	5.0	1.29322051351107	1.19902487071794e-10	False	False	False	False	False	False	False	False
paper_2654	2657	chr6	106969084	106969489	5	406	hypo	ENSG00000112297	AIM1	9556.0	1.0	1.0	1.10085272583898	0.000361128340469188	False	False	False	False	False	False	False	False
paper_2655	2658	chr6	109009843	109010296	4	454	hyper	ENSG00000118689	FOXO3	129031.0	7.0	7.0	1.9358876871066	2.83635091192456e-09	False	False	False	False	False	False	False	False
paper_2656	2659	chr6	110145430	110145604	5	175	hyper	ENSG00000112367	FIG4	133018.0	6.0	6.0	-0.376794142841021	0.119090749434241	False	False	False	False	False	False	False	False
paper_2657	2660	chr6	111135006	111135096	3	91	hypo	ENSG00000155111	CDK19	203870.0	3.0	3.0	-0.201004473678596	0.500128308572438	False	False	False	False	False	False	False	False
paper_2658	2661	chr6	114044481	114044694	4	214	hypo	ENSG00000155130	MARCKS	133952.0	5.0	4.0	4.21179661563073	2.19227243321472e-17	False	False	False	False	False	False	False	False
paper_2659	2662	chr6	114044898	114045116	3	219	hyper	ENSG00000155130	MARCKS	133532.0	7.0	7.0	4.21179661563073	2.19227243321472e-17	False	False	False	False	False	False	False	False
paper_2660	2663	chr6	114797604	114797875	3	272	hyper	ENSG00000249853	HS3ST5	133529.0	7.0	7.0	0.661771077657609	0.0829775523539347	False	False	False	False	False	False	False	False
paper_2661	2664	chr6	116674019	116674057	3	39	hyper	ENSG00000111817	DSE	98702.0	4.0	3.0	0.649963241643967	0.0194422398056909	False	False	False	False	False	False	False	False
paper_2662	2665	chr6	119122142	119122164	4	23	hyper	ENSG00000111860	CEP85L	90914.0	7.0	7.0	-0.578637306533059	0.208607184437318	False	False	False	False	False	False	False	False
paper_2663	2666	chr6	119250068	119250106	3	39	hypo	ENSG00000111877	MCM9	115482.0	6.0	6.0	0.0855024274057328	0.755897777651274	False	False	False	False	False	False	False	False
paper_2664	2667	chr6	119907819	119908432	6	614	hypo	ENSG00000111885	MAN1A1	237198.0	4.0	4.0	1.37564260780131	2.43078328539713e-05	False	False	False	False	False	False	False	False
paper_2665	2668	chr6	123182455	123182555	3	101	hyper	ENSG00000172594	SMPDL3A	72190.0	7.0	7.0	0.748228105323515	0.0463889626401448	False	False	False	False	False	False	False	False
paper_2666	2669	chr6	129231791	129231808	3	18	hypo	ENSG00000196569	LAMA2	27457.0	7.0	7.0	-2.99691514374935	7.57240793237405e-09	False	False	False	False	False	False	False	False
paper_2667	2670	chr6	130203620	130203971	7	352	hypo	ENSG00000203756	TMEM244	21102.0	7.0	4.0	1.06986822991361		False	False	False	False	False	False	False	False
paper_2668	2671	chr6	131206295	131206404	4	110	hypo	ENSG00000079819	EPB41L2	45862.0	6.0	6.0	-0.00326783572527679	0.993636691348758	False	False	False	False	False	False	False	False
paper_2669	2672	chr6	131572287	131572505	3	219	hypo	ENSG00000118507	AKAP7	115590.0	5.0	2.0	1.31569116459096	1.01646328440848e-11	False	False	False	False	False	False	False	False
paper_2670	2673	chr6	134067860	134067878	3	19	hyper	ENSG00000118526	TCF21	142405.0	7.0	7.0			False	False	False	False	False	False	False	False
paper_2671	2674	chr6	134385403	134385527	3	125	hyper	ENSG00000146411	SLC2A12	11690.0	7.0	7.0	2.15293807566422	0.115360048006839	False	False	False	False	False	False	False	False
paper_2672	2675	chr6	134580875	134580941	3	67	hypo	ENSG00000118515	SGK1	58341.0	7.0	7.0	0.0752712811361196	0.915919438497671	False	False	False	False	False	False	False	False
paper_2673	2676	chr6	134711034	134711118	3	85	hypo	ENSG00000118515	SGK1	71825.0	5.0	4.0	0.0752712811361196	0.915919438497671	False	False	False	False	False	False	False	False
paper_2674	2677	chr6	135513176	135513247	3	72	hyper	ENSG00000118513	MYB	10758.0	7.0	5.0	1.85416693859258	2.51084345129602e-13	False	False	False	False	False	False	False	False
paper_2675	2678	chr6	136612548	136612688	3	141	hyper	ENSG00000029363	BCLAF1	1628.0	7.0	7.0	0.455631693592034	0.0478433223156215	False	False	False	False	False	False	False	False
paper_2676	2679	chr6	136965378	136965642	5	265	hyper	ENSG00000197442	MAP3K5	87325.0	5.0	7.0	-1.4149624865252	1.04781640807258e-12	False	False	False	False	False	False	False	False
paper_2677	2680	chr6	137493729	137493847	7	119	hypo	ENSG00000164485	IL22RA2	28820.0	4.0	4.0	-5.67624494033586	1.0270549027382e-20	False	False	False	False	True	True	True	True
paper_2678	2681	chr6	139139013	139139137	3	125	hypo	ENSG00000203734	ECT2L	22012.0	7.0	4.0	-0.852463059768555	0.108211509069725	False	False	False	False	False	False	False	False
paper_2679	2682	chr6	139171335	139171426	4	92	hypo	ENSG00000203734	ECT2L	54317.0	5.0	5.0	-0.852463059768555	0.108211509069725	False	False	False	False	False	False	False	False
paper_2680	2683	chr6	143521693	143522173	8	481	hypo	ENSG00000146416	AIG1	140300.0	4.0	4.0	-2.44922041658672	2.97797684540547e-10	True	True	True	False	False	False	False	False
paper_2681	2684	chr6	143857573	143857598	3	26	hyper	ENSG00000112419	PHACTR2	395.0	3.0	3.0	1.3970382416703	1.61257329618117e-08	False	False	False	False	False	False	False	False
paper_2682	2685	chr6	146755241	146755256	3	16	hyper	ENSG00000152822	GRM1	406466.0	7.0	7.0	-1.36511898528978	0.419411076094537	False	False	False	False	False	False	False	False
paper_2683	2686	chr6	148646473	148646569	3	97	hyper	ENSG00000111961	SASH1	53081.0	7.0	7.0	-1.45435336579424	0.0279480403649692	False	False	False	False	False	False	False	False
paper_2684	2687	chr6	149678992	149679132	5	141	hyper	ENSG00000055208	TAB2	139285.0	5.0	7.0	1.82076345659827	3.72755894456694e-18	False	False	False	False	False	False	False	False
paper_2685	2688	chr6	149785664	149785844	6	181	hypo	ENSG00000178199	ZC3H12D	13962.0	5.0	4.0	-1.06283592554686	0.00456507635447432	False	False	False	False	False	False	False	False
paper_2686	2689	chr6	149798202	149798448	3	247	hypo	ENSG00000178199	ZC3H12D	26533.0	5.0	5.0	-1.06283592554686	0.00456507635447432	False	False	False	False	False	False	False	False
paper_2687	2690	chr6	149838693	149838852	3	160	hyper	ENSG00000131013	PPIL4	12903.0	6.0	7.0	0.141035058772825	0.618408409617689	False	False	False	False	False	False	False	False
paper_2688	2691	chr6	150246753	150246766	3	14	hyper	ENSG00000203722	RAET1G	2501.0	2.0	2.0	-0.505022238944535	0.816282963521459	False	False	False	False	False	False	False	False
paper_2689	2692	chr6	150322076	150322747	6	672	hypo	ENSG00000155918	RAET1L	24256.0	7.0	7.0	2.87940160662922		False	False	False	False	False	False	False	False
paper_2690	2693	chr6	150489390	150489400	4	11	hypo	ENSG00000198729	PPP1R14C	25183.0	7.0	7.0	4.25841139996731	2.78817947132147e-13	False	False	False	False	False	False	False	False
paper_2691	2694	chr6	151023333	151023635	3	303	hyper	ENSG00000120278	PLEKHG1	102485.0	5.0	7.0	5.63742295559368	5.33153698152303e-18	False	False	False	False	False	False	False	False
paper_2692	2695	chr6	151358611	151359061	4	451	hypo	ENSG00000120254	MTHFD1L	172151.0	7.0	7.0	-2.23060198571152	6.08028670409755e-13	False	False	False	False	False	False	False	False
paper_2693	2696	chr6	151835444	151835692	3	249	hypo	ENSG00000120262	CCDC170	20403.0	7.0	4.0	-3.57530867659489	2.26760776311647e-14	False	False	False	False	False	False	False	False
paper_2694	2697	chr6	151914298	151914356	5	59	hyper	ENSG00000120262	CCDC170	99162.0	4.0	5.0	-3.57530867659489	2.26760776311647e-14	False	False	False	False	False	False	False	False
paper_2695	2698	chr6	153455801	153455836	3	36	hyper	ENSG00000091844	RGS17	3433.0	7.0	7.0	-0.465574877011512	0.196394389978814	False	False	False	False	False	False	False	False
paper_2696	2699	chr6	156452469	156452567	3	99	hypo	ENSG00000049618	ARID1B	646543.0	5.0	5.0	0.771043238061038	0.000402401562748365	False	False	False	False	False	False	False	False
paper_2697	2700	chr6	157041972	157042281	4	310	hypo	ENSG00000049618	ARID1B	56935.0	4.0	4.0	0.771043238061038	0.000402401562748365	False	False	False	False	False	False	False	False
paper_2698	2701	chr6	158463585	158463633	3	49	hypo	ENSG00000078269	SYNJ2	60721.0	4.0	5.0	0.110322900968586	0.79832301276017	False	False	False	False	False	False	False	False
paper_2699	2702	chr6	158492949	158493148	3	200	hyper	ENSG00000078269	SYNJ2	90160.0	7.0	7.0	0.110322900968586	0.79832301276017	False	False	False	False	False	False	False	False
paper_2700	2703	chr6	159262128	159262484	3	357	hyper	ENSG00000092820	EZR	21861.0	7.0	7.0	0.416922896417432	0.0191988768285853	False	False	False	False	False	False	False	False
paper_2701	2704	chr6	159655392	159655396	3	5	hyper	ENSG00000164694	FNDC1	64965.0	7.0	7.0	0.752599359343469	0.312462591718017	False	False	False	False	False	False	False	False
paper_2702	2705	chr6	160137414	160137547	3	134	hypo	ENSG00000112096	SOD2	37329.0	3.0	1.0	4.4226858727254	3.96400838736946e-14	False	False	False	False	False	False	False	False
paper_2703	2706	chr6	160151382	160151521	3	140	hypo	ENSG00000146457	WTAP	4834.0	3.0	1.0	1.1508912034464	1.28557594198064e-05	False	False	False	False	False	False	False	False
paper_2704	2707	chr6	160479164	160479355	3	192	hypo	ENSG00000197081	IGF2R	89128.0	6.0	5.0	0.667055962168572	0.00190607046166846	False	False	False	False	False	False	False	False
paper_2705	2708	chr6	161527593	161527688	4	96	hypo	ENSG00000085511	MAP3K4	114881.0	4.0	4.0	0.627269559812544	0.021249936511947	False	False	False	False	False	False	False	False
paper_2706	2709	chr6	161534325	161534415	4	91	hyper	ENSG00000085511	MAP3K4	121611.0	3.0	3.0	0.627269559812544	0.021249936511947	False	False	False	False	False	False	False	False
paper_2707	2710	chr6	162312466	162312548	3	83	hypo	ENSG00000185345	PARK2	544055.0	7.0	7.0	-0.0811025031882286	0.846636763583331	False	False	False	False	False	False	False	False
paper_2708	2711	chr6	162531969	162532104	6	136	hyper	ENSG00000185345	PARK2	763584.0	7.0	7.0	-0.0811025031882286	0.846636763583331	False	False	False	False	False	False	False	False
paper_2709	2712	chr6	163071347	163071367	5	21	hyper	ENSG00000185345	PARK2	1302905.0	7.0	7.0	-0.0811025031882286	0.846636763583331	False	False	False	False	False	False	False	False
paper_2710	2713	chr6	166087673	166087792	4	120	hyper	ENSG00000112541	PDE10A	12143.0	7.0	7.0	1.87559230632894		False	False	False	False	False	False	False	False
paper_2711	2714	chr6	167387478	167387483	3	6	hyper	ENSG00000026297	RNASET2	16807.0	7.0	7.0	-3.51374598721868	8.65626918919568e-14	False	False	False	False	False	False	False	False
paper_2712	2715	chr6	167444098	167444266	3	169	hypo	ENSG00000213066	FGFR1OP	31512.0	5.0	4.0	0.686983002250137	0.00278974208012419	False	False	False	False	False	False	False	False
paper_2713	2716	chr6	167524634	167524763	4	130	hypo	ENSG00000112486	CCR6	595.0	7.0	4.0	2.48858916208936	1.42897058522182e-05	False	False	False	False	False	False	False	False
paper_2714	2717	chr6	168746682	168746712	3	31	hypo	ENSG00000164488	DACT2	26262.0	7.0	7.0	-1.00204292944166		False	False	False	False	False	False	False	False
paper_2715	2718	chr6	169291332	169291625	4	294	hypo	ENSG00000186340	THBS2	362660.0	7.0	7.0	-0.853536305053909	0.0169065875302929	False	False	False	False	False	False	False	False
paper_2716	2719	chr6	169930292	169930709	3	418	hyper	ENSG00000184465	WDR27	73193.0	7.0	7.0	-0.26047047485877	0.298015254898549	False	False	False	False	False	False	False	False
paper_2717	2720	chr6	170595813	170595839	3	27	hyper	ENSG00000198719	DLL1	4532.0	7.0	7.0	1.803079712185	0.00716486205775004	False	False	False	False	False	False	False	False
paper_2718	2721	chr6	170616478	170616535	3	58	hypo	ENSG00000112584	FAM120B	16715.0	1.0	1.0	-0.273919393187722	0.133613261650361	False	False	False	False	False	False	False	False
paper_2719	2722	chr7	67653	67837	5	185	hypo	ENSG00000177706	FAM20C	125222.0	5.0	4.0	-1.13088982475138	0.026363890131457	False	False	False	False	True	True	True	False
paper_2720	2723	chr7	372495	372537	3	43	hyper	ENSG00000269396	AC187652.1	69598.0	7.0	7.0	-2.23655269200523	0.0692078751656053	False	False	False	False	False	False	False	False
paper_2721	2724	chr7	373219	373284	8	66	hypo	ENSG00000269396	AC187652.1	70333.0	7.0	7.0	-2.23655269200523	0.0692078751656053	False	False	False	False	False	False	False	False
paper_2722	2725	chr7	653414	653445	5	32	hyper	ENSG00000188191	PRKAR1B	64050.0	5.0	5.0	0.123056339963845	0.765038032365163	False	False	False	False	False	False	False	False
paper_2723	2726	chr7	937573	937600	5	28	hyper	ENSG00000239857	GET4	21397.0	6.0	6.0	-0.059595371533675	0.824949696368919	False	False	False	False	False	False	False	False
paper_2724	2727	chr7	963380	963422	6	43	hypo	ENSG00000105963	ADAP1	25054.0	4.0	3.0	-0.513685421995351	0.0505918035739417	False	False	False	False	False	False	False	False
paper_2725	2728	chr7	1006640	1006792	5	153	hypo	ENSG00000240230	COX19	1005.0	5.0	5.0	-0.385284348241127	0.0108325427198365	False	False	False	False	False	False	False	False
paper_2726	2729	chr7	1443131	1443144	3	14	hyper	ENSG00000164877	MICALL2	56000.0	7.0	7.0	-0.145307570984388	0.685735145793436	False	False	False	False	False	False	False	False
paper_2727	2730	chr7	1636957	1636992	3	36	hyper	ENSG00000157778	PSMG3	26332.0	7.0	5.0	-1.52416640512797	7.90735846253565e-08	False	False	False	False	False	False	False	False
paper_2728	2731	chr7	1711093	1711158	4	66	hyper	ENSG00000225968	ELFN1	16628.0	7.0	7.0	-2.44393362430203	1.52281471397205e-10	False	False	False	False	False	False	False	False
paper_2729	2732	chr7	2089964	2090181	7	218	hypo	ENSG00000002822	MAD1L1	234642.0	7.0	5.0	-1.59957801346178	4.12304064902901e-09	True	True	True	True	False	False	False	False
paper_2730	2733	chr7	2103173	2103248	3	76	hyper	ENSG00000002822	MAD1L1	247780.0	5.0	5.0	-1.59957801346178	4.12304064902901e-09	False	False	False	False	False	False	False	False
paper_2731	2734	chr7	2159558	2159746	3	189	hypo	ENSG00000002822	MAD1L1	304222.0	4.0	6.0	-1.59957801346178	4.12304064902901e-09	False	False	False	False	False	False	False	False
paper_2732	2735	chr7	2596676	2596733	5	58	hyper	ENSG00000106009	BRAT1	1342.0	4.0	5.0	-0.656214863933336	0.00321119162332467	False	False	False	False	False	False	False	False
paper_2733	2736	chr7	2720760	2720794	3	35	hyper	ENSG00000174945	AMZ1	1621.0	7.0	7.0	2.2080587590454	1.42967529852255e-08	False	False	False	False	False	False	False	False
paper_2734	2737	chr7	2802865	2802953	4	89	hyper	ENSG00000146535	GNA12	35163.0	3.0	3.0	1.1274198984868	0.00598722541177449	False	False	False	False	False	False	False	False
paper_2735	2738	chr7	3152160	3152828	6	669	hypo	ENSG00000217455	AC091801.1	61792.0	7.0	7.0	0.507965511704232		False	False	False	False	False	False	False	False
paper_2736	2739	chr7	4183949	4184057	5	109	hyper	ENSG00000146555	SDK1	842923.0	7.0	7.0	-0.598562489620099	0.531053283324371	False	False	False	False	False	False	False	False
paper_2737	2740	chr7	5162138	5162175	3	38	hyper	ENSG00000157954	WIPI2	67661.0	7.0	7.0	0.264890178530376	0.127624848215313	False	False	False	False	False	False	False	False
paper_2738	2741	chr7	5171112	5171290	4	179	hyper	ENSG00000157954	WIPI2	58616.0	7.0	7.0	0.264890178530376	0.127624848215313	False	False	False	False	False	False	False	False
paper_2739	2742	chr7	5209940	5210023	3	84	hypo	ENSG00000157954	WIPI2	19836.0	7.0	7.0	0.264890178530376	0.127624848215313	False	False	False	False	False	False	False	False
paper_2740	2743	chr7	5536874	5536913	3	40	hyper	ENSG00000155034	FBXL18	16704.0	3.0	4.0	-0.126228124221496	0.678734346638622	False	False	False	False	False	False	False	False
paper_2741	2744	chr7	5601404	5601440	3	37	hypo	ENSG00000075624	ACTB	33199.0	7.0	5.0	0.644787519528004	0.0143831234949245	False	False	False	False	False	False	False	False
paper_2742	2745	chr7	5623231	5623277	4	47	hypo	ENSG00000075618	FSCN1	9183.0	7.0	4.0	5.12834207622062	2.15099700886487e-05	False	False	False	False	False	False	False	False
paper_2743	2746	chr7	6010201	6010242	7	42	hypo	ENSG00000155026	RSPH10B	44444.0	7.0	7.0	-0.460010515027283	0.755553112545135	False	False	False	False	False	False	False	False
paper_2744	2747	chr7	6288263	6288322	4	60	hypo	ENSG00000008256	CYTH3	86885.0	5.0	5.0	-0.700394075901764	0.00115488370721445	False	False	False	False	False	False	False	False
paper_2745	2748	chr7	6332656	6332805	4	150	hypo	ENSG00000008256	CYTH3	20454.0	7.0	7.0	-0.700394075901764	0.00115488370721445	False	False	False	False	False	False	False	False
paper_2746	2749	chr7	6378999	6379137	3	139	hypo	ENSG00000178397	FAM220A	8609.0	6.0	6.0	0.848854403148916	1.29533361403524e-07	False	False	False	False	False	False	False	False
paper_2747	2750	chr7	6398496	6398744	4	249	hypo	ENSG00000178397	FAM220A	10013.0	4.0	4.0	0.848854403148916	1.29533361403524e-07	False	False	False	False	False	False	False	False
paper_2748	2751	chr7	6422909	6423020	3	112	hypo	ENSG00000136238	RAC1	8810.0	3.0	1.0	1.23217818305388	1.32101944781482e-13	False	False	False	False	False	False	False	False
paper_2749	2752	chr7	6427547	6427646	3	100	hypo	ENSG00000136238	RAC1	13442.0	5.0	4.0	1.23217818305388	1.32101944781482e-13	False	False	False	False	False	False	False	False
paper_2750	2753	chr7	6710650	6710659	3	10	hyper	ENSG00000198580	AC073343.1	2720.0	7.0	7.0	0.228836392885212	0.703363869341727	False	False	False	False	False	False	False	False
paper_2751	2754	chr7	6990373	6990398	4	26	hypo	ENSG00000146574	CCZ1B	123983.0	7.0	7.0	0.639852038228064	0.00348619679231334	False	False	False	False	False	False	False	False
paper_2752	2755	chr7	10957936	10958271	4	336	hyper	ENSG00000189043	NDUFA4	21779.0	7.0	5.0	-0.921259400344663	2.3692382057572e-07	False	False	False	False	False	False	False	False
paper_2753	2756	chr7	11012985	11013090	3	106	hypo	ENSG00000106443	PHF14	460.0	1.0	1.0	-0.884306357003884	1.31577192107348e-05	False	False	False	False	False	False	False	False
paper_2754	2757	chr7	17300740	17301044	3	305	hypo	ENSG00000106546	AHR	37352.0	7.0	4.0	0.844825196243917	0.00470537711752026	False	False	False	False	False	False	False	False
paper_2755	2758	chr7	18874531	18874559	3	29	hypo	ENSG00000122691	TWIST1	282749.0	7.0	7.0	3.83251793734574	6.60108151514676e-07	False	False	False	False	False	False	False	False
paper_2756	2759	chr7	20691218	20691295	3	78	hypo	ENSG00000004846	ABCB5	36426.0	7.0	7.0	1.554187305394	0.000141632569621007	False	False	False	False	False	False	False	False
paper_2757	2760	chr7	21394818	21395545	6	728	hyper	ENSG00000105866	SP4	72469.0	4.0	4.0	0.700536253140563	0.0782365542668149	False	False	False	False	False	False	False	False
paper_2758	2761	chr7	21578611	21579124	4	514	hypo	ENSG00000105877	DNAH11	3964.0	7.0	4.0	6.38149066482364	4.56858993626785e-08	False	False	False	False	True	True	True	False
paper_2759	2762	chr7	22599935	22600049	3	115	hypo	ENSG00000105889	STEAP1B	67696.0	7.0	4.0	3.96888774830595	2.08493808854043e-22	False	False	False	False	False	False	False	False
paper_2760	2763	chr7	23586343	23586412	3	70	hypo	ENSG00000164548	TRA2A	14716.0	7.0	7.0	0.839411759144377	2.13816809153178e-06	False	False	False	False	False	False	False	False
paper_2761	2764	chr7	26241368	26241419	7	52	hyper	ENSG00000122565	CBX3	611.0	1.0	2.0	-0.286459755229636	0.113497514021774	False	False	False	False	False	False	False	False
paper_2762	2765	chr7	26344458	26344594	4	137	hyper	ENSG00000086300	SNX10	12985.0	7.0	4.0	1.02408847493568	0.0176749966561963	False	False	False	False	False	False	False	False
paper_2763	2766	chr7	27251396	27251523	3	128	hyper	ENSG00000106031	HOXA13	11733.0	7.0	7.0	-1.70263742218227		False	False	False	False	False	False	False	False
paper_2764	2767	chr7	28047879	28047979	3	101	hyper	ENSG00000153814	JAZF1	177737.0	7.0	7.0	-0.831558493267208	0.00508328522272492	False	False	False	False	False	False	False	False
paper_2765	2768	chr7	28165993	28166315	5	323	hyper	ENSG00000153814	JAZF1	295962.0	7.0	7.0	-0.831558493267208	0.00508328522272492	False	False	False	False	False	False	False	False
paper_2766	2769	chr7	28355474	28355617	3	144	hyper	ENSG00000146592	CREB5	16605.0	7.0	7.0	0.795793397133785	0.00749891765058817	False	False	False	False	False	False	False	False
paper_2767	2770	chr7	28445505	28445731	3	227	hypo	ENSG00000146592	CREB5	106678.0	5.0	4.0	0.795793397133785	0.00749891765058817	False	False	False	False	False	False	False	False
paper_2768	2771	chr7	28518986	28519570	9	585	hypo	ENSG00000146592	CREB5	180338.0	7.0	4.0	0.795793397133785	0.00749891765058817	True	True	True	False	True	True	True	True
paper_2769	2772	chr7	28573757	28573986	5	230	hypo	ENSG00000146592	CREB5	234931.0	5.0	3.0	0.795793397133785	0.00749891765058817	False	False	False	False	False	False	False	False
paper_2770	2773	chr7	28615079	28615327	5	249	hypo	ENSG00000146592	CREB5	276263.0	3.0	3.0	0.795793397133785	0.00749891765058817	False	False	False	False	False	False	False	False
paper_2771	2774	chr7	28832621	28833045	4	425	hypo	ENSG00000146592	CREB5	493893.0	5.0	5.0	0.795793397133785	0.00749891765058817	False	False	False	False	False	False	False	False
paper_2772	2775	chr7	28981859	28982073	3	215	hyper	ENSG00000106069	CHN2	185669.0	7.0	7.0	-2.95768207512021	1.89033114013607e-10	False	False	False	False	False	False	False	False
paper_2773	2776	chr7	29182211	29182440	5	230	hyper	ENSG00000106069	CHN2	14688.0	1.0	5.0	-2.95768207512021	1.89033114013607e-10	False	False	False	False	False	False	False	False
paper_2774	2777	chr7	29383266	29383531	3	266	hypo	ENSG00000106066	CPVL	148330.0	4.0	4.0	-4.48373034432687	1.47335185513931e-09	False	False	False	False	False	False	False	False
paper_2775	2778	chr7	30040277	30040377	3	101	hyper	ENSG00000136193	SCRN1	10421.0	7.0	7.0	-1.73668758136402	1.18784813503825e-07	False	False	False	False	False	False	False	False
paper_2776	2779	chr7	30156565	30156815	6	251	hyper	ENSG00000180354	MTURN	17734.0	4.0	5.0	-0.707699563079178	0.036756038391399	False	False	False	False	False	False	False	False
paper_2777	2780	chr7	30193958	30194011	3	54	hyper	ENSG00000180354	MTURN	19558.0	6.0	6.0	-0.707699563079178	0.036756038391399	False	False	False	False	False	False	False	False
paper_2778	2781	chr7	30209154	30209212	3	59	hypo	ENSG00000180354	MTURN	34757.0	4.0	4.0	-0.707699563079178	0.036756038391399	False	False	False	False	False	False	False	False
paper_2779	2782	chr7	30810787	30810797	3	11	hyper	ENSG00000254959	INMT-FAM188B	19039.0	2.0	2.0			False	False	False	False	False	False	False	False
paper_2780	2783	chr7	30938231	30938354	4	124	hyper	ENSG00000240583	AQP1	45282.0	7.0	7.0	1.30724447240895	0.0534210594945309	False	False	False	False	False	False	False	False
paper_2781	2784	chr7	31063592	31063776	3	185	hyper	ENSG00000078549	ADCYAP1R1	28390.0	7.0	7.0	1.87609210040912		False	False	False	False	False	False	False	False
paper_2782	2785	chr7	32631701	32631817	3	117	hypo	ENSG00000105778	AVL9	96658.0	7.0	7.0	0.278670816643251	0.243076565353754	False	False	False	False	False	False	False	False
paper_2783	2786	chr7	32731079	32731421	3	343	hyper	ENSG00000105778	AVL9	196149.0	7.0	7.0	0.278670816643251	0.243076565353754	False	False	False	False	False	False	False	False
paper_2784	2787	chr7	32767190	32767400	3	211	hyper	ENSG00000170852	KBTBD2	166447.0	2.0	7.0	1.03182899856706	1.11200422208571e-08	False	False	False	False	False	False	False	False
paper_2785	2788	chr7	33873655	33874039	3	385	hypo	ENSG00000164619	BMPER	70674.0	7.0	7.0	-1.16250621414281	0.603250528576117	False	False	False	False	False	False	False	False
paper_2786	2789	chr7	36097109	36097189	3	81	hyper	ENSG00000205745	PP13004	21543.0	5.0	5.0	1.00258162183407		False	False	False	False	False	False	False	False
paper_2787	2790	chr7	36505792	36506147	4	356	hyper	ENSG00000164542	KIAA0895	76234.0	7.0	7.0	0.0638975725601618	0.952409147841478	False	False	False	False	False	False	False	False
paper_2788	2791	chr7	36527171	36527593	3	423	hyper	ENSG00000164542	KIAA0895	97647.0	7.0	7.0	0.0638975725601618	0.952409147841478	False	False	False	False	False	False	False	False
paper_2789	2792	chr7	38013302	38013322	3	21	hypo	ENSG00000106483	SFRP4	64051.0	7.0	7.0	6.88316808509349	2.17786456926671e-18	False	False	False	False	False	False	False	False
paper_2790	2793	chr7	38032568	38033168	4	601	hypo	ENSG00000106483	SFRP4	83607.0	7.0	4.0	6.88316808509349	2.17786456926671e-18	False	False	False	False	False	False	False	False
paper_2791	2794	chr7	38163038	38163378	4	341	hyper	ENSG00000010270	STARD3NL	54614.0	7.0	7.0	0.127399495156621	0.576546799890808	False	False	False	False	False	False	False	False
paper_2792	2795	chr7	39992308	39992682	3	375	hypo	ENSG00000065883	CDK13	2859.0	1.0	1.0	0.403017680656278	0.128118175328007	False	False	False	False	False	False	False	False
paper_2793	2796	chr7	41162327	41162564	3	238	hyper	ENSG00000122641	INHBA	580260.0	7.0	7.0	6.42483364070953	3.98831841657494e-30	False	False	False	False	False	False	False	False
paper_2794	2797	chr7	41345792	41346145	5	354	hypo	ENSG00000122641	INHBA	396737.0	5.0	4.0	6.42483364070953	3.98831841657494e-30	False	False	False	False	True	True	True	True
paper_2795	2798	chr7	41877366	41877578	3	213	hyper	ENSG00000122641	INHBA	134765.0	2.0	4.0	6.42483364070953	3.98831841657494e-30	False	False	False	False	False	False	False	False
paper_2796	2799	chr7	41920450	41920626	3	177	hyper	ENSG00000122641	INHBA	177831.0	4.0	4.0	6.42483364070953	3.98831841657494e-30	False	False	False	False	False	False	False	False
paper_2797	2800	chr7	41982450	41982468	3	19	hypo	ENSG00000122641	INHBA	239752.0	5.0	3.0	6.42483364070953	3.98831841657494e-30	False	False	False	False	False	False	False	False
paper_2798	2801	chr7	44044774	44044804	3	31	hyper	ENSG00000136206	SPDYE1	4301.0	7.0	7.0	-0.54448512310284	0.237619703237021	False	False	False	False	False	False	False	False
paper_2799	2802	chr7	44121623	44121684	5	62	hypo	ENSG00000122678	POLM	9807.0	1.0	1.0	-0.754074383366647	3.55409947119205e-05	False	False	False	False	False	False	False	False
paper_2800	2803	chr7	44143382	44143438	4	57	hyper	ENSG00000106624	AEBP1	548.0	7.0	7.0	0.806871211611321	0.00905210270957138	False	False	False	False	False	False	False	False
paper_2801	2804	chr7	44785147	44785226	3	80	hyper	ENSG00000122515	ZMIZ2	2992.0	4.0	4.0	1.12568736961345	3.05812141850837e-10	False	False	False	False	False	False	False	False
paper_2802	2805	chr7	47493861	47493996	4	136	hyper	ENSG00000136205	TNS3	151363.0	4.0	4.0	1.45096805323702	1.27669197947686e-07	False	False	False	False	False	False	False	False
paper_2803	2806	chr7	47583350	47583560	6	211	hypo	ENSG00000136205	TNS3	240890.0	4.0	4.0	1.45096805323702	1.27669197947686e-07	False	False	False	False	False	False	False	False
paper_2804	2807	chr7	47976916	47977144	5	229	hypo	ENSG00000158683	PKD1L1	162780.0	5.0	5.0	1.86220285401165	0.120824486435425	False	False	False	False	False	False	False	False
paper_2805	2808	chr7	48119307	48119373	3	67	hyper	ENSG00000183696	UPP1	8883.0	7.0	7.0	1.02708365267489	1.30146563865593e-05	False	False	False	False	False	False	False	False
paper_2806	2809	chr7	48887791	48887817	4	27	hypo	ENSG00000267970	AC004899.1	442.0	7.0	7.0			False	False	False	False	False	False	False	False
paper_2807	2810	chr7	50339969	50340280	4	312	hypo	ENSG00000185811	IKZF1	4198.0	5.0	5.0	2.00376742195207	1.38595370060259e-13	False	False	False	False	False	False	False	False
paper_2808	2811	chr7	50420101	50420385	4	285	hypo	ENSG00000185811	IKZF1	75919.0	7.0	4.0	2.00376742195207	1.38595370060259e-13	False	False	False	False	True	True	True	True
paper_2809	2812	chr7	50735218	50735730	7	513	hypo	ENSG00000106070	GRB10	77714.0	5.0	4.0	1.79435191747139	1.45915673291769e-06	False	False	False	False	False	False	False	False
paper_2810	2813	chr7	54856843	54857043	3	201	hypo	ENSG00000132432	SEC61G	29275.0	7.0	7.0	0.293893621109556	0.273370478396375	False	False	False	False	False	False	False	False
paper_2811	2814	chr7	55290848	55291168	7	321	hyper	ENSG00000132434	LANCL2	142131.0	7.0	7.0	0.976011538597816	1.10130011557275e-05	False	False	False	False	False	False	False	False
paper_2812	2815	chr7	56037714	56037785	3	72	hyper	ENSG00000146729	GBAS	18263.0	6.0	6.0	-0.0937305408211619	0.686865788325614	False	False	False	False	False	False	False	False
paper_2813	2816	chr7	57444096	57444275	5	180	hypo	ENSG00000182111	ZNF716	65696.0	7.0	7.0	0.513581075113703	0.255339002056463	False	False	False	False	False	False	False	False
paper_2814	2817	chr7	64411155	64411355	8	201	hyper	ENSG00000152926	ZNF117	40158.0	7.0	7.0	0.127316506277406	0.776948855666068	False	False	False	False	False	False	False	False
paper_2815	2818	chr7	65720081	65720127	3	47	hyper	ENSG00000169902	TPST1	49918.0	7.0	7.0	5.58387504380153	5.8702571677839e-24	False	False	False	False	False	False	False	False
paper_2816	2819	chr7	66636291	66636464	3	174	hypo	ENSG00000198874	TYW1	174575.0	7.0	7.0	-0.0852694881639404	0.654412448113304	False	False	False	False	False	False	False	False
paper_2817	2820	chr7	69061728	69061785	3	58	hyper	ENSG00000158321	AUTS2	2147.0	7.0	7.0	0.953845290210942	0.00408431523731124	False	False	False	False	False	False	False	False
paper_2818	2821	chr7	70155325	70155542	5	218	hyper	ENSG00000158321	AUTS2	1091528.0	7.0	7.0	0.953845290210942	0.00408431523731124	False	False	False	False	False	False	False	False
paper_2819	2822	chr7	71144572	71144818	4	247	hyper	ENSG00000185274	WBSCR17	547540.0	7.0	7.0	-0.797858124312721	0.229261277836157	False	False	False	False	False	False	False	False
paper_2820	2823	chr7	71508006	71508169	3	164	hyper	ENSG00000183166	CALN1	255327.0	5.0	5.0	0.405503744628377	0.39406553186635	False	False	False	False	False	False	False	False
paper_2821	2824	chr7	72838400	72838440	6	41	hyper	ENSG00000188763	FZD9	9687.0	7.0	7.0	1.39018889801397	0.429595619094797	False	False	False	False	False	False	False	False
paper_2822	2825	chr7	73021698	73021716	3	19	hypo	ENSG00000009950	MLXIPL	9732.0	7.0	7.0	0.200398765619072	0.554834459736531	False	False	False	False	False	False	False	False
paper_2823	2826	chr7	73239454	73239586	7	133	hyper	ENSG00000189143	CLDN4	2552.0	4.0	5.0	-3.14955883701321	0.000217532107180073	False	False	False	False	False	False	False	False
paper_2824	2827	chr7	73324077	73324210	4	134	hypo	ENSG00000175877	WBSCR28	48654.0	5.0	5.0	-0.767598274928758		False	False	False	False	False	False	False	False
paper_2825	2828	chr7	73734714	73734838	4	125	hyper	ENSG00000106665	CLIP2	30971.0	5.0	5.0	-1.33278335673612	1.42447418874351e-14	False	False	False	False	False	False	False	False
paper_2826	2829	chr7	75367549	75367612	4	64	hypo	ENSG00000127946	HIP1	204959.0	3.0	3.0	-0.890788825359867	0.0145024866391529	False	False	False	False	False	False	False	False
paper_2827	2830	chr7	76608553	76608591	4	39	hypo	ENSG00000243566	UPK3B	468827.0	7.0	7.0	-0.331103370669429	0.48491589067957	False	False	False	False	False	False	False	False
paper_2828	2831	chr7	76891660	76891799	3	140	hypo	ENSG00000127951	FGL2	62585.0	7.0	7.0	-4.25281775856192	4.15792527981247e-05	False	False	False	False	False	False	False	False
paper_2829	2832	chr7	77092943	77093213	6	271	hyper	ENSG00000186088	GSAP	47360.0	5.0	7.0	-1.07543717694801	0.0057295865118855	False	False	False	False	False	False	False	False
paper_2830	2833	chr7	79084148	79084196	3	49	hyper	ENSG00000187391	MAGI2	1281.0	7.0	2.0	0.0271961663365807	0.94924573516891	False	False	False	False	False	False	False	False
paper_2831	2834	chr7	80530405	80530843	3	439	hyper	ENSG00000075223	SEMA3C	156440.0	6.0	6.0	2.21517492836176	9.17230359530324e-10	False	False	False	False	False	False	False	False
paper_2832	2835	chr7	83711638	83711759	3	122	hyper	ENSG00000075213	SEMA3A	410341.0	7.0	7.0	5.02315858323055	8.29282682088905e-12	False	False	False	False	False	False	False	False
paper_2833	2836	chr7	85349785	85350088	3	304	hypo	ENSG00000153993	SEMA3D	533764.0	7.0	5.0	1.41774843155913	0.0649124533127589	False	False	False	False	False	False	False	False
paper_2834	2837	chr7	86866373	86866463	3	91	hyper	ENSG00000135185	TMEM243	16514.0	7.0	7.0	-2.40665450307206	2.45906289520356e-11	False	False	False	False	False	False	False	False
paper_2835	2838	chr7	87502892	87503034	5	143	hypo	ENSG00000075303	SLC25A40	19391.0	7.0	2.0	-1.36023173898789	4.07965088698662e-06	False	False	False	False	False	False	False	False
paper_2836	2839	chr7	87675048	87675194	3	147	hyper	ENSG00000008277	ADAM22	111663.0	7.0	7.0	-0.0412754961405645	0.921303273638951	False	False	False	False	False	False	False	False
paper_2837	2840	chr7	90896595	90896644	8	50	hyper	ENSG00000157240	FZD1	2836.0	3.0	3.0	-1.39568234103994	3.0023849261413e-06	False	False	False	False	False	False	False	False
paper_2838	2841	chr7	95916173	95916458	4	286	hyper	ENSG00000004864	SLC25A13	166782.0	7.0	5.0	-0.013236641678964	0.962480171695247	False	False	False	False	False	False	False	False
paper_2839	2842	chr7	97709514	97709697	3	184	hyper	ENSG00000164715	LMTK2	26590.0	7.0	7.0	0.24536803039506	0.452986410900437	False	False	False	False	False	False	False	False
paper_2840	2843	chr7	98466610	98466691	3	82	hyper	ENSG00000166448	TMEM130	5932.0	5.0	5.0	-4.74909189873218	4.07635406437328e-15	False	False	False	False	False	False	False	False
paper_2841	2844	chr7	98739399	98739698	10	300	hypo	ENSG00000198742	SMURF1	114484.0	5.0	1.0	0.828263018995464	3.27991774907939e-05	True	True	False	False	True	True	False	False
paper_2842	2845	chr7	99769672	99769725	4	54	hypo	ENSG00000213420	GPC2	2469.0	5.0	2.0	-1.66033474794042	2.72002712829907e-05	False	False	False	False	False	False	False	False
paper_2843	2846	chr7	100328031	100328123	3	93	hypo	ENSG00000146839	ZAN	3170.0	7.0	7.0	6.7792031163378	0.000173416402205702	False	False	False	False	False	False	False	False
paper_2844	2847	chr7	100434573	100434712	4	140	hypo	ENSG00000196411	EPHB4	9520.0	3.0	1.0	1.02695807776729	0.00146883680423677	False	False	False	False	False	False	False	False
paper_2845	2848	chr7	100656929	100657083	3	155	hypo	ENSG00000205277	MUC12	44102.0	7.0	7.0	1.90466705535021	0.0143424373342233	False	False	False	False	False	False	False	False
paper_2846	2849	chr7	100873935	100874087	3	153	hyper	ENSG00000106404	CLDN15	8089.0	6.0	6.0	-0.626042883268775	0.000214046808214424	False	False	False	False	False	False	False	False
paper_2847	2850	chr7	101186020	101186049	3	30	hyper	ENSG00000160963	COL26A1	179933.0	7.0	7.0	0.440629434207777	0.312599882973009	False	False	False	False	False	False	False	False
paper_2848	2851	chr7	101625349	101625745	3	397	hypo	ENSG00000257923	CUX1	166588.0	4.0	4.0	-0.53900055834557	0.0542901803288157	False	False	False	False	False	False	False	False
paper_2849	2852	chr7	101728596	101728681	3	86	hypo	ENSG00000257923	CUX1	269679.0	7.0	7.0	-0.53900055834557	0.0542901803288157	False	False	False	False	False	False	False	False
paper_2850	2853	chr7	101831550	101831616	3	67	hyper	ENSG00000257923	CUX1	372624.0	7.0	5.0	-0.53900055834557	0.0542901803288157	False	False	False	False	False	False	False	False
paper_2851	2854	chr7	101947120	101947215	3	96	hypo	ENSG00000160999	SH2B2	18762.0	4.0	5.0	-1.72275123563669	3.96813159413081e-06	False	False	False	False	False	False	False	False
paper_2852	2855	chr7	102085865	102085939	3	75	hypo	ENSG00000160991	ORAI2	12349.0	6.0	4.0	0.445702259654391	0.00991645141484051	False	False	False	False	False	False	False	False
paper_2853	2856	chr7	104662912	104663437	4	526	hyper	ENSG00000005483	KMT2E	8548.0	1.0	3.0	0.544760447392118	0.106523937135744	False	False	False	False	False	False	False	False
paper_2854	2857	chr7	104833395	104833587	3	193	hypo	ENSG00000135250	SRPK2	32499.0	7.0	4.0	0.309731477234971	0.377084370914507	False	False	False	False	False	False	False	False
paper_2855	2858	chr7	105429261	105429892	8	632	hypo	ENSG00000146776	ATXN7L1	184062.0	7.0	5.0	-0.056279781815305	0.897558304082303	True	True	True	False	True	True	True	False
paper_2856	2859	chr7	105913296	105913686	6	391	hypo	ENSG00000105835	NAMPT	13280.0	5.0	5.0	3.55486027715874	1.7728851136616e-13	False	False	False	False	False	False	False	False
paper_2857	2860	chr7	105926546	105926719	3	174	hypo	ENSG00000105835	NAMPT	11186.0	3.0	3.0	3.55486027715874	1.7728851136616e-13	False	False	False	False	False	False	False	False
paper_2858	2861	chr7	106731067	106731332	3	266	hypo	ENSG00000005249	PRKAR2B	46105.0	7.0	7.0	1.62365639252489	5.48488071631961e-05	False	False	False	False	False	False	False	False
paper_2859	2862	chr7	106888316	106888684	4	369	hypo	ENSG00000164597	COG5	45491.0	5.0	3.0	0.118134982377632	0.733875626428442	False	False	False	False	False	False	False	False
paper_2860	2863	chr7	111200819	111201083	3	265	hyper	ENSG00000184903	IMMP2L	897841.0	5.0	5.0	-0.243241994477154	0.211790388731087	False	False	False	False	False	False	False	False
paper_2861	2864	chr7	112186537	112186607	3	71	hypo	ENSG00000181016	LSMEM1	65664.0	7.0	7.0	1.37713216634473	6.36845636570045e-06	False	False	False	False	False	False	False	False
paper_2862	2865	chr7	114556412	114556701	5	290	hypo	ENSG00000135272	MDFIC	5651.0	7.0	4.0	0.256615898752898	0.328209749228187	False	False	False	False	True	True	True	True
paper_2863	2866	chr7	127319048	127319310	3	263	hypo	ENSG00000197157	SND1	26945.0	5.0	5.0	-0.26248032056051	0.150049767495758	False	False	False	False	False	False	False	False
paper_2864	2867	chr7	127510389	127510836	6	448	hyper	ENSG00000197157	SND1	218378.0	5.0	6.0	-0.26248032056051	0.150049767495758	False	False	False	False	False	False	False	False
paper_2865	2868	chr7	128713952	128714145	4	194	hypo	ENSG00000064419	TNPO3	18849.0	5.0	4.0	0.814665663691632	7.42545869392577e-05	False	False	False	False	False	False	False	False
paper_2866	2869	chr7	128846356	128846388	4	33	hyper	ENSG00000128602	SMO	17659.0	7.0	7.0	1.0079079769008	0.0240089226855893	False	False	False	False	False	False	False	False
paper_2867	2870	chr7	129150654	129150869	5	216	hyper	ENSG00000240204	SMKR1	8441.0	7.0	7.0	0.381742168465512	0.512977039198467	False	False	False	False	False	False	False	False
paper_2868	2871	chr7	130333846	130334116	3	271	hypo	ENSG00000158623	COPG2	38161.0	5.0	3.0	-1.09445522782752	4.17667795118607e-09	False	False	False	False	False	False	False	False
paper_2869	2872	chr7	130572190	130572336	6	147	hypo	ENSG00000174595	KLF14	153374.0	5.0	3.0	-2.68996995943606	0.233561760800621	False	False	False	False	False	False	False	False
paper_2870	2873	chr7	130716302	130716734	8	433	hypo	ENSG00000128585	MKLN1	78335.0	5.0	4.0	0.638600575645952	0.0377869915149204	True	True	False	False	True	True	True	False
paper_2871	2874	chr7	130878860	130879328	4	469	hyper	ENSG00000128585	MKLN1	84239.0	7.0	4.0	0.638600575645952	0.0377869915149204	False	False	False	False	False	False	False	False
paper_2872	2875	chr7	132436239	132436392	5	154	hypo	ENSG00000183470	AC009365.3	102762.0	7.0	4.0	0.610609892970922		False	False	False	False	False	False	False	False
paper_2873	2876	chr7	133789258	133789293	4	36	hypo	ENSG00000155530	LRGUK	22775.0	7.0	7.0	-0.941621410151906	0.0388111365216876	False	False	False	False	False	False	False	False
paper_2874	2877	chr7	134081007	134081131	4	125	hypo	ENSG00000085662	AKR1B1	62824.0	5.0	4.0	-0.664272970052947	0.223056420880989	False	False	False	False	False	False	False	False
paper_2875	2878	chr7	134136627	134136670	3	44	hyper	ENSG00000085662	AKR1B1	9546.0	4.0	5.0	-0.664272970052947	0.223056420880989	False	False	False	False	False	False	False	False
paper_2876	2879	chr7	139452433	139452709	4	277	hypo	ENSG00000064393	HIPK2	195196.0	7.0	5.0	2.03534138094442	2.56668198867836e-09	False	False	False	False	False	False	False	False
paper_2877	2880	chr7	139604674	139604720	3	47	hyper	ENSG00000059377	TBXAS1	126650.0	7.0	7.0	-2.24926049472911	2.54363239827358e-12	False	False	False	False	False	False	False	False
paper_2878	2881	chr7	139895503	139895718	3	216	hypo	ENSG00000006459	KDM7A	18774.0	5.0	4.0	-0.0932803944349258	0.874877991886021	False	False	False	False	False	False	False	False
paper_2879	2882	chr7	140218138	140218155	4	18	hypo	ENSG00000133606	MKRN1	38776.0	7.0	7.0	0.231755135328057	0.215140867692881	False	False	False	False	False	False	False	False
paper_2880	2883	chr7	140426068	140426462	3	395	hypo	ENSG00000090266	NDUFB2	35688.0	5.0	4.0	-1.1294488511858	4.74650858655297e-05	False	False	False	False	False	False	False	False
paper_2881	2884	chr7	140616316	140616410	3	95	hyper	ENSG00000157764	BRAF	182084.0	7.0	7.0	0.791988645363902	0.00175019361182903	False	False	False	False	False	False	False	False
paper_2882	2885	chr7	140990951	140991114	3	164	hyper	ENSG00000261115	TMEM178B	217000.0	2.0	7.0	0.643543933217829	0.413695624320404	False	False	False	False	False	False	False	False
paper_2883	2886	chr7	144665656	144665928	4	273	hypo	ENSG00000196511	TPK1	132303.0	7.0	7.0	-1.06859649048472	3.10260040408448e-05	False	False	False	False	False	False	False	False
paper_2884	2887	chr7	148245189	148245631	4	443	hypo	ENSG00000170279	C7orf33	42245.0	7.0	4.0	0.957253341129773	0.742296444058435	False	False	False	False	False	False	False	False
paper_2885	2888	chr7	148579004	148579262	3	259	hyper	ENSG00000106462	EZH2	64004.0	1.0	1.0	1.08324262782004	0.00171178556149713	False	False	False	False	False	False	False	False
paper_2886	2889	chr7	148854145	148854354	5	210	hypo	ENSG00000197024	ZNF398	30741.0	7.0	5.0	0.465356952911753	0.00386807325945867	False	False	False	False	True	True	True	False
paper_2887	2890	chr7	148937638	148937715	3	78	hyper	ENSG00000170260	ZNF212	934.0	3.0	1.0	0.11713480654371	0.670660567424408	False	False	False	False	False	False	False	False
paper_2888	2891	chr7	148981586	148981704	3	119	hypo	ENSG00000204946	ZNF783	22383.0	7.0	7.0	-0.0592644654021482	0.777104537396679	False	False	False	False	False	False	False	False
paper_2889	2892	chr7	149190836	149190864	4	29	hypo	ENSG00000181220	ZNF746	20965.0	5.0	5.0	0.371237279577784	0.0263193233681727	False	False	False	False	False	False	False	False
paper_2890	2893	chr7	149320803	149320835	3	33	hyper	ENSG00000133619	KRBA1	91051.0	1.0	2.0	-0.813377953510775	0.00245835134508192	False	False	False	False	False	False	False	False
paper_2891	2894	chr7	150517218	150517518	6	301	hypo	ENSG00000002726	AOC1	4345.0	7.0	4.0	2.73364074920222	1.03700009861391e-07	False	False	False	False	False	False	False	False
paper_2892	2895	chr7	150628378	150628473	3	96	hypo	ENSG00000055118	KCNH2	46977.0	7.0	7.0	0.782860072212418	0.0335080332634544	False	False	False	False	False	False	False	False
paper_2893	2896	chr7	150823171	150823192	6	22	hyper	ENSG00000133612	AGAP3	40227.0	6.0	6.0	0.135460115505067	0.518725289777372	False	False	False	False	False	False	False	False
paper_2894	2897	chr7	151090643	151090710	3	68	hyper	ENSG00000187260	WDR86	12469.0	5.0	5.0	3.54603963016709	5.06099680589527e-25	False	False	False	False	False	False	False	False
paper_2895	2898	chr7	151101415	151101661	6	247	hyper	ENSG00000187260	WDR86	23331.0	5.0	5.0	3.54603963016709	5.06099680589527e-25	False	False	False	False	False	False	False	False
paper_2896	2899	chr7	151462353	151462472	4	120	hyper	ENSG00000106617	PRKAG2	209215.0	6.0	6.0	1.04484411903613	8.38762956683341e-08	False	False	False	False	False	False	False	False
paper_2897	2900	chr7	152229306	152229449	4	144	hyper	ENSG00000055609	KMT2C	96286.0	5.0	7.0	0.543353947233882	0.0528477892517631	False	False	False	False	False	False	False	False
paper_2898	2901	chr7	152294851	152294905	3	55	hyper	ENSG00000196584	XRCC2	78371.0	7.0	7.0	0.457181522554658	0.0896987126010662	False	False	False	False	False	False	False	False
paper_2899	2902	chr7	152330323	152330416	5	94	hypo	ENSG00000196584	XRCC2	42880.0	7.0	7.0	0.457181522554658	0.0896987126010662	False	False	False	False	False	False	False	False
paper_2900	2903	chr7	152520596	152520713	3	118	hypo	ENSG00000133627	ACTR3B	63820.0	7.0	7.0	-0.895997192775535	0.000212060966151606	False	False	False	False	False	False	False	False
paper_2901	2904	chr7	153792371	153792470	5	100	hyper	ENSG00000130226	DPP6	208238.0	7.0	7.0	0.352927295343707	0.5215152576588	False	False	False	False	False	False	False	False
paper_2902	2905	chr7	154705296	154705412	3	117	hypo	ENSG00000214106	PAXIP1-AS2	14852.0	7.0	7.0	0.594767055071576	0.0538948223587117	False	False	False	False	False	False	False	False
paper_2903	2906	chr7	155764394	155764469	3	76	hypo	ENSG00000204876	AC021218.2	9105.0	7.0	7.0	-0.767229011985896		False	False	False	False	False	False	False	False
paper_2904	2907	chr7	155875465	155875597	4	133	hypo	ENSG00000204876	AC021218.2	120205.0	7.0	7.0	-0.767229011985896		False	False	False	False	False	False	False	False
paper_2905	2908	chr7	157089794	157089894	3	101	hypo	ENSG00000105993	DNAJB6	38229.0	7.0	4.0	1.56006790440772	4.23889367099588e-14	False	False	False	False	False	False	False	False
paper_2906	2909	chr7	157103424	157103654	3	231	hypo	ENSG00000105993	DNAJB6	24534.0	7.0	4.0	1.56006790440772	4.23889367099588e-14	False	False	False	False	False	False	False	False
paper_2907	2910	chr7	157188998	157189053	5	56	hyper	ENSG00000105993	DNAJB6	60950.0	5.0	6.0	1.56006790440772	4.23889367099588e-14	False	False	False	False	False	False	False	False
paper_2908	2911	chr7	157550616	157550679	3	64	hyper	ENSG00000155093	PTPRN2	218897.0	7.0	7.0	1.07167275796658	0.113211238258095	False	False	False	False	False	False	False	False
paper_2909	2912	chr7	158766253	158766308	4	56	hyper	ENSG00000126870	WDR60	117011.0	2.0	7.0	-0.0838936224631908	0.689013279956536	False	False	False	False	False	False	False	False
paper_2910	2913	chr7	159128166	159128273	4	108	hyper	ENSG00000106018	VIPR2	190569.0	7.0	7.0	0.223776164426839	0.726240818824462	False	False	False	False	False	False	False	False
paper_2911	2914	chr8	616458	616581	8	124	hypo	ENSG00000104714	ERICH1	2319.0	6.0	6.0	1.43967764824412	1.19144145701814e-08	False	False	False	False	False	False	False	False
paper_2912	2915	chr8	630481	630822	7	342	hypo	ENSG00000104714	ERICH1	16451.0	4.0	4.0	1.43967764824412	1.19144145701814e-08	False	False	False	False	True	True	False	False
paper_2913	2916	chr8	1299400	1299430	4	31	hyper	ENSG00000198010	DLGAP2	150115.0	7.0	7.0	-0.78377587773073	0.341417611844778	False	False	False	False	False	False	False	False
paper_2914	2917	chr8	1306144	1306246	3	103	hypo	ENSG00000198010	DLGAP2	143335.0	7.0	7.0	-0.78377587773073	0.341417611844778	False	False	False	False	False	False	False	False
paper_2915	2918	chr8	1378432	1378536	3	105	hypo	ENSG00000198010	DLGAP2	71046.0	7.0	7.0	-0.78377587773073	0.341417611844778	True	False	False	False	False	False	False	False
paper_2916	2919	chr8	1848102	1848143	3	42	hypo	ENSG00000104728	ARHGEF10	75980.0	7.0	7.0	0.602686621840567	0.137420427949095	False	False	False	False	False	False	False	False
paper_2917	2920	chr8	1969091	1969247	5	157	hyper	ENSG00000036448	MYOM2	23984.0	4.0	5.0	-3.75082957682194	3.51302402054235e-14	False	False	False	False	False	False	False	False
paper_2918	2921	chr8	2878645	2878693	3	49	hypo	ENSG00000183117	CSMD1	83048.0	7.0	7.0	1.35401992509315	0.0135927471751382	False	False	False	False	False	False	False	False
paper_2919	2922	chr8	3981565	3981608	4	44	hyper	ENSG00000183117	CSMD1	1185965.0	7.0	7.0	1.35401992509315	0.0135927471751382	False	False	False	False	False	False	False	False
paper_2920	2923	chr8	6065533	6065927	4	395	hypo	ENSG00000147316	MCPH1	198381.0	7.0	7.0	0.160022920008453	0.395341403332323	False	False	False	False	False	False	False	False
paper_2921	2924	chr8	6631924	6632067	3	144	hyper	ENSG00000155189	AGPAT5	66117.0	7.0	7.0	-0.78433248518671	0.00295580942595073	False	False	False	False	False	False	False	False
paper_2922	2925	chr8	6810929	6810975	3	47	hypo	ENSG00000164821	DEFA4	15091.0	5.0	7.0	-0.64223198432363		False	False	False	False	False	False	False	False
paper_2923	2926	chr8	8102245	8102328	4	84	hyper	ENSG00000268955	LRLE1	55954.0	7.0	7.0			False	False	False	False	False	False	False	False
paper_2924	2927	chr8	8142269	8142449	3	181	hypo	ENSG00000268955	LRLE1	96027.0	7.0	4.0			False	False	False	False	False	False	False	False
paper_2925	2928	chr8	8244972	8245052	3	81	hyper	ENSG00000182319	SGK223	1003.0	5.0	5.0	-0.724913844058913	0.000191821751689931	False	False	False	False	False	False	False	False
paper_2926	2929	chr8	8669808	8669861	3	54	hyper	ENSG00000147324	MFHAS1	28970.0	4.0	5.0	1.39242996842456	4.18174362795278e-05	False	False	False	False	False	False	False	False
paper_2927	2930	chr8	8899959	8900129	5	171	hyper	ENSG00000104626	ERI1	40387.0	7.0	5.0	-0.298490364166772	0.385463286319647	False	False	False	False	False	False	False	False
paper_2928	2931	chr8	10443284	10443322	3	39	hypo	ENSG00000184647	PRSS55	60247.0	7.0	7.0	-0.187040839555179	0.871494851048973	False	False	False	False	False	False	False	False
paper_2929	2932	chr8	10592478	10592494	3	17	hyper	ENSG00000171056	SOX7	9577.0	7.0	4.0	0.146154323500091	0.784683778294909	False	False	False	False	False	False	False	False
paper_2930	2933	chr8	11626634	11626773	4	140	hyper	ENSG00000154328	NEIL2	443.0	2.0	2.0	-0.655754618445444	0.00268308209456863	False	False	False	False	False	False	False	False
paper_2931	2934	chr8	11676808	11676851	4	44	hyper	ENSG00000079459	FDFT1	23747.0	7.0	7.0	1.06791576389293	1.6058658521769e-07	False	False	False	False	False	False	False	False
paper_2932	2935	chr8	11743751	11743895	6	145	hyper	ENSG00000164733	CTSB	16865.0	4.0	4.0	-0.431924318337161	0.159637691420994	False	False	False	False	False	False	False	False
paper_2933	2936	chr8	17009901	17009913	3	13	hypo	ENSG00000104219	ZDHHC2	3629.0	7.0	7.0	0.435207387314414	0.0819909438593098	False	False	False	False	False	False	False	False
paper_2934	2937	chr8	19248317	19248582	4	266	hypo	ENSG00000104611	SH2D4A	77321.0	4.0	4.0	0.858637670007992	0.102448985623172	False	False	False	False	False	False	False	False
paper_2935	2938	chr8	20161942	20162045	5	104	hypo	ENSG00000061337	LZTS1	518.0	2.0	2.0	1.21990856600416	0.0549554788069601	False	False	False	False	False	False	False	False
paper_2936	2939	chr8	21567323	21567493	4	171	hypo	ENSG00000168546	GFRA2	17053.0	6.0	7.0	-6.19975485430205	4.52253705956243e-23	False	False	False	False	False	False	False	False
paper_2937	2940	chr8	21764881	21765220	3	340	hyper	ENSG00000147443	DOK2	6320.0	7.0	5.0	-1.78125248111035	5.78973180560562e-07	False	False	False	False	False	False	False	False
paper_2938	2941	chr8	21838350	21838609	4	260	hypo	ENSG00000130227	XPO7	61299.0	6.0	6.0	0.97113440685572	5.81459716590597e-05	False	False	False	False	False	False	False	False
paper_2939	2942	chr8	22105572	22105788	6	217	hypo	ENSG00000168495	POLR3D	3063.0	6.0	5.0	1.03105263505677	1.18034555961622e-08	True	True	True	True	True	True	True	False
paper_2940	2943	chr8	22186870	22187120	3	251	hypo	ENSG00000197181	PIWIL2	54185.0	7.0	7.0	1.78146614012321	9.8407371928067e-05	False	False	False	False	False	False	False	False
paper_2941	2944	chr8	22408524	22408571	4	48	hypo	ENSG00000120896	SORBS3	659.0	1.0	1.0	-0.582779135754446	0.0226395358014203	False	False	False	False	False	False	False	False
paper_2942	2945	chr8	22418402	22418638	6	237	hypo	ENSG00000120896	SORBS3	9312.0	5.0	3.0	-0.582779135754446	0.0226395358014203	False	False	False	False	False	False	False	False
paper_2943	2946	chr8	22480283	22480316	3	34	hypo	ENSG00000158941	CCAR2	18154.0	5.0	5.0	-0.272554208962378	0.0997130349294349	False	False	False	False	False	False	False	False
paper_2944	2947	chr8	22766425	22766441	3	17	hyper	ENSG00000008853	RHOBTB2	78495.0	7.0	7.0	-1.62119550839203	1.92209661926271e-13	False	False	False	False	False	False	False	False
paper_2945	2948	chr8	22928444	22928653	5	210	hyper	ENSG00000120889	TNFRSF10B	1855.0	7.0	7.0	-0.306011899205797	0.239640429119744	False	False	False	False	False	False	False	False
paper_2946	2949	chr8	22976426	22976577	4	152	hyper	ENSG00000173535	TNFRSF10C	34633.0	7.0	7.0	-2.50606217259773	1.01586390697958e-09	False	False	False	False	False	False	False	False
paper_2947	2950	chr8	25206388	25206793	5	406	hyper	ENSG00000147437	GNRH1	75579.0	7.0	5.0	-0.0974941396429613	0.787381102806975	False	False	False	False	False	False	False	False
paper_2948	2951	chr8	25398002	25398303	3	302	hyper	ENSG00000184661	CDCA2	81639.0	7.0	7.0	0.452212267970837	0.259434898844868	False	False	False	False	False	False	False	False
paper_2949	2952	chr8	25775128	25775240	3	113	hyper	ENSG00000221818	EBF2	75938.0	7.0	7.0	-0.489932131392898	0.536284080811828	False	False	False	False	False	False	False	False
paper_2950	2953	chr8	25984998	25985026	3	29	hypo	ENSG00000221818	EBF2	82098.0	7.0	7.0	-0.489932131392898	0.536284080811828	False	False	False	False	False	False	False	False
paper_2951	2954	chr8	27153926	27153985	3	60	hyper	ENSG00000104228	TRIM35	11551.0	6.0	5.0	0.141695740738918	0.689696245305255	False	False	False	False	False	False	False	False
paper_2952	2955	chr8	28048343	28048578	5	236	hypo	ENSG00000134014	ELP3	101270.0	4.0	4.0	-0.14827966885292	0.564801422238198	False	False	False	False	False	False	False	False
paper_2953	2956	chr8	28280932	28281022	5	91	hyper	ENSG00000186918	ZNF395	20758.0	7.0	5.0	-0.490272514723768	0.331094919422649	False	False	False	False	False	False	False	False
paper_2954	2957	chr8	28627392	28627517	8	126	hyper	ENSG00000104299	INTS9	2276.0	5.0	5.0	-0.410217499123558	0.0371964998876336	False	False	False	False	False	False	False	False
paper_2955	2958	chr8	28917525	28917545	3	21	hyper	ENSG00000147421	HMBOX1	169624.0	5.0	5.0	-0.154930281307341	0.609951423707157	False	False	False	False	False	False	False	False
paper_2956	2959	chr8	28970095	28970313	3	219	hypo	ENSG00000197892	KIF13B	150436.0	5.0	5.0	1.74017206080712	3.11193137942517e-11	False	False	False	False	False	False	False	False
paper_2957	2960	chr8	29028288	29028332	4	45	hypo	ENSG00000197892	KIF13B	24935.0	6.0	5.0	1.74017206080712	3.11193137942517e-11	False	False	False	False	False	False	False	False
paper_2958	2961	chr8	29240789	29241096	4	308	hyper	ENSG00000120875	DUSP4	32756.0	5.0	7.0	6.4059123380901	1.95703083258672e-23	False	False	False	False	False	False	False	False
paper_2959	2962	chr8	29294558	29294648	3	91	hyper	ENSG00000120875	DUSP4	86417.0	5.0	7.0	6.4059123380901	1.95703083258672e-23	False	False	False	False	False	False	False	False
paper_2960	2963	chr8	29357593	29357818	7	226	hypo	ENSG00000120875	DUSP4	149519.0	4.0	4.0	6.4059123380901	1.95703083258672e-23	True	True	True	True	True	True	True	True
paper_2961	2964	chr8	29381283	29381602	6	320	hypo	ENSG00000120875	DUSP4	173256.0	7.0	4.0	6.4059123380901	1.95703083258672e-23	False	False	False	False	True	True	True	False
paper_2962	2965	chr8	29605588	29605828	3	241	hyper	ENSG00000133872	TMEM66	335014.0	7.0	7.0	-0.655368584859295	0.000516058354963924	False	False	False	False	False	False	False	False
paper_2963	2966	chr8	29632125	29632326	4	202	hyper	ENSG00000133872	TMEM66	308497.0	5.0	5.0	-0.655368584859295	0.000516058354963924	False	False	False	False	False	False	False	False
paper_2964	2967	chr8	29742019	29742028	3	10	hyper	ENSG00000133872	TMEM66	198699.0	7.0	7.0	-0.655368584859295	0.000516058354963924	False	False	False	False	False	False	False	False
paper_2965	2968	chr8	29834391	29834420	3	30	hyper	ENSG00000133872	TMEM66	106317.0	7.0	7.0	-0.655368584859295	0.000516058354963924	False	False	False	False	False	False	False	False
paper_2966	2969	chr8	30602237	30602350	6	114	hypo	ENSG00000104687	GSR	16849.0	2.0	3.0	0.450125264585539	0.00914579468708321	False	False	False	False	False	False	False	False
paper_2967	2970	chr8	37924355	37924477	3	123	hyper	ENSG00000187840	EIF4EBP1	36557.0	5.0	7.0	-2.95767902872397	9.34024818941251e-14	False	False	False	False	False	False	False	False
paper_2968	2971	chr8	38133060	38133268	3	209	hypo	ENSG00000147548	WHSC1L1	5949.0	5.0	5.0	1.46754741253243	4.77350203900608e-10	False	False	False	False	False	False	False	False
paper_2969	2972	chr8	38287237	38287336	7	100	hyper	ENSG00000077782	FGFR1	18629.0	5.0	7.0	-3.07709173304061	4.73133170563176e-15	False	False	False	False	False	False	False	False
paper_2970	2973	chr8	38735698	38735850	4	153	hyper	ENSG00000169499	PLEKHA2	22977.0	5.0	5.0	0.672844456692263	0.00602932113613318	False	False	False	False	False	False	False	False
paper_2971	2974	chr8	38793830	38793917	3	88	hypo	ENSG00000169499	PLEKHA2	35120.0	3.0	3.0	0.672844456692263	0.00602932113613318	False	False	False	False	False	False	False	False
paper_2972	2975	chr8	38803739	38803879	3	141	hypo	ENSG00000169499	PLEKHA2	45056.0	5.0	4.0	0.672844456692263	0.00602932113613318	False	False	False	False	False	False	False	False
paper_2973	2976	chr8	38899603	38900133	4	531	hypo	ENSG00000168615	ADAM9	45480.0	5.0	5.0	0.925648619977913	0.000538875125329623	False	False	False	False	False	False	False	False
paper_2974	2977	chr8	39839058	39839228	3	171	hypo	ENSG00000188676	IDO2	46669.0	7.0	4.0	5.11905458922603	1.89621535397374e-34	False	False	False	False	False	False	False	False
paper_2975	2978	chr8	39851299	39851341	3	43	hypo	ENSG00000188676	IDO2	58846.0	5.0	4.0	5.11905458922603	1.89621535397374e-34	False	False	False	False	False	False	False	False
paper_2976	2979	chr8	41522797	41522951	5	155	hyper	ENSG00000029534	ANK1	10031.0	5.0	5.0	1.52442075743662	5.53808110270489e-09	False	False	False	False	False	False	False	False
paper_2977	2980	chr8	41801754	41801794	3	41	hypo	ENSG00000029534	ANK1	47493.0	6.0	6.0	1.52442075743662	5.53808110270489e-09	False	False	False	False	False	False	False	False
paper_2978	2981	chr8	42134997	42135204	4	208	hyper	ENSG00000104365	IKBKB	6280.0	5.0	3.0	0.114896822279372	0.536205424319237	False	False	False	False	False	False	False	False
paper_2979	2982	chr8	42626824	42626927	3	104	hyper	ENSG00000147434	CHRNA6	15103.0	5.0	5.0	2.54661580351919	0.000586547984313541	False	False	False	False	False	False	False	False
paper_2980	2983	chr8	42642917	42642986	4	70	hyper	ENSG00000147434	CHRNA6	31179.0	7.0	7.0	2.54661580351919	0.000586547984313541	False	False	False	False	False	False	False	False
paper_2981	2984	chr8	47162579	47162649	3	71	hypo	ENSG00000164808	SPIDR	1010551.0	7.0	7.0	-0.97148625029505	8.16028796259097e-07	False	False	False	False	False	False	False	False
paper_2982	2985	chr8	48791118	48791575	8	458	hypo	ENSG00000253729	PRKDC	105677.0	6.0	4.0	-0.166419389434866	0.626829994861383	False	False	False	False	False	False	False	False
paper_2983	2986	chr8	48792083	48792251	5	169	hypo	ENSG00000253729	PRKDC	106498.0	5.0	4.0	-0.166419389434866	0.626829994861383	False	False	False	False	False	False	False	False
paper_2984	2987	chr8	53109929	53110139	3	211	hyper	ENSG00000147488	ST18	47552.0	7.0	7.0	0.230050325759593	0.581393171206508	False	False	False	False	False	False	False	False
paper_2985	2988	chr8	54624956	54625051	8	96	hyper	ENSG00000047249	ATP6V1H	131114.0	7.0	7.0	0.244790585269837	0.294370775913638	False	False	False	False	False	False	False	False
paper_2986	2989	chr8	55847963	55848104	3	142	hyper	ENSG00000206579	XKR4	166914.0	7.0	7.0	1.76178467070354	3.64237685118809e-05	False	False	False	False	False	False	False	False
paper_2987	2990	chr8	56784244	56784319	4	76	hypo	ENSG00000254087	LYN	8089.0	4.0	4.0	1.71873785072346	1.40829555564802e-12	False	False	False	False	False	False	False	False
paper_2988	2991	chr8	56814560	56814691	3	132	hyper	ENSG00000254087	LYN	22253.0	4.0	4.0	1.71873785072346	1.40829555564802e-12	False	False	False	False	False	False	False	False
paper_2989	2992	chr8	56901631	56902060	10	430	hypo	ENSG00000254087	LYN	109473.0	5.0	3.0	1.71873785072346	1.40829555564802e-12	True	True	True	False	False	False	False	False
paper_2990	2993	chr8	58255707	58255727	3	21	hypo	ENSG00000104331	IMPAD1	349313.0	7.0	7.0	0.356982008473215	0.15619490777905	False	False	False	False	False	False	False	False
paper_2991	2994	chr8	59700619	59701491	9	873	hypo	ENSG00000035681	NSMAF	128651.0	7.0	4.0	-0.265065512336068	0.238442183300443	False	False	False	False	True	False	False	False
paper_2992	2995	chr8	59718981	59719115	3	135	hyper	ENSG00000198846	TOX	1071.0	5.0	5.0	-2.22757392469459	2.70189970569179e-07	False	False	False	False	False	False	False	False
paper_2993	2996	chr8	60232007	60232252	5	246	hyper	ENSG00000198846	TOX	200361.0	5.0	5.0	-2.22757392469459	2.70189970569179e-07	False	False	False	False	False	False	False	False
paper_2994	2997	chr8	62009122	62009334	3	213	hyper	ENSG00000177182	CLVS1	39511.0	7.0	7.0	0.225102256651566	0.704062984812472	False	False	False	False	False	False	False	False
paper_2995	2998	chr8	64049795	64050284	7	490	hyper	ENSG00000185728	YTHDF3	31080.0	7.0	7.0	0.785785638188731	0.000802018222815507	False	False	False	False	False	False	False	False
paper_2996	2999	chr8	65828722	65829290	5	569	hypo	ENSG00000172817	CYP7B1	117687.0	4.0	4.0	6.82614808289312	2.32602971759351e-30	False	False	False	False	False	False	False	False
paper_2997	3000	chr8	66755106	66755120	3	15	hypo	ENSG00000205268	PDE7A	925.0	3.0	1.0	0.952278148884657	0.000351661673725953	False	False	False	False	False	False	False	False
paper_2998	3001	chr8	66793030	66793272	4	243	hypo	ENSG00000205268	PDE7A	38963.0	7.0	4.0	0.952278148884657	0.000351661673725953	False	False	False	False	False	False	False	False
paper_2999	3002	chr8	67141312	67141387	3	76	hypo	ENSG00000147571	CRH	50388.0	7.0	7.0	-3.32730245950428	1.93968715192818e-19	False	False	False	False	False	False	False	False
paper_3000	3003	chr8	68110885	68110923	3	39	hypo	ENSG00000066777	ARFGEF1	1020.0	6.0	5.0	0.72972901010744	0.00390658770272536	False	False	False	False	False	False	False	False
paper_3001	3004	chr8	70717605	70717849	3	245	hypo	ENSG00000137571	SLCO5A1	138445.0	7.0	5.0	5.20835366488315	2.12121953948761e-24	False	False	False	False	False	False	False	False
paper_3002	3005	chr8	70906707	70906752	6	46	hypo	ENSG00000269197	AC090574.1	56326.0	2.0	7.0			False	False	False	False	False	False	False	False
paper_3003	3006	chr8	71278090	71278418	3	329	hyper	ENSG00000140396	NCOA2	256257.0	7.0	7.0	0.652395851990824	0.043193129937478	False	False	False	False	False	False	False	False
paper_3004	3007	chr8	71369369	71369582	3	214	hypo	ENSG00000140396	NCOA2	53434.0	5.0	5.0	0.652395851990824	0.043193129937478	False	False	False	False	False	False	False	False
paper_3005	3008	chr8	72200776	72200884	4	109	hyper	ENSG00000104313	EYA1	91162.0	7.0	7.0	0.420934640919516	0.676564083573434	False	False	False	False	False	False	False	False
paper_3006	3009	chr8	72522754	72523097	3	344	hypo	ENSG00000253379	RP11-1102P16.1	63032.0	7.0	7.0	0.64704939315627	0.558118704061488	False	False	False	False	False	False	False	False
paper_3007	3010	chr8	73921970	73922109	5	140	hyper	ENSG00000147601	TERF1	940.0	2.0	3.0	-0.384680025976053	0.0601047145770126	False	False	False	False	False	False	False	False
paper_3008	3011	chr8	74086328	74086412	4	85	hyper	ENSG00000164764	SBSPON	80862.0	7.0	7.0	0.114703163548868	0.773352485856644	False	False	False	False	False	False	False	False
paper_3009	3012	chr8	78938206	78938798	7	593	hyper	ENSG00000171033	PKIA	489870.0	7.0	7.0	-1.49068738681597	2.5978818870716e-06	False	False	False	False	False	False	False	False
paper_3010	3013	chr8	81183524	81183770	3	247	hypo	ENSG00000076554	TPD52	99752.0	7.0	7.0	1.31144660628695	7.66942856691664e-10	False	False	False	False	False	False	False	False
paper_3011	3014	chr8	81259787	81260332	5	546	hypo	ENSG00000205189	ZBTB10	137793.0	5.0	4.0	3.06512381060248	2.52803688641136e-28	False	False	False	False	False	False	False	False
paper_3012	3015	chr8	81751105	81751411	3	307	hyper	ENSG00000164684	ZNF704	210572.0	5.0	7.0	-3.27034055089046	2.42428302851958e-10	False	False	False	False	False	False	False	False
paper_3013	3016	chr8	82263253	82263377	3	125	hyper	ENSG00000164687	FABP5	70717.0	4.0	3.0	0.463077136058119	0.118645512773536	False	False	False	False	False	False	False	False
paper_3014	3017	chr8	82627596	82627960	3	365	hyper	ENSG00000104231	ZFAND1	12444.0	6.0	6.0	0.277139968969218	0.214855874147894	False	False	False	False	False	False	False	False
paper_3015	3018	chr8	86112931	86113004	4	74	hypo	ENSG00000133740	E2F5	23507.0	7.0	5.0	0.232080361825052	0.336956157604611	False	False	False	False	False	False	False	False
paper_3016	3019	chr8	87522676	87522794	4	119	hypo	ENSG00000176623	RMDN1	23945.0	5.0	4.0	-0.612296450173573	0.000209835126336163	False	False	False	False	False	False	False	False
paper_3017	3020	chr8	88038066	88038104	3	39	hyper	ENSG00000176571	CNBD1	159412.0	7.0	7.0	0.830121836622505		False	False	False	False	False	False	False	False
paper_3018	3021	chr8	88833371	88833490	7	120	hyper	ENSG00000176566	DCAF4L2	52865.0	7.0	7.0	1.04935114348892		False	False	False	False	False	False	False	False
paper_3019	3022	chr8	94408658	94408903	3	246	hyper	ENSG00000268080	AC016885.1	166913.0	7.0	7.0			False	False	False	False	False	False	False	False
paper_3020	3023	chr8	94753851	94753862	3	12	hypo	ENSG00000183808	RBM12B	610.0	2.0	1.0	0.661048185156551	0.0276960331349443	False	False	False	False	False	False	False	False
paper_3021	3024	chr8	96036823	96036910	4	88	hypo	ENSG00000156170	NDUFAF6	128871.0	3.0	3.0	-1.04967734147874	7.14536410668953e-07	False	False	False	False	False	False	False	False
paper_3022	3025	chr8	96147670	96147745	4	76	hypo	ENSG00000175895	PLEKHF2	1675.0	1.0	3.0	-0.617097075764946	0.00329768721661203	False	False	False	False	False	False	False	False
paper_3023	3026	chr8	97343908	97344017	4	110	hypo	ENSG00000156471	PTDSS1	70019.0	6.0	6.0	-0.858387057650038	8.98004857939766e-09	False	False	False	False	False	False	False	False
paper_3024	3027	chr8	97939068	97939311	4	244	hypo	ENSG00000104324	CPQ	281734.0	4.0	1.0	-0.850314214720374	3.88790130740947e-06	False	False	False	False	False	False	False	False
paper_3025	3028	chr8	98617277	98617311	5	35	hypo	ENSG00000147649	MTDH	39111.0	7.0	7.0	-0.530459995784915	0.0548268157697667	False	False	False	False	False	False	False	False
paper_3026	3029	chr8	101240115	101240227	3	113	hypo	ENSG00000104450	SPAG1	70037.0	7.0	7.0	2.16470789555718	1.21517850906004e-11	False	False	False	False	False	False	False	False
paper_3027	3030	chr8	101456545	101456615	3	71	hyper	ENSG00000034677	RNF19A	108147.0	5.0	5.0	1.8691422900294	3.56137715304184e-12	False	False	False	False	False	False	False	False
paper_3028	3031	chr8	102084483	102084602	3	120	hypo	ENSG00000164924	YWHAZ	118972.0	5.0	5.0	0.81027532180124	0.000107414896959048	False	False	False	False	False	False	False	False
paper_3029	3032	chr8	102914087	102914372	4	286	hypo	ENSG00000104490	NCALD	215458.0	7.0	7.0	0.244298078089604	0.781262869511733	False	False	False	False	False	False	False	False
paper_3030	3033	chr8	103280245	103280485	3	241	hyper	ENSG00000104517	UBR5	15125.0	6.0	6.0	0.350638510462828	0.16945243509546	False	False	False	False	False	False	False	False
paper_3031	3034	chr8	103567602	103567960	5	359	hypo	ENSG00000155087	ODF1	3981.0	4.0	4.0	0.632805561480719		True	True	False	False	True	True	False	False
paper_3032	3035	chr8	103983235	103983363	3	129	hyper	ENSG00000155097	ATP6V1C1	49990.0	5.0	5.0	0.289929693913153	0.293119357314413	False	False	False	False	False	False	False	False
paper_3033	3036	chr8	104086034	104086365	3	332	hyper	ENSG00000155097	ATP6V1C1	52908.0	4.0	3.0	0.289929693913153	0.293119357314413	False	False	False	False	False	False	False	False
paper_3034	3037	chr8	104088967	104089151	5	185	hypo	ENSG00000155097	ATP6V1C1	55768.0	4.0	4.0	0.289929693913153	0.293119357314413	False	False	False	False	False	False	False	False
paper_3035	3038	chr8	107823512	107823795	4	284	hypo	ENSG00000174429	ABRA	41179.0	5.0	5.0	-0.231329922965658		False	False	False	False	False	False	False	False
paper_3036	3039	chr8	114474173	114474492	3	320	hypo	ENSG00000164796	CSMD3	25003.0	7.0	7.0	0.0739862051572688	0.922814572474725	False	False	False	False	False	False	False	False
paper_3037	3040	chr8	116642492	116642593	3	102	hyper	ENSG00000104447	TRPS1	10402.0	4.0	4.0	-0.241609042712039	0.620104624550476	False	False	False	False	False	False	False	False
paper_3038	3041	chr8	117473629	117473804	3	176	hypo	ENSG00000147679	UTP23	305024.0	5.0	5.0	-0.0180490149165215	0.954264879100973	False	False	False	False	False	False	False	False
paper_3039	3042	chr8	118958990	118959235	6	246	hypo	ENSG00000182197	EXT1	152383.0	7.0	7.0	-1.02902275961348	8.43653306184215e-10	False	False	False	False	False	False	False	False
paper_3040	3043	chr8	120764812	120765207	4	396	hypo	ENSG00000064313	TAF2	21994.0	7.0	4.0	0.92079234340388	0.0007803216910237	False	False	False	False	False	False	False	False
paper_3041	3044	chr8	121513022	121513094	3	73	hypo	ENSG00000172167	MTBP	55396.0	7.0	7.0	0.438214806588842	0.0623424850589188	False	False	False	False	False	False	False	False
paper_3042	3045	chr8	123809497	123809631	3	135	hyper	ENSG00000178764	ZHX2	15931.0	5.0	5.0	2.45761925280083	2.24896017062283e-33	False	False	False	False	False	False	False	False
paper_3043	3046	chr8	124756195	124756330	3	136	hypo	ENSG00000104537	ANXA13	6614.0	4.0	5.0	0.184896561938763	0.777737408372178	False	False	False	False	False	False	False	False
paper_3044	3047	chr8	125516105	125516153	3	49	hyper	ENSG00000170881	RNF139	29150.0	6.0	6.0	0.0994656356709995	0.723547446501462	False	False	False	False	False	False	False	False
paper_3045	3048	chr8	125726442	125726737	7	296	hypo	ENSG00000170873	MTSS1	163558.0	4.0	4.0	3.80871230857036	6.36105181429841e-31	False	False	False	False	True	True	True	False
paper_3046	3049	chr8	126245260	126245325	4	66	hyper	ENSG00000164961	KIAA0196	141209.0	5.0	4.0	-0.102818422581878	0.708435881273286	False	False	False	False	False	False	False	False
paper_3047	3050	chr8	126308927	126308986	3	60	hyper	ENSG00000173334	TRIB1	133605.0	7.0	4.0	1.61604664272973	9.12160788643727e-18	False	False	False	False	False	False	False	False
paper_3048	3051	chr8	126497897	126498107	3	211	hyper	ENSG00000173334	TRIB1	55439.0	7.0	7.0	1.61604664272973	9.12160788643727e-18	False	False	False	False	False	False	False	False
paper_3049	3052	chr8	126655095	126655656	9	562	hypo	ENSG00000173334	TRIB1	212812.0	4.0	4.0	1.61604664272973	9.12160788643727e-18	True	True	True	False	True	True	False	False
paper_3050	3053	chr8	132816464	132816631	3	168	hyper	ENSG00000132294	EFR3A	99786.0	7.0	5.0	0.974264705739759	0.000899529304123516	False	False	False	False	False	False	False	False
paper_3051	3054	chr8	133227721	133228019	3	299	hypo	ENSG00000184156	KCNQ3	94762.0	7.0	7.0	2.70195270147735	0.0042733616893431	False	False	False	False	False	False	False	False
paper_3052	3055	chr8	133981738	133982024	4	287	hyper	ENSG00000042832	TG	102678.0	7.0	4.0	2.90516350862492	2.40460751274895e-09	False	False	False	False	False	False	False	False
paper_3053	3056	chr8	134249731	134249824	5	94	hypo	ENSG00000104415	WISP1	46495.0	5.0	5.0	3.18572681299067		False	False	False	False	False	False	False	False
paper_3054	3057	chr8	134965570	134965994	3	425	hyper	ENSG00000008513	ST3GAL1	381598.0	7.0	7.0	3.03100354889405	5.32102714511045e-64	False	False	False	False	False	False	False	False
paper_3055	3058	chr8	135316501	135316689	6	189	hypo	ENSG00000066827	ZFAT	408696.0	7.0	7.0	0.334055350157585	0.0857331666271661	False	False	False	False	False	False	False	False
paper_3056	3059	chr8	136918341	136918490	3	150	hypo	ENSG00000131773	KHDRBS3	448715.0	7.0	7.0	0.733566726739319	0.0625070580876154	False	False	False	False	False	False	False	False
paper_3057	3060	chr8	139948187	139948222	3	36	hypo	ENSG00000169436	COL22A1	21967.0	7.0	7.0	-0.409881798956482	0.596448662898489	False	False	False	False	False	False	False	False
paper_3058	3061	chr8	139951462	139951580	3	119	hyper	ENSG00000169436	COL22A1	25284.0	7.0	7.0	-0.409881798956482	0.596448662898489	False	False	False	False	False	False	False	False
paper_3059	3062	chr8	140766831	140766959	3	129	hyper	ENSG00000167632	TRAPPC9	24309.0	4.0	4.0	-1.28376401188821	7.96570420764534e-11	False	False	False	False	False	False	False	False
paper_3060	3063	chr8	141297243	141297548	5	306	hyper	ENSG00000167632	TRAPPC9	554809.0	6.0	6.0	-1.28376401188821	7.96570420764534e-11	False	False	False	False	False	False	False	False
paper_3061	3064	chr8	141519062	141519144	5	83	hypo	ENSG00000104472	CHRAC1	2292.0	7.0	5.0	-0.0024081279128011	0.994135794096727	False	False	False	False	False	False	False	False
paper_3062	3065	chr8	142416335	142416620	8	286	hypo	ENSG00000184489	PTP4A3	14384.0	5.0	4.0	1.74252603363122	5.95476448425696e-05	True	True	True	False	True	True	True	False
paper_3063	3066	chr8	143306238	143306303	4	66	hyper	ENSG00000171045	TSNARE1	12829.0	7.0	7.0	0.255043483154987	0.352980429142031	False	False	False	False	False	False	False	False
paper_3064	3067	chr8	143592856	143592900	3	45	hypo	ENSG00000181790	BAI1	62087.0	7.0	7.0	4.10454014414674	3.36560216797702e-17	False	False	False	False	False	False	False	False
paper_3065	3068	chr8	143690882	143690992	3	111	hyper	ENSG00000198576	ARC	5895.0	7.0	7.0	3.75909534142069	7.23587808106281e-15	False	False	False	False	False	False	False	False
paper_3066	3069	chr8	143750268	143750305	3	38	hyper	ENSG00000167653	PSCA	11586.0	3.0	5.0	-0.631755298798482	0.443762106732083	False	False	False	False	False	False	False	False
paper_3067	3070	chr8	144101190	144101285	3	96	hyper	ENSG00000160932	LY6E	1838.0	3.0	5.0	0.911695805681541	0.125465098739326	False	False	False	False	False	False	False	False
paper_3068	3071	chr8	144489478	144489544	3	67	hypo	ENSG00000182759	MAFA	23064.0	3.0	3.0	-5.0190646310235	6.53528955653444e-18	False	False	False	False	False	False	False	False
paper_3069	3072	chr8	144601201	144601324	6	124	hyper	ENSG00000014164	ZC3H3	81437.0	6.0	6.0	-0.313547299734726	0.245920414301429	False	False	False	False	False	False	False	False
paper_3070	3073	chr8	144666059	144666169	3	111	hyper	ENSG00000104529	EEF1D	2865.0	6.0	6.0	-0.608483903573631	0.0122112785168991	True	True	True	False	False	False	False	False
paper_3071	3074	chr8	144772687	144772834	3	148	hyper	ENSG00000181135	ZNF707	6138.0	7.0	5.0	-0.542111737205278	0.00214777417777225	False	False	False	False	False	False	False	False
paper_3072	3075	chr8	145020586	145020682	5	97	hypo	ENSG00000178209	PLEC	31313.0	5.0	3.0	0.22648830867594	0.335504785809889	False	False	False	False	False	False	False	False
paper_3073	3076	chr8	145053430	145053527	3	98	hypo	ENSG00000178209	PLEC	2575.0	3.0	3.0	0.22648830867594	0.335504785809889	False	False	False	False	False	False	False	False
paper_3074	3077	chr9	969337	969350	3	14	hyper	ENSG00000064218	DMRT3	7619.0	7.0	7.0	0.154696254730054		False	False	False	False	False	False	False	False
paper_3075	3078	chr9	2859930	2859981	4	52	hyper	ENSG00000080608	KIAA0020	15713.0	7.0	7.0	0.0986578254307496	0.719888552345018	False	False	False	False	False	False	False	False
paper_3076	3079	chr9	5438234	5438453	7	220	hypo	ENSG00000107020	PLGRKT	464.0	3.0	1.0	0.354863377810292	0.170210805022756	False	False	False	False	False	False	False	False
paper_3077	3080	chr9	6702718	6702773	4	56	hypo	ENSG00000107077	KDM4C	18116.0	7.0	7.0	1.28971659176241	6.12841583839331e-08	False	False	False	False	False	False	False	False
paper_3078	3081	chr9	6756854	6756881	5	28	hyper	ENSG00000107077	KDM4C	36004.0	3.0	3.0	1.28971659176241	6.12841583839331e-08	False	False	False	False	False	False	False	False
paper_3079	3082	chr9	6927612	6927701	3	90	hypo	ENSG00000107077	KDM4C	206793.0	5.0	4.0	1.28971659176241	6.12841583839331e-08	False	False	False	False	False	False	False	False
paper_3080	3083	chr9	8584845	8584889	4	45	hypo	ENSG00000153707	PTPRD	56715.0	7.0	7.0	1.94436576896535	0.00244517242076857	False	False	False	False	False	False	False	False
paper_3081	3084	chr9	10191688	10191936	3	249	hypo	ENSG00000153707	PTPRD	1663660.0	7.0	7.0	1.94436576896535	0.00244517242076857	False	False	False	False	False	False	False	False
paper_3082	3085	chr9	16885598	16885829	3	232	hypo	ENSG00000173068	BNC2	14871.0	7.0	5.0	0.90338244932357	0.21980807340187	False	False	False	False	False	False	False	False
paper_3083	3086	chr9	19153361	19153711	4	351	hypo	ENSG00000147872	PLIN2	4259.0	7.0	7.0	-0.424527095881667	0.186667803492245	False	False	False	False	False	False	False	False
paper_3084	3087	chr9	21852799	21852960	3	162	hypo	ENSG00000264545	RP11-145E5.5	50244.0	7.0	5.0	-0.674670527039827		False	False	False	False	False	False	False	False
paper_3085	3088	chr9	22007231	22007557	4	327	hyper	ENSG00000147883	CDKN2B	4492.0	7.0	7.0	4.11882476835195	1.34122485058508e-15	False	False	False	False	False	False	False	False
paper_3086	3089	chr9	22009869	22009953	3	85	hyper	ENSG00000264545	RP11-145E5.5	207276.0	7.0	2.0	-0.674670527039827		False	False	False	False	False	False	False	False
paper_3087	3090	chr9	27357290	27357666	4	377	hypo	ENSG00000120162	MOB3B	32271.0	5.0	4.0	-0.805172059926697	0.0158173199473596	False	False	False	False	False	False	False	False
paper_3088	3091	chr9	34187185	34187201	3	17	hyper	ENSG00000165006	UBAP1	8190.0	7.0	5.0	-0.062768314303764	0.812910216485035	False	False	False	False	False	False	False	False
paper_3089	3092	chr9	34332082	34332529	6	448	hypo	ENSG00000164978	NUDT2	2801.0	4.0	4.0	-0.627999853182286	0.0216173795807273	False	False	False	False	False	False	False	False
paper_3090	3093	chr9	35631835	35631844	3	10	hyper	ENSG00000137101	CD72	12299.0	7.0	7.0	-0.827044661844531	0.0403030755971478	False	False	False	False	False	False	False	False
paper_3091	3094	chr9	36129708	36129773	3	66	hypo	ENSG00000122694	GLIPR2	6990.0	5.0	5.0	0.0895813319485947	0.861373052972097	False	False	False	False	False	False	False	False
paper_3092	3095	chr9	36381025	36381080	3	56	hypo	ENSG00000137075	RNF38	44651.0	4.0	3.0	0.574214749066496	0.0492659404308001	False	False	False	False	False	False	False	False
paper_3093	3096	chr9	36479245	36479593	3	349	hyper	ENSG00000137075	RNF38	78223.0	4.0	3.0	0.574214749066496	0.0492659404308001	False	False	False	False	False	False	False	False
paper_3094	3097	chr9	38693686	38693754	3	69	hyper	ENSG00000180071	ANKRD18A	73062.0	5.0	7.0	-1.66603606652798	1.10829397769388e-06	False	False	False	False	False	False	False	False
paper_3095	3098	chr9	66492039	66492080	3	42	hyper	ENSG00000234734	SPATA31A7	982448.0	7.0	7.0	-0.0788412010502445	0.964719752357848	False	False	False	False	False	False	False	False
paper_3096	3099	chr9	66578435	66578527	3	93	hyper	ENSG00000234734	SPATA31A7	1068870.0	7.0	7.0	-0.0788412010502445	0.964719752357848	False	False	False	False	False	False	False	False
paper_3097	3100	chr9	67340848	67340879	4	32	hyper	ENSG00000232833	FAM27E3	445760.0	7.0	7.0	-1.88956583697856		False	False	False	False	False	False	False	False
paper_3098	3101	chr9	71729654	71729713	3	60	hypo	ENSG00000119139	TJP2	6539.0	7.0	7.0	-1.115140490484	0.00369188728536919	False	False	False	False	False	False	False	False
paper_3099	3102	chr9	71742448	71742755	3	308	hyper	ENSG00000119139	TJP2	6377.0	7.0	7.0	-1.115140490484	0.00369188728536919	False	False	False	False	False	False	False	False
paper_3100	3103	chr9	72552664	72552687	3	24	hyper	ENSG00000165072	MAMDC2	105820.0	5.0	5.0	-3.02582953964525	0.0831094630396585	False	False	False	False	False	False	False	False
paper_3101	3104	chr9	74298871	74298933	3	63	hyper	ENSG00000135048	TMEM2	132703.0	5.0	5.0	0.902747597187365	0.000809651292957756	False	False	False	False	False	False	False	False
paper_3102	3105	chr9	74334548	74334732	3	185	hyper	ENSG00000135048	TMEM2	96965.0	5.0	6.0	0.902747597187365	0.000809651292957756	False	False	False	False	False	False	False	False
paper_3103	3106	chr9	75213774	75213807	3	34	hyper	ENSG00000165091	TMC1	77073.0	5.0	4.0	1.31964314074634	0.00355869831869975	False	False	False	False	False	False	False	False
paper_3104	3107	chr9	77502946	77503069	4	124	hyper	ENSG00000119121	TRPM6	165596.0	7.0	7.0	0.919512363600521	4.9649120367799e-05	False	False	False	False	False	False	False	False
paper_3105	3108	chr9	77715788	77716145	10	358	hypo	ENSG00000134996	OSTF1	12507.0	5.0	3.0	1.18977079423036	2.19272898278902e-11	True	True	True	False	True	True	True	False
paper_3106	3109	chr9	78719008	78719252	4	245	hypo	ENSG00000099139	PCSK5	213570.0	6.0	4.0	-2.11103479769944	8.96911014016856e-12	False	False	False	False	False	False	False	False
paper_3107	3110	chr9	79213911	79214060	4	150	hypo	ENSG00000187210	GCNT1	179233.0	4.0	7.0	-3.04973038137285	9.85430233606991e-16	False	False	False	False	False	False	False	False
paper_3108	3111	chr9	80034048	80034368	3	321	hypo	ENSG00000156049	GNA14	229014.0	5.0	5.0	-0.388148699877372	0.681318046238288	False	False	False	False	False	False	False	False
paper_3109	3112	chr9	80263993	80264010	3	18	hyper	ENSG00000156049	GNA14	777.0	7.0	7.0	-0.388148699877372	0.681318046238288	False	False	False	False	False	False	False	False
paper_3110	3113	chr9	80581672	80582212	10	541	hypo	ENSG00000156052	GNAQ	250939.0	5.0	3.0	0.479226874366806	0.043729635394438	False	False	False	False	False	False	False	False
paper_3111	3114	chr9	80669156	80669312	3	157	hyper	ENSG00000156052	GNAQ	22859.0	7.0	5.0	0.479226874366806	0.043729635394438	False	False	False	False	False	False	False	False
paper_3112	3115	chr9	80747601	80747844	3	244	hyper	ENSG00000156052	GNAQ	101347.0	3.0	1.0	0.479226874366806	0.043729635394438	False	False	False	False	False	False	False	False
paper_3113	3116	chr9	80983398	80983480	3	83	hyper	ENSG00000135069	PSAT1	71380.0	7.0	7.0	1.94202396322821	8.00606419267167e-05	False	False	False	False	False	False	False	False
paper_3114	3117	chr9	80995371	80995417	3	47	hyper	ENSG00000135069	PSAT1	83335.0	7.0	7.0	1.94202396322821	8.00606419267167e-05	False	False	False	False	False	False	False	False
paper_3115	3118	chr9	83720161	83720491	3	331	hyper	ENSG00000196781	TLE1	583893.0	5.0	5.0	1.7994693756384	1.15714020724276e-06	False	False	False	False	False	False	False	False
paper_3116	3119	chr9	85356471	85356547	3	77	hypo	ENSG00000165105	RASEF	321582.0	7.0	7.0	0.840936407381407	0.0335916674725039	False	False	False	False	False	False	False	False
paper_3117	3120	chr9	88585768	88585968	3	201	hyper	ENSG00000135040	NAA35	29807.0	6.0	6.0	0.369998868316914	0.0673728791975579	False	False	False	False	False	False	False	False
paper_3118	3121	chr9	90054340	90054373	4	34	hyper	ENSG00000196730	DAPK1	57785.0	7.0	7.0	0.490198299196465	0.0315919609402733	False	False	False	False	False	False	False	False
paper_3119	3122	chr9	90078613	90079162	8	550	hypo	ENSG00000196730	DAPK1	33254.0	4.0	4.0	0.490198299196465	0.0315919609402733	True	True	True	True	True	True	False	False
paper_3120	3123	chr9	90196506	90196824	3	319	hyper	ENSG00000196730	DAPK1	84522.0	5.0	4.0	0.490198299196465	0.0315919609402733	False	False	False	False	False	False	False	False
paper_3121	3124	chr9	91973996	91974168	3	173	hypo	ENSG00000187742	SECISBP2	40661.0	6.0	6.0	0.383394682940442	0.0260588572733501	False	False	False	False	False	False	False	False
paper_3122	3125	chr9	91974673	91974757	3	85	hypo	ENSG00000187742	SECISBP2	41294.0	6.0	6.0	0.383394682940442	0.0260588572733501	False	False	False	False	False	False	False	False
paper_3123	3126	chr9	92139202	92139322	3	121	hypo	ENSG00000187764	SEMA4D	26216.0	4.0	5.0	0.125137077898789	0.595349696294907	False	False	False	False	False	False	False	False
paper_3124	3127	chr9	92788022	92788343	4	322	hyper	ENSG00000130222	GADD45G	568254.0	5.0	5.0	-1.03020758471996	0.00916568947672904	False	False	False	False	False	False	False	False
paper_3125	3128	chr9	93818861	93819105	4	245	hypo	ENSG00000165025	SYK	254914.0	4.0	1.0	-2.27309842718661	1.75469931415643e-11	False	False	False	False	False	False	False	False
paper_3126	3129	chr9	93929129	93929351	4	223	hyper	ENSG00000148090	AUH	194954.0	7.0	7.0	1.36424678761862	8.08988298207029e-06	False	False	False	False	False	False	False	False
paper_3127	3130	chr9	95980628	95980748	5	121	hypo	ENSG00000165238	WNK2	33490.0	5.0	5.0	2.39673502465535	0.0229646273624564	False	False	False	False	False	False	False	False
paper_3128	3131	chr9	96576216	96576653	7	438	hyper	ENSG00000131668	BARX1	141219.0	7.0	7.0	1.2757605744788	0.746711612497937	False	False	False	False	False	False	False	False
paper_3129	3132	chr9	96882579	96882670	4	92	hyper	ENSG00000158079	PTPDC1	89548.0	7.0	7.0	0.282533346419035	0.422673628177882	False	False	False	False	False	False	False	False
paper_3130	3133	chr9	98846985	98847041	4	57	hypo	ENSG00000182150	ERCC6L2	209030.0	7.0	7.0	0.234846696531788	0.449806782250323	False	False	False	False	False	False	False	False
paper_3131	3134	chr9	99015586	99015923	5	338	hypo	ENSG00000130948	HSD17B3	18166.0	7.0	7.0	-1.31014640822851	0.0836307949018318	False	False	False	False	False	False	False	False
paper_3132	3135	chr9	99112054	99112102	4	49	hyper	ENSG00000130958	SLC35D2	29089.0	6.0	6.0	-0.446168181546697	0.0479117594699116	False	False	False	False	False	False	False	False
paper_3133	3136	chr9	99369127	99369234	3	108	hyper	ENSG00000081377	CDC14B	116657.0	7.0	7.0	1.36923698652782	9.43317841274552e-08	False	False	False	False	False	False	False	False
paper_3134	3137	chr9	100139252	100139494	5	243	hypo	ENSG00000196116	TDRD7	34857.0	5.0	4.0	2.1210604927721	4.31649857339587e-20	False	False	False	False	False	False	False	False
paper_3135	3138	chr9	100836625	100836669	4	45	hypo	ENSG00000095380	NANS	17626.0	5.0	5.0	0.302078993687066	0.232735049575816	False	False	False	False	False	False	False	False
paper_3136	3139	chr9	101154537	101154741	5	205	hyper	ENSG00000136928	GABBR2	104248.0	7.0	7.0	-0.742738398092831		False	False	False	False	False	False	False	False
paper_3137	3140	chr9	101678567	101678955	3	389	hypo	ENSG00000204291	COL15A1	27158.0	7.0	5.0	2.32640133193948	5.82558530475937e-15	False	False	False	False	False	False	False	False
paper_3138	3141	chr9	101755602	101755727	3	126	hypo	ENSG00000204291	COL15A1	49743.0	4.0	4.0	2.32640133193948	5.82558530475937e-15	False	False	False	False	False	False	False	False
paper_3139	3142	chr9	101941005	101941451	7	447	hypo	ENSG00000119523	ALG2	43009.0	5.0	4.0	1.67466637562007	1.40322224692453e-31	False	False	False	False	False	False	False	False
paper_3140	3143	chr9	102016454	102016508	4	55	hypo	ENSG00000106803	SEC61B	32135.0	5.0	3.0	1.50714404613958	4.44512268815054e-12	False	False	False	False	False	False	False	False
paper_3141	3144	chr9	102058842	102058886	6	45	hyper	ENSG00000106803	SEC61B	74518.0	5.0	4.0	1.50714404613958	4.44512268815054e-12	False	False	False	False	False	False	False	False
paper_3142	3145	chr9	102272277	102272454	3	178	hypo	ENSG00000106803	SEC61B	288019.0	5.0	4.0	1.50714404613958	4.44512268815054e-12	False	False	False	False	True	True	True	True
paper_3143	3146	chr9	108664751	108665008	4	258	hyper	ENSG00000095209	TMEM38B	208054.0	7.0	7.0	1.03133115368765	3.07648141128494e-05	False	False	False	False	False	False	False	False
paper_3144	3147	chr9	109743847	109744373	7	527	hypo	ENSG00000148143	ZNF462	118732.0	7.0	5.0	3.39717460057652	6.44104893376455e-14	False	False	False	False	True	True	True	False
paper_3145	3148	chr9	109746653	109746771	4	119	hypo	ENSG00000148143	ZNF462	121334.0	7.0	5.0	3.39717460057652	6.44104893376455e-14	False	False	False	False	False	False	False	False
paper_3146	3149	chr9	110400968	110401152	4	185	hyper	ENSG00000214645	AL162389.1	139358.0	3.0	3.0	-0.249031302986357	0.480261054626822	False	False	False	False	False	False	False	False
paper_3147	3150	chr9	110669547	110669651	3	105	hypo	ENSG00000214645	AL162389.1	129179.0	7.0	5.0	-0.249031302986357	0.480261054626822	False	False	False	False	False	False	False	False
paper_3148	3151	chr9	111386905	111387375	3	471	hyper	ENSG00000148156	ACTL7B	232098.0	7.0	5.0	2.88698153057489		False	False	False	False	False	False	False	False
paper_3149	3152	chr9	111926346	111926496	4	151	hyper	ENSG00000260230	FRRS1L	33848.0	7.0	7.0	0.322830372506766	0.310552400234893	False	False	False	False	False	False	False	False
paper_3150	3153	chr9	112048954	112049137	3	184	hyper	ENSG00000095203	EPB41L4B	114790.0	7.0	7.0	1.95770394602397	0.179737646505457	False	False	False	False	False	False	False	False
paper_3151	3154	chr9	112878806	112879042	3	237	hypo	ENSG00000241978	AKAP2	336155.0	5.0	4.0	5.08270463474998	5.92189069757518e-14	False	False	False	False	False	False	False	False
paper_3152	3155	chr9	113014501	113015217	10	717	hypo	ENSG00000136810	TXN	8768.0	1.0	1.0	3.57000735943716	2.37546543428333e-18	False	False	False	False	True	True	False	False
paper_3153	3156	chr9	113671120	113671575	5	456	hypo	ENSG00000198121	LPAR1	33891.0	7.0	4.0	1.67479631705482	1.01446081506469e-09	False	False	False	False	False	False	False	False
paper_3154	3157	chr9	113738424	113738535	3	112	hyper	ENSG00000198121	LPAR1	101023.0	5.0	5.0	1.67479631705482	1.01446081506469e-09	False	False	False	False	False	False	False	False
paper_3155	3158	chr9	114739089	114739123	3	35	hyper	ENSG00000148154	UGCG	80060.0	5.0	4.0	3.7450738709767	1.77776382306633e-31	False	False	False	False	False	False	False	False
paper_3156	3159	chr9	114782790	114783090	5	301	hypo	ENSG00000148154	UGCG	123894.0	7.0	4.0	3.7450738709767	1.77776382306633e-31	False	False	False	False	False	False	False	False
paper_3157	3160	chr9	114791039	114791560	9	522	hypo	ENSG00000148154	UGCG	132253.0	5.0	4.0	3.7450738709767	1.77776382306633e-31	True	True	True	False	True	True	False	False
paper_3158	3161	chr9	114836611	114837008	10	398	hypo	ENSG00000106868	SUSD1	33744.0	4.0	4.0	1.07056867782345	3.78721539695737e-06	True	True	True	False	True	True	True	True
paper_3159	3162	chr9	114856933	114857701	9	769	hypo	ENSG00000106868	SUSD1	54252.0	4.0	3.0	1.07056867782345	3.78721539695737e-06	False	False	False	False	False	False	False	False
paper_3160	3163	chr9	114956549	114956719	4	171	hypo	ENSG00000106868	SUSD1	18945.0	7.0	4.0	1.07056867782345	3.78721539695737e-06	False	False	False	False	False	False	False	False
paper_3161	3164	chr9	115147169	115147327	3	159	hyper	ENSG00000119471	HSDL2	5031.0	1.0	4.0	1.45514191418528	3.59710339824215e-13	False	False	False	False	False	False	False	False
paper_3162	3165	chr9	115195505	115195547	3	43	hypo	ENSG00000119471	HSDL2	53309.0	5.0	4.0	1.45514191418528	3.59710339824215e-13	False	False	False	False	False	False	False	False
paper_3163	3166	chr9	116639681	116639742	3	62	hyper	ENSG00000157657	ZNF618	1149.0	3.0	1.0	1.8967266921036	3.21340021331354e-12	False	False	False	False	False	False	False	False
paper_3164	3167	chr9	116692067	116692561	6	495	hypo	ENSG00000157657	ZNF618	53752.0	7.0	4.0	1.8967266921036	3.21340021331354e-12	False	False	False	False	True	True	False	False
paper_3165	3168	chr9	116973092	116973135	4	44	hypo	ENSG00000196739	COL27A1	55273.0	7.0	7.0	0.756550571990582	0.0510432480857292	False	False	False	False	False	False	False	False
paper_3166	3169	chr9	117365671	117365996	4	326	hypo	ENSG00000157693	C9orf91	7651.0	7.0	4.0	3.92600227306608	6.5458488011379e-18	False	False	False	False	True	True	True	True
paper_3167	3170	chr9	117369791	117370489	5	699	hypo	ENSG00000157693	C9orf91	3344.0	5.0	4.0	3.92600227306608	6.5458488011379e-18	False	False	False	False	True	False	False	False
paper_3168	3171	chr9	117448375	117448440	3	66	hyper	ENSG00000157693	C9orf91	74921.0	7.0	5.0	3.92600227306608	6.5458488011379e-18	False	False	False	False	False	False	False	False
paper_3169	3172	chr9	118353997	118354240	4	244	hypo	ENSG00000173077	2015-12-01 00:00:00	450021.0	7.0	7.0	-0.357679166462504	0.666159940090785	False	False	False	False	False	False	False	False
paper_3170	3173	chr9	120174926	120174998	4	73	hyper	ENSG00000148219	ASTN2	987455.0	7.0	7.0	-0.159000238598092	0.691658075657079	False	False	False	False	False	False	False	False
paper_3171	3174	chr9	123346489	123346791	4	303	hypo	ENSG00000136861	CDK5RAP2	4202.0	5.0	5.0	-0.181237406261692	0.286940850109809	False	False	False	False	False	False	False	False
paper_3172	3175	chr9	123533406	123533420	3	15	hyper	ENSG00000119402	FBXW2	14161.0	5.0	3.0	-0.0352462080751796	0.885568917878403	False	False	False	False	False	False	False	False
paper_3173	3176	chr9	123921859	123921887	3	29	hyper	ENSG00000148180	GSN	48203.0	3.0	5.0	-1.43919867680935	3.88900047871875e-05	False	False	False	False	False	False	False	False
paper_3174	3177	chr9	124051174	124051224	3	51	hyper	ENSG00000148180	GSN	81121.0	3.0	3.0	-1.43919867680935	3.88900047871875e-05	False	False	False	False	False	False	False	False
paper_3175	3178	chr9	124082847	124082879	3	33	hypo	ENSG00000148180	GSN	112785.0	6.0	6.0	-1.43919867680935	3.88900047871875e-05	False	False	False	False	False	False	False	False
paper_3176	3179	chr9	124375155	124375326	3	172	hyper	ENSG00000136848	DAB2IP	45904.0	5.0	5.0	1.53223473435139	0.0126712641920632	False	False	False	False	False	False	False	False
paper_3177	3180	chr9	124412981	124413202	3	222	hyper	ENSG00000136848	DAB2IP	83755.0	7.0	7.0	1.53223473435139	0.0126712641920632	False	False	False	False	False	False	False	False
paper_3178	3181	chr9	124642715	124642925	3	211	hyper	ENSG00000175764	TTLL11	58613.0	7.0	7.0	-0.11401487905983	0.845679700272614	False	False	False	False	False	False	False	False
paper_3179	3182	chr9	124991514	124991573	5	60	hypo	ENSG00000106852	LHX6	322.0	7.0	7.0	2.9810883625472		False	False	False	False	False	False	False	False
paper_3180	3183	chr9	126345355	126345519	6	165	hypo	ENSG00000119522	DENND1A	169887.0	6.0	7.0	-0.101782738593436	0.58233099422194	True	True	True	True	True	True	True	True
paper_3181	3184	chr9	126664678	126665131	4	454	hyper	ENSG00000119522	DENND1A	489354.0	5.0	4.0	-0.101782738593436	0.58233099422194	False	False	False	False	False	False	False	False
paper_3182	3185	chr9	127187747	127187799	4	53	hyper	ENSG00000136930	PSMB7	10049.0	7.0	7.0	0.365304693364941	0.0761888416764876	False	False	False	False	False	False	False	False
paper_3183	3186	chr9	127732956	127733132	3	177	hyper	ENSG00000173611	SCAI	28157.0	7.0	7.0	-0.840789662715086	0.00955587445903164	False	False	False	False	False	False	False	False
paper_3184	3187	chr9	128547829	128548220	5	392	hyper	ENSG00000167081	PBX3	38400.0	1.0	3.0	-0.0365497707160467	0.910976411124259	False	False	False	False	False	False	False	False
paper_3185	3188	chr9	129528627	129528939	3	313	hyper	ENSG00000169155	ZBTB43	38500.0	7.0	7.0	1.20525412144599	7.86551793366512e-06	False	False	False	False	False	False	False	False
paper_3186	3189	chr9	129622147	129622177	4	31	hypo	ENSG00000177125	ZBTB34	780.0	5.0	5.0	0.653580808784872	0.00231343061714277	False	False	False	False	False	False	False	False
paper_3187	3190	chr9	130068269	130068599	4	331	hypo	ENSG00000136895	GARNL3	81890.0	7.0	7.0	-2.05080419188639	1.51006806171132e-07	False	False	False	False	False	False	False	False
paper_3188	3191	chr9	130223051	130223102	4	52	hyper	ENSG00000148356	LRSAM1	9311.0	6.0	6.0	0.633570351665834	0.00184887414991107	False	False	False	False	False	False	False	False
paper_3189	3192	chr9	130310735	130311009	4	275	hypo	ENSG00000136830	FAM129B	43254.0	3.0	3.0	-1.59467392744092	4.88853095920847e-06	True	True	True	False	False	False	False	False
paper_3190	3193	chr9	130335845	130335995	4	151	hyper	ENSG00000136830	FAM129B	68302.0	4.0	4.0	-1.59467392744092	4.88853095920847e-06	False	False	False	False	False	False	False	False
paper_3191	3194	chr9	130608795	130608819	3	25	hypo	ENSG00000106991	ENG	31516.0	4.0	3.0	-1.65892710123345	9.45913361270075e-12	False	False	False	False	False	False	False	False
paper_3192	3195	chr9	130678654	130678704	3	51	hypo	ENSG00000136840	ST6GALNAC4	8514.0	3.0	3.0	-1.60150718192689	1.78816798125199e-07	False	False	False	False	False	False	False	False
paper_3193	3196	chr9	130891137	130891223	6	87	hyper	ENSG00000232850	AL590708.2	568.0	1.0	1.0	-0.929812403436172	0.243255459163405	False	False	False	False	False	False	False	False
paper_3194	3197	chr9	131353779	131353799	3	21	hypo	ENSG00000197694	SPTAN1	38923.0	6.0	6.0	-0.459788930734147	0.0606929526025804	False	False	False	False	False	False	False	False
paper_3195	3198	chr9	131552934	131553285	5	352	hypo	ENSG00000107021	TBC1D13	3626.0	5.0	3.0	3.33385416780706	7.73200734136427e-28	True	True	True	True	True	True	True	False
paper_3196	3199	chr9	132221950	132221971	4	22	hypo	ENSG00000148335	NTMT1	149201.0	4.0	3.0	-1.20174837842578	1.0527716124977e-06	False	False	False	False	False	False	False	False
paper_3197	3200	chr9	132649797	132649905	9	109	hypo	ENSG00000187239	FNBP1	385.0	3.0	4.0	2.54921031975567	7.48178125719618e-20	False	False	False	False	True	True	False	False
paper_3198	3201	chr9	132696625	132696722	4	98	hypo	ENSG00000187239	FNBP1	47207.0	4.0	4.0	2.54921031975567	7.48178125719618e-20	False	False	False	False	True	True	True	True
paper_3199	3202	chr9	132772788	132772857	3	70	hypo	ENSG00000187239	FNBP1	123356.0	7.0	4.0	2.54921031975567	7.48178125719618e-20	False	False	False	False	False	False	False	False
paper_3200	3203	chr9	132847513	132847657	4	145	hypo	ENSG00000148358	GPR107	31880.0	5.0	5.0	1.51454490386182	1.43727779455122e-16	False	False	False	False	False	False	False	False
paper_3201	3204	chr9	132895283	132895349	6	67	hypo	ENSG00000148358	GPR107	79611.0	6.0	5.0	1.51454490386182	1.43727779455122e-16	False	False	False	False	False	False	False	False
paper_3202	3205	chr9	132956661	132956693	4	33	hyper	ENSG00000107130	NCS1	21820.0	7.0	7.0	3.80886495226139	0.00502523629581311	False	False	False	False	False	False	False	False
paper_3203	3206	chr9	134272002	134272090	4	89	hypo	ENSG00000130723	PRRC2B	2566.0	4.0	5.0	0.676086511950906	0.00222531998180945	False	False	False	False	False	False	False	False
paper_3204	3207	chr9	134314782	134314986	4	205	hypo	ENSG00000130723	PRRC2B	45404.0	5.0	5.0	0.676086511950906	0.00222531998180945	False	False	False	False	False	False	False	False
paper_3205	3208	chr9	134344125	134344284	3	160	hypo	ENSG00000130723	PRRC2B	74724.0	6.0	6.0	0.676086511950906	0.00222531998180945	False	False	False	False	False	False	False	False
paper_3206	3209	chr9	134350709	134350721	3	13	hyper	ENSG00000130723	PRRC2B	81235.0	6.0	6.0	0.676086511950906	0.00222531998180945	False	False	False	False	False	False	False	False
paper_3207	3210	chr9	134497412	134497638	13	227	hypo	ENSG00000107263	RAPGEF1	45368.0	3.0	3.0	1.31668626552385	1.33065644366084e-10	False	False	False	False	True	True	False	False
paper_3208	3211	chr9	135005466	135005557	3	92	hypo	ENSG00000196358	NTNG2	31821.0	7.0	7.0	0.712259097126141	0.0872859306056338	False	False	False	False	False	False	False	False
paper_3209	3212	chr9	135099467	135099537	3	71	hypo	ENSG00000196358	NTNG2	62168.0	5.0	5.0	0.712259097126141	0.0872859306056338	False	False	False	False	False	False	False	False
paper_3210	3213	chr9	136025285	136025393	4	109	hypo	ENSG00000160271	RALGDS	51831.0	3.0	4.0	-0.509154266479157	0.0130343322682501	False	False	False	False	False	False	False	False
paper_3211	3214	chr9	136081019	136081132	3	114	hyper	ENSG00000171102	OBP2B	408.0	7.0	7.0			False	False	False	False	False	False	False	False
paper_3212	3215	chr9	136451438	136451546	4	109	hypo	ENSG00000196990	FAM163B	172.0	7.0	7.0	-0.64223198432363		False	False	False	False	False	False	False	False
paper_3213	3216	chr9	136603765	136603780	4	16	hyper	ENSG00000123453	SARDH	74768.0	5.0	5.0	-1.588409360475	0.000516853589414138	False	False	False	False	False	False	False	False
paper_3214	3217	chr9	136822370	136822621	5	252	hypo	ENSG00000160293	VAV2	195479.0	4.0	4.0	2.60820611576472	2.58894703252168e-21	True	True	True	True	False	False	False	False
paper_3215	3218	chr9	136927634	136927737	3	104	hyper	ENSG00000169925	BRD3	26535.0	4.0	5.0	-0.447432218110505	0.0475046148405987	False	False	False	False	False	False	False	False
paper_3216	3219	chr9	137228256	137228381	5	126	hyper	ENSG00000186350	RXRA	9892.0	5.0	5.0	-2.65776542130222	6.40224443332255e-09	False	False	False	False	False	False	False	False
paper_3217	3220	chr9	137351411	137351455	3	45	hyper	ENSG00000186350	RXRA	133007.0	5.0	5.0	-2.65776542130222	6.40224443332255e-09	False	False	False	False	False	False	False	False
paper_3218	3221	chr9	137657888	137658030	3	143	hyper	ENSG00000130635	COL5A1	124339.0	7.0	7.0	0.652143492975988	0.495104175187747	False	False	False	False	False	False	False	False
paper_3219	3222	chr9	139158882	139158922	4	41	hypo	ENSG00000165661	QSOX2	21214.0	2.0	2.0	0.0490680844455737	0.860703847778754	False	False	False	False	False	False	False	False
paper_3220	3223	chr9	139554320	139554410	3	91	hyper	ENSG00000172889	EGFL7	1057.0	7.0	7.0	0.095783232993911	0.869623527263588	False	False	False	False	False	False	False	False
paper_3221	3224	chr9	139715526	139715548	3	23	hypo	ENSG00000196642	RABL6	13163.0	3.0	3.0	-0.956693906401531	3.62703595838358e-05	False	False	False	False	False	False	False	False
paper_3222	3225	chr9	139796950	139797072	6	123	hypo	ENSG00000127191	TRAF2	20647.0	4.0	4.0	0.966023471117342	3.48471853421233e-05	False	False	False	False	False	False	False	False
paper_3223	3226	chr9	139833515	139833548	3	34	hypo	ENSG00000159069	FBXW5	5607.0	6.0	6.0	0.0947999945637169	0.742056451545513	False	False	False	False	False	False	False	False
paper_3224	3227	chr9	140211268	140211378	5	111	hyper	ENSG00000187609	EXD3	9975.0	7.0	7.0	-1.57449387458177	2.02933589655881e-09	False	False	False	False	False	False	False	False
paper_3225	3228	chr9	140223501	140223562	6	62	hypo	ENSG00000187609	EXD3	22183.0	7.0	7.0	-1.57449387458177	2.02933589655881e-09	False	False	False	False	False	False	False	False
paper_3226	3229	chr9	140655519	140655929	7	411	hypo	ENSG00000181090	EHMT1	142280.0	5.0	4.0	0.17272003716752	0.33882057166599	True	False	False	False	True	True	False	False
paper_3227	3230	chr9	140940469	140940542	4	74	hypo	ENSG00000148408	CACNA1B	168264.0	7.0	7.0	2.41835569820212	0.0420340384495576	False	False	False	False	False	False	False	False
paper_3228	3231	chrX	2845982	2846023	4	42	hypo	ENSG00000006756	ARSD	23991.0	1.0	1.0	-0.150976633522222	0.476301610064555	False	False	False	False	False	False	False	False
paper_3229	3232	chrX	10169146	10169347	5	202	hyper	ENSG00000073464	CLCN4	44222.0	5.0	7.0	-0.724082485263964	0.335974506501516	False	False	False	False	False	False	False	False
paper_3230	3233	chrX	13972680	13972946	4	267	hypo	ENSG00000046653	GPM6B	16055.0	7.0	7.0	0.567568414178474	0.15655735019711	False	False	False	False	False	False	False	False
paper_3231	3234	chrX	16854677	16854788	5	112	hyper	ENSG00000086712	TXLNG	50182.0	6.0	6.0	0.423443627020047	0.0672930273517305	False	False	False	False	False	False	False	False
paper_3232	3235	chrX	16856457	16856593	4	137	hyper	ENSG00000086712	TXLNG	51975.0	6.0	6.0	0.423443627020047	0.0672930273517305	False	False	False	False	False	False	False	False
paper_3233	3236	chrX	19077233	19077391	4	159	hypo	ENSG00000173698	GPR64	69885.0	7.0	5.0	2.41839617949273	6.042194018172e-09	False	False	False	False	False	False	False	False
paper_3234	3237	chrX	19573071	19573403	6	333	hypo	ENSG00000147010	SH3KBP1	21144.0	5.0	4.0	1.48649916626512	1.61925718238816e-11	False	False	False	False	False	False	False	False
paper_3235	3238	chrX	24071720	24071729	3	10	hypo	ENSG00000130741	EIF2S3	1107.0	7.0	7.0	-0.0535101579964736	0.816594978083231	False	False	False	False	False	False	False	False
paper_3236	3239	chrX	32910435	32910505	3	71	hyper	ENSG00000198947	DMD	375757.0	7.0	7.0	1.76694655450269	1.58008290942497e-05	False	False	False	False	False	False	False	False
paper_3237	3240	chrX	39681173	39681191	5	19	hyper	ENSG00000183337	BCOR	355399.0	7.0	7.0	1.14803909671273	2.0897509290549e-06	False	False	False	False	False	False	False	False
paper_3238	3241	chrX	40876294	40876449	4	156	hypo	ENSG00000124486	USP9X	68515.0	7.0	7.0	0.769457757134522	0.000268502674754967	False	False	False	False	True	True	True	True
paper_3239	3242	chrX	41245848	41245885	3	38	hypo	ENSG00000215301	DDX3X	53215.0	5.0	7.0	0.929180071824263	0.000365289343533287	False	False	False	False	False	False	False	False
paper_3240	3243	chrX	43503719	43504002	3	284	hyper	ENSG00000189221	MAOA	11605.0	7.0	4.0	-0.0930116398216865	0.790002324731882	False	False	False	False	False	False	False	False
paper_3241	3244	chrX	45481044	45481447	4	404	hypo	ENSG00000147113	CXorf36	421098.0	7.0	4.0	0.626645823529031	0.641615365893255	False	False	False	False	False	False	False	False
paper_3242	3245	chrX	48366642	48366672	3	31	hypo	ENSG00000102312	PORCN	691.0	1.0	2.0	-1.31817334274057	7.36622186096858e-07	False	False	False	False	False	False	False	False
paper_3243	3246	chrX	49165360	49165380	3	21	hyper	ENSG00000215274	GAGE10	5222.0	7.0	7.0	0.150019678717448		False	False	False	False	False	False	False	False
paper_3244	3247	chrX	51342215	51342417	4	203	hyper	ENSG00000196368	NUDT11	102867.0	7.0	7.0	0.439234266444201	0.356289382913417	False	False	False	False	False	False	False	False
paper_3245	3248	chrX	53018908	53019025	3	118	hyper	ENSG00000182646	FAM156A	42504.0	7.0	7.0	-2.06370234958121	3.04678258784238e-05	False	False	False	False	False	False	False	False
paper_3246	3249	chrX	53858501	53858792	5	292	hyper	ENSG00000086758	HUWE1	144972.0	7.0	7.0	0.908815107098583	0.000178679094611449	False	False	False	False	False	False	False	False
paper_3247	3250	chrX	53900606	53900656	4	51	hyper	ENSG00000172943	PHF8	174759.0	7.0	4.0	0.64545939700984	0.00701388373133252	False	False	False	False	False	False	False	False
paper_3248	3251	chrX	53965631	53965673	3	43	hyper	ENSG00000172943	PHF8	109738.0	6.0	6.0	0.64545939700984	0.00701388373133252	False	False	False	False	False	False	False	False
paper_3249	3252	chrX	55781371	55781536	3	166	hypo	ENSG00000083750	RRAGB	37281.0	6.0	4.0	-0.391318953166668	0.0319502995424823	False	False	False	False	False	False	False	False
paper_3250	3253	chrX	70110335	70110577	4	243	hypo	ENSG00000120498	TEX11	361666.0	7.0	7.0	-0.327440081876405	0.784450357107533	False	False	False	False	False	False	False	False
paper_3251	3254	chrX	72244013	72244088	3	76	hyper	ENSG00000184388	PABPC1L2B	20698.0	7.0	7.0			False	False	False	False	False	False	False	False
paper_3252	3255	chrX	73048540	73048620	3	81	hypo	ENSG00000204116	CHIC1	265544.0	7.0	7.0	1.04117733173063	0.0085352448985553	False	False	False	False	False	False	False	False
paper_3253	3256	chrX	73049347	73049353	3	7	hypo	ENSG00000204116	CHIC1	266314.0	7.0	7.0	1.04117733173063	0.0085352448985553	False	False	False	False	False	False	False	False
paper_3254	3257	chrX	78235537	78235765	4	229	hypo	ENSG00000078589	P2RY10	34822.0	4.0	1.0	4.58203249138088	9.8411110958646e-13	False	False	False	False	False	False	False	False
paper_3255	3258	chrX	100602338	100602599	5	262	hyper	ENSG00000126953	TIMM8A	1819.0	2.0	7.0	-0.816925974575593	0.000834556836908737	False	False	False	False	False	False	False	False
paper_3256	3259	chrX	101772259	101772283	3	25	hyper	ENSG00000158164	TMSB15A	558.0	7.0	7.0	-0.183794929119143	0.916731353275996	False	False	False	False	False	False	False	False
paper_3257	3260	chrX	102469720	102469726	3	7	hyper	ENSG00000102409	BEX4	295.0	2.0	1.0	-0.118376231164349	0.628018399101643	False	False	False	False	False	False	False	False
paper_3258	3261	chrX	102646032	102646066	3	35	hypo	ENSG00000166681	NGFRAP1	14781.0	7.0	7.0	-0.868589000463485	0.0669842417283729	False	False	False	False	False	False	False	False
paper_3259	3262	chrX	108744487	108744640	3	154	hypo	ENSG00000101890	GUCY2F	19261.0	7.0	4.0	5.32806303060017	1.79745213283953e-12	False	False	False	False	True	True	False	False
paper_3260	3263	chrX	117463006	117463184	3	179	hypo	ENSG00000131725	WDR44	16939.0	5.0	5.0	0.975298479247725	0.000146384346568616	False	False	False	False	False	False	False	False
paper_3261	3264	chrX	118947917	118948155	3	239	hypo	ENSG00000198918	RPL39	22429.0	7.0	7.0	-0.730390220309724	6.57111616856511e-05	False	False	False	False	False	False	False	False
paper_3262	3265	chrX	119090308	119090343	3	36	hyper	ENSG00000101882	NKAP	12589.0	7.0	7.0	-0.20401290014469	0.322952273453352	False	False	False	False	False	False	False	False
paper_3263	3266	chrX	119453097	119453365	3	269	hypo	ENSG00000125355	TMEM255A	7819.0	7.0	7.0	1.96058850455968	0.000115287675616797	False	False	False	False	False	False	False	False
paper_3264	3267	chrX	123682522	123682624	3	103	hyper	ENSG00000009694	TENM1	172820.0	7.0	7.0	0.1672349452255	0.890012845159131	False	False	False	False	False	False	False	False
paper_3265	3268	chrX	124678161	124678227	3	67	hypo	ENSG00000009694	TENM1	580527.0	7.0	7.0	0.1672349452255	0.890012845159131	False	False	False	False	False	False	False	False
paper_3266	3269	chrX	129550885	129551069	3	185	hyper	ENSG00000134597	RBMX2	15034.0	7.0	7.0	-0.429190740476104	0.0308108959796194	False	False	False	False	False	False	False	False
paper_3267	3270	chrX	140000607	140000814	7	208	hyper	ENSG00000227234	SPANXB2	84044.0	7.0	7.0			False	False	False	False	False	False	False	False
paper_3268	3271	chrX	152953199	152953210	3	12	hypo	ENSG00000130822	PNCK	15648.0	7.0	7.0	-3.07038249275269	0.00208659144644647	False	False	False	False	False	False	False	False
paper_3269	3272	chrX	153288865	153288910	3	46	hypo	ENSG00000169057	MECP2	1863.0	5.0	3.0	0.922233738749787	1.40008004771191e-09	False	False	False	False	False	False	False	False
paper_3270	3273	chrX	153523498	153523552	3	55	hyper	ENSG00000185254	TEX28	7034.0	7.0	7.0			False	False	False	False	False	False	False	False
paper_3271	3274	chrX	153618653	153618670	3	18	hyper	ENSG00000147403	RPL10	6832.0	7.0	7.0	-0.222641426452779	0.231394229801646	False	False	False	False	False	False	False	False
