label,method,mean,rho,sites,fpr05,fpr001,fp
n3_d20_imbFalse_assocFalse_signalFalse,bb_lognormal_F,0.001,0.001,915,0.0,0.0,0
n3_d20_imbFalse_assocFalse_signalFalse,bb_lognormal_F,0.001,0.01,871,0.0,0.0,0
n3_d20_imbFalse_assocFalse_signalFalse,bb_lognormal_F,0.001,0.05,931,0.0,0.0,0
n3_d20_imbFalse_assocFalse_signalFalse,bb_lognormal_F,0.001,0.15,921,0.0,0.0,0
n3_d20_imbFalse_assocFalse_signalFalse,bb_lognormal_F,0.001,0.35,894,0.0,0.0,0
n3_d20_imbFalse_assocFalse_signalFalse,bb_lognormal_F,0.01,0.001,867,0.0,0.0,0
n3_d20_imbFalse_assocFalse_signalFalse,bb_lognormal_F,0.01,0.01,909,0.0,0.0,0
n3_d20_imbFalse_assocFalse_signalFalse,bb_lognormal_F,0.01,0.05,889,0.0022497187851518562,0.0,0
n3_d20_imbFalse_assocFalse_signalFalse,bb_lognormal_F,0.01,0.15,894,0.0,0.0,0
n3_d20_imbFalse_assocFalse_signalFalse,bb_lognormal_F,0.01,0.35,906,0.0,0.0,0
n3_d20_imbFalse_assocFalse_signalFalse,bb_lognormal_F,0.05,0.001,917,0.0021810250817884407,0.0,0
n3_d20_imbFalse_assocFalse_signalFalse,bb_lognormal_F,0.05,0.01,889,0.0011248593925759281,0.0,0
n3_d20_imbFalse_assocFalse_signalFalse,bb_lognormal_F,0.05,0.05,952,0.01365546218487395,0.0,0
n3_d20_imbFalse_assocFalse_signalFalse,bb_lognormal_F,0.05,0.15,877,0.018244013683010263,0.0,0
n3_d20_imbFalse_assocFalse_signalFalse,bb_lognormal_F,0.05,0.35,932,0.011802575107296138,0.0,0
n3_d20_imbFalse_assocFalse_signalFalse,bb_lognormal_F,0.15,0.001,899,0.0033370411568409346,0.0,0
n3_d20_imbFalse_assocFalse_signalFalse,bb_lognormal_F,0.15,0.01,869,0.0034522439585730723,0.0,0
n3_d20_imbFalse_assocFalse_signalFalse,bb_lognormal_F,0.15,0.05,950,0.016842105263157894,0.0,0
n3_d20_imbFalse_assocFalse_signalFalse,bb_lognormal_F,0.15,0.15,935,0.0481283422459893,0.0,0
n3_d20_imbFalse_assocFalse_signalFalse,bb_lognormal_F,0.15,0.35,919,0.051142546245919476,0.0,0
n3_d20_imbFalse_assocFalse_signalFalse,bb_lognormal_F,0.35,0.001,935,0.006417112299465241,0.0,0
n3_d20_imbFalse_assocFalse_signalFalse,bb_lognormal_F,0.35,0.01,945,0.0,0.0,0
n3_d20_imbFalse_assocFalse_signalFalse,bb_lognormal_F,0.35,0.05,851,0.022326674500587545,0.0,0
n3_d20_imbFalse_assocFalse_signalFalse,bb_lognormal_F,0.35,0.15,966,0.049689440993788817,0.0,0
n3_d20_imbFalse_assocFalse_signalFalse,bb_lognormal_F,0.35,0.35,883,0.09966024915062288,0.0011325028312570782,0
n3_d20_imbFalse_assocFalse_signalFalse,bb_lognormal_F,0.5,0.001,884,0.0022624434389140274,0.0,0
n3_d20_imbFalse_assocFalse_signalFalse,bb_lognormal_F,0.5,0.01,910,0.0032967032967032967,0.0,0
n3_d20_imbFalse_assocFalse_signalFalse,bb_lognormal_F,0.5,0.05,880,0.020454545454545454,0.0,0
n3_d20_imbFalse_assocFalse_signalFalse,bb_lognormal_F,0.5,0.15,945,0.05185185185185185,0.0,0
n3_d20_imbFalse_assocFalse_signalFalse,bb_lognormal_F,0.5,0.35,907,0.10143329658213891,0.0,0
n3_d20_imbFalse_assocFalse_signalFalse,bb_lognormal_F,0.65,0.001,895,0.0011173184357541898,0.0,0
n3_d20_imbFalse_assocFalse_signalFalse,bb_lognormal_F,0.65,0.01,926,0.0010799136069114472,0.0,0
n3_d20_imbFalse_assocFalse_signalFalse,bb_lognormal_F,0.65,0.05,925,0.01945945945945946,0.0,0
n3_d20_imbFalse_assocFalse_signalFalse,bb_lognormal_F,0.65,0.15,956,0.051255230125523014,0.0,0
n3_d20_imbFalse_assocFalse_signalFalse,bb_lognormal_F,0.65,0.35,869,0.10701956271576525,0.0011507479861910242,0
n3_d20_imbFalse_assocFalse_signalFalse,bb_lognormal_F,0.85,0.001,903,0.0011074197120708748,0.0,0
n3_d20_imbFalse_assocFalse_signalFalse,bb_lognormal_F,0.85,0.01,889,0.003374578177727784,0.0,0
n3_d20_imbFalse_assocFalse_signalFalse,bb_lognormal_F,0.85,0.05,913,0.01533406352683461,0.0,0
n3_d20_imbFalse_assocFalse_signalFalse,bb_lognormal_F,0.85,0.15,888,0.0518018018018018,0.0,0
n3_d20_imbFalse_assocFalse_signalFalse,bb_lognormal_F,0.85,0.35,931,0.05477980665950591,0.0010741138560687433,0
n3_d20_imbFalse_assocFalse_signalFalse,bb_lognormal_F,0.95,0.001,916,0.004366812227074236,0.0,0
n3_d20_imbFalse_assocFalse_signalFalse,bb_lognormal_F,0.95,0.01,900,0.0022222222222222222,0.0,0
n3_d20_imbFalse_assocFalse_signalFalse,bb_lognormal_F,0.95,0.05,870,0.010344827586206896,0.0,0
n3_d20_imbFalse_assocFalse_signalFalse,bb_lognormal_F,0.95,0.15,914,0.018599562363238512,0.0,0
n3_d20_imbFalse_assocFalse_signalFalse,bb_lognormal_F,0.95,0.35,918,0.011982570806100218,0.0,0
n3_d20_imbFalse_assocFalse_signalFalse,bb_lognormal_F,0.99,0.001,907,0.0,0.0,0
n3_d20_imbFalse_assocFalse_signalFalse,bb_lognormal_F,0.99,0.01,941,0.0,0.0,0
n3_d20_imbFalse_assocFalse_signalFalse,bb_lognormal_F,0.99,0.05,953,0.0,0.0,0
n3_d20_imbFalse_assocFalse_signalFalse,bb_lognormal_F,0.99,0.15,920,0.0,0.0,0
n3_d20_imbFalse_assocFalse_signalFalse,bb_lognormal_F,0.99,0.35,936,0.0,0.0,0
n3_d20_imbFalse_assocFalse_signalFalse,bb_lognormal_F,0.999,0.001,949,0.0,0.0,0
n3_d20_imbFalse_assocFalse_signalFalse,bb_lognormal_F,0.999,0.01,849,0.0,0.0,0
n3_d20_imbFalse_assocFalse_signalFalse,bb_lognormal_F,0.999,0.05,934,0.0,0.0,0
n3_d20_imbFalse_assocFalse_signalFalse,bb_lognormal_F,0.999,0.15,882,0.0,0.0,0
n3_d20_imbFalse_assocFalse_signalFalse,bb_lognormal_F,0.999,0.35,874,0.0,0.0,0
n3_d20_imbFalse_assocFalse_signalFalse,bb_lognormal_chi2,0.001,0.001,915,0.0,0.0,0
n3_d20_imbFalse_assocFalse_signalFalse,bb_lognormal_chi2,0.001,0.01,871,0.001148105625717566,0.0,0
n3_d20_imbFalse_assocFalse_signalFalse,bb_lognormal_chi2,0.001,0.05,931,0.0,0.0,0
n3_d20_imbFalse_assocFalse_signalFalse,bb_lognormal_chi2,0.001,0.15,921,0.0010857763300760044,0.0,0
n3_d20_imbFalse_assocFalse_signalFalse,bb_lognormal_chi2,0.001,0.35,894,0.0,0.0,0
n3_d20_imbFalse_assocFalse_signalFalse,bb_lognormal_chi2,0.01,0.001,867,0.012687427912341407,0.0,0
n3_d20_imbFalse_assocFalse_signalFalse,bb_lognormal_chi2,0.01,0.01,909,0.0121012101210121,0.0,0
n3_d20_imbFalse_assocFalse_signalFalse,bb_lognormal_chi2,0.01,0.05,889,0.01687289088863892,0.0,0
n3_d20_imbFalse_assocFalse_signalFalse,bb_lognormal_chi2,0.01,0.15,894,0.0145413870246085,0.0,0
n3_d20_imbFalse_assocFalse_signalFalse,bb_lognormal_chi2,0.01,0.35,906,0.009933774834437087,0.0,0
n3_d20_imbFalse_assocFalse_signalFalse,bb_lognormal_chi2,0.05,0.001,917,0.06324972737186478,0.0010905125408942203,0
n3_d20_imbFalse_assocFalse_signalFalse,bb_lognormal_chi2,0.05,0.01,889,0.05961754780652419,0.0,0
n3_d20_imbFalse_assocFalse_signalFalse,bb_lognormal_chi2,0.05,0.05,952,0.09978991596638656,0.0021008403361344537,1
n3_d20_imbFalse_assocFalse_signalFalse,bb_lognormal_chi2,0.05,0.15,877,0.1379703534777651,0.004561003420752566,2
n3_d20_imbFalse_assocFalse_signalFalse,bb_lognormal_chi2,0.05,0.35,932,0.11158798283261803,0.003218884120171674,1
n3_d20_imbFalse_assocFalse_signalFalse,bb_lognormal_chi2,0.15,0.001,899,0.034482758620689655,0.0011123470522803114,1
n3_d20_imbFalse_assocFalse_signalFalse,bb_lognormal_chi2,0.15,0.01,869,0.031070195627157654,0.0,0
n3_d20_imbFalse_assocFalse_signalFalse,bb_lognormal_chi2,0.15,0.05,950,0.09578947368421052,0.005263157894736842,1
n3_d20_imbFalse_assocFalse_signalFalse,bb_lognormal_chi2,0.15,0.15,935,0.14010695187165775,0.023529411764705882,14
n3_d20_imbFalse_assocFalse_signalFalse,bb_lognormal_chi2,0.15,0.35,919,0.18171926006528835,0.02720348204570185,12
n3_d20_imbFalse_assocFalse_signalFalse,bb_lognormal_chi2,0.35,0.001,935,0.031016042780748664,0.0010695187165775401,0
n3_d20_imbFalse_assocFalse_signalFalse,bb_lognormal_chi2,0.35,0.01,945,0.04338624338624339,0.0,0
n3_d20_imbFalse_assocFalse_signalFalse,bb_lognormal_chi2,0.35,0.05,851,0.10105757931844889,0.0011750881316098707,1
n3_d20_imbFalse_assocFalse_signalFalse,bb_lognormal_chi2,0.35,0.15,966,0.17184265010351968,0.025879917184265012,16
n3_d20_imbFalse_assocFalse_signalFalse,bb_lognormal_chi2,0.35,0.35,883,0.1970554926387316,0.07134767836919592,43
n3_d20_imbFalse_assocFalse_signalFalse,bb_lognormal_chi2,0.5,0.001,884,0.024886877828054297,0.0011312217194570137,0
n3_d20_imbFalse_assocFalse_signalFalse,bb_lognormal_chi2,0.5,0.01,910,0.035164835164835165,0.0,0
n3_d20_imbFalse_assocFalse_signalFalse,bb_lognormal_chi2,0.5,0.05,880,0.08522727272727272,0.005681818181818182,1
n3_d20_imbFalse_assocFalse_signalFalse,bb_lognormal_chi2,0.5,0.15,945,0.15873015873015872,0.02962962962962963,16
n3_d20_imbFalse_assocFalse_signalFalse,bb_lognormal_chi2,0.5,0.35,907,0.2127894156560088,0.06945975744211687,50
n3_d20_imbFalse_assocFalse_signalFalse,bb_lognormal_chi2,0.65,0.001,895,0.03240223463687151,0.0,0
n3_d20_imbFalse_assocFalse_signalFalse,bb_lognormal_chi2,0.65,0.01,926,0.03131749460043196,0.0010799136069114472,0
n3_d20_imbFalse_assocFalse_signalFalse,bb_lognormal_chi2,0.65,0.05,925,0.09513513513513513,0.008648648648648649,2
n3_d20_imbFalse_assocFalse_signalFalse,bb_lognormal_chi2,0.65,0.15,956,0.15376569037656904,0.028242677824267783,17
n3_d20_imbFalse_assocFalse_signalFalse,bb_lognormal_chi2,0.65,0.35,869,0.23014959723820483,0.06098964326812428,42
n3_d20_imbFalse_assocFalse_signalFalse,bb_lognormal_chi2,0.85,0.001,903,0.02768549280177187,0.0,0
n3_d20_imbFalse_assocFalse_signalFalse,bb_lognormal_chi2,0.85,0.01,889,0.04499437570303712,0.0011248593925759281,1
n3_d20_imbFalse_assocFalse_signalFalse,bb_lognormal_chi2,0.85,0.05,913,0.0963855421686747,0.0065717415115005475,2
n3_d20_imbFalse_assocFalse_signalFalse,bb_lognormal_chi2,0.85,0.15,888,0.14864864864864866,0.0259009009009009,10
n3_d20_imbFalse_assocFalse_signalFalse,bb_lognormal_chi2,0.85,0.35,931,0.17508055853920515,0.0322234156820623,25
n3_d20_imbFalse_assocFalse_signalFalse,bb_lognormal_chi2,0.95,0.001,916,0.043668122270742356,0.001091703056768559,0
n3_d20_imbFalse_assocFalse_signalFalse,bb_lognormal_chi2,0.95,0.01,900,0.06222222222222222,0.0,0
n3_d20_imbFalse_assocFalse_signalFalse,bb_lognormal_chi2,0.95,0.05,870,0.09310344827586207,0.0022988505747126436,0
n3_d20_imbFalse_assocFalse_signalFalse,bb_lognormal_chi2,0.95,0.15,914,0.13785557986870897,0.005470459518599562,2
n3_d20_imbFalse_assocFalse_signalFalse,bb_lognormal_chi2,0.95,0.35,918,0.09368191721132897,0.006535947712418301,6
n3_d20_imbFalse_assocFalse_signalFalse,bb_lognormal_chi2,0.99,0.001,907,0.007717750826901874,0.0,0
n3_d20_imbFalse_assocFalse_signalFalse,bb_lognormal_chi2,0.99,0.01,941,0.01700318809776833,0.0,0
n3_d20_imbFalse_assocFalse_signalFalse,bb_lognormal_chi2,0.99,0.05,953,0.017838405036726127,0.0,0
n3_d20_imbFalse_assocFalse_signalFalse,bb_lognormal_chi2,0.99,0.15,920,0.015217391304347827,0.0,0
n3_d20_imbFalse_assocFalse_signalFalse,bb_lognormal_chi2,0.99,0.35,936,0.007478632478632479,0.0,0
n3_d20_imbFalse_assocFalse_signalFalse,bb_lognormal_chi2,0.999,0.001,949,0.0,0.0,0
n3_d20_imbFalse_assocFalse_signalFalse,bb_lognormal_chi2,0.999,0.01,849,0.0,0.0,0
n3_d20_imbFalse_assocFalse_signalFalse,bb_lognormal_chi2,0.999,0.05,934,0.0,0.0,0
n3_d20_imbFalse_assocFalse_signalFalse,bb_lognormal_chi2,0.999,0.15,882,0.0,0.0,0
n3_d20_imbFalse_assocFalse_signalFalse,bb_lognormal_chi2,0.999,0.35,874,0.0,0.0,0
n3_d20_imbFalse_assocFalse_signalFalse,legacy_lr,0.001,0.001,915,0.0,0.0,0
n3_d20_imbFalse_assocFalse_signalFalse,legacy_lr,0.001,0.01,871,0.0,0.0,0
n3_d20_imbFalse_assocFalse_signalFalse,legacy_lr,0.001,0.05,931,0.0010741138560687433,0.0,0
n3_d20_imbFalse_assocFalse_signalFalse,legacy_lr,0.001,0.15,921,0.002171552660152009,0.0,0
n3_d20_imbFalse_assocFalse_signalFalse,legacy_lr,0.001,0.35,894,0.0044742729306487695,0.0,0
n3_d20_imbFalse_assocFalse_signalFalse,legacy_lr,0.01,0.001,867,0.0,0.0,0
n3_d20_imbFalse_assocFalse_signalFalse,legacy_lr,0.01,0.01,909,0.0,0.0,0
n3_d20_imbFalse_assocFalse_signalFalse,legacy_lr,0.01,0.05,889,0.003374578177727784,0.0,0
n3_d20_imbFalse_assocFalse_signalFalse,legacy_lr,0.01,0.15,894,0.020134228187919462,0.0,0
n3_d20_imbFalse_assocFalse_signalFalse,legacy_lr,0.01,0.35,906,0.04194260485651214,0.002207505518763797,0
n3_d20_imbFalse_assocFalse_signalFalse,legacy_lr,0.05,0.001,917,0.0021810250817884407,0.0,0
n3_d20_imbFalse_assocFalse_signalFalse,legacy_lr,0.05,0.01,889,0.0022497187851518562,0.0,0
n3_d20_imbFalse_assocFalse_signalFalse,legacy_lr,0.05,0.05,952,0.012605042016806723,0.0,0
n3_d20_imbFalse_assocFalse_signalFalse,legacy_lr,0.05,0.15,877,0.06385404789053592,0.0,0
n3_d20_imbFalse_assocFalse_signalFalse,legacy_lr,0.05,0.35,932,0.1459227467811159,0.015021459227467811,0
n3_d20_imbFalse_assocFalse_signalFalse,legacy_lr,0.15,0.001,899,0.002224694104560623,0.0,0
n3_d20_imbFalse_assocFalse_signalFalse,legacy_lr,0.15,0.01,869,0.0011507479861910242,0.0,0
n3_d20_imbFalse_assocFalse_signalFalse,legacy_lr,0.15,0.05,950,0.015789473684210527,0.0,0
n3_d20_imbFalse_assocFalse_signalFalse,legacy_lr,0.15,0.15,935,0.06417112299465241,0.0042780748663101605,0
n3_d20_imbFalse_assocFalse_signalFalse,legacy_lr,0.15,0.35,919,0.1708378672470076,0.025027203482045703,2
n3_d20_imbFalse_assocFalse_signalFalse,legacy_lr,0.35,0.001,935,0.0032085561497326204,0.0,0
n3_d20_imbFalse_assocFalse_signalFalse,legacy_lr,0.35,0.01,945,0.0,0.0,0
n3_d20_imbFalse_assocFalse_signalFalse,legacy_lr,0.35,0.05,851,0.01880141010575793,0.0,0
n3_d20_imbFalse_assocFalse_signalFalse,legacy_lr,0.35,0.15,966,0.059006211180124224,0.0,0
n3_d20_imbFalse_assocFalse_signalFalse,legacy_lr,0.35,0.35,883,0.13703284258210646,0.014722536806342015,3
n3_d20_imbFalse_assocFalse_signalFalse,legacy_lr,0.5,0.001,884,0.0022624434389140274,0.0,0
n3_d20_imbFalse_assocFalse_signalFalse,legacy_lr,0.5,0.01,910,0.002197802197802198,0.0,0
n3_d20_imbFalse_assocFalse_signalFalse,legacy_lr,0.5,0.05,880,0.019318181818181818,0.0,0
n3_d20_imbFalse_assocFalse_signalFalse,legacy_lr,0.5,0.15,945,0.05502645502645503,0.0,0
n3_d20_imbFalse_assocFalse_signalFalse,legacy_lr,0.5,0.35,907,0.1422271223814774,0.005512679162072767,0
n3_d20_imbFalse_assocFalse_signalFalse,legacy_lr,0.65,0.001,895,0.0,0.0,0
n3_d20_imbFalse_assocFalse_signalFalse,legacy_lr,0.65,0.01,926,0.0010799136069114472,0.0,0
n3_d20_imbFalse_assocFalse_signalFalse,legacy_lr,0.65,0.05,925,0.017297297297297298,0.0,0
n3_d20_imbFalse_assocFalse_signalFalse,legacy_lr,0.65,0.15,956,0.056485355648535567,0.0,0
n3_d20_imbFalse_assocFalse_signalFalse,legacy_lr,0.65,0.35,869,0.15765247410817032,0.010356731875719217,0
n3_d20_imbFalse_assocFalse_signalFalse,legacy_lr,0.85,0.001,903,0.0,0.0,0
n3_d20_imbFalse_assocFalse_signalFalse,legacy_lr,0.85,0.01,889,0.003374578177727784,0.0,0
n3_d20_imbFalse_assocFalse_signalFalse,legacy_lr,0.85,0.05,913,0.014238773274917854,0.0,0
n3_d20_imbFalse_assocFalse_signalFalse,legacy_lr,0.85,0.15,888,0.07657657657657657,0.0022522522522522522,0
n3_d20_imbFalse_assocFalse_signalFalse,legacy_lr,0.85,0.35,931,0.16756176154672395,0.02577873254564984,3
n3_d20_imbFalse_assocFalse_signalFalse,legacy_lr,0.95,0.001,916,0.0032751091703056767,0.0,0
n3_d20_imbFalse_assocFalse_signalFalse,legacy_lr,0.95,0.01,900,0.0022222222222222222,0.0,0
n3_d20_imbFalse_assocFalse_signalFalse,legacy_lr,0.95,0.05,870,0.020689655172413793,0.0,0
n3_d20_imbFalse_assocFalse_signalFalse,legacy_lr,0.95,0.15,914,0.05689277899343545,0.0010940919037199124,0
n3_d20_imbFalse_assocFalse_signalFalse,legacy_lr,0.95,0.35,918,0.15468409586056645,0.017429193899782137,0
n3_d20_imbFalse_assocFalse_signalFalse,legacy_lr,0.99,0.001,907,0.0,0.0,0
n3_d20_imbFalse_assocFalse_signalFalse,legacy_lr,0.99,0.01,941,0.0010626992561105207,0.0,0
n3_d20_imbFalse_assocFalse_signalFalse,legacy_lr,0.99,0.05,953,0.001049317943336831,0.0,0
n3_d20_imbFalse_assocFalse_signalFalse,legacy_lr,0.99,0.15,920,0.015217391304347827,0.0,0
n3_d20_imbFalse_assocFalse_signalFalse,legacy_lr,0.99,0.35,936,0.05128205128205128,0.002136752136752137,0
n3_d20_imbFalse_assocFalse_signalFalse,legacy_lr,0.999,0.001,949,0.0,0.0,0
n3_d20_imbFalse_assocFalse_signalFalse,legacy_lr,0.999,0.01,849,0.0,0.0,0
n3_d20_imbFalse_assocFalse_signalFalse,legacy_lr,0.999,0.05,934,0.0,0.0,0
n3_d20_imbFalse_assocFalse_signalFalse,legacy_lr,0.999,0.15,882,0.0,0.0,0
n3_d20_imbFalse_assocFalse_signalFalse,legacy_lr,0.999,0.35,874,0.005720823798627002,0.0,0
n3_d20_imbFalse_assocFalse_signalTrue,bb_lognormal_F,0.001,0.001,894,0.0,0.0,0
n3_d20_imbFalse_assocFalse_signalTrue,bb_lognormal_F,0.001,0.01,902,0.0,0.0,0
n3_d20_imbFalse_assocFalse_signalTrue,bb_lognormal_F,0.001,0.05,914,0.0,0.0,0
n3_d20_imbFalse_assocFalse_signalTrue,bb_lognormal_F,0.001,0.15,872,0.0,0.0,0
n3_d20_imbFalse_assocFalse_signalTrue,bb_lognormal_F,0.001,0.35,903,0.0,0.0,0
n3_d20_imbFalse_assocFalse_signalTrue,bb_lognormal_F,0.01,0.001,925,0.0,0.0,0
n3_d20_imbFalse_assocFalse_signalTrue,bb_lognormal_F,0.01,0.01,912,0.0,0.0,0
n3_d20_imbFalse_assocFalse_signalTrue,bb_lognormal_F,0.01,0.05,917,0.0,0.0,0
n3_d20_imbFalse_assocFalse_signalTrue,bb_lognormal_F,0.01,0.15,928,0.0,0.0,0
n3_d20_imbFalse_assocFalse_signalTrue,bb_lognormal_F,0.01,0.35,894,0.0,0.0,0
n3_d20_imbFalse_assocFalse_signalTrue,bb_lognormal_F,0.05,0.001,899,0.006674082313681869,0.0,0
n3_d20_imbFalse_assocFalse_signalTrue,bb_lognormal_F,0.05,0.01,930,0.005376344086021506,0.0,0
n3_d20_imbFalse_assocFalse_signalTrue,bb_lognormal_F,0.05,0.05,934,0.013918629550321198,0.0,0
n3_d20_imbFalse_assocFalse_signalTrue,bb_lognormal_F,0.05,0.15,855,0.014035087719298246,0.0,0
n3_d20_imbFalse_assocFalse_signalTrue,bb_lognormal_F,0.05,0.35,946,0.013742071881606765,0.0,0
n3_d20_imbFalse_assocFalse_signalTrue,bb_lognormal_F,0.15,0.001,935,0.0010695187165775401,0.0,0
n3_d20_imbFalse_assocFalse_signalTrue,bb_lognormal_F,0.15,0.01,855,0.0011695906432748538,0.0,0
n3_d20_imbFalse_assocFalse_signalTrue,bb_lognormal_F,0.15,0.05,883,0.02491506228765572,0.0,0
n3_d20_imbFalse_assocFalse_signalTrue,bb_lognormal_F,0.15,0.15,887,0.05073280721533258,0.0,0
n3_d20_imbFalse_assocFalse_signalTrue,bb_lognormal_F,0.15,0.35,887,0.06426155580608793,0.0,0
n3_d20_imbFalse_assocFalse_signalTrue,bb_lognormal_F,0.35,0.001,928,0.0021551724137931034,0.0,0
n3_d20_imbFalse_assocFalse_signalTrue,bb_lognormal_F,0.35,0.01,898,0.004454342984409799,0.0,0
n3_d20_imbFalse_assocFalse_signalTrue,bb_lognormal_F,0.35,0.05,901,0.017758046614872364,0.0,0
n3_d20_imbFalse_assocFalse_signalTrue,bb_lognormal_F,0.35,0.15,854,0.05620608899297424,0.0,0
n3_d20_imbFalse_assocFalse_signalTrue,bb_lognormal_F,0.35,0.35,902,0.08425720620842572,0.0011086474501108647,0
n3_d20_imbFalse_assocFalse_signalTrue,bb_lognormal_F,0.5,0.001,865,0.0011560693641618498,0.0,0
n3_d20_imbFalse_assocFalse_signalTrue,bb_lognormal_F,0.5,0.01,954,0.005241090146750524,0.0,0
n3_d20_imbFalse_assocFalse_signalTrue,bb_lognormal_F,0.5,0.05,907,0.018743109151047408,0.0,0
n3_d20_imbFalse_assocFalse_signalTrue,bb_lognormal_F,0.5,0.15,874,0.06407322654462243,0.0,0
n3_d20_imbFalse_assocFalse_signalTrue,bb_lognormal_F,0.5,0.35,842,0.10451306413301663,0.0011876484560570072,0
n3_d20_imbFalse_assocFalse_signalTrue,bb_lognormal_F,0.65,0.001,893,0.0022396416573348264,0.0,0
n3_d20_imbFalse_assocFalse_signalTrue,bb_lognormal_F,0.65,0.01,841,0.009512485136741973,0.0,0
n3_d20_imbFalse_assocFalse_signalTrue,bb_lognormal_F,0.65,0.05,890,0.02359550561797753,0.0,0
n3_d20_imbFalse_assocFalse_signalTrue,bb_lognormal_F,0.65,0.15,887,0.07102593010146561,0.0,0
n3_d20_imbFalse_assocFalse_signalTrue,bb_lognormal_F,0.65,0.35,946,0.08562367864693446,0.0,0
n3_d20_imbFalse_assocFalse_signalTrue,bb_lognormal_F,0.85,0.001,908,0.0022026431718061676,0.0,0
n3_d20_imbFalse_assocFalse_signalTrue,bb_lognormal_F,0.85,0.01,884,0.004524886877828055,0.0,0
n3_d20_imbFalse_assocFalse_signalTrue,bb_lognormal_F,0.85,0.05,881,0.0170261066969353,0.0,0
n3_d20_imbFalse_assocFalse_signalTrue,bb_lognormal_F,0.85,0.15,894,0.04697986577181208,0.0,0
n3_d20_imbFalse_assocFalse_signalTrue,bb_lognormal_F,0.85,0.35,903,0.07641196013289037,0.0,0
n3_d20_imbFalse_assocFalse_signalTrue,bb_lognormal_F,0.95,0.001,900,0.0022222222222222222,0.0,0
n3_d20_imbFalse_assocFalse_signalTrue,bb_lognormal_F,0.95,0.01,862,0.002320185614849188,0.0,0
n3_d20_imbFalse_assocFalse_signalTrue,bb_lognormal_F,0.95,0.05,873,0.019473081328751432,0.0,0
n3_d20_imbFalse_assocFalse_signalTrue,bb_lognormal_F,0.95,0.15,907,0.023153252480705624,0.0,0
n3_d20_imbFalse_assocFalse_signalTrue,bb_lognormal_F,0.95,0.35,905,0.016574585635359115,0.0,0
n3_d20_imbFalse_assocFalse_signalTrue,bb_lognormal_F,0.99,0.001,907,0.0,0.0,0
n3_d20_imbFalse_assocFalse_signalTrue,bb_lognormal_F,0.99,0.01,908,0.0,0.0,0
n3_d20_imbFalse_assocFalse_signalTrue,bb_lognormal_F,0.99,0.05,873,0.0,0.0,0
n3_d20_imbFalse_assocFalse_signalTrue,bb_lognormal_F,0.99,0.15,963,0.0010384215991692627,0.0,0
n3_d20_imbFalse_assocFalse_signalTrue,bb_lognormal_F,0.99,0.35,913,0.001095290251916758,0.0,0
n3_d20_imbFalse_assocFalse_signalTrue,bb_lognormal_F,0.999,0.001,920,0.0,0.0,0
n3_d20_imbFalse_assocFalse_signalTrue,bb_lognormal_F,0.999,0.01,927,0.0,0.0,0
n3_d20_imbFalse_assocFalse_signalTrue,bb_lognormal_F,0.999,0.05,901,0.0,0.0,0
n3_d20_imbFalse_assocFalse_signalTrue,bb_lognormal_F,0.999,0.15,923,0.0,0.0,0
n3_d20_imbFalse_assocFalse_signalTrue,bb_lognormal_F,0.999,0.35,891,0.0,0.0,0
n3_d20_imbFalse_assocFalse_signalTrue,bb_lognormal_chi2,0.001,0.001,894,0.0,0.0,0
n3_d20_imbFalse_assocFalse_signalTrue,bb_lognormal_chi2,0.001,0.01,902,0.0,0.0,0
n3_d20_imbFalse_assocFalse_signalTrue,bb_lognormal_chi2,0.001,0.05,914,0.0,0.0,0
n3_d20_imbFalse_assocFalse_signalTrue,bb_lognormal_chi2,0.001,0.15,872,0.0011467889908256881,0.0,0
n3_d20_imbFalse_assocFalse_signalTrue,bb_lognormal_chi2,0.001,0.35,903,0.0,0.0,0
n3_d20_imbFalse_assocFalse_signalTrue,bb_lognormal_chi2,0.01,0.001,925,0.011891891891891892,0.0,0
n3_d20_imbFalse_assocFalse_signalTrue,bb_lognormal_chi2,0.01,0.01,912,0.013157894736842105,0.0,0
n3_d20_imbFalse_assocFalse_signalTrue,bb_lognormal_chi2,0.01,0.05,917,0.017448200654307525,0.0,0
n3_d20_imbFalse_assocFalse_signalTrue,bb_lognormal_chi2,0.01,0.15,928,0.023706896551724137,0.0,0
n3_d20_imbFalse_assocFalse_signalTrue,bb_lognormal_chi2,0.01,0.35,894,0.012304250559284116,0.0,0
n3_d20_imbFalse_assocFalse_signalTrue,bb_lognormal_chi2,0.05,0.001,899,0.05339265850945495,0.0011123470522803114,0
n3_d20_imbFalse_assocFalse_signalTrue,bb_lognormal_chi2,0.05,0.01,930,0.05913978494623656,0.001075268817204301,0
n3_d20_imbFalse_assocFalse_signalTrue,bb_lognormal_chi2,0.05,0.05,934,0.10813704496788008,0.0021413276231263384,1
n3_d20_imbFalse_assocFalse_signalTrue,bb_lognormal_chi2,0.05,0.15,855,0.1391812865497076,0.0023391812865497076,0
n3_d20_imbFalse_assocFalse_signalTrue,bb_lognormal_chi2,0.05,0.35,946,0.10887949260042283,0.003171247357293869,1
n3_d20_imbFalse_assocFalse_signalTrue,bb_lognormal_chi2,0.15,0.001,935,0.03208556149732621,0.0,0
n3_d20_imbFalse_assocFalse_signalTrue,bb_lognormal_chi2,0.15,0.01,855,0.05380116959064327,0.0011695906432748538,1
n3_d20_imbFalse_assocFalse_signalTrue,bb_lognormal_chi2,0.15,0.05,883,0.09626274065685164,0.0033975084937712344,3
n3_d20_imbFalse_assocFalse_signalTrue,bb_lognormal_chi2,0.15,0.15,887,0.15670800450958286,0.02367531003382187,11
n3_d20_imbFalse_assocFalse_signalTrue,bb_lognormal_chi2,0.15,0.35,887,0.18940248027057496,0.03494926719278467,22
n3_d20_imbFalse_assocFalse_signalTrue,bb_lognormal_chi2,0.35,0.001,928,0.032327586206896554,0.0010775862068965517,0
n3_d20_imbFalse_assocFalse_signalTrue,bb_lognormal_chi2,0.35,0.01,898,0.04120267260579064,0.0,0
n3_d20_imbFalse_assocFalse_signalTrue,bb_lognormal_chi2,0.35,0.05,901,0.08102108768035517,0.0011098779134295228,0
n3_d20_imbFalse_assocFalse_signalTrue,bb_lognormal_chi2,0.35,0.15,854,0.15807962529274006,0.02459016393442623,10
n3_d20_imbFalse_assocFalse_signalTrue,bb_lognormal_chi2,0.35,0.35,902,0.18625277161862527,0.06097560975609756,45
n3_d20_imbFalse_assocFalse_signalTrue,bb_lognormal_chi2,0.5,0.001,865,0.035838150289017344,0.0,0
n3_d20_imbFalse_assocFalse_signalTrue,bb_lognormal_chi2,0.5,0.01,954,0.04821802935010482,0.0010482180293501049,1
n3_d20_imbFalse_assocFalse_signalTrue,bb_lognormal_chi2,0.5,0.05,907,0.07497243660418963,0.0,0
n3_d20_imbFalse_assocFalse_signalTrue,bb_lognormal_chi2,0.5,0.15,874,0.16247139588100687,0.034324942791762014,20
n3_d20_imbFalse_assocFalse_signalTrue,bb_lognormal_chi2,0.5,0.35,842,0.20783847980997625,0.07007125890736342,47
n3_d20_imbFalse_assocFalse_signalTrue,bb_lognormal_chi2,0.65,0.001,893,0.03471444568868981,0.0011198208286674132,0
n3_d20_imbFalse_assocFalse_signalTrue,bb_lognormal_chi2,0.65,0.01,841,0.054696789536266346,0.0011890606420927466,1
n3_d20_imbFalse_assocFalse_signalTrue,bb_lognormal_chi2,0.65,0.05,890,0.10898876404494381,0.006741573033707865,5
n3_d20_imbFalse_assocFalse_signalTrue,bb_lognormal_chi2,0.65,0.15,887,0.1995490417136415,0.03494926719278467,21
n3_d20_imbFalse_assocFalse_signalTrue,bb_lognormal_chi2,0.65,0.35,946,0.19661733615221988,0.0507399577167019,39
n3_d20_imbFalse_assocFalse_signalTrue,bb_lognormal_chi2,0.85,0.001,908,0.037444933920704845,0.0011013215859030838,1
n3_d20_imbFalse_assocFalse_signalTrue,bb_lognormal_chi2,0.85,0.01,884,0.032805429864253395,0.0011312217194570137,1
n3_d20_imbFalse_assocFalse_signalTrue,bb_lognormal_chi2,0.85,0.05,881,0.11804767309875142,0.0011350737797956867,0
n3_d20_imbFalse_assocFalse_signalTrue,bb_lognormal_chi2,0.85,0.15,894,0.15324384787472037,0.024608501118568233,18
n3_d20_imbFalse_assocFalse_signalTrue,bb_lognormal_chi2,0.85,0.35,903,0.2159468438538206,0.03875968992248062,29
n3_d20_imbFalse_assocFalse_signalTrue,bb_lognormal_chi2,0.95,0.001,900,0.06333333333333334,0.0,0
n3_d20_imbFalse_assocFalse_signalTrue,bb_lognormal_chi2,0.95,0.01,862,0.0777262180974478,0.001160092807424594,0
n3_d20_imbFalse_assocFalse_signalTrue,bb_lognormal_chi2,0.95,0.05,873,0.1156930126002291,0.009163802978235968,3
n3_d20_imbFalse_assocFalse_signalTrue,bb_lognormal_chi2,0.95,0.15,907,0.13561190738699008,0.005512679162072767,3
n3_d20_imbFalse_assocFalse_signalTrue,bb_lognormal_chi2,0.95,0.35,905,0.10607734806629834,0.0055248618784530384,3
n3_d20_imbFalse_assocFalse_signalTrue,bb_lognormal_chi2,0.99,0.001,907,0.005512679162072767,0.0,0
n3_d20_imbFalse_assocFalse_signalTrue,bb_lognormal_chi2,0.99,0.01,908,0.016519823788546256,0.0,0
n3_d20_imbFalse_assocFalse_signalTrue,bb_lognormal_chi2,0.99,0.05,873,0.019473081328751432,0.0,0
n3_d20_imbFalse_assocFalse_signalTrue,bb_lognormal_chi2,0.99,0.15,963,0.023883696780893044,0.0,0
n3_d20_imbFalse_assocFalse_signalTrue,bb_lognormal_chi2,0.99,0.35,913,0.012048192771084338,0.0,0
n3_d20_imbFalse_assocFalse_signalTrue,bb_lognormal_chi2,0.999,0.001,920,0.0,0.0,0
n3_d20_imbFalse_assocFalse_signalTrue,bb_lognormal_chi2,0.999,0.01,927,0.0,0.0,0
n3_d20_imbFalse_assocFalse_signalTrue,bb_lognormal_chi2,0.999,0.05,901,0.0,0.0,0
n3_d20_imbFalse_assocFalse_signalTrue,bb_lognormal_chi2,0.999,0.15,923,0.0,0.0,0
n3_d20_imbFalse_assocFalse_signalTrue,bb_lognormal_chi2,0.999,0.35,891,0.0,0.0,0
n3_d20_imbFalse_assocFalse_signalTrue,legacy_lr,0.001,0.001,894,0.0,0.0,0
n3_d20_imbFalse_assocFalse_signalTrue,legacy_lr,0.001,0.01,902,0.0,0.0,0
n3_d20_imbFalse_assocFalse_signalTrue,legacy_lr,0.001,0.05,914,0.0,0.0,0
n3_d20_imbFalse_assocFalse_signalTrue,legacy_lr,0.001,0.15,872,0.0011467889908256881,0.0,0
n3_d20_imbFalse_assocFalse_signalTrue,legacy_lr,0.001,0.35,903,0.005537098560354375,0.0,0
n3_d20_imbFalse_assocFalse_signalTrue,legacy_lr,0.01,0.001,925,0.0,0.0,0
n3_d20_imbFalse_assocFalse_signalTrue,legacy_lr,0.01,0.01,912,0.0,0.0,0
n3_d20_imbFalse_assocFalse_signalTrue,legacy_lr,0.01,0.05,917,0.0,0.0,0
n3_d20_imbFalse_assocFalse_signalTrue,legacy_lr,0.01,0.15,928,0.016163793103448277,0.0,0
n3_d20_imbFalse_assocFalse_signalTrue,legacy_lr,0.01,0.35,894,0.03467561521252797,0.0022371364653243847,0
n3_d20_imbFalse_assocFalse_signalTrue,legacy_lr,0.05,0.001,899,0.002224694104560623,0.0,0
n3_d20_imbFalse_assocFalse_signalTrue,legacy_lr,0.05,0.01,930,0.005376344086021506,0.0,0
n3_d20_imbFalse_assocFalse_signalTrue,legacy_lr,0.05,0.05,934,0.019271948608137045,0.0,0
n3_d20_imbFalse_assocFalse_signalTrue,legacy_lr,0.05,0.15,855,0.05730994152046784,0.0023391812865497076,0
n3_d20_imbFalse_assocFalse_signalTrue,legacy_lr,0.05,0.35,946,0.1427061310782241,0.012684989429175475,0
n3_d20_imbFalse_assocFalse_signalTrue,legacy_lr,0.15,0.001,935,0.0,0.0,0
n3_d20_imbFalse_assocFalse_signalTrue,legacy_lr,0.15,0.01,855,0.0023391812865497076,0.0,0
n3_d20_imbFalse_assocFalse_signalTrue,legacy_lr,0.15,0.05,883,0.020385050962627407,0.0,0
n3_d20_imbFalse_assocFalse_signalTrue,legacy_lr,0.15,0.15,887,0.058624577226606536,0.005636978579481398,0
n3_d20_imbFalse_assocFalse_signalTrue,legacy_lr,0.15,0.35,887,0.16347237880496054,0.02254791431792559,6
n3_d20_imbFalse_assocFalse_signalTrue,legacy_lr,0.35,0.001,928,0.0021551724137931034,0.0,0
n3_d20_imbFalse_assocFalse_signalTrue,legacy_lr,0.35,0.01,898,0.0011135857461024498,0.0,0
n3_d20_imbFalse_assocFalse_signalTrue,legacy_lr,0.35,0.05,901,0.013318534961154272,0.0,0
n3_d20_imbFalse_assocFalse_signalTrue,legacy_lr,0.35,0.15,854,0.053864168618266976,0.0,0
n3_d20_imbFalse_assocFalse_signalTrue,legacy_lr,0.35,0.35,902,0.11751662971175167,0.007760532150776054,0
n3_d20_imbFalse_assocFalse_signalTrue,legacy_lr,0.5,0.001,865,0.0,0.0,0
n3_d20_imbFalse_assocFalse_signalTrue,legacy_lr,0.5,0.01,954,0.0041928721174004195,0.0,0
n3_d20_imbFalse_assocFalse_signalTrue,legacy_lr,0.5,0.05,907,0.016538037486218304,0.0,0
n3_d20_imbFalse_assocFalse_signalTrue,legacy_lr,0.5,0.15,874,0.06636155606407322,0.0,0
n3_d20_imbFalse_assocFalse_signalTrue,legacy_lr,0.5,0.35,842,0.1377672209026128,0.010688836104513063,1
n3_d20_imbFalse_assocFalse_signalTrue,legacy_lr,0.65,0.001,893,0.0022396416573348264,0.0,0
n3_d20_imbFalse_assocFalse_signalTrue,legacy_lr,0.65,0.01,841,0.0035671819262782403,0.0,0
n3_d20_imbFalse_assocFalse_signalTrue,legacy_lr,0.65,0.05,890,0.017977528089887642,0.0,0
n3_d20_imbFalse_assocFalse_signalTrue,legacy_lr,0.65,0.15,887,0.07215332581736189,0.0,0
n3_d20_imbFalse_assocFalse_signalTrue,legacy_lr,0.65,0.35,946,0.1226215644820296,0.003171247357293869,0
n3_d20_imbFalse_assocFalse_signalTrue,legacy_lr,0.85,0.001,908,0.0011013215859030838,0.0,0
n3_d20_imbFalse_assocFalse_signalTrue,legacy_lr,0.85,0.01,884,0.0022624434389140274,0.0,0
n3_d20_imbFalse_assocFalse_signalTrue,legacy_lr,0.85,0.05,881,0.01021566401816118,0.0,0
n3_d20_imbFalse_assocFalse_signalTrue,legacy_lr,0.85,0.15,894,0.06599552572706935,0.0011185682326621924,0
n3_d20_imbFalse_assocFalse_signalTrue,legacy_lr,0.85,0.35,903,0.1805094130675526,0.023255813953488372,3
n3_d20_imbFalse_assocFalse_signalTrue,legacy_lr,0.95,0.001,900,0.0011111111111111111,0.0,0
n3_d20_imbFalse_assocFalse_signalTrue,legacy_lr,0.95,0.01,862,0.002320185614849188,0.0,0
n3_d20_imbFalse_assocFalse_signalTrue,legacy_lr,0.95,0.05,873,0.016036655211912942,0.0,0
n3_d20_imbFalse_assocFalse_signalTrue,legacy_lr,0.95,0.15,907,0.06284454244762955,0.0011025358324145535,0
n3_d20_imbFalse_assocFalse_signalTrue,legacy_lr,0.95,0.35,905,0.1281767955801105,0.016574585635359115,1
n3_d20_imbFalse_assocFalse_signalTrue,legacy_lr,0.99,0.001,907,0.0,0.0,0
n3_d20_imbFalse_assocFalse_signalTrue,legacy_lr,0.99,0.01,908,0.0,0.0,0
n3_d20_imbFalse_assocFalse_signalTrue,legacy_lr,0.99,0.05,873,0.001145475372279496,0.0,0
n3_d20_imbFalse_assocFalse_signalTrue,legacy_lr,0.99,0.15,963,0.016614745586708203,0.0,0
n3_d20_imbFalse_assocFalse_signalTrue,legacy_lr,0.99,0.35,913,0.04928806133625411,0.001095290251916758,0
n3_d20_imbFalse_assocFalse_signalTrue,legacy_lr,0.999,0.001,920,0.0,0.0,0
n3_d20_imbFalse_assocFalse_signalTrue,legacy_lr,0.999,0.01,927,0.0,0.0,0
n3_d20_imbFalse_assocFalse_signalTrue,legacy_lr,0.999,0.05,901,0.0,0.0,0
n3_d20_imbFalse_assocFalse_signalTrue,legacy_lr,0.999,0.15,923,0.0,0.0,0
n3_d20_imbFalse_assocFalse_signalTrue,legacy_lr,0.999,0.35,891,0.001122334455667789,0.0,0
n5_d20_imbFalse_assocFalse_signalFalse,bb_lognormal_F,0.001,0.001,891,0.0,0.0,0
n5_d20_imbFalse_assocFalse_signalFalse,bb_lognormal_F,0.001,0.01,887,0.0,0.0,0
n5_d20_imbFalse_assocFalse_signalFalse,bb_lognormal_F,0.001,0.05,882,0.0,0.0,0
n5_d20_imbFalse_assocFalse_signalFalse,bb_lognormal_F,0.001,0.15,911,0.0,0.0,0
n5_d20_imbFalse_assocFalse_signalFalse,bb_lognormal_F,0.001,0.35,938,0.0,0.0,0
n5_d20_imbFalse_assocFalse_signalFalse,bb_lognormal_F,0.01,0.001,882,0.009070294784580499,0.0,0
n5_d20_imbFalse_assocFalse_signalFalse,bb_lognormal_F,0.01,0.01,854,0.00585480093676815,0.0,0
n5_d20_imbFalse_assocFalse_signalFalse,bb_lognormal_F,0.01,0.05,911,0.006586169045005488,0.0,0
n5_d20_imbFalse_assocFalse_signalFalse,bb_lognormal_F,0.01,0.15,895,0.00782122905027933,0.0,0
n5_d20_imbFalse_assocFalse_signalFalse,bb_lognormal_F,0.01,0.35,937,0.0,0.0,0
n5_d20_imbFalse_assocFalse_signalFalse,bb_lognormal_F,0.05,0.001,897,0.023411371237458192,0.0,0
n5_d20_imbFalse_assocFalse_signalFalse,bb_lognormal_F,0.05,0.01,947,0.028511087645195353,0.0,0
n5_d20_imbFalse_assocFalse_signalFalse,bb_lognormal_F,0.05,0.05,929,0.07319698600645856,0.0,0
n5_d20_imbFalse_assocFalse_signalFalse,bb_lognormal_F,0.05,0.15,883,0.061155152887882216,0.0,0
n5_d20_imbFalse_assocFalse_signalFalse,bb_lognormal_F,0.05,0.35,874,0.038901601830663615,0.0,0
n5_d20_imbFalse_assocFalse_signalFalse,bb_lognormal_F,0.15,0.001,864,0.013888888888888888,0.0,0
n5_d20_imbFalse_assocFalse_signalFalse,bb_lognormal_F,0.15,0.01,936,0.016025641025641024,0.0,0
n5_d20_imbFalse_assocFalse_signalFalse,bb_lognormal_F,0.15,0.05,935,0.045989304812834225,0.0,0
n5_d20_imbFalse_assocFalse_signalFalse,bb_lognormal_F,0.15,0.15,938,0.07249466950959488,0.0010660980810234541,0
n5_d20_imbFalse_assocFalse_signalFalse,bb_lognormal_F,0.15,0.35,928,0.07435344827586207,0.0021551724137931034,0
n5_d20_imbFalse_assocFalse_signalFalse,bb_lognormal_F,0.35,0.001,928,0.014008620689655173,0.0,0
n5_d20_imbFalse_assocFalse_signalFalse,bb_lognormal_F,0.35,0.01,913,0.023001095290251915,0.0,0
n5_d20_imbFalse_assocFalse_signalFalse,bb_lognormal_F,0.35,0.05,936,0.042735042735042736,0.0,0
n5_d20_imbFalse_assocFalse_signalFalse,bb_lognormal_F,0.35,0.15,880,0.0659090909090909,0.0,0
n5_d20_imbFalse_assocFalse_signalFalse,bb_lognormal_F,0.35,0.35,875,0.08,0.001142857142857143,0
n5_d20_imbFalse_assocFalse_signalFalse,bb_lognormal_F,0.5,0.001,861,0.029036004645760744,0.0,0
n5_d20_imbFalse_assocFalse_signalFalse,bb_lognormal_F,0.5,0.01,871,0.022962112514351322,0.0,0
n5_d20_imbFalse_assocFalse_signalFalse,bb_lognormal_F,0.5,0.05,965,0.05181347150259067,0.0,0
n5_d20_imbFalse_assocFalse_signalFalse,bb_lognormal_F,0.5,0.15,929,0.07319698600645856,0.0,0
n5_d20_imbFalse_assocFalse_signalFalse,bb_lognormal_F,0.5,0.35,910,0.07802197802197802,0.0,0
n5_d20_imbFalse_assocFalse_signalFalse,bb_lognormal_F,0.65,0.001,885,0.01694915254237288,0.0,0
n5_d20_imbFalse_assocFalse_signalFalse,bb_lognormal_F,0.65,0.01,868,0.024193548387096774,0.0,0
n5_d20_imbFalse_assocFalse_signalFalse,bb_lognormal_F,0.65,0.05,952,0.06092436974789916,0.0,0
n5_d20_imbFalse_assocFalse_signalFalse,bb_lognormal_F,0.65,0.15,909,0.05720572057205721,0.0,0
n5_d20_imbFalse_assocFalse_signalFalse,bb_lognormal_F,0.65,0.35,888,0.07657657657657657,0.0045045045045045045,0
n5_d20_imbFalse_assocFalse_signalFalse,bb_lognormal_F,0.85,0.001,909,0.0121012101210121,0.0,0
n5_d20_imbFalse_assocFalse_signalFalse,bb_lognormal_F,0.85,0.01,895,0.0223463687150838,0.0,0
n5_d20_imbFalse_assocFalse_signalFalse,bb_lognormal_F,0.85,0.05,902,0.03991130820399113,0.0,0
n5_d20_imbFalse_assocFalse_signalFalse,bb_lognormal_F,0.85,0.15,985,0.05685279187817259,0.003045685279187817,0
n5_d20_imbFalse_assocFalse_signalFalse,bb_lognormal_F,0.85,0.35,858,0.07692307692307693,0.0,0
n5_d20_imbFalse_assocFalse_signalFalse,bb_lognormal_F,0.95,0.001,885,0.023728813559322035,0.0,0
n5_d20_imbFalse_assocFalse_signalFalse,bb_lognormal_F,0.95,0.01,1005,0.030845771144278607,0.0,0
n5_d20_imbFalse_assocFalse_signalFalse,bb_lognormal_F,0.95,0.05,875,0.05142857142857143,0.0,0
n5_d20_imbFalse_assocFalse_signalFalse,bb_lognormal_F,0.95,0.15,864,0.0625,0.0,0
n5_d20_imbFalse_assocFalse_signalFalse,bb_lognormal_F,0.95,0.35,890,0.043820224719101124,0.0,0
n5_d20_imbFalse_assocFalse_signalFalse,bb_lognormal_F,0.99,0.001,891,0.010101010101010102,0.0,0
n5_d20_imbFalse_assocFalse_signalFalse,bb_lognormal_F,0.99,0.01,928,0.010775862068965518,0.0,0
n5_d20_imbFalse_assocFalse_signalFalse,bb_lognormal_F,0.99,0.05,958,0.006263048016701462,0.0,0
n5_d20_imbFalse_assocFalse_signalFalse,bb_lognormal_F,0.99,0.15,933,0.004287245444801715,0.0,0
n5_d20_imbFalse_assocFalse_signalFalse,bb_lognormal_F,0.99,0.35,909,0.0,0.0,0
n5_d20_imbFalse_assocFalse_signalFalse,bb_lognormal_F,0.999,0.001,907,0.0,0.0,0
n5_d20_imbFalse_assocFalse_signalFalse,bb_lognormal_F,0.999,0.01,911,0.0,0.0,0
n5_d20_imbFalse_assocFalse_signalFalse,bb_lognormal_F,0.999,0.05,946,0.0,0.0,0
n5_d20_imbFalse_assocFalse_signalFalse,bb_lognormal_F,0.999,0.15,901,0.0,0.0,0
n5_d20_imbFalse_assocFalse_signalFalse,bb_lognormal_F,0.999,0.35,959,0.0,0.0,0
n5_d20_imbFalse_assocFalse_signalFalse,bb_lognormal_chi2,0.001,0.001,891,0.0,0.0,0
n5_d20_imbFalse_assocFalse_signalFalse,bb_lognormal_chi2,0.001,0.01,887,0.0,0.0,0
n5_d20_imbFalse_assocFalse_signalFalse,bb_lognormal_chi2,0.001,0.05,882,0.0011337868480725624,0.0,0
n5_d20_imbFalse_assocFalse_signalFalse,bb_lognormal_chi2,0.001,0.15,911,0.0,0.0,0
n5_d20_imbFalse_assocFalse_signalFalse,bb_lognormal_chi2,0.001,0.35,938,0.0,0.0,0
n5_d20_imbFalse_assocFalse_signalFalse,bb_lognormal_chi2,0.01,0.001,882,0.024943310657596373,0.0,0
n5_d20_imbFalse_assocFalse_signalFalse,bb_lognormal_chi2,0.01,0.01,854,0.03981264637002342,0.0,0
n5_d20_imbFalse_assocFalse_signalFalse,bb_lognormal_chi2,0.01,0.05,911,0.029637760702524697,0.0,0
n5_d20_imbFalse_assocFalse_signalFalse,bb_lognormal_chi2,0.01,0.15,895,0.02569832402234637,0.0,0
n5_d20_imbFalse_assocFalse_signalFalse,bb_lognormal_chi2,0.01,0.35,937,0.0064034151547491995,0.0,0
n5_d20_imbFalse_assocFalse_signalFalse,bb_lognormal_chi2,0.05,0.001,897,0.04124860646599777,0.0,0
n5_d20_imbFalse_assocFalse_signalFalse,bb_lognormal_chi2,0.05,0.01,947,0.059134107708553325,0.004223864836325237,0
n5_d20_imbFalse_assocFalse_signalFalse,bb_lognormal_chi2,0.05,0.05,929,0.10441334768568353,0.006458557588805167,0
n5_d20_imbFalse_assocFalse_signalFalse,bb_lognormal_chi2,0.05,0.15,883,0.10758776896942242,0.009060022650056626,0
n5_d20_imbFalse_assocFalse_signalFalse,bb_lognormal_chi2,0.05,0.35,874,0.08123569794050343,0.0011441647597254005,0
n5_d20_imbFalse_assocFalse_signalFalse,bb_lognormal_chi2,0.15,0.001,864,0.041666666666666664,0.0,0
n5_d20_imbFalse_assocFalse_signalFalse,bb_lognormal_chi2,0.15,0.01,936,0.038461538461538464,0.0010683760683760685,0
n5_d20_imbFalse_assocFalse_signalFalse,bb_lognormal_chi2,0.15,0.05,935,0.08449197860962566,0.006417112299465241,0
n5_d20_imbFalse_assocFalse_signalFalse,bb_lognormal_chi2,0.15,0.15,938,0.12153518123667377,0.01812366737739872,4
n5_d20_imbFalse_assocFalse_signalFalse,bb_lognormal_chi2,0.15,0.35,928,0.11422413793103449,0.020474137931034482,3
n5_d20_imbFalse_assocFalse_signalFalse,bb_lognormal_chi2,0.35,0.001,928,0.03879310344827586,0.0,0
n5_d20_imbFalse_assocFalse_signalFalse,bb_lognormal_chi2,0.35,0.01,913,0.050383351588170866,0.002190580503833516,0
n5_d20_imbFalse_assocFalse_signalFalse,bb_lognormal_chi2,0.35,0.05,936,0.08867521367521368,0.003205128205128205,1
n5_d20_imbFalse_assocFalse_signalFalse,bb_lognormal_chi2,0.35,0.15,880,0.11136363636363636,0.011363636363636364,4
n5_d20_imbFalse_assocFalse_signalFalse,bb_lognormal_chi2,0.35,0.35,875,0.12228571428571429,0.018285714285714287,7
n5_d20_imbFalse_assocFalse_signalFalse,bb_lognormal_chi2,0.5,0.001,861,0.04878048780487805,0.003484320557491289,0
n5_d20_imbFalse_assocFalse_signalFalse,bb_lognormal_chi2,0.5,0.01,871,0.04362801377726751,0.002296211251435132,0
n5_d20_imbFalse_assocFalse_signalFalse,bb_lognormal_chi2,0.5,0.05,965,0.09015544041450778,0.008290155440414507,1
n5_d20_imbFalse_assocFalse_signalFalse,bb_lognormal_chi2,0.5,0.15,929,0.116254036598493,0.01829924650161464,2
n5_d20_imbFalse_assocFalse_signalFalse,bb_lognormal_chi2,0.5,0.35,910,0.12527472527472527,0.01978021978021978,6
n5_d20_imbFalse_assocFalse_signalFalse,bb_lognormal_chi2,0.65,0.001,885,0.04745762711864407,0.0,0
n5_d20_imbFalse_assocFalse_signalFalse,bb_lognormal_chi2,0.65,0.01,868,0.04608294930875576,0.001152073732718894,0
n5_d20_imbFalse_assocFalse_signalFalse,bb_lognormal_chi2,0.65,0.05,952,0.11449579831932773,0.0063025210084033615,2
n5_d20_imbFalse_assocFalse_signalFalse,bb_lognormal_chi2,0.65,0.15,909,0.1188118811881188,0.013201320132013201,3
n5_d20_imbFalse_assocFalse_signalFalse,bb_lognormal_chi2,0.65,0.35,888,0.125,0.02252252252252252,7
n5_d20_imbFalse_assocFalse_signalFalse,bb_lognormal_chi2,0.85,0.001,909,0.036303630363036306,0.0,0
n5_d20_imbFalse_assocFalse_signalFalse,bb_lognormal_chi2,0.85,0.01,895,0.05810055865921788,0.0011173184357541898,0
n5_d20_imbFalse_assocFalse_signalFalse,bb_lognormal_chi2,0.85,0.05,902,0.08093126385809313,0.0066518847006651885,1
n5_d20_imbFalse_assocFalse_signalFalse,bb_lognormal_chi2,0.85,0.15,985,0.10558375634517767,0.01015228426395939,3
n5_d20_imbFalse_assocFalse_signalFalse,bb_lognormal_chi2,0.85,0.35,858,0.11655011655011654,0.01048951048951049,4
n5_d20_imbFalse_assocFalse_signalFalse,bb_lognormal_chi2,0.95,0.001,885,0.05423728813559322,0.0011299435028248588,0
n5_d20_imbFalse_assocFalse_signalFalse,bb_lognormal_chi2,0.95,0.01,1005,0.056716417910447764,0.0029850746268656717,0
n5_d20_imbFalse_assocFalse_signalFalse,bb_lognormal_chi2,0.95,0.05,875,0.104,0.0034285714285714284,0
n5_d20_imbFalse_assocFalse_signalFalse,bb_lognormal_chi2,0.95,0.15,864,0.11342592592592593,0.004629629629629629,0
n5_d20_imbFalse_assocFalse_signalFalse,bb_lognormal_chi2,0.95,0.35,890,0.08764044943820225,0.0011235955056179776,0
n5_d20_imbFalse_assocFalse_signalFalse,bb_lognormal_chi2,0.99,0.001,891,0.029180695847362513,0.0,0
n5_d20_imbFalse_assocFalse_signalFalse,bb_lognormal_chi2,0.99,0.01,928,0.04525862068965517,0.0,0
n5_d20_imbFalse_assocFalse_signalFalse,bb_lognormal_chi2,0.99,0.05,958,0.028183716075156576,0.0,0
n5_d20_imbFalse_assocFalse_signalFalse,bb_lognormal_chi2,0.99,0.15,933,0.02572347266881029,0.0,0
n5_d20_imbFalse_assocFalse_signalFalse,bb_lognormal_chi2,0.99,0.35,909,0.0088008800880088,0.0,0
n5_d20_imbFalse_assocFalse_signalFalse,bb_lognormal_chi2,0.999,0.001,907,0.0,0.0,0
n5_d20_imbFalse_assocFalse_signalFalse,bb_lognormal_chi2,0.999,0.01,911,0.0,0.0,0
n5_d20_imbFalse_assocFalse_signalFalse,bb_lognormal_chi2,0.999,0.05,946,0.0,0.0,0
n5_d20_imbFalse_assocFalse_signalFalse,bb_lognormal_chi2,0.999,0.15,901,0.0,0.0,0
n5_d20_imbFalse_assocFalse_signalFalse,bb_lognormal_chi2,0.999,0.35,959,0.0,0.0,0
n5_d20_imbFalse_assocFalse_signalFalse,legacy_lr,0.001,0.001,891,0.0,0.0,0
n5_d20_imbFalse_assocFalse_signalFalse,legacy_lr,0.001,0.01,887,0.0,0.0,0
n5_d20_imbFalse_assocFalse_signalFalse,legacy_lr,0.001,0.05,882,0.0,0.0,0
n5_d20_imbFalse_assocFalse_signalFalse,legacy_lr,0.001,0.15,911,0.0010976948408342481,0.0,0
n5_d20_imbFalse_assocFalse_signalFalse,legacy_lr,0.001,0.35,938,0.009594882729211088,0.0021321961620469083,0
n5_d20_imbFalse_assocFalse_signalFalse,legacy_lr,0.01,0.001,882,0.0,0.0,0
n5_d20_imbFalse_assocFalse_signalFalse,legacy_lr,0.01,0.01,854,0.0,0.0,0
n5_d20_imbFalse_assocFalse_signalFalse,legacy_lr,0.01,0.05,911,0.006586169045005488,0.0,0
n5_d20_imbFalse_assocFalse_signalFalse,legacy_lr,0.01,0.15,895,0.024581005586592177,0.0,0
n5_d20_imbFalse_assocFalse_signalFalse,legacy_lr,0.01,0.35,937,0.07897545357524013,0.005336179295624333,0
n5_d20_imbFalse_assocFalse_signalFalse,legacy_lr,0.05,0.001,897,0.004459308807134894,0.0,0
n5_d20_imbFalse_assocFalse_signalFalse,legacy_lr,0.05,0.01,947,0.009503695881731784,0.0,0
n5_d20_imbFalse_assocFalse_signalFalse,legacy_lr,0.05,0.05,929,0.03767491926803014,0.0,0
n5_d20_imbFalse_assocFalse_signalFalse,legacy_lr,0.05,0.15,883,0.08267270668176671,0.0011325028312570782,0
n5_d20_imbFalse_assocFalse_signalFalse,legacy_lr,0.05,0.35,874,0.16590389016018306,0.017162471395881007,0
n5_d20_imbFalse_assocFalse_signalFalse,legacy_lr,0.15,0.001,864,0.005787037037037037,0.0,0
n5_d20_imbFalse_assocFalse_signalFalse,legacy_lr,0.15,0.01,936,0.003205128205128205,0.0,0
n5_d20_imbFalse_assocFalse_signalFalse,legacy_lr,0.15,0.05,935,0.034224598930481284,0.0,0
n5_d20_imbFalse_assocFalse_signalFalse,legacy_lr,0.15,0.15,938,0.08208955223880597,0.0010660980810234541,0
n5_d20_imbFalse_assocFalse_signalFalse,legacy_lr,0.15,0.35,928,0.11961206896551724,0.017241379310344827,1
n5_d20_imbFalse_assocFalse_signalFalse,legacy_lr,0.35,0.001,928,0.0010775862068965517,0.0,0
n5_d20_imbFalse_assocFalse_signalFalse,legacy_lr,0.35,0.01,913,0.0065717415115005475,0.0,0
n5_d20_imbFalse_assocFalse_signalFalse,legacy_lr,0.35,0.05,936,0.018162393162393164,0.0,0
n5_d20_imbFalse_assocFalse_signalFalse,legacy_lr,0.35,0.15,880,0.0625,0.0,0
n5_d20_imbFalse_assocFalse_signalFalse,legacy_lr,0.35,0.35,875,0.10514285714285715,0.004571428571428572,0
n5_d20_imbFalse_assocFalse_signalFalse,legacy_lr,0.5,0.001,861,0.008130081300813009,0.0,0
n5_d20_imbFalse_assocFalse_signalFalse,legacy_lr,0.5,0.01,871,0.0057405281285878304,0.0,0
n5_d20_imbFalse_assocFalse_signalFalse,legacy_lr,0.5,0.05,965,0.03005181347150259,0.0,0
n5_d20_imbFalse_assocFalse_signalFalse,legacy_lr,0.5,0.15,929,0.0688912809472551,0.0,0
n5_d20_imbFalse_assocFalse_signalFalse,legacy_lr,0.5,0.35,910,0.0945054945054945,0.001098901098901099,0
n5_d20_imbFalse_assocFalse_signalFalse,legacy_lr,0.65,0.001,885,0.003389830508474576,0.0,0
n5_d20_imbFalse_assocFalse_signalFalse,legacy_lr,0.65,0.01,868,0.00576036866359447,0.0,0
n5_d20_imbFalse_assocFalse_signalFalse,legacy_lr,0.65,0.05,952,0.029411764705882353,0.0,0
n5_d20_imbFalse_assocFalse_signalFalse,legacy_lr,0.65,0.15,909,0.04950495049504951,0.0,0
n5_d20_imbFalse_assocFalse_signalFalse,legacy_lr,0.65,0.35,888,0.09797297297297297,0.00563063063063063,0
n5_d20_imbFalse_assocFalse_signalFalse,legacy_lr,0.85,0.001,909,0.0033003300330033004,0.0,0
n5_d20_imbFalse_assocFalse_signalFalse,legacy_lr,0.85,0.01,895,0.01005586592178771,0.0,0
n5_d20_imbFalse_assocFalse_signalFalse,legacy_lr,0.85,0.05,902,0.02106430155210643,0.0,0
n5_d20_imbFalse_assocFalse_signalFalse,legacy_lr,0.85,0.15,985,0.05989847715736041,0.0020304568527918783,0
n5_d20_imbFalse_assocFalse_signalFalse,legacy_lr,0.85,0.35,858,0.13053613053613053,0.015151515151515152,0
n5_d20_imbFalse_assocFalse_signalFalse,legacy_lr,0.95,0.001,885,0.007909604519774011,0.0,0
n5_d20_imbFalse_assocFalse_signalFalse,legacy_lr,0.95,0.01,1005,0.005970149253731343,0.0,0
n5_d20_imbFalse_assocFalse_signalFalse,legacy_lr,0.95,0.05,875,0.025142857142857144,0.0,0
n5_d20_imbFalse_assocFalse_signalFalse,legacy_lr,0.95,0.15,864,0.06944444444444445,0.0011574074074074073,0
n5_d20_imbFalse_assocFalse_signalFalse,legacy_lr,0.95,0.35,890,0.15842696629213482,0.014606741573033709,2
n5_d20_imbFalse_assocFalse_signalFalse,legacy_lr,0.99,0.001,891,0.0,0.0,0
n5_d20_imbFalse_assocFalse_signalFalse,legacy_lr,0.99,0.01,928,0.0,0.0,0
n5_d20_imbFalse_assocFalse_signalFalse,legacy_lr,0.99,0.05,958,0.003131524008350731,0.0,0
n5_d20_imbFalse_assocFalse_signalFalse,legacy_lr,0.99,0.15,933,0.021436227224008574,0.0,0
n5_d20_imbFalse_assocFalse_signalFalse,legacy_lr,0.99,0.35,909,0.0638063806380638,0.0022002200220022,0
n5_d20_imbFalse_assocFalse_signalFalse,legacy_lr,0.999,0.001,907,0.0,0.0,0
n5_d20_imbFalse_assocFalse_signalFalse,legacy_lr,0.999,0.01,911,0.0,0.0,0
n5_d20_imbFalse_assocFalse_signalFalse,legacy_lr,0.999,0.05,946,0.0,0.0,0
n5_d20_imbFalse_assocFalse_signalFalse,legacy_lr,0.999,0.15,901,0.0011098779134295228,0.0,0
n5_d20_imbFalse_assocFalse_signalFalse,legacy_lr,0.999,0.35,959,0.006256517205422315,0.0,0
n5_d20_imbFalse_assocFalse_signalTrue,bb_lognormal_F,0.001,0.001,905,0.0,0.0,0
n5_d20_imbFalse_assocFalse_signalTrue,bb_lognormal_F,0.001,0.01,864,0.0,0.0,0
n5_d20_imbFalse_assocFalse_signalTrue,bb_lognormal_F,0.001,0.05,919,0.0,0.0,0
n5_d20_imbFalse_assocFalse_signalTrue,bb_lognormal_F,0.001,0.15,966,0.0,0.0,0
n5_d20_imbFalse_assocFalse_signalTrue,bb_lognormal_F,0.001,0.35,889,0.0,0.0,0
n5_d20_imbFalse_assocFalse_signalTrue,bb_lognormal_F,0.01,0.001,914,0.0032822757111597373,0.0,0
n5_d20_imbFalse_assocFalse_signalTrue,bb_lognormal_F,0.01,0.01,887,0.011273957158962795,0.0,0
n5_d20_imbFalse_assocFalse_signalTrue,bb_lognormal_F,0.01,0.05,926,0.0064794816414686825,0.0,0
n5_d20_imbFalse_assocFalse_signalTrue,bb_lognormal_F,0.01,0.15,870,0.006896551724137931,0.0,0
n5_d20_imbFalse_assocFalse_signalTrue,bb_lognormal_F,0.01,0.35,898,0.0011135857461024498,0.0,0
n5_d20_imbFalse_assocFalse_signalTrue,bb_lognormal_F,0.05,0.001,894,0.0145413870246085,0.0,0
n5_d20_imbFalse_assocFalse_signalTrue,bb_lognormal_F,0.05,0.01,879,0.023890784982935155,0.0,0
n5_d20_imbFalse_assocFalse_signalTrue,bb_lognormal_F,0.05,0.05,919,0.0544069640914037,0.0,0
n5_d20_imbFalse_assocFalse_signalTrue,bb_lognormal_F,0.05,0.15,920,0.07717391304347826,0.0,0
n5_d20_imbFalse_assocFalse_signalTrue,bb_lognormal_F,0.05,0.35,881,0.03178206583427923,0.0,0
n5_d20_imbFalse_assocFalse_signalTrue,bb_lognormal_F,0.15,0.001,909,0.0165016501650165,0.0,0
n5_d20_imbFalse_assocFalse_signalTrue,bb_lognormal_F,0.15,0.01,939,0.024494142705005325,0.0,0
n5_d20_imbFalse_assocFalse_signalTrue,bb_lognormal_F,0.15,0.05,941,0.04144527098831031,0.0,0
n5_d20_imbFalse_assocFalse_signalTrue,bb_lognormal_F,0.15,0.15,906,0.0706401766004415,0.002207505518763797,0
n5_d20_imbFalse_assocFalse_signalTrue,bb_lognormal_F,0.15,0.35,883,0.08040770101925254,0.0011325028312570782,0
n5_d20_imbFalse_assocFalse_signalTrue,bb_lognormal_F,0.35,0.001,889,0.019122609673790775,0.0,0
n5_d20_imbFalse_assocFalse_signalTrue,bb_lognormal_F,0.35,0.01,879,0.022753128555176336,0.0,0
n5_d20_imbFalse_assocFalse_signalTrue,bb_lognormal_F,0.35,0.05,887,0.04509582863585118,0.0,0
n5_d20_imbFalse_assocFalse_signalTrue,bb_lognormal_F,0.35,0.15,848,0.06839622641509434,0.0011792452830188679,0
n5_d20_imbFalse_assocFalse_signalTrue,bb_lognormal_F,0.35,0.35,936,0.08333333333333333,0.004273504273504274,0
n5_d20_imbFalse_assocFalse_signalTrue,bb_lognormal_F,0.5,0.001,941,0.008501594048884165,0.0,0
n5_d20_imbFalse_assocFalse_signalTrue,bb_lognormal_F,0.5,0.01,910,0.01978021978021978,0.0,0
n5_d20_imbFalse_assocFalse_signalTrue,bb_lognormal_F,0.5,0.05,884,0.04411764705882353,0.0,0
n5_d20_imbFalse_assocFalse_signalTrue,bb_lognormal_F,0.5,0.15,883,0.08154020385050963,0.0022650056625141564,0
n5_d20_imbFalse_assocFalse_signalTrue,bb_lognormal_F,0.5,0.35,906,0.07836644591611479,0.002207505518763797,0
n5_d20_imbFalse_assocFalse_signalTrue,bb_lognormal_F,0.65,0.001,882,0.01473922902494331,0.0,0
n5_d20_imbFalse_assocFalse_signalTrue,bb_lognormal_F,0.65,0.01,969,0.021671826625386997,0.0,0
n5_d20_imbFalse_assocFalse_signalTrue,bb_lognormal_F,0.65,0.05,884,0.04524886877828054,0.0,0
n5_d20_imbFalse_assocFalse_signalTrue,bb_lognormal_F,0.65,0.15,878,0.06605922551252848,0.0,0
n5_d20_imbFalse_assocFalse_signalTrue,bb_lognormal_F,0.65,0.35,899,0.08231368186874305,0.0011123470522803114,0
n5_d20_imbFalse_assocFalse_signalTrue,bb_lognormal_F,0.85,0.001,890,0.007865168539325843,0.0,0
n5_d20_imbFalse_assocFalse_signalTrue,bb_lognormal_F,0.85,0.01,856,0.01985981308411215,0.0,0
n5_d20_imbFalse_assocFalse_signalTrue,bb_lognormal_F,0.85,0.05,960,0.04583333333333333,0.0,0
n5_d20_imbFalse_assocFalse_signalTrue,bb_lognormal_F,0.85,0.15,888,0.059684684684684686,0.0,0
n5_d20_imbFalse_assocFalse_signalTrue,bb_lognormal_F,0.85,0.35,863,0.0776361529548088,0.0011587485515643105,0
n5_d20_imbFalse_assocFalse_signalTrue,bb_lognormal_F,0.95,0.001,867,0.01384083044982699,0.0,0
n5_d20_imbFalse_assocFalse_signalTrue,bb_lognormal_F,0.95,0.01,887,0.018038331454340473,0.0,0
n5_d20_imbFalse_assocFalse_signalTrue,bb_lognormal_F,0.95,0.05,911,0.048298572996706916,0.0,0
n5_d20_imbFalse_assocFalse_signalTrue,bb_lognormal_F,0.95,0.15,869,0.05638665132336018,0.0011507479861910242,0
n5_d20_imbFalse_assocFalse_signalTrue,bb_lognormal_F,0.95,0.35,929,0.03229278794402583,0.0,0
n5_d20_imbFalse_assocFalse_signalTrue,bb_lognormal_F,0.99,0.001,946,0.003171247357293869,0.0,0
n5_d20_imbFalse_assocFalse_signalTrue,bb_lognormal_F,0.99,0.01,920,0.013043478260869565,0.0,0
n5_d20_imbFalse_assocFalse_signalTrue,bb_lognormal_F,0.99,0.05,863,0.013904982618771726,0.0,0
n5_d20_imbFalse_assocFalse_signalTrue,bb_lognormal_F,0.99,0.15,919,0.004352557127312296,0.0,0
n5_d20_imbFalse_assocFalse_signalTrue,bb_lognormal_F,0.99,0.35,883,0.0022650056625141564,0.0,0
n5_d20_imbFalse_assocFalse_signalTrue,bb_lognormal_F,0.999,0.001,876,0.0,0.0,0
n5_d20_imbFalse_assocFalse_signalTrue,bb_lognormal_F,0.999,0.01,838,0.0,0.0,0
n5_d20_imbFalse_assocFalse_signalTrue,bb_lognormal_F,0.999,0.05,914,0.0,0.0,0
n5_d20_imbFalse_assocFalse_signalTrue,bb_lognormal_F,0.999,0.15,912,0.0,0.0,0
n5_d20_imbFalse_assocFalse_signalTrue,bb_lognormal_F,0.999,0.35,931,0.0,0.0,0
n5_d20_imbFalse_assocFalse_signalTrue,bb_lognormal_chi2,0.001,0.001,905,0.0,0.0,0
n5_d20_imbFalse_assocFalse_signalTrue,bb_lognormal_chi2,0.001,0.01,864,0.0,0.0,0
n5_d20_imbFalse_assocFalse_signalTrue,bb_lognormal_chi2,0.001,0.05,919,0.002176278563656148,0.0,0
n5_d20_imbFalse_assocFalse_signalTrue,bb_lognormal_chi2,0.001,0.15,966,0.0010351966873706005,0.0,0
n5_d20_imbFalse_assocFalse_signalTrue,bb_lognormal_chi2,0.001,0.35,889,0.0,0.0,0
n5_d20_imbFalse_assocFalse_signalTrue,bb_lognormal_chi2,0.01,0.001,914,0.02954048140043764,0.0,0
n5_d20_imbFalse_assocFalse_signalTrue,bb_lognormal_chi2,0.01,0.01,887,0.043968432919954906,0.0,0
n5_d20_imbFalse_assocFalse_signalTrue,bb_lognormal_chi2,0.01,0.05,926,0.029157667386609073,0.0,0
n5_d20_imbFalse_assocFalse_signalTrue,bb_lognormal_chi2,0.01,0.15,870,0.026436781609195402,0.0,0
n5_d20_imbFalse_assocFalse_signalTrue,bb_lognormal_chi2,0.01,0.35,898,0.01002227171492205,0.0,0
n5_d20_imbFalse_assocFalse_signalTrue,bb_lognormal_chi2,0.05,0.001,894,0.03355704697986577,0.0,0
n5_d20_imbFalse_assocFalse_signalTrue,bb_lognormal_chi2,0.05,0.01,879,0.05005688282138794,0.0,0
n5_d20_imbFalse_assocFalse_signalTrue,bb_lognormal_chi2,0.05,0.05,919,0.09793253536452666,0.006528835690968444,4
n5_d20_imbFalse_assocFalse_signalTrue,bb_lognormal_chi2,0.05,0.15,920,0.11413043478260869,0.007608695652173913,3
n5_d20_imbFalse_assocFalse_signalTrue,bb_lognormal_chi2,0.05,0.35,881,0.0851305334846765,0.0,0
n5_d20_imbFalse_assocFalse_signalTrue,bb_lognormal_chi2,0.15,0.001,909,0.036303630363036306,0.0,0
n5_d20_imbFalse_assocFalse_signalTrue,bb_lognormal_chi2,0.15,0.01,939,0.05218317358892439,0.002129925452609159,0
n5_d20_imbFalse_assocFalse_signalTrue,bb_lognormal_chi2,0.15,0.05,941,0.07863974495217853,0.005313496280552604,3
n5_d20_imbFalse_assocFalse_signalTrue,bb_lognormal_chi2,0.15,0.15,906,0.12582781456953643,0.013245033112582781,7
n5_d20_imbFalse_assocFalse_signalTrue,bb_lognormal_chi2,0.15,0.35,883,0.1143827859569649,0.01698754246885617,11
n5_d20_imbFalse_assocFalse_signalTrue,bb_lognormal_chi2,0.35,0.001,889,0.047244094488188976,0.0,0
n5_d20_imbFalse_assocFalse_signalTrue,bb_lognormal_chi2,0.35,0.01,879,0.051194539249146756,0.0022753128555176336,0
n5_d20_imbFalse_assocFalse_signalTrue,bb_lognormal_chi2,0.35,0.05,887,0.08455467869222097,0.004509582863585118,3
n5_d20_imbFalse_assocFalse_signalTrue,bb_lognormal_chi2,0.35,0.15,848,0.12617924528301888,0.018867924528301886,8
n5_d20_imbFalse_assocFalse_signalTrue,bb_lognormal_chi2,0.35,0.35,936,0.11858974358974358,0.03205128205128205,20
n5_d20_imbFalse_assocFalse_signalTrue,bb_lognormal_chi2,0.5,0.001,941,0.03825717321997875,0.0,0
n5_d20_imbFalse_assocFalse_signalTrue,bb_lognormal_chi2,0.5,0.01,910,0.05384615384615385,0.0,0
n5_d20_imbFalse_assocFalse_signalTrue,bb_lognormal_chi2,0.5,0.05,884,0.083710407239819,0.005656108597285068,1
n5_d20_imbFalse_assocFalse_signalTrue,bb_lognormal_chi2,0.5,0.15,883,0.12231030577576443,0.021517553793884484,11
n5_d20_imbFalse_assocFalse_signalTrue,bb_lognormal_chi2,0.5,0.35,906,0.12582781456953643,0.02097130242825607,12
n5_d20_imbFalse_assocFalse_signalTrue,bb_lognormal_chi2,0.65,0.001,882,0.04195011337868481,0.0011337868480725624,1
n5_d20_imbFalse_assocFalse_signalTrue,bb_lognormal_chi2,0.65,0.01,969,0.054695562435500514,0.0010319917440660474,0
n5_d20_imbFalse_assocFalse_signalTrue,bb_lognormal_chi2,0.65,0.05,884,0.08823529411764706,0.003393665158371041,2
n5_d20_imbFalse_assocFalse_signalTrue,bb_lognormal_chi2,0.65,0.15,878,0.11731207289293849,0.014806378132118452,11
n5_d20_imbFalse_assocFalse_signalTrue,bb_lognormal_chi2,0.65,0.35,899,0.12903225806451613,0.02335928809788654,15
n5_d20_imbFalse_assocFalse_signalTrue,bb_lognormal_chi2,0.85,0.001,890,0.028089887640449437,0.0011235955056179776,0
n5_d20_imbFalse_assocFalse_signalTrue,bb_lognormal_chi2,0.85,0.01,856,0.04789719626168224,0.0011682242990654205,0
n5_d20_imbFalse_assocFalse_signalTrue,bb_lognormal_chi2,0.85,0.05,960,0.09375,0.007291666666666667,2
n5_d20_imbFalse_assocFalse_signalTrue,bb_lognormal_chi2,0.85,0.15,888,0.10585585585585586,0.01126126126126126,5
n5_d20_imbFalse_assocFalse_signalTrue,bb_lognormal_chi2,0.85,0.35,863,0.11123986095017381,0.008111239860950173,3
n5_d20_imbFalse_assocFalse_signalTrue,bb_lognormal_chi2,0.95,0.001,867,0.03575547866205306,0.002306805074971165,1
n5_d20_imbFalse_assocFalse_signalTrue,bb_lognormal_chi2,0.95,0.01,887,0.05749718151071026,0.002254791431792559,1
n5_d20_imbFalse_assocFalse_signalTrue,bb_lognormal_chi2,0.95,0.05,911,0.0889132821075741,0.003293084522502744,0
n5_d20_imbFalse_assocFalse_signalTrue,bb_lognormal_chi2,0.95,0.15,869,0.10586881472957423,0.005753739930955121,4
n5_d20_imbFalse_assocFalse_signalTrue,bb_lognormal_chi2,0.95,0.35,929,0.06996770721205597,0.0,0
n5_d20_imbFalse_assocFalse_signalTrue,bb_lognormal_chi2,0.99,0.001,946,0.04334038054968287,0.0,0
n5_d20_imbFalse_assocFalse_signalTrue,bb_lognormal_chi2,0.99,0.01,920,0.04021739130434782,0.0,0
n5_d20_imbFalse_assocFalse_signalTrue,bb_lognormal_chi2,0.99,0.05,863,0.04287369640787949,0.0,0
n5_d20_imbFalse_assocFalse_signalTrue,bb_lognormal_chi2,0.99,0.15,919,0.023939064200217627,0.0,0
n5_d20_imbFalse_assocFalse_signalTrue,bb_lognormal_chi2,0.99,0.35,883,0.011325028312570781,0.0,0
n5_d20_imbFalse_assocFalse_signalTrue,bb_lognormal_chi2,0.999,0.001,876,0.0,0.0,0
n5_d20_imbFalse_assocFalse_signalTrue,bb_lognormal_chi2,0.999,0.01,838,0.0,0.0,0
n5_d20_imbFalse_assocFalse_signalTrue,bb_lognormal_chi2,0.999,0.05,914,0.0,0.0,0
n5_d20_imbFalse_assocFalse_signalTrue,bb_lognormal_chi2,0.999,0.15,912,0.0010964912280701754,0.0,0
n5_d20_imbFalse_assocFalse_signalTrue,bb_lognormal_chi2,0.999,0.35,931,0.0,0.0,0
n5_d20_imbFalse_assocFalse_signalTrue,legacy_lr,0.001,0.001,905,0.0,0.0,0
n5_d20_imbFalse_assocFalse_signalTrue,legacy_lr,0.001,0.01,864,0.0,0.0,0
n5_d20_imbFalse_assocFalse_signalTrue,legacy_lr,0.001,0.05,919,0.0,0.0,0
n5_d20_imbFalse_assocFalse_signalTrue,legacy_lr,0.001,0.15,966,0.004140786749482402,0.0,0
n5_d20_imbFalse_assocFalse_signalTrue,legacy_lr,0.001,0.35,889,0.00562429696287964,0.0,0
n5_d20_imbFalse_assocFalse_signalTrue,legacy_lr,0.01,0.001,914,0.0,0.0,0
n5_d20_imbFalse_assocFalse_signalTrue,legacy_lr,0.01,0.01,887,0.0,0.0,0
n5_d20_imbFalse_assocFalse_signalTrue,legacy_lr,0.01,0.05,926,0.005399568034557235,0.0,0
n5_d20_imbFalse_assocFalse_signalTrue,legacy_lr,0.01,0.15,870,0.0367816091954023,0.0,0
n5_d20_imbFalse_assocFalse_signalTrue,legacy_lr,0.01,0.35,898,0.0645879732739421,0.004454342984409799,0
n5_d20_imbFalse_assocFalse_signalTrue,legacy_lr,0.05,0.001,894,0.003355704697986577,0.0,0
n5_d20_imbFalse_assocFalse_signalTrue,legacy_lr,0.05,0.01,879,0.0022753128555176336,0.0,0
n5_d20_imbFalse_assocFalse_signalTrue,legacy_lr,0.05,0.05,919,0.030467899891186073,0.0,0
n5_d20_imbFalse_assocFalse_signalTrue,legacy_lr,0.05,0.15,920,0.08152173913043478,0.0,0
n5_d20_imbFalse_assocFalse_signalTrue,legacy_lr,0.05,0.35,881,0.1623155505107832,0.014755959137343927,1
n5_d20_imbFalse_assocFalse_signalTrue,legacy_lr,0.15,0.001,909,0.0033003300330033004,0.0,0
n5_d20_imbFalse_assocFalse_signalTrue,legacy_lr,0.15,0.01,939,0.010649627263045794,0.0,0
n5_d20_imbFalse_assocFalse_signalTrue,legacy_lr,0.15,0.05,941,0.02763018065887354,0.0,0
n5_d20_imbFalse_assocFalse_signalTrue,legacy_lr,0.15,0.15,906,0.0706401766004415,0.002207505518763797,0
n5_d20_imbFalse_assocFalse_signalTrue,legacy_lr,0.15,0.35,883,0.1291053227633069,0.015855039637599093,6
n5_d20_imbFalse_assocFalse_signalTrue,legacy_lr,0.35,0.001,889,0.006749156355455568,0.0,0
n5_d20_imbFalse_assocFalse_signalTrue,legacy_lr,0.35,0.01,879,0.009101251422070534,0.0,0
n5_d20_imbFalse_assocFalse_signalTrue,legacy_lr,0.35,0.05,887,0.02254791431792559,0.0,0
n5_d20_imbFalse_assocFalse_signalTrue,legacy_lr,0.35,0.15,848,0.06132075471698113,0.0011792452830188679,0
n5_d20_imbFalse_assocFalse_signalTrue,legacy_lr,0.35,0.35,936,0.10683760683760683,0.010683760683760684,1
n5_d20_imbFalse_assocFalse_signalTrue,legacy_lr,0.5,0.001,941,0.0,0.0,0
n5_d20_imbFalse_assocFalse_signalTrue,legacy_lr,0.5,0.01,910,0.006593406593406593,0.0,0
n5_d20_imbFalse_assocFalse_signalTrue,legacy_lr,0.5,0.05,884,0.024886877828054297,0.0,0
n5_d20_imbFalse_assocFalse_signalTrue,legacy_lr,0.5,0.15,883,0.07134767836919592,0.0022650056625141564,0
n5_d20_imbFalse_assocFalse_signalTrue,legacy_lr,0.5,0.35,906,0.09823399558498896,0.005518763796909493,0
n5_d20_imbFalse_assocFalse_signalTrue,legacy_lr,0.65,0.001,882,0.0045351473922902496,0.0,0
n5_d20_imbFalse_assocFalse_signalTrue,legacy_lr,0.65,0.01,969,0.008255933952528379,0.0,0
n5_d20_imbFalse_assocFalse_signalTrue,legacy_lr,0.65,0.05,884,0.01809954751131222,0.0,0
n5_d20_imbFalse_assocFalse_signalTrue,legacy_lr,0.65,0.15,878,0.05466970387243736,0.0,0
n5_d20_imbFalse_assocFalse_signalTrue,legacy_lr,0.65,0.35,899,0.11012235817575083,0.0033370411568409346,0
n5_d20_imbFalse_assocFalse_signalTrue,legacy_lr,0.85,0.001,890,0.0056179775280898875,0.0,0
n5_d20_imbFalse_assocFalse_signalTrue,legacy_lr,0.85,0.01,856,0.005841121495327103,0.0,0
n5_d20_imbFalse_assocFalse_signalTrue,legacy_lr,0.85,0.05,960,0.026041666666666668,0.0,0
n5_d20_imbFalse_assocFalse_signalTrue,legacy_lr,0.85,0.15,888,0.061936936936936936,0.0011261261261261261,0
n5_d20_imbFalse_assocFalse_signalTrue,legacy_lr,0.85,0.35,863,0.13904982618771727,0.013904982618771726,7
n5_d20_imbFalse_assocFalse_signalTrue,legacy_lr,0.95,0.001,867,0.002306805074971165,0.0,0
n5_d20_imbFalse_assocFalse_signalTrue,legacy_lr,0.95,0.01,887,0.004509582863585118,0.0,0
n5_d20_imbFalse_assocFalse_signalTrue,legacy_lr,0.95,0.05,911,0.021953896816684963,0.0,0
n5_d20_imbFalse_assocFalse_signalTrue,legacy_lr,0.95,0.15,869,0.07940161104718067,0.004602991944764097,0
n5_d20_imbFalse_assocFalse_signalTrue,legacy_lr,0.95,0.35,929,0.15069967707212056,0.015069967707212056,1
n5_d20_imbFalse_assocFalse_signalTrue,legacy_lr,0.99,0.001,946,0.0,0.0,0
n5_d20_imbFalse_assocFalse_signalTrue,legacy_lr,0.99,0.01,920,0.0,0.0,0
n5_d20_imbFalse_assocFalse_signalTrue,legacy_lr,0.99,0.05,863,0.005793742757821553,0.0,0
n5_d20_imbFalse_assocFalse_signalTrue,legacy_lr,0.99,0.15,919,0.028291621327529923,0.0,0
n5_d20_imbFalse_assocFalse_signalTrue,legacy_lr,0.99,0.35,883,0.052095130237825596,0.0022650056625141564,1
n5_d20_imbFalse_assocFalse_signalTrue,legacy_lr,0.999,0.001,876,0.0,0.0,0
n5_d20_imbFalse_assocFalse_signalTrue,legacy_lr,0.999,0.01,838,0.0,0.0,0
n5_d20_imbFalse_assocFalse_signalTrue,legacy_lr,0.999,0.05,914,0.0,0.0,0
n5_d20_imbFalse_assocFalse_signalTrue,legacy_lr,0.999,0.15,912,0.005482456140350877,0.0,0
n5_d20_imbFalse_assocFalse_signalTrue,legacy_lr,0.999,0.35,931,0.00644468313641246,0.0,0
n5_d20_imbTrue_assocFalse_signalFalse,bb_lognormal_F,0.001,0.001,932,0.0,0.0,0
n5_d20_imbTrue_assocFalse_signalFalse,bb_lognormal_F,0.001,0.01,926,0.0010799136069114472,0.0,0
n5_d20_imbTrue_assocFalse_signalFalse,bb_lognormal_F,0.001,0.05,930,0.0,0.0,0
n5_d20_imbTrue_assocFalse_signalFalse,bb_lognormal_F,0.001,0.15,896,0.0,0.0,0
n5_d20_imbTrue_assocFalse_signalFalse,bb_lognormal_F,0.001,0.35,905,0.0,0.0,0
n5_d20_imbTrue_assocFalse_signalFalse,bb_lognormal_F,0.01,0.001,918,0.002178649237472767,0.0,0
n5_d20_imbTrue_assocFalse_signalFalse,bb_lognormal_F,0.01,0.01,876,0.0091324200913242,0.0,0
n5_d20_imbTrue_assocFalse_signalFalse,bb_lognormal_F,0.01,0.05,936,0.01282051282051282,0.0,0
n5_d20_imbTrue_assocFalse_signalFalse,bb_lognormal_F,0.01,0.15,935,0.014973262032085561,0.0,0
n5_d20_imbTrue_assocFalse_signalFalse,bb_lognormal_F,0.01,0.35,913,0.0032858707557502738,0.0,0
n5_d20_imbTrue_assocFalse_signalFalse,bb_lognormal_F,0.05,0.001,932,0.013948497854077254,0.0,0
n5_d20_imbTrue_assocFalse_signalFalse,bb_lognormal_F,0.05,0.01,934,0.02676659528907923,0.0,0
n5_d20_imbTrue_assocFalse_signalFalse,bb_lognormal_F,0.05,0.05,925,0.05081081081081081,0.0,0
n5_d20_imbTrue_assocFalse_signalFalse,bb_lognormal_F,0.05,0.15,965,0.06839378238341969,0.0,0
n5_d20_imbTrue_assocFalse_signalFalse,bb_lognormal_F,0.05,0.35,888,0.038288288288288286,0.0,0
n5_d20_imbTrue_assocFalse_signalFalse,bb_lognormal_F,0.15,0.001,916,0.012008733624454149,0.0,0
n5_d20_imbTrue_assocFalse_signalFalse,bb_lognormal_F,0.15,0.01,908,0.02973568281938326,0.0,0
n5_d20_imbTrue_assocFalse_signalFalse,bb_lognormal_F,0.15,0.05,892,0.06726457399103139,0.0,0
n5_d20_imbTrue_assocFalse_signalFalse,bb_lognormal_F,0.15,0.15,889,0.08886389201349831,0.0022497187851518562,0
n5_d20_imbTrue_assocFalse_signalFalse,bb_lognormal_F,0.15,0.35,925,0.08540540540540541,0.003243243243243243,0
n5_d20_imbTrue_assocFalse_signalFalse,bb_lognormal_F,0.35,0.001,898,0.011135857461024499,0.0,0
n5_d20_imbTrue_assocFalse_signalFalse,bb_lognormal_F,0.35,0.01,916,0.02947598253275109,0.0,0
n5_d20_imbTrue_assocFalse_signalFalse,bb_lognormal_F,0.35,0.05,884,0.048642533936651584,0.0,0
n5_d20_imbTrue_assocFalse_signalFalse,bb_lognormal_F,0.35,0.15,905,0.09613259668508287,0.0022099447513812156,0
n5_d20_imbTrue_assocFalse_signalFalse,bb_lognormal_F,0.35,0.35,889,0.0764904386951631,0.006749156355455568,0
n5_d20_imbTrue_assocFalse_signalFalse,bb_lognormal_F,0.5,0.001,879,0.01478953356086462,0.0,0
n5_d20_imbTrue_assocFalse_signalFalse,bb_lognormal_F,0.5,0.01,932,0.017167381974248927,0.0,0
n5_d20_imbTrue_assocFalse_signalFalse,bb_lognormal_F,0.5,0.05,870,0.08620689655172414,0.0011494252873563218,0
n5_d20_imbTrue_assocFalse_signalFalse,bb_lognormal_F,0.5,0.15,870,0.09655172413793103,0.0011494252873563218,0
n5_d20_imbTrue_assocFalse_signalFalse,bb_lognormal_F,0.5,0.35,900,0.07111111111111111,0.0022222222222222222,0
n5_d20_imbTrue_assocFalse_signalFalse,bb_lognormal_F,0.65,0.001,949,0.01791359325605901,0.0,0
n5_d20_imbTrue_assocFalse_signalFalse,bb_lognormal_F,0.65,0.01,897,0.0189520624303233,0.0,0
n5_d20_imbTrue_assocFalse_signalFalse,bb_lognormal_F,0.65,0.05,890,0.06629213483146068,0.0,0
n5_d20_imbTrue_assocFalse_signalFalse,bb_lognormal_F,0.65,0.15,925,0.08972972972972973,0.0,0
n5_d20_imbTrue_assocFalse_signalFalse,bb_lognormal_F,0.65,0.35,937,0.09071504802561366,0.0064034151547491995,0
n5_d20_imbTrue_assocFalse_signalFalse,bb_lognormal_F,0.85,0.001,878,0.010250569476082005,0.0,0
n5_d20_imbTrue_assocFalse_signalFalse,bb_lognormal_F,0.85,0.01,907,0.02866593164277839,0.0,0
n5_d20_imbTrue_assocFalse_signalFalse,bb_lognormal_F,0.85,0.05,885,0.062146892655367235,0.0,0
n5_d20_imbTrue_assocFalse_signalFalse,bb_lognormal_F,0.85,0.15,937,0.08858057630736393,0.0,0
n5_d20_imbTrue_assocFalse_signalFalse,bb_lognormal_F,0.85,0.35,968,0.0743801652892562,0.002066115702479339,0
n5_d20_imbTrue_assocFalse_signalFalse,bb_lognormal_F,0.95,0.001,870,0.01839080459770115,0.0,0
n5_d20_imbTrue_assocFalse_signalFalse,bb_lognormal_F,0.95,0.01,941,0.024442082890541977,0.0,0
n5_d20_imbTrue_assocFalse_signalFalse,bb_lognormal_F,0.95,0.05,864,0.06828703703703703,0.0,0
n5_d20_imbTrue_assocFalse_signalFalse,bb_lognormal_F,0.95,0.15,866,0.06928406466512702,0.0,0
n5_d20_imbTrue_assocFalse_signalFalse,bb_lognormal_F,0.95,0.35,966,0.050724637681159424,0.0010351966873706005,0
n5_d20_imbTrue_assocFalse_signalFalse,bb_lognormal_F,0.99,0.001,913,0.002190580503833516,0.0,0
n5_d20_imbTrue_assocFalse_signalFalse,bb_lognormal_F,0.99,0.01,864,0.009259259259259259,0.0,0
n5_d20_imbTrue_assocFalse_signalFalse,bb_lognormal_F,0.99,0.05,926,0.004319654427645789,0.0,0
n5_d20_imbTrue_assocFalse_signalFalse,bb_lognormal_F,0.99,0.15,918,0.007625272331154684,0.0,0
n5_d20_imbTrue_assocFalse_signalFalse,bb_lognormal_F,0.99,0.35,913,0.001095290251916758,0.0,0
n5_d20_imbTrue_assocFalse_signalFalse,bb_lognormal_F,0.999,0.001,880,0.0,0.0,0
n5_d20_imbTrue_assocFalse_signalFalse,bb_lognormal_F,0.999,0.01,943,0.0,0.0,0
n5_d20_imbTrue_assocFalse_signalFalse,bb_lognormal_F,0.999,0.05,929,0.0,0.0,0
n5_d20_imbTrue_assocFalse_signalFalse,bb_lognormal_F,0.999,0.15,887,0.0,0.0,0
n5_d20_imbTrue_assocFalse_signalFalse,bb_lognormal_F,0.999,0.35,863,0.0,0.0,0
n5_d20_imbTrue_assocFalse_signalFalse,bb_lognormal_chi2,0.001,0.001,932,0.001072961373390558,0.0,0
n5_d20_imbTrue_assocFalse_signalFalse,bb_lognormal_chi2,0.001,0.01,926,0.0021598272138228943,0.0,0
n5_d20_imbTrue_assocFalse_signalFalse,bb_lognormal_chi2,0.001,0.05,930,0.002150537634408602,0.0,0
n5_d20_imbTrue_assocFalse_signalFalse,bb_lognormal_chi2,0.001,0.15,896,0.0,0.0,0
n5_d20_imbTrue_assocFalse_signalFalse,bb_lognormal_chi2,0.001,0.35,905,0.0,0.0,0
n5_d20_imbTrue_assocFalse_signalFalse,bb_lognormal_chi2,0.01,0.001,918,0.026143790849673203,0.0,0
n5_d20_imbTrue_assocFalse_signalFalse,bb_lognormal_chi2,0.01,0.01,876,0.028538812785388126,0.0,0
n5_d20_imbTrue_assocFalse_signalFalse,bb_lognormal_chi2,0.01,0.05,936,0.0438034188034188,0.0,0
n5_d20_imbTrue_assocFalse_signalFalse,bb_lognormal_chi2,0.01,0.15,935,0.03208556149732621,0.0021390374331550803,0
n5_d20_imbTrue_assocFalse_signalFalse,bb_lognormal_chi2,0.01,0.35,913,0.007667031763417305,0.0,0
n5_d20_imbTrue_assocFalse_signalFalse,bb_lognormal_chi2,0.05,0.001,932,0.04291845493562232,0.001072961373390558,0
n5_d20_imbTrue_assocFalse_signalFalse,bb_lognormal_chi2,0.05,0.01,934,0.05353319057815846,0.0,0
n5_d20_imbTrue_assocFalse_signalFalse,bb_lognormal_chi2,0.05,0.05,925,0.09945945945945946,0.003243243243243243,0
n5_d20_imbTrue_assocFalse_signalFalse,bb_lognormal_chi2,0.05,0.15,965,0.12331606217616581,0.00932642487046632,5
n5_d20_imbTrue_assocFalse_signalFalse,bb_lognormal_chi2,0.05,0.35,888,0.08896396396396396,0.0022522522522522522,1
n5_d20_imbTrue_assocFalse_signalFalse,bb_lognormal_chi2,0.15,0.001,916,0.03384279475982533,0.0,0
n5_d20_imbTrue_assocFalse_signalFalse,bb_lognormal_chi2,0.15,0.01,908,0.051762114537444934,0.0022026431718061676,1
n5_d20_imbTrue_assocFalse_signalFalse,bb_lognormal_chi2,0.15,0.05,892,0.1210762331838565,0.011210762331838564,3
n5_d20_imbTrue_assocFalse_signalFalse,bb_lognormal_chi2,0.15,0.15,889,0.13948256467941508,0.021372328458942633,12
n5_d20_imbTrue_assocFalse_signalFalse,bb_lognormal_chi2,0.15,0.35,925,0.13297297297297297,0.023783783783783784,12
n5_d20_imbTrue_assocFalse_signalFalse,bb_lognormal_chi2,0.35,0.001,898,0.035634743875278395,0.0011135857461024498,0
n5_d20_imbTrue_assocFalse_signalFalse,bb_lognormal_chi2,0.35,0.01,916,0.06768558951965066,0.001091703056768559,0
n5_d20_imbTrue_assocFalse_signalFalse,bb_lognormal_chi2,0.35,0.05,884,0.09954751131221719,0.007918552036199095,4
n5_d20_imbTrue_assocFalse_signalFalse,bb_lognormal_chi2,0.35,0.15,905,0.1558011049723757,0.02983425414364641,16
n5_d20_imbTrue_assocFalse_signalFalse,bb_lognormal_chi2,0.35,0.35,889,0.12935883014623173,0.02924634420697413,15
n5_d20_imbTrue_assocFalse_signalFalse,bb_lognormal_chi2,0.5,0.001,879,0.03981797497155859,0.0,0
n5_d20_imbTrue_assocFalse_signalFalse,bb_lognormal_chi2,0.5,0.01,932,0.05686695278969957,0.001072961373390558,0
n5_d20_imbTrue_assocFalse_signalFalse,bb_lognormal_chi2,0.5,0.05,870,0.12643678160919541,0.021839080459770115,11
n5_d20_imbTrue_assocFalse_signalFalse,bb_lognormal_chi2,0.5,0.15,870,0.1413793103448276,0.0367816091954023,17
n5_d20_imbTrue_assocFalse_signalFalse,bb_lognormal_chi2,0.5,0.35,900,0.11555555555555555,0.021111111111111112,7
n5_d20_imbTrue_assocFalse_signalFalse,bb_lognormal_chi2,0.65,0.001,949,0.032665964172813484,0.0,0
n5_d20_imbTrue_assocFalse_signalFalse,bb_lognormal_chi2,0.65,0.01,897,0.057971014492753624,0.0011148272017837235,0
n5_d20_imbTrue_assocFalse_signalFalse,bb_lognormal_chi2,0.65,0.05,890,0.1101123595505618,0.011235955056179775,4
n5_d20_imbTrue_assocFalse_signalFalse,bb_lognormal_chi2,0.65,0.15,925,0.1372972972972973,0.025945945945945945,12
n5_d20_imbTrue_assocFalse_signalFalse,bb_lognormal_chi2,0.65,0.35,937,0.13660618996798293,0.033084311632870865,21
n5_d20_imbTrue_assocFalse_signalFalse,bb_lognormal_chi2,0.85,0.001,878,0.03986332574031891,0.0,0
n5_d20_imbTrue_assocFalse_signalFalse,bb_lognormal_chi2,0.85,0.01,907,0.05843439911797133,0.0033076074972436605,0
n5_d20_imbTrue_assocFalse_signalFalse,bb_lognormal_chi2,0.85,0.05,885,0.11864406779661017,0.006779661016949152,0
n5_d20_imbTrue_assocFalse_signalFalse,bb_lognormal_chi2,0.85,0.15,937,0.1344717182497332,0.021344717182497332,11
n5_d20_imbTrue_assocFalse_signalFalse,bb_lognormal_chi2,0.85,0.35,968,0.12086776859504132,0.02169421487603306,10
n5_d20_imbTrue_assocFalse_signalFalse,bb_lognormal_chi2,0.95,0.001,870,0.054022988505747126,0.0011494252873563218,0
n5_d20_imbTrue_assocFalse_signalFalse,bb_lognormal_chi2,0.95,0.01,941,0.06801275239107332,0.0010626992561105207,1
n5_d20_imbTrue_assocFalse_signalFalse,bb_lognormal_chi2,0.95,0.05,864,0.11805555555555555,0.008101851851851851,2
n5_d20_imbTrue_assocFalse_signalFalse,bb_lognormal_chi2,0.95,0.15,866,0.12933025404157045,0.009237875288683603,5
n5_d20_imbTrue_assocFalse_signalFalse,bb_lognormal_chi2,0.95,0.35,966,0.10559006211180125,0.008281573498964804,2
n5_d20_imbTrue_assocFalse_signalFalse,bb_lognormal_chi2,0.99,0.001,913,0.019715224534501644,0.0,0
n5_d20_imbTrue_assocFalse_signalFalse,bb_lognormal_chi2,0.99,0.01,864,0.04398148148148148,0.0,0
n5_d20_imbTrue_assocFalse_signalFalse,bb_lognormal_chi2,0.99,0.05,926,0.024838012958963283,0.0,0
n5_d20_imbTrue_assocFalse_signalFalse,bb_lognormal_chi2,0.99,0.15,918,0.027233115468409588,0.0,0
n5_d20_imbTrue_assocFalse_signalFalse,bb_lognormal_chi2,0.99,0.35,913,0.007667031763417305,0.0,0
n5_d20_imbTrue_assocFalse_signalFalse,bb_lognormal_chi2,0.999,0.001,880,0.0,0.0,0
n5_d20_imbTrue_assocFalse_signalFalse,bb_lognormal_chi2,0.999,0.01,943,0.0,0.0,0
n5_d20_imbTrue_assocFalse_signalFalse,bb_lognormal_chi2,0.999,0.05,929,0.0,0.0,0
n5_d20_imbTrue_assocFalse_signalFalse,bb_lognormal_chi2,0.999,0.15,887,0.0,0.0,0
n5_d20_imbTrue_assocFalse_signalFalse,bb_lognormal_chi2,0.999,0.35,863,0.0,0.0,0
n5_d20_imbTrue_assocFalse_signalFalse,legacy_lr,0.001,0.001,932,0.0,0.0,0
n5_d20_imbTrue_assocFalse_signalFalse,legacy_lr,0.001,0.01,926,0.0,0.0,0
n5_d20_imbTrue_assocFalse_signalFalse,legacy_lr,0.001,0.05,930,0.0,0.0,0
n5_d20_imbTrue_assocFalse_signalFalse,legacy_lr,0.001,0.15,896,0.004464285714285714,0.0,0
n5_d20_imbTrue_assocFalse_signalFalse,legacy_lr,0.001,0.35,905,0.004419889502762431,0.0011049723756906078,0
n5_d20_imbTrue_assocFalse_signalFalse,legacy_lr,0.01,0.001,918,0.0,0.0,0
n5_d20_imbTrue_assocFalse_signalFalse,legacy_lr,0.01,0.01,876,0.0,0.0,0
n5_d20_imbTrue_assocFalse_signalFalse,legacy_lr,0.01,0.05,936,0.010683760683760684,0.0,0
n5_d20_imbTrue_assocFalse_signalFalse,legacy_lr,0.01,0.15,935,0.0481283422459893,0.0,0
n5_d20_imbTrue_assocFalse_signalFalse,legacy_lr,0.01,0.35,913,0.06790799561883899,0.013143483023001095,6
n5_d20_imbTrue_assocFalse_signalFalse,legacy_lr,0.05,0.001,932,0.002145922746781116,0.0,0
n5_d20_imbTrue_assocFalse_signalFalse,legacy_lr,0.05,0.01,934,0.0053533190578158455,0.0,0
n5_d20_imbTrue_assocFalse_signalFalse,legacy_lr,0.05,0.05,925,0.04,0.0,0
n5_d20_imbTrue_assocFalse_signalFalse,legacy_lr,0.05,0.15,965,0.11917098445595854,0.008290155440414507,0
n5_d20_imbTrue_assocFalse_signalFalse,legacy_lr,0.05,0.35,888,0.1858108108108108,0.03265765765765766,13
n5_d20_imbTrue_assocFalse_signalFalse,legacy_lr,0.15,0.001,916,0.0054585152838427945,0.0,0
n5_d20_imbTrue_assocFalse_signalFalse,legacy_lr,0.15,0.01,908,0.012114537444933921,0.0,0
n5_d20_imbTrue_assocFalse_signalFalse,legacy_lr,0.15,0.05,892,0.03923766816143498,0.0,0
n5_d20_imbTrue_assocFalse_signalFalse,legacy_lr,0.15,0.15,889,0.13498312710911137,0.003374578177727784,0
n5_d20_imbTrue_assocFalse_signalFalse,legacy_lr,0.15,0.35,925,0.20324324324324325,0.02702702702702703,8
n5_d20_imbTrue_assocFalse_signalFalse,legacy_lr,0.35,0.001,898,0.004454342984409799,0.0,0
n5_d20_imbTrue_assocFalse_signalFalse,legacy_lr,0.35,0.01,916,0.010917030567685589,0.0,0
n5_d20_imbTrue_assocFalse_signalFalse,legacy_lr,0.35,0.05,884,0.038461538461538464,0.0,0
n5_d20_imbTrue_assocFalse_signalFalse,legacy_lr,0.35,0.15,905,0.13701657458563535,0.004419889502762431,0
n5_d20_imbTrue_assocFalse_signalFalse,legacy_lr,0.35,0.35,889,0.18785151856017998,0.019122609673790775,4
n5_d20_imbTrue_assocFalse_signalFalse,legacy_lr,0.5,0.001,879,0.004550625711035267,0.0,0
n5_d20_imbTrue_assocFalse_signalFalse,legacy_lr,0.5,0.01,932,0.01072961373390558,0.0,0
n5_d20_imbTrue_assocFalse_signalFalse,legacy_lr,0.5,0.05,870,0.06436781609195402,0.0011494252873563218,0
n5_d20_imbTrue_assocFalse_signalFalse,legacy_lr,0.5,0.15,870,0.1425287356321839,0.005747126436781609,0
n5_d20_imbTrue_assocFalse_signalFalse,legacy_lr,0.5,0.35,900,0.18666666666666668,0.008888888888888889,0
n5_d20_imbTrue_assocFalse_signalFalse,legacy_lr,0.65,0.001,949,0.003161222339304531,0.0,0
n5_d20_imbTrue_assocFalse_signalFalse,legacy_lr,0.65,0.01,897,0.007803790412486065,0.0,0
n5_d20_imbTrue_assocFalse_signalFalse,legacy_lr,0.65,0.05,890,0.05955056179775281,0.0,0
n5_d20_imbTrue_assocFalse_signalFalse,legacy_lr,0.65,0.15,925,0.12,0.0,0
n5_d20_imbTrue_assocFalse_signalFalse,legacy_lr,0.65,0.35,937,0.18463180362860193,0.017075773745997867,4
n5_d20_imbTrue_assocFalse_signalFalse,legacy_lr,0.85,0.001,878,0.0011389521640091116,0.0,0
n5_d20_imbTrue_assocFalse_signalFalse,legacy_lr,0.85,0.01,907,0.014332965821389196,0.0,0
n5_d20_imbTrue_assocFalse_signalFalse,legacy_lr,0.85,0.05,885,0.05310734463276836,0.0,0
n5_d20_imbTrue_assocFalse_signalFalse,legacy_lr,0.85,0.15,937,0.11953041622198506,0.0010672358591248667,0
n5_d20_imbTrue_assocFalse_signalFalse,legacy_lr,0.85,0.35,968,0.2128099173553719,0.02066115702479339,6
n5_d20_imbTrue_assocFalse_signalFalse,legacy_lr,0.95,0.001,870,0.006896551724137931,0.0,0
n5_d20_imbTrue_assocFalse_signalFalse,legacy_lr,0.95,0.01,941,0.011689691817215728,0.0,0
n5_d20_imbTrue_assocFalse_signalFalse,legacy_lr,0.95,0.05,864,0.04861111111111111,0.0011574074074074073,0
n5_d20_imbTrue_assocFalse_signalFalse,legacy_lr,0.95,0.15,866,0.10508083140877598,0.003464203233256351,0
n5_d20_imbTrue_assocFalse_signalFalse,legacy_lr,0.95,0.35,966,0.2080745341614907,0.044513457556935816,17
n5_d20_imbTrue_assocFalse_signalFalse,legacy_lr,0.99,0.001,913,0.0,0.0,0
n5_d20_imbTrue_assocFalse_signalFalse,legacy_lr,0.99,0.01,864,0.0,0.0,0
n5_d20_imbTrue_assocFalse_signalFalse,legacy_lr,0.99,0.05,926,0.00755939524838013,0.0,0
n5_d20_imbTrue_assocFalse_signalFalse,legacy_lr,0.99,0.15,918,0.046840958605664486,0.002178649237472767,1
n5_d20_imbTrue_assocFalse_signalFalse,legacy_lr,0.99,0.35,913,0.056955093099671415,0.014238773274917854,8
n5_d20_imbTrue_assocFalse_signalFalse,legacy_lr,0.999,0.001,880,0.0,0.0,0
n5_d20_imbTrue_assocFalse_signalFalse,legacy_lr,0.999,0.01,943,0.0,0.0,0
n5_d20_imbTrue_assocFalse_signalFalse,legacy_lr,0.999,0.05,929,0.0,0.0,0
n5_d20_imbTrue_assocFalse_signalFalse,legacy_lr,0.999,0.15,887,0.0033821871476888386,0.0,0
n5_d20_imbTrue_assocFalse_signalFalse,legacy_lr,0.999,0.35,863,0.006952491309385863,0.004634994206257242,1
n5_d20_imbTrue_assocFalse_signalTrue,bb_lognormal_F,0.001,0.001,898,0.0,0.0,0
n5_d20_imbTrue_assocFalse_signalTrue,bb_lognormal_F,0.001,0.01,873,0.001145475372279496,0.0,0
n5_d20_imbTrue_assocFalse_signalTrue,bb_lognormal_F,0.001,0.05,877,0.0,0.0,0
n5_d20_imbTrue_assocFalse_signalTrue,bb_lognormal_F,0.001,0.15,923,0.0,0.0,0
n5_d20_imbTrue_assocFalse_signalTrue,bb_lognormal_F,0.001,0.35,900,0.0,0.0,0
n5_d20_imbTrue_assocFalse_signalTrue,bb_lognormal_F,0.01,0.001,926,0.0032397408207343412,0.0,0
n5_d20_imbTrue_assocFalse_signalTrue,bb_lognormal_F,0.01,0.01,922,0.004338394793926247,0.0,0
n5_d20_imbTrue_assocFalse_signalTrue,bb_lognormal_F,0.01,0.05,919,0.003264417845484222,0.0,0
n5_d20_imbTrue_assocFalse_signalTrue,bb_lognormal_F,0.01,0.15,917,0.0054525627044711015,0.0,0
n5_d20_imbTrue_assocFalse_signalTrue,bb_lognormal_F,0.01,0.35,936,0.0010683760683760685,0.0,0
n5_d20_imbTrue_assocFalse_signalTrue,bb_lognormal_F,0.05,0.001,858,0.02564102564102564,0.0,0
n5_d20_imbTrue_assocFalse_signalTrue,bb_lognormal_F,0.05,0.01,874,0.029748283752860413,0.0,0
n5_d20_imbTrue_assocFalse_signalTrue,bb_lognormal_F,0.05,0.05,908,0.04955947136563876,0.0,0
n5_d20_imbTrue_assocFalse_signalTrue,bb_lognormal_F,0.05,0.15,925,0.061621621621621624,0.0,0
n5_d20_imbTrue_assocFalse_signalTrue,bb_lognormal_F,0.05,0.35,842,0.05819477434679335,0.0,0
n5_d20_imbTrue_assocFalse_signalTrue,bb_lognormal_F,0.15,0.001,892,0.013452914798206279,0.0,0
n5_d20_imbTrue_assocFalse_signalTrue,bb_lognormal_F,0.15,0.01,895,0.02011173184357542,0.0,0
n5_d20_imbTrue_assocFalse_signalTrue,bb_lognormal_F,0.15,0.05,893,0.05039193729003359,0.0,0
n5_d20_imbTrue_assocFalse_signalTrue,bb_lognormal_F,0.15,0.15,906,0.09050772626931568,0.0011037527593818985,0
n5_d20_imbTrue_assocFalse_signalTrue,bb_lognormal_F,0.15,0.35,899,0.07675194660734148,0.002224694104560623,0
n5_d20_imbTrue_assocFalse_signalTrue,bb_lognormal_F,0.35,0.001,900,0.01,0.0,0
n5_d20_imbTrue_assocFalse_signalTrue,bb_lognormal_F,0.35,0.01,928,0.020474137931034482,0.0,0
n5_d20_imbTrue_assocFalse_signalTrue,bb_lognormal_F,0.35,0.05,909,0.05500550055005501,0.0,0
n5_d20_imbTrue_assocFalse_signalTrue,bb_lognormal_F,0.35,0.15,880,0.08068181818181819,0.0,0
n5_d20_imbTrue_assocFalse_signalTrue,bb_lognormal_F,0.35,0.35,904,0.09292035398230089,0.007743362831858407,0
n5_d20_imbTrue_assocFalse_signalTrue,bb_lognormal_F,0.5,0.001,889,0.006749156355455568,0.0,0
n5_d20_imbTrue_assocFalse_signalTrue,bb_lognormal_F,0.5,0.01,932,0.016094420600858368,0.0,0
n5_d20_imbTrue_assocFalse_signalTrue,bb_lognormal_F,0.5,0.05,878,0.05694760820045558,0.0,0
n5_d20_imbTrue_assocFalse_signalTrue,bb_lognormal_F,0.5,0.15,877,0.07639680729760548,0.0011402508551881414,0
n5_d20_imbTrue_assocFalse_signalTrue,bb_lognormal_F,0.5,0.35,908,0.10242290748898679,0.004405286343612335,0
n5_d20_imbTrue_assocFalse_signalTrue,bb_lognormal_F,0.65,0.001,866,0.011547344110854504,0.0,0
n5_d20_imbTrue_assocFalse_signalTrue,bb_lognormal_F,0.65,0.01,925,0.016216216216216217,0.0,0
n5_d20_imbTrue_assocFalse_signalTrue,bb_lognormal_F,0.65,0.05,872,0.052752293577981654,0.0,0
n5_d20_imbTrue_assocFalse_signalTrue,bb_lognormal_F,0.65,0.15,921,0.0781758957654723,0.0010857763300760044,0
n5_d20_imbTrue_assocFalse_signalTrue,bb_lognormal_F,0.65,0.35,901,0.11320754716981132,0.0022197558268590455,0
n5_d20_imbTrue_assocFalse_signalTrue,bb_lognormal_F,0.85,0.001,878,0.010250569476082005,0.0,0
n5_d20_imbTrue_assocFalse_signalTrue,bb_lognormal_F,0.85,0.01,918,0.013071895424836602,0.0,0
n5_d20_imbTrue_assocFalse_signalTrue,bb_lognormal_F,0.85,0.05,885,0.03954802259887006,0.0,0
n5_d20_imbTrue_assocFalse_signalTrue,bb_lognormal_F,0.85,0.15,938,0.0906183368869936,0.0,0
n5_d20_imbTrue_assocFalse_signalTrue,bb_lognormal_F,0.85,0.35,886,0.09367945823927765,0.002257336343115124,0
n5_d20_imbTrue_assocFalse_signalTrue,bb_lognormal_F,0.95,0.001,909,0.0176017601760176,0.0,0
n5_d20_imbTrue_assocFalse_signalTrue,bb_lognormal_F,0.95,0.01,902,0.02771618625277162,0.0,0
n5_d20_imbTrue_assocFalse_signalTrue,bb_lognormal_F,0.95,0.05,850,0.05058823529411765,0.0,0
n5_d20_imbTrue_assocFalse_signalTrue,bb_lognormal_F,0.95,0.15,919,0.05331882480957562,0.0,0
n5_d20_imbTrue_assocFalse_signalTrue,bb_lognormal_F,0.95,0.35,916,0.039301310043668124,0.0,0
n5_d20_imbTrue_assocFalse_signalTrue,bb_lognormal_F,0.99,0.001,866,0.0023094688221709007,0.0,0
n5_d20_imbTrue_assocFalse_signalTrue,bb_lognormal_F,0.99,0.01,920,0.004347826086956522,0.0,0
n5_d20_imbTrue_assocFalse_signalTrue,bb_lognormal_F,0.99,0.05,907,0.007717750826901874,0.0,0
n5_d20_imbTrue_assocFalse_signalTrue,bb_lognormal_F,0.99,0.15,904,0.011061946902654867,0.0,0
n5_d20_imbTrue_assocFalse_signalTrue,bb_lognormal_F,0.99,0.35,928,0.003232758620689655,0.0,0
n5_d20_imbTrue_assocFalse_signalTrue,bb_lognormal_F,0.999,0.001,885,0.0,0.0,0
n5_d20_imbTrue_assocFalse_signalTrue,bb_lognormal_F,0.999,0.01,891,0.0,0.0,0
n5_d20_imbTrue_assocFalse_signalTrue,bb_lognormal_F,0.999,0.05,916,0.001091703056768559,0.0,0
n5_d20_imbTrue_assocFalse_signalTrue,bb_lognormal_F,0.999,0.15,871,0.0,0.0,0
n5_d20_imbTrue_assocFalse_signalTrue,bb_lognormal_F,0.999,0.35,898,0.0,0.0,0
n5_d20_imbTrue_assocFalse_signalTrue,bb_lognormal_chi2,0.001,0.001,898,0.0,0.0,0
n5_d20_imbTrue_assocFalse_signalTrue,bb_lognormal_chi2,0.001,0.01,873,0.001145475372279496,0.0,0
n5_d20_imbTrue_assocFalse_signalTrue,bb_lognormal_chi2,0.001,0.05,877,0.0,0.0,0
n5_d20_imbTrue_assocFalse_signalTrue,bb_lognormal_chi2,0.001,0.15,923,0.0,0.0,0
n5_d20_imbTrue_assocFalse_signalTrue,bb_lognormal_chi2,0.001,0.35,900,0.0011111111111111111,0.0,0
n5_d20_imbTrue_assocFalse_signalTrue,bb_lognormal_chi2,0.01,0.001,926,0.02159827213822894,0.0,0
n5_d20_imbTrue_assocFalse_signalTrue,bb_lognormal_chi2,0.01,0.01,922,0.026030368763557483,0.0,0
n5_d20_imbTrue_assocFalse_signalTrue,bb_lognormal_chi2,0.01,0.05,919,0.02720348204570185,0.0,0
n5_d20_imbTrue_assocFalse_signalTrue,bb_lognormal_chi2,0.01,0.15,917,0.025081788440567066,0.0,0
n5_d20_imbTrue_assocFalse_signalTrue,bb_lognormal_chi2,0.01,0.35,936,0.009615384615384616,0.0,0
n5_d20_imbTrue_assocFalse_signalTrue,bb_lognormal_chi2,0.05,0.001,858,0.039627039627039624,0.0,0
n5_d20_imbTrue_assocFalse_signalTrue,bb_lognormal_chi2,0.05,0.01,874,0.06979405034324943,0.0011441647597254005,0
n5_d20_imbTrue_assocFalse_signalTrue,bb_lognormal_chi2,0.05,0.05,908,0.08920704845814978,0.004405286343612335,2
n5_d20_imbTrue_assocFalse_signalTrue,bb_lognormal_chi2,0.05,0.15,925,0.12108108108108108,0.004324324324324324,2
n5_d20_imbTrue_assocFalse_signalTrue,bb_lognormal_chi2,0.05,0.35,842,0.1163895486935867,0.013064133016627079,5
n5_d20_imbTrue_assocFalse_signalTrue,bb_lognormal_chi2,0.15,0.001,892,0.03811659192825112,0.0,0
n5_d20_imbTrue_assocFalse_signalTrue,bb_lognormal_chi2,0.15,0.01,895,0.03798882681564246,0.0,0
n5_d20_imbTrue_assocFalse_signalTrue,bb_lognormal_chi2,0.15,0.05,893,0.09182530795072788,0.005599104143337066,1
n5_d20_imbTrue_assocFalse_signalTrue,bb_lognormal_chi2,0.15,0.15,906,0.1534216335540839,0.019867549668874173,11
n5_d20_imbTrue_assocFalse_signalTrue,bb_lognormal_chi2,0.15,0.35,899,0.12458286985539488,0.02335928809788654,10
n5_d20_imbTrue_assocFalse_signalTrue,bb_lognormal_chi2,0.35,0.001,900,0.027777777777777776,0.0,0
n5_d20_imbTrue_assocFalse_signalTrue,bb_lognormal_chi2,0.35,0.01,928,0.04741379310344827,0.0010775862068965517,0
n5_d20_imbTrue_assocFalse_signalTrue,bb_lognormal_chi2,0.35,0.05,909,0.0924092409240924,0.0044004400440044,2
n5_d20_imbTrue_assocFalse_signalTrue,bb_lognormal_chi2,0.35,0.15,880,0.1409090909090909,0.028409090909090908,17
n5_d20_imbTrue_assocFalse_signalTrue,bb_lognormal_chi2,0.35,0.35,904,0.13606194690265486,0.035398230088495575,27
n5_d20_imbTrue_assocFalse_signalTrue,bb_lognormal_chi2,0.5,0.001,889,0.020247469066366704,0.0,0
n5_d20_imbTrue_assocFalse_signalTrue,bb_lognormal_chi2,0.5,0.01,932,0.04721030042918455,0.0,0
n5_d20_imbTrue_assocFalse_signalTrue,bb_lognormal_chi2,0.5,0.05,878,0.0888382687927107,0.0056947608200455585,3
n5_d20_imbTrue_assocFalse_signalTrue,bb_lognormal_chi2,0.5,0.15,877,0.12200684150513112,0.014823261117445839,7
n5_d20_imbTrue_assocFalse_signalTrue,bb_lognormal_chi2,0.5,0.35,908,0.14977973568281938,0.03524229074889868,25
n5_d20_imbTrue_assocFalse_signalTrue,bb_lognormal_chi2,0.65,0.001,866,0.03926096997690531,0.0011547344110854503,0
n5_d20_imbTrue_assocFalse_signalTrue,bb_lognormal_chi2,0.65,0.01,925,0.03351351351351351,0.002162162162162162,1
n5_d20_imbTrue_assocFalse_signalTrue,bb_lognormal_chi2,0.65,0.05,872,0.10321100917431193,0.0034403669724770644,1
n5_d20_imbTrue_assocFalse_signalTrue,bb_lognormal_chi2,0.65,0.15,921,0.1444082519001086,0.021715526601520086,13
n5_d20_imbTrue_assocFalse_signalTrue,bb_lognormal_chi2,0.65,0.35,901,0.16759156492785793,0.029966703662597113,20
n5_d20_imbTrue_assocFalse_signalTrue,bb_lognormal_chi2,0.85,0.001,878,0.0387243735763098,0.0,0
n5_d20_imbTrue_assocFalse_signalTrue,bb_lognormal_chi2,0.85,0.01,918,0.03376906318082789,0.0,0
n5_d20_imbTrue_assocFalse_signalTrue,bb_lognormal_chi2,0.85,0.05,885,0.0903954802259887,0.003389830508474576,2
n5_d20_imbTrue_assocFalse_signalTrue,bb_lognormal_chi2,0.85,0.15,938,0.14072494669509594,0.017057569296375266,12
n5_d20_imbTrue_assocFalse_signalTrue,bb_lognormal_chi2,0.85,0.35,886,0.13544018058690746,0.019187358916478554,10
n5_d20_imbTrue_assocFalse_signalTrue,bb_lognormal_chi2,0.95,0.001,909,0.04950495049504951,0.0,0
n5_d20_imbTrue_assocFalse_signalTrue,bb_lognormal_chi2,0.95,0.01,902,0.05543237250554324,0.0033259423503325942,2
n5_d20_imbTrue_assocFalse_signalTrue,bb_lognormal_chi2,0.95,0.05,850,0.11294117647058824,0.004705882352941176,0
n5_d20_imbTrue_assocFalse_signalTrue,bb_lognormal_chi2,0.95,0.15,919,0.10010881392818281,0.00544069640914037,1
n5_d20_imbTrue_assocFalse_signalTrue,bb_lognormal_chi2,0.95,0.35,916,0.0906113537117904,0.002183406113537118,0
n5_d20_imbTrue_assocFalse_signalTrue,bb_lognormal_chi2,0.99,0.001,866,0.021939953810623556,0.0,0
n5_d20_imbTrue_assocFalse_signalTrue,bb_lognormal_chi2,0.99,0.01,920,0.02608695652173913,0.0,0
n5_d20_imbTrue_assocFalse_signalTrue,bb_lognormal_chi2,0.99,0.05,907,0.040793825799338476,0.0,0
n5_d20_imbTrue_assocFalse_signalTrue,bb_lognormal_chi2,0.99,0.15,904,0.029867256637168143,0.0,0
n5_d20_imbTrue_assocFalse_signalTrue,bb_lognormal_chi2,0.99,0.35,928,0.008620689655172414,0.0,0
n5_d20_imbTrue_assocFalse_signalTrue,bb_lognormal_chi2,0.999,0.001,885,0.0,0.0,0
n5_d20_imbTrue_assocFalse_signalTrue,bb_lognormal_chi2,0.999,0.01,891,0.0,0.0,0
n5_d20_imbTrue_assocFalse_signalTrue,bb_lognormal_chi2,0.999,0.05,916,0.002183406113537118,0.0,0
n5_d20_imbTrue_assocFalse_signalTrue,bb_lognormal_chi2,0.999,0.15,871,0.0,0.0,0
n5_d20_imbTrue_assocFalse_signalTrue,bb_lognormal_chi2,0.999,0.35,898,0.0,0.0,0
n5_d20_imbTrue_assocFalse_signalTrue,legacy_lr,0.001,0.001,898,0.0,0.0,0
n5_d20_imbTrue_assocFalse_signalTrue,legacy_lr,0.001,0.01,873,0.0,0.0,0
n5_d20_imbTrue_assocFalse_signalTrue,legacy_lr,0.001,0.05,877,0.0,0.0,0
n5_d20_imbTrue_assocFalse_signalTrue,legacy_lr,0.001,0.15,923,0.007583965330444204,0.0,0
n5_d20_imbTrue_assocFalse_signalTrue,legacy_lr,0.001,0.35,900,0.006666666666666667,0.0011111111111111111,0
n5_d20_imbTrue_assocFalse_signalTrue,legacy_lr,0.01,0.001,926,0.0,0.0,0
n5_d20_imbTrue_assocFalse_signalTrue,legacy_lr,0.01,0.01,922,0.0,0.0,0
n5_d20_imbTrue_assocFalse_signalTrue,legacy_lr,0.01,0.05,919,0.007616974972796518,0.0,0
n5_d20_imbTrue_assocFalse_signalTrue,legacy_lr,0.01,0.15,917,0.04252998909487459,0.0010905125408942203,0
n5_d20_imbTrue_assocFalse_signalTrue,legacy_lr,0.01,0.35,936,0.05982905982905983,0.010683760683760684,5
n5_d20_imbTrue_assocFalse_signalTrue,legacy_lr,0.05,0.001,858,0.01048951048951049,0.0,0
n5_d20_imbTrue_assocFalse_signalTrue,legacy_lr,0.05,0.01,874,0.011441647597254004,0.0,0
n5_d20_imbTrue_assocFalse_signalTrue,legacy_lr,0.05,0.05,908,0.040748898678414094,0.0,0
n5_d20_imbTrue_assocFalse_signalTrue,legacy_lr,0.05,0.15,925,0.12324324324324325,0.002162162162162162,0
n5_d20_imbTrue_assocFalse_signalTrue,legacy_lr,0.05,0.35,842,0.21140142517814728,0.032066508313539195,13
n5_d20_imbTrue_assocFalse_signalTrue,legacy_lr,0.15,0.001,892,0.010089686098654708,0.0,0
n5_d20_imbTrue_assocFalse_signalTrue,legacy_lr,0.15,0.01,895,0.01005586592178771,0.0,0
n5_d20_imbTrue_assocFalse_signalTrue,legacy_lr,0.15,0.05,893,0.054871220604703244,0.0,0
n5_d20_imbTrue_assocFalse_signalTrue,legacy_lr,0.15,0.15,906,0.13134657836644592,0.004415011037527594,2
n5_d20_imbTrue_assocFalse_signalTrue,legacy_lr,0.15,0.35,899,0.19132369299221358,0.018909899888765295,7
n5_d20_imbTrue_assocFalse_signalTrue,legacy_lr,0.35,0.001,900,0.0033333333333333335,0.0,0
n5_d20_imbTrue_assocFalse_signalTrue,legacy_lr,0.35,0.01,928,0.017241379310344827,0.0,0
n5_d20_imbTrue_assocFalse_signalTrue,legacy_lr,0.35,0.05,909,0.0484048404840484,0.0,0
n5_d20_imbTrue_assocFalse_signalTrue,legacy_lr,0.35,0.15,880,0.11477272727272728,0.0011363636363636363,0
n5_d20_imbTrue_assocFalse_signalTrue,legacy_lr,0.35,0.35,904,0.19690265486725664,0.022123893805309734,5
n5_d20_imbTrue_assocFalse_signalTrue,legacy_lr,0.5,0.001,889,0.003374578177727784,0.0,0
n5_d20_imbTrue_assocFalse_signalTrue,legacy_lr,0.5,0.01,932,0.009656652360515022,0.0,0
n5_d20_imbTrue_assocFalse_signalTrue,legacy_lr,0.5,0.05,878,0.05125284738041002,0.0,0
n5_d20_imbTrue_assocFalse_signalTrue,legacy_lr,0.5,0.15,877,0.10604332953249715,0.002280501710376283,0
n5_d20_imbTrue_assocFalse_signalTrue,legacy_lr,0.5,0.35,908,0.183920704845815,0.01762114537444934,1
n5_d20_imbTrue_assocFalse_signalTrue,legacy_lr,0.65,0.001,866,0.008083140877598153,0.0,0
n5_d20_imbTrue_assocFalse_signalTrue,legacy_lr,0.65,0.01,925,0.00972972972972973,0.0,0
n5_d20_imbTrue_assocFalse_signalTrue,legacy_lr,0.65,0.05,872,0.05389908256880734,0.0,0
n5_d20_imbTrue_assocFalse_signalTrue,legacy_lr,0.65,0.15,921,0.13137893593919653,0.0010857763300760044,1
n5_d20_imbTrue_assocFalse_signalTrue,legacy_lr,0.65,0.35,901,0.2153163152053274,0.017758046614872364,1
n5_d20_imbTrue_assocFalse_signalTrue,legacy_lr,0.85,0.001,878,0.00683371298405467,0.0,0
n5_d20_imbTrue_assocFalse_signalTrue,legacy_lr,0.85,0.01,918,0.011982570806100218,0.0,0
n5_d20_imbTrue_assocFalse_signalTrue,legacy_lr,0.85,0.05,885,0.04406779661016949,0.0,0
n5_d20_imbTrue_assocFalse_signalTrue,legacy_lr,0.85,0.15,938,0.1162046908315565,0.0010660980810234541,0
n5_d20_imbTrue_assocFalse_signalTrue,legacy_lr,0.85,0.35,886,0.21218961625282168,0.02708803611738149,8
n5_d20_imbTrue_assocFalse_signalTrue,legacy_lr,0.95,0.001,909,0.0088008800880088,0.0,0
n5_d20_imbTrue_assocFalse_signalTrue,legacy_lr,0.95,0.01,902,0.01662971175166297,0.0,0
n5_d20_imbTrue_assocFalse_signalTrue,legacy_lr,0.95,0.05,850,0.052941176470588235,0.0,0
n5_d20_imbTrue_assocFalse_signalTrue,legacy_lr,0.95,0.15,919,0.11969532100108814,0.00544069640914037,1
n5_d20_imbTrue_assocFalse_signalTrue,legacy_lr,0.95,0.35,916,0.17358078602620086,0.028384279475982533,12
n5_d20_imbTrue_assocFalse_signalTrue,legacy_lr,0.99,0.001,866,0.0,0.0,0
n5_d20_imbTrue_assocFalse_signalTrue,legacy_lr,0.99,0.01,920,0.0,0.0,0
n5_d20_imbTrue_assocFalse_signalTrue,legacy_lr,0.99,0.05,907,0.011025358324145534,0.0,0
n5_d20_imbTrue_assocFalse_signalTrue,legacy_lr,0.99,0.15,904,0.05088495575221239,0.004424778761061947,0
n5_d20_imbTrue_assocFalse_signalTrue,legacy_lr,0.99,0.35,928,0.04633620689655173,0.007543103448275862,1
n5_d20_imbTrue_assocFalse_signalTrue,legacy_lr,0.999,0.001,885,0.0,0.0,0
n5_d20_imbTrue_assocFalse_signalTrue,legacy_lr,0.999,0.01,891,0.0,0.0,0
n5_d20_imbTrue_assocFalse_signalTrue,legacy_lr,0.999,0.05,916,0.002183406113537118,0.0,0
n5_d20_imbTrue_assocFalse_signalTrue,legacy_lr,0.999,0.15,871,0.006888633754305396,0.0,0
n5_d20_imbTrue_assocFalse_signalTrue,legacy_lr,0.999,0.35,898,0.005567928730512249,0.0033407572383073497,0
n5_d60_imbTrue_assocFalse_signalFalse,bb_lognormal_F,0.001,0.001,952,0.0,0.0,0
n5_d60_imbTrue_assocFalse_signalFalse,bb_lognormal_F,0.001,0.01,933,0.0,0.0,0
n5_d60_imbTrue_assocFalse_signalFalse,bb_lognormal_F,0.001,0.05,864,0.0011574074074074073,0.0,0
n5_d60_imbTrue_assocFalse_signalFalse,bb_lognormal_F,0.001,0.15,920,0.0,0.0,0
n5_d60_imbTrue_assocFalse_signalFalse,bb_lognormal_F,0.001,0.35,873,0.0,0.0,0
n5_d60_imbTrue_assocFalse_signalFalse,bb_lognormal_F,0.01,0.001,937,0.008537886872998933,0.0,0
n5_d60_imbTrue_assocFalse_signalFalse,bb_lognormal_F,0.01,0.01,946,0.02536997885835095,0.0,0
n5_d60_imbTrue_assocFalse_signalFalse,bb_lognormal_F,0.01,0.05,928,0.028017241379310345,0.0,0
n5_d60_imbTrue_assocFalse_signalFalse,bb_lognormal_F,0.01,0.15,922,0.01843817787418655,0.0,0
n5_d60_imbTrue_assocFalse_signalFalse,bb_lognormal_F,0.01,0.35,931,0.0,0.0,0
n5_d60_imbTrue_assocFalse_signalFalse,bb_lognormal_F,0.05,0.001,943,0.01166489925768823,0.0,0
n5_d60_imbTrue_assocFalse_signalFalse,bb_lognormal_F,0.05,0.01,885,0.021468926553672316,0.0,0
n5_d60_imbTrue_assocFalse_signalFalse,bb_lognormal_F,0.05,0.05,875,0.07314285714285715,0.0,0
n5_d60_imbTrue_assocFalse_signalFalse,bb_lognormal_F,0.05,0.15,868,0.08064516129032258,0.0,0
n5_d60_imbTrue_assocFalse_signalFalse,bb_lognormal_F,0.05,0.35,926,0.06803455723542116,0.0,0
n5_d60_imbTrue_assocFalse_signalFalse,bb_lognormal_F,0.15,0.001,840,0.007142857142857143,0.0,0
n5_d60_imbTrue_assocFalse_signalFalse,bb_lognormal_F,0.15,0.01,862,0.031322505800464036,0.0,0
n5_d60_imbTrue_assocFalse_signalFalse,bb_lognormal_F,0.15,0.05,878,0.07403189066059225,0.0011389521640091116,0
n5_d60_imbTrue_assocFalse_signalFalse,bb_lognormal_F,0.15,0.15,966,0.09316770186335403,0.002070393374741201,0
n5_d60_imbTrue_assocFalse_signalFalse,bb_lognormal_F,0.15,0.35,952,0.06722689075630252,0.004201680672268907,0
n5_d60_imbTrue_assocFalse_signalFalse,bb_lognormal_F,0.35,0.001,916,0.007641921397379912,0.0,0
n5_d60_imbTrue_assocFalse_signalFalse,bb_lognormal_F,0.35,0.01,949,0.0273972602739726,0.0,0
n5_d60_imbTrue_assocFalse_signalFalse,bb_lognormal_F,0.35,0.05,913,0.0700985761226725,0.002190580503833516,0
n5_d60_imbTrue_assocFalse_signalFalse,bb_lognormal_F,0.35,0.15,906,0.10264900662251655,0.004415011037527594,0
n5_d60_imbTrue_assocFalse_signalFalse,bb_lognormal_F,0.35,0.35,921,0.07600434310532031,0.006514657980456026,0
n5_d60_imbTrue_assocFalse_signalFalse,bb_lognormal_F,0.5,0.001,905,0.004419889502762431,0.0,0
n5_d60_imbTrue_assocFalse_signalFalse,bb_lognormal_F,0.5,0.01,879,0.030716723549488054,0.0,0
n5_d60_imbTrue_assocFalse_signalFalse,bb_lognormal_F,0.5,0.05,879,0.07508532423208192,0.0022753128555176336,0
n5_d60_imbTrue_assocFalse_signalFalse,bb_lognormal_F,0.5,0.15,892,0.08632286995515695,0.004484304932735426,0
n5_d60_imbTrue_assocFalse_signalFalse,bb_lognormal_F,0.5,0.35,877,0.10148232611174458,0.002280501710376283,0
n5_d60_imbTrue_assocFalse_signalFalse,bb_lognormal_F,0.65,0.001,864,0.008101851851851851,0.0,0
n5_d60_imbTrue_assocFalse_signalFalse,bb_lognormal_F,0.65,0.01,926,0.038876889848812095,0.0,0
n5_d60_imbTrue_assocFalse_signalFalse,bb_lognormal_F,0.65,0.05,913,0.0755750273822563,0.0,0
n5_d60_imbTrue_assocFalse_signalFalse,bb_lognormal_F,0.65,0.15,908,0.08700440528634361,0.0022026431718061676,0
n5_d60_imbTrue_assocFalse_signalFalse,bb_lognormal_F,0.65,0.35,946,0.08139534883720931,0.005285412262156448,0
n5_d60_imbTrue_assocFalse_signalFalse,bb_lognormal_F,0.85,0.001,912,0.010964912280701754,0.0,0
n5_d60_imbTrue_assocFalse_signalFalse,bb_lognormal_F,0.85,0.01,896,0.04241071428571429,0.0,0
n5_d60_imbTrue_assocFalse_signalFalse,bb_lognormal_F,0.85,0.05,874,0.08581235697940504,0.0011441647597254005,0
n5_d60_imbTrue_assocFalse_signalFalse,bb_lognormal_F,0.85,0.15,914,0.07439824945295405,0.0032822757111597373,0
n5_d60_imbTrue_assocFalse_signalFalse,bb_lognormal_F,0.85,0.35,870,0.09080459770114943,0.0022988505747126436,0
n5_d60_imbTrue_assocFalse_signalFalse,bb_lognormal_F,0.95,0.001,924,0.011904761904761904,0.0,0
n5_d60_imbTrue_assocFalse_signalFalse,bb_lognormal_F,0.95,0.01,874,0.019450800915331808,0.0,0
n5_d60_imbTrue_assocFalse_signalFalse,bb_lognormal_F,0.95,0.05,919,0.07834602829162132,0.001088139281828074,0
n5_d60_imbTrue_assocFalse_signalFalse,bb_lognormal_F,0.95,0.15,893,0.0683090705487122,0.0033594624860022394,0
n5_d60_imbTrue_assocFalse_signalFalse,bb_lognormal_F,0.95,0.35,918,0.049019607843137254,0.0,0
n5_d60_imbTrue_assocFalse_signalFalse,bb_lognormal_F,0.99,0.001,914,0.014223194748358862,0.0,0
n5_d60_imbTrue_assocFalse_signalFalse,bb_lognormal_F,0.99,0.01,936,0.027777777777777776,0.0,0
n5_d60_imbTrue_assocFalse_signalFalse,bb_lognormal_F,0.99,0.05,935,0.028877005347593583,0.0,0
n5_d60_imbTrue_assocFalse_signalFalse,bb_lognormal_F,0.99,0.15,922,0.019522776572668113,0.0,0
n5_d60_imbTrue_assocFalse_signalFalse,bb_lognormal_F,0.99,0.35,928,0.003232758620689655,0.0010775862068965517,0
n5_d60_imbTrue_assocFalse_signalFalse,bb_lognormal_F,0.999,0.001,927,0.0,0.0,0
n5_d60_imbTrue_assocFalse_signalFalse,bb_lognormal_F,0.999,0.01,908,0.0011013215859030838,0.0,0
n5_d60_imbTrue_assocFalse_signalFalse,bb_lognormal_F,0.999,0.05,928,0.0,0.0,0
n5_d60_imbTrue_assocFalse_signalFalse,bb_lognormal_F,0.999,0.15,925,0.0,0.0,0
n5_d60_imbTrue_assocFalse_signalFalse,bb_lognormal_F,0.999,0.35,888,0.0,0.0,0
n5_d60_imbTrue_assocFalse_signalFalse,bb_lognormal_chi2,0.001,0.001,952,0.0031512605042016808,0.0,0
n5_d60_imbTrue_assocFalse_signalFalse,bb_lognormal_chi2,0.001,0.01,933,0.003215434083601286,0.0,0
n5_d60_imbTrue_assocFalse_signalFalse,bb_lognormal_chi2,0.001,0.05,864,0.003472222222222222,0.0,0
n5_d60_imbTrue_assocFalse_signalFalse,bb_lognormal_chi2,0.001,0.15,920,0.004347826086956522,0.0,0
n5_d60_imbTrue_assocFalse_signalFalse,bb_lognormal_chi2,0.001,0.35,873,0.0,0.0,0
n5_d60_imbTrue_assocFalse_signalFalse,bb_lognormal_chi2,0.01,0.001,937,0.05869797225186766,0.0,0
n5_d60_imbTrue_assocFalse_signalFalse,bb_lognormal_chi2,0.01,0.01,946,0.07505285412262157,0.0,0
n5_d60_imbTrue_assocFalse_signalFalse,bb_lognormal_chi2,0.01,0.05,928,0.08081896551724138,0.0010775862068965517,0
n5_d60_imbTrue_assocFalse_signalFalse,bb_lognormal_chi2,0.01,0.15,922,0.04772234273318872,0.0021691973969631237,0
n5_d60_imbTrue_assocFalse_signalFalse,bb_lognormal_chi2,0.01,0.35,931,0.015037593984962405,0.0,0
n5_d60_imbTrue_assocFalse_signalFalse,bb_lognormal_chi2,0.05,0.001,943,0.02545068928950159,0.0,0
n5_d60_imbTrue_assocFalse_signalFalse,bb_lognormal_chi2,0.05,0.01,885,0.05875706214689266,0.0011299435028248588,0
n5_d60_imbTrue_assocFalse_signalFalse,bb_lognormal_chi2,0.05,0.05,875,0.12571428571428572,0.016,8
n5_d60_imbTrue_assocFalse_signalFalse,bb_lognormal_chi2,0.05,0.15,868,0.1152073732718894,0.014976958525345621,8
n5_d60_imbTrue_assocFalse_signalFalse,bb_lognormal_chi2,0.05,0.35,926,0.1101511879049676,0.008639308855291577,4
n5_d60_imbTrue_assocFalse_signalFalse,bb_lognormal_chi2,0.15,0.001,840,0.01904761904761905,0.0011904761904761906,0
n5_d60_imbTrue_assocFalse_signalFalse,bb_lognormal_chi2,0.15,0.01,862,0.06612529002320186,0.0034802784222737818,2
n5_d60_imbTrue_assocFalse_signalFalse,bb_lognormal_chi2,0.15,0.05,878,0.11617312072892938,0.017084282460136675,7
n5_d60_imbTrue_assocFalse_signalFalse,bb_lognormal_chi2,0.15,0.15,966,0.14285714285714285,0.026915113871635612,15
n5_d60_imbTrue_assocFalse_signalFalse,bb_lognormal_chi2,0.15,0.35,952,0.11764705882352941,0.01050420168067227,7
n5_d60_imbTrue_assocFalse_signalFalse,bb_lognormal_chi2,0.35,0.001,916,0.02292576419213974,0.0,0
n5_d60_imbTrue_assocFalse_signalFalse,bb_lognormal_chi2,0.35,0.01,949,0.06111696522655427,0.004214963119072708,1
n5_d60_imbTrue_assocFalse_signalFalse,bb_lognormal_chi2,0.35,0.05,913,0.12267250821467689,0.019715224534501644,10
n5_d60_imbTrue_assocFalse_signalFalse,bb_lognormal_chi2,0.35,0.15,906,0.15121412803532008,0.026490066225165563,15
n5_d60_imbTrue_assocFalse_signalFalse,bb_lognormal_chi2,0.35,0.35,921,0.1270358306188925,0.02280130293159609,12
n5_d60_imbTrue_assocFalse_signalFalse,bb_lognormal_chi2,0.5,0.001,905,0.02430939226519337,0.0,0
n5_d60_imbTrue_assocFalse_signalFalse,bb_lognormal_chi2,0.5,0.01,879,0.06598407281001138,0.0022753128555176336,0
n5_d60_imbTrue_assocFalse_signalFalse,bb_lognormal_chi2,0.5,0.05,879,0.1285551763367463,0.02161547212741752,9
n5_d60_imbTrue_assocFalse_signalFalse,bb_lognormal_chi2,0.5,0.15,892,0.1367713004484305,0.021300448430493273,8
n5_d60_imbTrue_assocFalse_signalFalse,bb_lognormal_chi2,0.5,0.35,877,0.13340935005701254,0.029646522234891677,16
n5_d60_imbTrue_assocFalse_signalFalse,bb_lognormal_chi2,0.65,0.001,864,0.027777777777777776,0.0,0
n5_d60_imbTrue_assocFalse_signalFalse,bb_lognormal_chi2,0.65,0.01,926,0.07235421166306695,0.004319654427645789,0
n5_d60_imbTrue_assocFalse_signalFalse,bb_lognormal_chi2,0.65,0.05,913,0.11938663745892661,0.019715224534501644,9
n5_d60_imbTrue_assocFalse_signalFalse,bb_lognormal_chi2,0.65,0.15,908,0.1288546255506608,0.025330396475770924,14
n5_d60_imbTrue_assocFalse_signalFalse,bb_lognormal_chi2,0.65,0.35,946,0.11733615221987315,0.03171247357293869,17
n5_d60_imbTrue_assocFalse_signalFalse,bb_lognormal_chi2,0.85,0.001,912,0.03070175438596491,0.0,0
n5_d60_imbTrue_assocFalse_signalFalse,bb_lognormal_chi2,0.85,0.01,896,0.07366071428571429,0.0011160714285714285,0
n5_d60_imbTrue_assocFalse_signalFalse,bb_lognormal_chi2,0.85,0.05,874,0.14416475972540047,0.019450800915331808,9
n5_d60_imbTrue_assocFalse_signalFalse,bb_lognormal_chi2,0.85,0.15,914,0.12472647702407003,0.0175054704595186,11
n5_d60_imbTrue_assocFalse_signalFalse,bb_lognormal_chi2,0.85,0.35,870,0.12873563218390804,0.027586206896551724,15
n5_d60_imbTrue_assocFalse_signalFalse,bb_lognormal_chi2,0.95,0.001,924,0.03896103896103896,0.0,0
n5_d60_imbTrue_assocFalse_signalFalse,bb_lognormal_chi2,0.95,0.01,874,0.05263157894736842,0.003432494279176201,1
n5_d60_imbTrue_assocFalse_signalFalse,bb_lognormal_chi2,0.95,0.05,919,0.12078346028291621,0.017410228509249184,5
n5_d60_imbTrue_assocFalse_signalFalse,bb_lognormal_chi2,0.95,0.15,893,0.12877939529675253,0.0167973124300112,7
n5_d60_imbTrue_assocFalse_signalFalse,bb_lognormal_chi2,0.95,0.35,918,0.09912854030501089,0.002178649237472767,0
n5_d60_imbTrue_assocFalse_signalFalse,bb_lognormal_chi2,0.99,0.001,914,0.047045951859956234,0.0,0
n5_d60_imbTrue_assocFalse_signalFalse,bb_lognormal_chi2,0.99,0.01,936,0.07799145299145299,0.0010683760683760685,0
n5_d60_imbTrue_assocFalse_signalFalse,bb_lognormal_chi2,0.99,0.05,935,0.09090909090909091,0.0010695187165775401,0
n5_d60_imbTrue_assocFalse_signalFalse,bb_lognormal_chi2,0.99,0.15,922,0.04880694143167028,0.0,0
n5_d60_imbTrue_assocFalse_signalFalse,bb_lognormal_chi2,0.99,0.35,928,0.014008620689655173,0.0010775862068965517,1
n5_d60_imbTrue_assocFalse_signalFalse,bb_lognormal_chi2,0.999,0.001,927,0.0010787486515641855,0.0,0
n5_d60_imbTrue_assocFalse_signalFalse,bb_lognormal_chi2,0.999,0.01,908,0.004405286343612335,0.0,0
n5_d60_imbTrue_assocFalse_signalFalse,bb_lognormal_chi2,0.999,0.05,928,0.003232758620689655,0.0,0
n5_d60_imbTrue_assocFalse_signalFalse,bb_lognormal_chi2,0.999,0.15,925,0.0,0.0,0
n5_d60_imbTrue_assocFalse_signalFalse,bb_lognormal_chi2,0.999,0.35,888,0.0,0.0,0
n5_d60_imbTrue_assocFalse_signalFalse,legacy_lr,0.001,0.001,952,0.0,0.0,0
n5_d60_imbTrue_assocFalse_signalFalse,legacy_lr,0.001,0.01,933,0.0,0.0,0
n5_d60_imbTrue_assocFalse_signalFalse,legacy_lr,0.001,0.05,864,0.003472222222222222,0.0,0
n5_d60_imbTrue_assocFalse_signalFalse,legacy_lr,0.001,0.15,920,0.015217391304347827,0.002173913043478261,1
n5_d60_imbTrue_assocFalse_signalFalse,legacy_lr,0.001,0.35,873,0.006872852233676976,0.003436426116838488,1
n5_d60_imbTrue_assocFalse_signalFalse,legacy_lr,0.01,0.001,937,0.0,0.0,0
n5_d60_imbTrue_assocFalse_signalFalse,legacy_lr,0.01,0.01,946,0.0,0.0,0
n5_d60_imbTrue_assocFalse_signalFalse,legacy_lr,0.01,0.05,928,0.015086206896551725,0.0,0
n5_d60_imbTrue_assocFalse_signalFalse,legacy_lr,0.01,0.15,922,0.05314533622559653,0.005422993492407809,1
n5_d60_imbTrue_assocFalse_signalFalse,legacy_lr,0.01,0.35,931,0.08378088077336197,0.023630504833512353,15
n5_d60_imbTrue_assocFalse_signalFalse,legacy_lr,0.05,0.001,943,0.0,0.0,0
n5_d60_imbTrue_assocFalse_signalFalse,legacy_lr,0.05,0.01,885,0.0022598870056497176,0.0,0
n5_d60_imbTrue_assocFalse_signalFalse,legacy_lr,0.05,0.05,875,0.05828571428571429,0.001142857142857143,0
n5_d60_imbTrue_assocFalse_signalFalse,legacy_lr,0.05,0.15,868,0.1578341013824885,0.010368663594470046,1
n5_d60_imbTrue_assocFalse_signalFalse,legacy_lr,0.05,0.35,926,0.21922246220302377,0.05075593952483801,21
n5_d60_imbTrue_assocFalse_signalFalse,legacy_lr,0.15,0.001,840,0.0011904761904761906,0.0,0
n5_d60_imbTrue_assocFalse_signalFalse,legacy_lr,0.15,0.01,862,0.008120649651972157,0.0,0
n5_d60_imbTrue_assocFalse_signalFalse,legacy_lr,0.15,0.05,878,0.06719817767653759,0.0,0
n5_d60_imbTrue_assocFalse_signalFalse,legacy_lr,0.15,0.15,966,0.15424430641821946,0.005175983436853002,1
n5_d60_imbTrue_assocFalse_signalFalse,legacy_lr,0.15,0.35,952,0.19957983193277312,0.023109243697478993,7
n5_d60_imbTrue_assocFalse_signalFalse,legacy_lr,0.35,0.001,916,0.0,0.0,0
n5_d60_imbTrue_assocFalse_signalFalse,legacy_lr,0.35,0.01,949,0.005268703898840885,0.0,0
n5_d60_imbTrue_assocFalse_signalFalse,legacy_lr,0.35,0.05,913,0.06681270536692223,0.001095290251916758,0
n5_d60_imbTrue_assocFalse_signalFalse,legacy_lr,0.35,0.15,906,0.1445916114790287,0.005518763796909493,0
n5_d60_imbTrue_assocFalse_signalFalse,legacy_lr,0.35,0.35,921,0.19109663409337677,0.016286644951140065,5
n5_d60_imbTrue_assocFalse_signalFalse,legacy_lr,0.5,0.001,905,0.0,0.0,0
n5_d60_imbTrue_assocFalse_signalFalse,legacy_lr,0.5,0.01,879,0.006825938566552901,0.0,0
n5_d60_imbTrue_assocFalse_signalFalse,legacy_lr,0.5,0.05,879,0.080773606370876,0.0011376564277588168,0
n5_d60_imbTrue_assocFalse_signalFalse,legacy_lr,0.5,0.15,892,0.1446188340807175,0.006726457399103139,0
n5_d60_imbTrue_assocFalse_signalFalse,legacy_lr,0.5,0.35,877,0.20182440136830102,0.01710376282782212,3
n5_d60_imbTrue_assocFalse_signalFalse,legacy_lr,0.65,0.001,864,0.0011574074074074073,0.0,0
n5_d60_imbTrue_assocFalse_signalFalse,legacy_lr,0.65,0.01,926,0.01079913606911447,0.0,0
n5_d60_imbTrue_assocFalse_signalFalse,legacy_lr,0.65,0.05,913,0.06352683461117196,0.0,0
n5_d60_imbTrue_assocFalse_signalFalse,legacy_lr,0.65,0.15,908,0.13105726872246695,0.006607929515418502,0
n5_d60_imbTrue_assocFalse_signalFalse,legacy_lr,0.65,0.35,946,0.18816067653276955,0.013742071881606765,2
n5_d60_imbTrue_assocFalse_signalFalse,legacy_lr,0.85,0.001,912,0.0,0.0,0
n5_d60_imbTrue_assocFalse_signalFalse,legacy_lr,0.85,0.01,896,0.005580357142857143,0.0,0
n5_d60_imbTrue_assocFalse_signalFalse,legacy_lr,0.85,0.05,874,0.07780320366132723,0.0,0
n5_d60_imbTrue_assocFalse_signalFalse,legacy_lr,0.85,0.15,914,0.12691466083150985,0.005470459518599562,0
n5_d60_imbTrue_assocFalse_signalFalse,legacy_lr,0.85,0.35,870,0.23448275862068965,0.03218390804597701,10
n5_d60_imbTrue_assocFalse_signalFalse,legacy_lr,0.95,0.001,924,0.0,0.0,0
n5_d60_imbTrue_assocFalse_signalFalse,legacy_lr,0.95,0.01,874,0.006864988558352402,0.0,0
n5_d60_imbTrue_assocFalse_signalFalse,legacy_lr,0.95,0.05,919,0.0544069640914037,0.001088139281828074,0
n5_d60_imbTrue_assocFalse_signalFalse,legacy_lr,0.95,0.15,893,0.1433370660694289,0.010078387458006719,3
n5_d60_imbTrue_assocFalse_signalFalse,legacy_lr,0.95,0.35,918,0.21459694989106753,0.0392156862745098,22
n5_d60_imbTrue_assocFalse_signalFalse,legacy_lr,0.99,0.001,914,0.0,0.0,0
n5_d60_imbTrue_assocFalse_signalFalse,legacy_lr,0.99,0.01,936,0.0,0.0,0
n5_d60_imbTrue_assocFalse_signalFalse,legacy_lr,0.99,0.05,935,0.012834224598930482,0.0,0
n5_d60_imbTrue_assocFalse_signalFalse,legacy_lr,0.99,0.15,922,0.055314533622559656,0.006507592190889371,1
n5_d60_imbTrue_assocFalse_signalFalse,legacy_lr,0.99,0.35,928,0.08189655172413793,0.020474137931034482,12
n5_d60_imbTrue_assocFalse_signalFalse,legacy_lr,0.999,0.001,927,0.0,0.0,0
n5_d60_imbTrue_assocFalse_signalFalse,legacy_lr,0.999,0.01,908,0.0,0.0,0
n5_d60_imbTrue_assocFalse_signalFalse,legacy_lr,0.999,0.05,928,0.0,0.0,0
n5_d60_imbTrue_assocFalse_signalFalse,legacy_lr,0.999,0.15,925,0.003243243243243243,0.0,0
n5_d60_imbTrue_assocFalse_signalFalse,legacy_lr,0.999,0.35,888,0.006756756756756757,0.0033783783783783786,2
n5_d60_imbTrue_assocFalse_signalTrue,bb_lognormal_F,0.001,0.001,876,0.0,0.0,0
n5_d60_imbTrue_assocFalse_signalTrue,bb_lognormal_F,0.001,0.01,909,0.0,0.0,0
n5_d60_imbTrue_assocFalse_signalTrue,bb_lognormal_F,0.001,0.05,847,0.0011806375442739079,0.0,0
n5_d60_imbTrue_assocFalse_signalTrue,bb_lognormal_F,0.001,0.15,906,0.0,0.0,0
n5_d60_imbTrue_assocFalse_signalTrue,bb_lognormal_F,0.001,0.35,892,0.0,0.0,0
n5_d60_imbTrue_assocFalse_signalTrue,bb_lognormal_F,0.01,0.001,904,0.01327433628318584,0.0,0
n5_d60_imbTrue_assocFalse_signalTrue,bb_lognormal_F,0.01,0.01,861,0.022067363530778164,0.0,0
n5_d60_imbTrue_assocFalse_signalTrue,bb_lognormal_F,0.01,0.05,887,0.03269447576099211,0.0,0
n5_d60_imbTrue_assocFalse_signalTrue,bb_lognormal_F,0.01,0.15,882,0.015873015873015872,0.0,0
n5_d60_imbTrue_assocFalse_signalTrue,bb_lognormal_F,0.01,0.35,911,0.0021953896816684962,0.0,0
n5_d60_imbTrue_assocFalse_signalTrue,bb_lognormal_F,0.05,0.001,929,0.010764262648008612,0.0,0
n5_d60_imbTrue_assocFalse_signalTrue,bb_lognormal_F,0.05,0.01,917,0.030534351145038167,0.0,0
n5_d60_imbTrue_assocFalse_signalTrue,bb_lognormal_F,0.05,0.05,914,0.07330415754923414,0.0,0
n5_d60_imbTrue_assocFalse_signalTrue,bb_lognormal_F,0.05,0.15,939,0.05750798722044728,0.0,0
n5_d60_imbTrue_assocFalse_signalTrue,bb_lognormal_F,0.05,0.35,880,0.05454545454545454,0.0011363636363636363,0
n5_d60_imbTrue_assocFalse_signalTrue,bb_lognormal_F,0.15,0.001,903,0.008859357696566999,0.0,0
n5_d60_imbTrue_assocFalse_signalTrue,bb_lognormal_F,0.15,0.01,954,0.02830188679245283,0.0,0
n5_d60_imbTrue_assocFalse_signalTrue,bb_lognormal_F,0.15,0.05,874,0.07208237986270023,0.0,0
n5_d60_imbTrue_assocFalse_signalTrue,bb_lognormal_F,0.15,0.15,897,0.07246376811594203,0.0011148272017837235,0
n5_d60_imbTrue_assocFalse_signalTrue,bb_lognormal_F,0.15,0.35,889,0.07086614173228346,0.0022497187851518562,0
n5_d60_imbTrue_assocFalse_signalTrue,bb_lognormal_F,0.35,0.001,903,0.005537098560354375,0.0,0
n5_d60_imbTrue_assocFalse_signalTrue,bb_lognormal_F,0.35,0.01,919,0.023939064200217627,0.0,0
n5_d60_imbTrue_assocFalse_signalTrue,bb_lognormal_F,0.35,0.05,849,0.05889281507656066,0.001177856301531213,0
n5_d60_imbTrue_assocFalse_signalTrue,bb_lognormal_F,0.35,0.15,958,0.09394572025052192,0.003131524008350731,0
n5_d60_imbTrue_assocFalse_signalTrue,bb_lognormal_F,0.35,0.35,892,0.0952914798206278,0.004484304932735426,0
n5_d60_imbTrue_assocFalse_signalTrue,bb_lognormal_F,0.5,0.001,938,0.008528784648187633,0.0,0
n5_d60_imbTrue_assocFalse_signalTrue,bb_lognormal_F,0.5,0.01,935,0.027807486631016044,0.0,0
n5_d60_imbTrue_assocFalse_signalTrue,bb_lognormal_F,0.5,0.05,879,0.06257110352673492,0.0,0
n5_d60_imbTrue_assocFalse_signalTrue,bb_lognormal_F,0.5,0.15,848,0.07429245283018868,0.0,0
n5_d60_imbTrue_assocFalse_signalTrue,bb_lognormal_F,0.5,0.35,986,0.0821501014198783,0.002028397565922921,0
n5_d60_imbTrue_assocFalse_signalTrue,bb_lognormal_F,0.65,0.001,954,0.0041928721174004195,0.0,0
n5_d60_imbTrue_assocFalse_signalTrue,bb_lognormal_F,0.65,0.01,858,0.03613053613053613,0.0,0
n5_d60_imbTrue_assocFalse_signalTrue,bb_lognormal_F,0.65,0.05,865,0.08208092485549133,0.0011560693641618498,0
n5_d60_imbTrue_assocFalse_signalTrue,bb_lognormal_F,0.65,0.15,925,0.08648648648648649,0.001081081081081081,0
n5_d60_imbTrue_assocFalse_signalTrue,bb_lognormal_F,0.65,0.35,932,0.0944206008583691,0.004291845493562232,0
n5_d60_imbTrue_assocFalse_signalTrue,bb_lognormal_F,0.85,0.001,907,0.004410143329658214,0.0,0
n5_d60_imbTrue_assocFalse_signalTrue,bb_lognormal_F,0.85,0.01,958,0.030271398747390398,0.0,0
n5_d60_imbTrue_assocFalse_signalTrue,bb_lognormal_F,0.85,0.05,918,0.07952069716775599,0.0,0
n5_d60_imbTrue_assocFalse_signalTrue,bb_lognormal_F,0.85,0.15,865,0.07745664739884393,0.0011560693641618498,0
n5_d60_imbTrue_assocFalse_signalTrue,bb_lognormal_F,0.85,0.35,916,0.06331877729257641,0.002183406113537118,0
n5_d60_imbTrue_assocFalse_signalTrue,bb_lognormal_F,0.95,0.001,900,0.008888888888888889,0.0,0
n5_d60_imbTrue_assocFalse_signalTrue,bb_lognormal_F,0.95,0.01,789,0.032953105196451206,0.0,0
n5_d60_imbTrue_assocFalse_signalTrue,bb_lognormal_F,0.95,0.05,921,0.06406080347448426,0.0,0
n5_d60_imbTrue_assocFalse_signalTrue,bb_lognormal_F,0.95,0.15,825,0.09818181818181818,0.0,0
n5_d60_imbTrue_assocFalse_signalTrue,bb_lognormal_F,0.95,0.35,911,0.06037321624588365,0.0,0
n5_d60_imbTrue_assocFalse_signalTrue,bb_lognormal_F,0.99,0.001,861,0.022067363530778164,0.0,0
n5_d60_imbTrue_assocFalse_signalTrue,bb_lognormal_F,0.99,0.01,928,0.02693965517241379,0.0,0
n5_d60_imbTrue_assocFalse_signalTrue,bb_lognormal_F,0.99,0.05,910,0.027472527472527472,0.0,0
n5_d60_imbTrue_assocFalse_signalTrue,bb_lognormal_F,0.99,0.15,874,0.010297482837528604,0.0,0
n5_d60_imbTrue_assocFalse_signalTrue,bb_lognormal_F,0.99,0.35,892,0.0033632286995515697,0.0,0
n5_d60_imbTrue_assocFalse_signalTrue,bb_lognormal_F,0.999,0.001,929,0.0,0.0,0
n5_d60_imbTrue_assocFalse_signalTrue,bb_lognormal_F,0.999,0.01,889,0.0,0.0,0
n5_d60_imbTrue_assocFalse_signalTrue,bb_lognormal_F,0.999,0.05,900,0.0,0.0,0
n5_d60_imbTrue_assocFalse_signalTrue,bb_lognormal_F,0.999,0.15,870,0.0,0.0,0
n5_d60_imbTrue_assocFalse_signalTrue,bb_lognormal_F,0.999,0.35,946,0.0,0.0,0
n5_d60_imbTrue_assocFalse_signalTrue,bb_lognormal_chi2,0.001,0.001,876,0.001141552511415525,0.0,0
n5_d60_imbTrue_assocFalse_signalTrue,bb_lognormal_chi2,0.001,0.01,909,0.0011001100110011,0.0,0
n5_d60_imbTrue_assocFalse_signalTrue,bb_lognormal_chi2,0.001,0.05,847,0.0023612750885478157,0.0,0
n5_d60_imbTrue_assocFalse_signalTrue,bb_lognormal_chi2,0.001,0.15,906,0.0,0.0,0
n5_d60_imbTrue_assocFalse_signalTrue,bb_lognormal_chi2,0.001,0.35,892,0.0,0.0,0
n5_d60_imbTrue_assocFalse_signalTrue,bb_lognormal_chi2,0.01,0.001,904,0.0586283185840708,0.0,0
n5_d60_imbTrue_assocFalse_signalTrue,bb_lognormal_chi2,0.01,0.01,861,0.06620209059233449,0.0,0
n5_d60_imbTrue_assocFalse_signalTrue,bb_lognormal_chi2,0.01,0.05,887,0.10033821871476889,0.002254791431792559,2
n5_d60_imbTrue_assocFalse_signalTrue,bb_lognormal_chi2,0.01,0.15,882,0.045351473922902494,0.0011337868480725624,1
n5_d60_imbTrue_assocFalse_signalTrue,bb_lognormal_chi2,0.01,0.35,911,0.010976948408342482,0.0,0
n5_d60_imbTrue_assocFalse_signalTrue,bb_lognormal_chi2,0.05,0.001,929,0.02691065662002153,0.0,0
n5_d60_imbTrue_assocFalse_signalTrue,bb_lognormal_chi2,0.05,0.01,917,0.06324972737186478,0.0021810250817884407,2
n5_d60_imbTrue_assocFalse_signalTrue,bb_lognormal_chi2,0.05,0.05,914,0.11816192560175055,0.019693654266958426,14
n5_d60_imbTrue_assocFalse_signalTrue,bb_lognormal_chi2,0.05,0.15,939,0.11395101171458999,0.014909478168264111,9
n5_d60_imbTrue_assocFalse_signalTrue,bb_lognormal_chi2,0.05,0.35,880,0.1,0.0022727272727272726,2
n5_d60_imbTrue_assocFalse_signalTrue,bb_lognormal_chi2,0.15,0.001,903,0.028792912513842746,0.0,0
n5_d60_imbTrue_assocFalse_signalTrue,bb_lognormal_chi2,0.15,0.01,954,0.0639412997903564,0.0,0
n5_d60_imbTrue_assocFalse_signalTrue,bb_lognormal_chi2,0.15,0.05,874,0.12356979405034325,0.014874141876430207,9
n5_d60_imbTrue_assocFalse_signalTrue,bb_lognormal_chi2,0.15,0.15,897,0.12040133779264214,0.022296544035674472,15
n5_d60_imbTrue_assocFalse_signalTrue,bb_lognormal_chi2,0.15,0.35,889,0.11361079865016872,0.01799775028121485,11
n5_d60_imbTrue_assocFalse_signalTrue,bb_lognormal_chi2,0.35,0.001,903,0.023255813953488372,0.0,0
n5_d60_imbTrue_assocFalse_signalTrue,bb_lognormal_chi2,0.35,0.01,919,0.05005440696409141,0.001088139281828074,1
n5_d60_imbTrue_assocFalse_signalTrue,bb_lognormal_chi2,0.35,0.05,849,0.10836277974087162,0.014134275618374558,11
n5_d60_imbTrue_assocFalse_signalTrue,bb_lognormal_chi2,0.35,0.15,958,0.1430062630480167,0.018789144050104383,11
n5_d60_imbTrue_assocFalse_signalTrue,bb_lognormal_chi2,0.35,0.35,892,0.13228699551569506,0.02242152466367713,17
n5_d60_imbTrue_assocFalse_signalTrue,bb_lognormal_chi2,0.5,0.001,938,0.01812366737739872,0.0,0
n5_d60_imbTrue_assocFalse_signalTrue,bb_lognormal_chi2,0.5,0.01,935,0.06951871657754011,0.0032085561497326204,3
n5_d60_imbTrue_assocFalse_signalTrue,bb_lognormal_chi2,0.5,0.05,879,0.10921501706484642,0.009101251422070534,5
n5_d60_imbTrue_assocFalse_signalTrue,bb_lognormal_chi2,0.5,0.15,848,0.11320754716981132,0.02830188679245283,19
n5_d60_imbTrue_assocFalse_signalTrue,bb_lognormal_chi2,0.5,0.35,986,0.1308316430020284,0.02535496957403651,16
n5_d60_imbTrue_assocFalse_signalTrue,bb_lognormal_chi2,0.65,0.001,954,0.023060796645702306,0.0,0
n5_d60_imbTrue_assocFalse_signalTrue,bb_lognormal_chi2,0.65,0.01,858,0.06526806526806526,0.0011655011655011655,1
n5_d60_imbTrue_assocFalse_signalTrue,bb_lognormal_chi2,0.65,0.05,865,0.12716763005780346,0.025433526011560695,21
n5_d60_imbTrue_assocFalse_signalTrue,bb_lognormal_chi2,0.65,0.15,925,0.13297297297297297,0.016216216216216217,12
n5_d60_imbTrue_assocFalse_signalTrue,bb_lognormal_chi2,0.65,0.35,932,0.14484978540772533,0.028969957081545063,21
n5_d60_imbTrue_assocFalse_signalTrue,bb_lognormal_chi2,0.85,0.001,907,0.029768467475192944,0.0,0
n5_d60_imbTrue_assocFalse_signalTrue,bb_lognormal_chi2,0.85,0.01,958,0.06471816283924843,0.0,0
n5_d60_imbTrue_assocFalse_signalTrue,bb_lognormal_chi2,0.85,0.05,918,0.12636165577342048,0.016339869281045753,12
n5_d60_imbTrue_assocFalse_signalTrue,bb_lognormal_chi2,0.85,0.15,865,0.11676300578034682,0.020809248554913295,15
n5_d60_imbTrue_assocFalse_signalTrue,bb_lognormal_chi2,0.85,0.35,916,0.10480349344978165,0.018558951965065504,14
n5_d60_imbTrue_assocFalse_signalTrue,bb_lognormal_chi2,0.95,0.001,900,0.014444444444444444,0.0,0
n5_d60_imbTrue_assocFalse_signalTrue,bb_lognormal_chi2,0.95,0.01,789,0.06337135614702155,0.0,0
n5_d60_imbTrue_assocFalse_signalTrue,bb_lognormal_chi2,0.95,0.05,921,0.11617806731813246,0.014115092290988056,10
n5_d60_imbTrue_assocFalse_signalTrue,bb_lognormal_chi2,0.95,0.15,825,0.14909090909090908,0.014545454545454545,5
n5_d60_imbTrue_assocFalse_signalTrue,bb_lognormal_chi2,0.95,0.35,911,0.10867178924259056,0.005488474204171241,4
n5_d60_imbTrue_assocFalse_signalTrue,bb_lognormal_chi2,0.99,0.001,861,0.04994192799070848,0.0,0
n5_d60_imbTrue_assocFalse_signalTrue,bb_lognormal_chi2,0.99,0.01,928,0.07004310344827586,0.0,0
n5_d60_imbTrue_assocFalse_signalTrue,bb_lognormal_chi2,0.99,0.05,910,0.07472527472527472,0.002197802197802198,1
n5_d60_imbTrue_assocFalse_signalTrue,bb_lognormal_chi2,0.99,0.15,874,0.05377574370709382,0.0011441647597254005,1
n5_d60_imbTrue_assocFalse_signalTrue,bb_lognormal_chi2,0.99,0.35,892,0.011210762331838564,0.0011210762331838565,1
n5_d60_imbTrue_assocFalse_signalTrue,bb_lognormal_chi2,0.999,0.001,929,0.0,0.0,0
n5_d60_imbTrue_assocFalse_signalTrue,bb_lognormal_chi2,0.999,0.01,889,0.0022497187851518562,0.0,0
n5_d60_imbTrue_assocFalse_signalTrue,bb_lognormal_chi2,0.999,0.05,900,0.0011111111111111111,0.0,0
n5_d60_imbTrue_assocFalse_signalTrue,bb_lognormal_chi2,0.999,0.15,870,0.0011494252873563218,0.0,0
n5_d60_imbTrue_assocFalse_signalTrue,bb_lognormal_chi2,0.999,0.35,946,0.0,0.0,0
n5_d60_imbTrue_assocFalse_signalTrue,legacy_lr,0.001,0.001,876,0.0,0.0,0
n5_d60_imbTrue_assocFalse_signalTrue,legacy_lr,0.001,0.01,909,0.0,0.0,0
n5_d60_imbTrue_assocFalse_signalTrue,legacy_lr,0.001,0.05,847,0.004722550177095631,0.0,0
n5_d60_imbTrue_assocFalse_signalTrue,legacy_lr,0.001,0.15,906,0.008830022075055188,0.0,0
n5_d60_imbTrue_assocFalse_signalTrue,legacy_lr,0.001,0.35,892,0.010089686098654708,0.0,0
n5_d60_imbTrue_assocFalse_signalTrue,legacy_lr,0.01,0.001,904,0.0,0.0,0
n5_d60_imbTrue_assocFalse_signalTrue,legacy_lr,0.01,0.01,861,0.0,0.0,0
n5_d60_imbTrue_assocFalse_signalTrue,legacy_lr,0.01,0.05,887,0.020293122886133032,0.0,0
n5_d60_imbTrue_assocFalse_signalTrue,legacy_lr,0.01,0.15,882,0.06802721088435375,0.01020408163265306,4
n5_d60_imbTrue_assocFalse_signalTrue,legacy_lr,0.01,0.35,911,0.09330406147091108,0.020856201975850714,14
n5_d60_imbTrue_assocFalse_signalTrue,legacy_lr,0.05,0.001,929,0.0,0.0,0
n5_d60_imbTrue_assocFalse_signalTrue,legacy_lr,0.05,0.01,917,0.006543075245365322,0.0,0
n5_d60_imbTrue_assocFalse_signalTrue,legacy_lr,0.05,0.05,914,0.07330415754923414,0.0,0
n5_d60_imbTrue_assocFalse_signalTrue,legacy_lr,0.05,0.15,939,0.13525026624068157,0.002129925452609159,1
n5_d60_imbTrue_assocFalse_signalTrue,legacy_lr,0.05,0.35,880,0.19090909090909092,0.03977272727272727,19
n5_d60_imbTrue_assocFalse_signalTrue,legacy_lr,0.15,0.001,903,0.0,0.0,0
n5_d60_imbTrue_assocFalse_signalTrue,legacy_lr,0.15,0.01,954,0.010482180293501049,0.0,0
n5_d60_imbTrue_assocFalse_signalTrue,legacy_lr,0.15,0.05,874,0.06178489702517163,0.0,0
n5_d60_imbTrue_assocFalse_signalTrue,legacy_lr,0.15,0.15,897,0.13823857302118173,0.005574136008918618,0
n5_d60_imbTrue_assocFalse_signalTrue,legacy_lr,0.15,0.35,889,0.1968503937007874,0.02249718785151856,6
n5_d60_imbTrue_assocFalse_signalTrue,legacy_lr,0.35,0.001,903,0.0,0.0,0
n5_d60_imbTrue_assocFalse_signalTrue,legacy_lr,0.35,0.01,919,0.003264417845484222,0.0,0
n5_d60_imbTrue_assocFalse_signalTrue,legacy_lr,0.35,0.05,849,0.050647820965842166,0.0,0
n5_d60_imbTrue_assocFalse_signalTrue,legacy_lr,0.35,0.15,958,0.14822546972860126,0.0041753653444676405,1
n5_d60_imbTrue_assocFalse_signalTrue,legacy_lr,0.35,0.35,892,0.1860986547085202,0.01569506726457399,6
n5_d60_imbTrue_assocFalse_signalTrue,legacy_lr,0.5,0.001,938,0.0031982942430703624,0.0,0
n5_d60_imbTrue_assocFalse_signalTrue,legacy_lr,0.5,0.01,935,0.009625668449197862,0.0,0
n5_d60_imbTrue_assocFalse_signalTrue,legacy_lr,0.5,0.05,879,0.05460750853242321,0.0,0
n5_d60_imbTrue_assocFalse_signalTrue,legacy_lr,0.5,0.15,848,0.13797169811320756,0.003537735849056604,0
n5_d60_imbTrue_assocFalse_signalTrue,legacy_lr,0.5,0.35,986,0.18255578093306288,0.016227180527383367,2
n5_d60_imbTrue_assocFalse_signalTrue,legacy_lr,0.65,0.001,954,0.0,0.0,0
n5_d60_imbTrue_assocFalse_signalTrue,legacy_lr,0.65,0.01,858,0.009324009324009324,0.0,0
n5_d60_imbTrue_assocFalse_signalTrue,legacy_lr,0.65,0.05,865,0.07052023121387284,0.0011560693641618498,0
n5_d60_imbTrue_assocFalse_signalTrue,legacy_lr,0.65,0.15,925,0.13405405405405404,0.005405405405405406,1
n5_d60_imbTrue_assocFalse_signalTrue,legacy_lr,0.65,0.35,932,0.20386266094420602,0.018240343347639486,6
n5_d60_imbTrue_assocFalse_signalTrue,legacy_lr,0.85,0.001,907,0.0,0.0,0
n5_d60_imbTrue_assocFalse_signalTrue,legacy_lr,0.85,0.01,958,0.005219206680584551,0.0,0
n5_d60_imbTrue_assocFalse_signalTrue,legacy_lr,0.85,0.05,918,0.06209150326797386,0.0,0
n5_d60_imbTrue_assocFalse_signalTrue,legacy_lr,0.85,0.15,865,0.14566473988439307,0.0011560693641618498,0
n5_d60_imbTrue_assocFalse_signalTrue,legacy_lr,0.85,0.35,916,0.212882096069869,0.02074235807860262,13
n5_d60_imbTrue_assocFalse_signalTrue,legacy_lr,0.95,0.001,900,0.0011111111111111111,0.0,0
n5_d60_imbTrue_assocFalse_signalTrue,legacy_lr,0.95,0.01,789,0.008871989860583017,0.0,0
n5_d60_imbTrue_assocFalse_signalTrue,legacy_lr,0.95,0.05,921,0.05428881650380022,0.0,0
n5_d60_imbTrue_assocFalse_signalTrue,legacy_lr,0.95,0.15,825,0.15393939393939393,0.007272727272727273,4
n5_d60_imbTrue_assocFalse_signalTrue,legacy_lr,0.95,0.35,911,0.2030735455543359,0.050493962678375415,31
n5_d60_imbTrue_assocFalse_signalTrue,legacy_lr,0.99,0.001,861,0.0,0.0,0
n5_d60_imbTrue_assocFalse_signalTrue,legacy_lr,0.99,0.01,928,0.0,0.0,0
n5_d60_imbTrue_assocFalse_signalTrue,legacy_lr,0.99,0.05,910,0.014285714285714285,0.0,0
n5_d60_imbTrue_assocFalse_signalTrue,legacy_lr,0.99,0.15,874,0.05606407322654462,0.004576659038901602,1
n5_d60_imbTrue_assocFalse_signalTrue,legacy_lr,0.99,0.35,892,0.08968609865470852,0.017937219730941704,13
n5_d60_imbTrue_assocFalse_signalTrue,legacy_lr,0.999,0.001,929,0.0,0.0,0
n5_d60_imbTrue_assocFalse_signalTrue,legacy_lr,0.999,0.01,889,0.0,0.0,0
n5_d60_imbTrue_assocFalse_signalTrue,legacy_lr,0.999,0.05,900,0.0,0.0,0
n5_d60_imbTrue_assocFalse_signalTrue,legacy_lr,0.999,0.15,870,0.010344827586206896,0.0,0
n5_d60_imbTrue_assocFalse_signalTrue,legacy_lr,0.999,0.35,946,0.012684989429175475,0.003171247357293869,3
n10_d20_imbTrue_assocFalse_signalFalse,bb_lognormal_F,0.001,0.001,905,0.0,0.0,0
n10_d20_imbTrue_assocFalse_signalFalse,bb_lognormal_F,0.001,0.01,935,0.0,0.0,0
n10_d20_imbTrue_assocFalse_signalFalse,bb_lognormal_F,0.001,0.05,857,0.0,0.0,0
n10_d20_imbTrue_assocFalse_signalFalse,bb_lognormal_F,0.001,0.15,890,0.0,0.0,0
n10_d20_imbTrue_assocFalse_signalFalse,bb_lognormal_F,0.001,0.35,904,0.0,0.0,0
n10_d20_imbTrue_assocFalse_signalFalse,bb_lognormal_F,0.01,0.001,905,0.03867403314917127,0.0,0
n10_d20_imbTrue_assocFalse_signalFalse,bb_lognormal_F,0.01,0.01,919,0.046789989118607184,0.0,0
n10_d20_imbTrue_assocFalse_signalFalse,bb_lognormal_F,0.01,0.05,907,0.04520396912899669,0.0,0
n10_d20_imbTrue_assocFalse_signalFalse,bb_lognormal_F,0.01,0.15,929,0.02583423035522067,0.0,0
n10_d20_imbTrue_assocFalse_signalFalse,bb_lognormal_F,0.01,0.35,884,0.005656108597285068,0.0,0
n10_d20_imbTrue_assocFalse_signalFalse,bb_lognormal_F,0.05,0.001,919,0.036996735582154515,0.0,0
n10_d20_imbTrue_assocFalse_signalFalse,bb_lognormal_F,0.05,0.01,889,0.03262092238470191,0.0,0
n10_d20_imbTrue_assocFalse_signalFalse,bb_lognormal_F,0.05,0.05,914,0.060175054704595186,0.0010940919037199124,0
n10_d20_imbTrue_assocFalse_signalFalse,bb_lognormal_F,0.05,0.15,894,0.08389261744966443,0.0,0
n10_d20_imbTrue_assocFalse_signalFalse,bb_lognormal_F,0.05,0.35,926,0.08639308855291576,0.0,0
n10_d20_imbTrue_assocFalse_signalFalse,bb_lognormal_F,0.15,0.001,877,0.029646522234891677,0.0,0
n10_d20_imbTrue_assocFalse_signalFalse,bb_lognormal_F,0.15,0.01,885,0.04293785310734463,0.0,0
n10_d20_imbTrue_assocFalse_signalFalse,bb_lognormal_F,0.15,0.05,957,0.06896551724137931,0.0041797283176593526,0
n10_d20_imbTrue_assocFalse_signalFalse,bb_lognormal_F,0.15,0.15,893,0.0683090705487122,0.0,0
n10_d20_imbTrue_assocFalse_signalFalse,bb_lognormal_F,0.15,0.35,891,0.06397306397306397,0.005611672278338945,0
n10_d20_imbTrue_assocFalse_signalFalse,bb_lognormal_F,0.35,0.001,912,0.03070175438596491,0.0,0
n10_d20_imbTrue_assocFalse_signalFalse,bb_lognormal_F,0.35,0.01,900,0.03111111111111111,0.0,0
n10_d20_imbTrue_assocFalse_signalFalse,bb_lognormal_F,0.35,0.05,908,0.06497797356828194,0.0011013215859030838,0
n10_d20_imbTrue_assocFalse_signalFalse,bb_lognormal_F,0.35,0.15,910,0.07252747252747253,0.002197802197802198,0
n10_d20_imbTrue_assocFalse_signalFalse,bb_lognormal_F,0.35,0.35,859,0.05820721769499418,0.006984866123399301,0
n10_d20_imbTrue_assocFalse_signalFalse,bb_lognormal_F,0.5,0.001,896,0.022321428571428572,0.0,0
n10_d20_imbTrue_assocFalse_signalFalse,bb_lognormal_F,0.5,0.01,941,0.024442082890541977,0.0,0
n10_d20_imbTrue_assocFalse_signalFalse,bb_lognormal_F,0.5,0.05,986,0.07403651115618662,0.0,0
n10_d20_imbTrue_assocFalse_signalFalse,bb_lognormal_F,0.5,0.15,908,0.06277533039647577,0.003303964757709251,0
n10_d20_imbTrue_assocFalse_signalFalse,bb_lognormal_F,0.5,0.35,947,0.06441393875395987,0.0031678986272439284,0
n10_d20_imbTrue_assocFalse_signalFalse,bb_lognormal_F,0.65,0.001,893,0.0335946248600224,0.0,0
n10_d20_imbTrue_assocFalse_signalFalse,bb_lognormal_F,0.65,0.01,935,0.033155080213903745,0.0,0
n10_d20_imbTrue_assocFalse_signalFalse,bb_lognormal_F,0.65,0.05,932,0.0611587982832618,0.0,0
n10_d20_imbTrue_assocFalse_signalFalse,bb_lognormal_F,0.65,0.15,910,0.06043956043956044,0.002197802197802198,0
n10_d20_imbTrue_assocFalse_signalFalse,bb_lognormal_F,0.65,0.35,884,0.06108597285067873,0.0022624434389140274,0
n10_d20_imbTrue_assocFalse_signalFalse,bb_lognormal_F,0.85,0.001,886,0.024830699774266364,0.0,0
n10_d20_imbTrue_assocFalse_signalFalse,bb_lognormal_F,0.85,0.01,907,0.03858875413450937,0.0,0
n10_d20_imbTrue_assocFalse_signalFalse,bb_lognormal_F,0.85,0.05,920,0.04891304347826087,0.0,0
n10_d20_imbTrue_assocFalse_signalFalse,bb_lognormal_F,0.85,0.15,953,0.080797481636936,0.001049317943336831,0
n10_d20_imbTrue_assocFalse_signalFalse,bb_lognormal_F,0.85,0.35,923,0.0628385698808234,0.0010834236186348862,0
n10_d20_imbTrue_assocFalse_signalFalse,bb_lognormal_F,0.95,0.001,916,0.03384279475982533,0.0,0
n10_d20_imbTrue_assocFalse_signalFalse,bb_lognormal_F,0.95,0.01,889,0.04161979752530934,0.0,0
n10_d20_imbTrue_assocFalse_signalFalse,bb_lognormal_F,0.95,0.05,902,0.06762749445676275,0.0,0
n10_d20_imbTrue_assocFalse_signalFalse,bb_lognormal_F,0.95,0.15,927,0.06903991370010787,0.0,0
n10_d20_imbTrue_assocFalse_signalFalse,bb_lognormal_F,0.95,0.35,907,0.0639470782800441,0.0,0
n10_d20_imbTrue_assocFalse_signalFalse,bb_lognormal_F,0.99,0.001,975,0.035897435897435895,0.0,0
n10_d20_imbTrue_assocFalse_signalFalse,bb_lognormal_F,0.99,0.01,869,0.028768699654775604,0.0,0
n10_d20_imbTrue_assocFalse_signalFalse,bb_lognormal_F,0.99,0.05,911,0.042810098792535674,0.0,0
n10_d20_imbTrue_assocFalse_signalFalse,bb_lognormal_F,0.99,0.15,878,0.017084282460136675,0.0,0
n10_d20_imbTrue_assocFalse_signalFalse,bb_lognormal_F,0.99,0.35,907,0.011025358324145534,0.0,0
n10_d20_imbTrue_assocFalse_signalFalse,bb_lognormal_F,0.999,0.001,883,0.0,0.0,0
n10_d20_imbTrue_assocFalse_signalFalse,bb_lognormal_F,0.999,0.01,915,0.001092896174863388,0.0,0
n10_d20_imbTrue_assocFalse_signalFalse,bb_lognormal_F,0.999,0.05,883,0.0,0.0,0
n10_d20_imbTrue_assocFalse_signalFalse,bb_lognormal_F,0.999,0.15,894,0.0,0.0,0
n10_d20_imbTrue_assocFalse_signalFalse,bb_lognormal_F,0.999,0.35,954,0.0,0.0,0
n10_d20_imbTrue_assocFalse_signalFalse,bb_lognormal_chi2,0.001,0.001,905,0.0,0.0,0
n10_d20_imbTrue_assocFalse_signalFalse,bb_lognormal_chi2,0.001,0.01,935,0.0010695187165775401,0.0,0
n10_d20_imbTrue_assocFalse_signalFalse,bb_lognormal_chi2,0.001,0.05,857,0.0,0.0,0
n10_d20_imbTrue_assocFalse_signalFalse,bb_lognormal_chi2,0.001,0.15,890,0.0,0.0,0
n10_d20_imbTrue_assocFalse_signalFalse,bb_lognormal_chi2,0.001,0.35,904,0.0,0.0,0
n10_d20_imbTrue_assocFalse_signalFalse,bb_lognormal_chi2,0.01,0.001,905,0.057458563535911604,0.0,0
n10_d20_imbTrue_assocFalse_signalFalse,bb_lognormal_chi2,0.01,0.01,919,0.07725788900979326,0.0,0
n10_d20_imbTrue_assocFalse_signalFalse,bb_lognormal_chi2,0.01,0.05,907,0.06615214994487321,0.0,0
n10_d20_imbTrue_assocFalse_signalFalse,bb_lognormal_chi2,0.01,0.15,929,0.03552206673842842,0.001076426264800861,0
n10_d20_imbTrue_assocFalse_signalFalse,bb_lognormal_chi2,0.01,0.35,884,0.007918552036199095,0.0,0
n10_d20_imbTrue_assocFalse_signalFalse,bb_lognormal_chi2,0.05,0.001,919,0.04461371055495103,0.0,0
n10_d20_imbTrue_assocFalse_signalFalse,bb_lognormal_chi2,0.05,0.01,889,0.043869516310461196,0.0,0
n10_d20_imbTrue_assocFalse_signalFalse,bb_lognormal_chi2,0.05,0.05,914,0.06892778993435449,0.00437636761487965,1
n10_d20_imbTrue_assocFalse_signalFalse,bb_lognormal_chi2,0.05,0.15,894,0.09843400447427293,0.0044742729306487695,0
n10_d20_imbTrue_assocFalse_signalFalse,bb_lognormal_chi2,0.05,0.35,926,0.10691144708423327,0.0021598272138228943,0
n10_d20_imbTrue_assocFalse_signalFalse,bb_lognormal_chi2,0.15,0.001,877,0.039908779931584946,0.0,0
n10_d20_imbTrue_assocFalse_signalFalse,bb_lognormal_chi2,0.15,0.01,885,0.05310734463276836,0.003389830508474576,0
n10_d20_imbTrue_assocFalse_signalFalse,bb_lognormal_chi2,0.15,0.05,957,0.0877742946708464,0.006269592476489028,2
n10_d20_imbTrue_assocFalse_signalFalse,bb_lognormal_chi2,0.15,0.15,893,0.09518477043673013,0.006718924972004479,0
n10_d20_imbTrue_assocFalse_signalFalse,bb_lognormal_chi2,0.15,0.35,891,0.08754208754208755,0.008978675645342313,3
n10_d20_imbTrue_assocFalse_signalFalse,bb_lognormal_chi2,0.35,0.001,912,0.04057017543859649,0.0,0
n10_d20_imbTrue_assocFalse_signalFalse,bb_lognormal_chi2,0.35,0.01,900,0.04666666666666667,0.0033333333333333335,0
n10_d20_imbTrue_assocFalse_signalFalse,bb_lognormal_chi2,0.35,0.05,908,0.08259911894273128,0.003303964757709251,1
n10_d20_imbTrue_assocFalse_signalFalse,bb_lognormal_chi2,0.35,0.15,910,0.09230769230769231,0.008791208791208791,2
n10_d20_imbTrue_assocFalse_signalFalse,bb_lognormal_chi2,0.35,0.35,859,0.0710128055878929,0.010477299185098952,4
n10_d20_imbTrue_assocFalse_signalFalse,bb_lognormal_chi2,0.5,0.001,896,0.029017857142857144,0.0,0
n10_d20_imbTrue_assocFalse_signalFalse,bb_lognormal_chi2,0.5,0.01,941,0.030818278427205102,0.0021253985122210413,0
n10_d20_imbTrue_assocFalse_signalFalse,bb_lognormal_chi2,0.5,0.05,986,0.09533468559837728,0.006085192697768763,0
n10_d20_imbTrue_assocFalse_signalFalse,bb_lognormal_chi2,0.5,0.15,908,0.07268722466960352,0.009911894273127754,3
n10_d20_imbTrue_assocFalse_signalFalse,bb_lognormal_chi2,0.5,0.35,947,0.08236536430834214,0.006335797254487857,3
n10_d20_imbTrue_assocFalse_signalFalse,bb_lognormal_chi2,0.65,0.001,893,0.04927211646136618,0.0,0
n10_d20_imbTrue_assocFalse_signalFalse,bb_lognormal_chi2,0.65,0.01,935,0.0481283422459893,0.0,0
n10_d20_imbTrue_assocFalse_signalFalse,bb_lognormal_chi2,0.65,0.05,932,0.07939914163090128,0.004291845493562232,0
n10_d20_imbTrue_assocFalse_signalFalse,bb_lognormal_chi2,0.65,0.15,910,0.07802197802197802,0.007692307692307693,1
n10_d20_imbTrue_assocFalse_signalFalse,bb_lognormal_chi2,0.65,0.35,884,0.0757918552036199,0.00904977375565611,2
n10_d20_imbTrue_assocFalse_signalFalse,bb_lognormal_chi2,0.85,0.001,886,0.034988713318284424,0.002257336343115124,0
n10_d20_imbTrue_assocFalse_signalFalse,bb_lognormal_chi2,0.85,0.01,907,0.05292171995589857,0.0,0
n10_d20_imbTrue_assocFalse_signalFalse,bb_lognormal_chi2,0.85,0.05,920,0.06304347826086956,0.003260869565217391,0
n10_d20_imbTrue_assocFalse_signalFalse,bb_lognormal_chi2,0.85,0.15,953,0.09338929695697797,0.007345225603357817,0
n10_d20_imbTrue_assocFalse_signalFalse,bb_lognormal_chi2,0.85,0.35,923,0.0780065005417118,0.004333694474539545,1
n10_d20_imbTrue_assocFalse_signalFalse,bb_lognormal_chi2,0.95,0.001,916,0.04694323144104803,0.0,0
n10_d20_imbTrue_assocFalse_signalFalse,bb_lognormal_chi2,0.95,0.01,889,0.049493813273340834,0.0,0
n10_d20_imbTrue_assocFalse_signalFalse,bb_lognormal_chi2,0.95,0.05,902,0.0787139689578714,0.005543237250554324,0
n10_d20_imbTrue_assocFalse_signalFalse,bb_lognormal_chi2,0.95,0.15,927,0.09061488673139159,0.003236245954692557,0
n10_d20_imbTrue_assocFalse_signalFalse,bb_lognormal_chi2,0.95,0.35,907,0.07166482910694598,0.0011025358324145535,0
n10_d20_imbTrue_assocFalse_signalFalse,bb_lognormal_chi2,0.99,0.001,975,0.057435897435897436,0.0,0
n10_d20_imbTrue_assocFalse_signalFalse,bb_lognormal_chi2,0.99,0.01,869,0.05753739930955121,0.0011507479861910242,0
n10_d20_imbTrue_assocFalse_signalFalse,bb_lognormal_chi2,0.99,0.05,911,0.06147091108671789,0.0010976948408342481,0
n10_d20_imbTrue_assocFalse_signalFalse,bb_lognormal_chi2,0.99,0.15,878,0.022779043280182234,0.0,0
n10_d20_imbTrue_assocFalse_signalFalse,bb_lognormal_chi2,0.99,0.35,907,0.015435501653803748,0.0,0
n10_d20_imbTrue_assocFalse_signalFalse,bb_lognormal_chi2,0.999,0.001,883,0.0,0.0,0
n10_d20_imbTrue_assocFalse_signalFalse,bb_lognormal_chi2,0.999,0.01,915,0.001092896174863388,0.0,0
n10_d20_imbTrue_assocFalse_signalFalse,bb_lognormal_chi2,0.999,0.05,883,0.0,0.0,0
n10_d20_imbTrue_assocFalse_signalFalse,bb_lognormal_chi2,0.999,0.15,894,0.0011185682326621924,0.0,0
n10_d20_imbTrue_assocFalse_signalFalse,bb_lognormal_chi2,0.999,0.35,954,0.0,0.0,0
n10_d20_imbTrue_assocFalse_signalFalse,legacy_lr,0.001,0.001,905,0.0,0.0,0
n10_d20_imbTrue_assocFalse_signalFalse,legacy_lr,0.001,0.01,935,0.0,0.0,0
n10_d20_imbTrue_assocFalse_signalFalse,legacy_lr,0.001,0.05,857,0.0,0.0,0
n10_d20_imbTrue_assocFalse_signalFalse,legacy_lr,0.001,0.15,890,0.010112359550561797,0.0,0
n10_d20_imbTrue_assocFalse_signalFalse,legacy_lr,0.001,0.35,904,0.017699115044247787,0.00663716814159292,0
n10_d20_imbTrue_assocFalse_signalFalse,legacy_lr,0.01,0.001,905,0.0022099447513812156,0.0,0
n10_d20_imbTrue_assocFalse_signalFalse,legacy_lr,0.01,0.01,919,0.002176278563656148,0.0,0
n10_d20_imbTrue_assocFalse_signalFalse,legacy_lr,0.01,0.05,907,0.02866593164277839,0.0,0
n10_d20_imbTrue_assocFalse_signalFalse,legacy_lr,0.01,0.15,929,0.06781485468245425,0.0032292787944025836,0
n10_d20_imbTrue_assocFalse_signalFalse,legacy_lr,0.01,0.35,884,0.09728506787330317,0.006787330316742082,1
n10_d20_imbTrue_assocFalse_signalFalse,legacy_lr,0.05,0.001,919,0.018498367791077257,0.0,0
n10_d20_imbTrue_assocFalse_signalFalse,legacy_lr,0.05,0.01,889,0.021372328458942633,0.0,0
n10_d20_imbTrue_assocFalse_signalFalse,legacy_lr,0.05,0.05,914,0.05032822757111598,0.0,0
n10_d20_imbTrue_assocFalse_signalFalse,legacy_lr,0.05,0.15,894,0.11409395973154363,0.003355704697986577,1
n10_d20_imbTrue_assocFalse_signalFalse,legacy_lr,0.05,0.35,926,0.18466522678185746,0.026997840172786176,5
n10_d20_imbTrue_assocFalse_signalFalse,legacy_lr,0.15,0.001,877,0.014823261117445839,0.0,0
n10_d20_imbTrue_assocFalse_signalFalse,legacy_lr,0.15,0.01,885,0.020338983050847456,0.0,0
n10_d20_imbTrue_assocFalse_signalFalse,legacy_lr,0.15,0.05,957,0.06060606060606061,0.0010449320794148381,0
n10_d20_imbTrue_assocFalse_signalFalse,legacy_lr,0.15,0.15,893,0.11422172452407615,0.006718924972004479,0
n10_d20_imbTrue_assocFalse_signalFalse,legacy_lr,0.15,0.35,891,0.14814814814814814,0.02356902356902357,2
n10_d20_imbTrue_assocFalse_signalFalse,legacy_lr,0.35,0.001,912,0.019736842105263157,0.0,0
n10_d20_imbTrue_assocFalse_signalFalse,legacy_lr,0.35,0.01,900,0.01888888888888889,0.0,0
n10_d20_imbTrue_assocFalse_signalFalse,legacy_lr,0.35,0.05,908,0.05726872246696035,0.0022026431718061676,0
n10_d20_imbTrue_assocFalse_signalFalse,legacy_lr,0.35,0.15,910,0.11208791208791209,0.006593406593406593,0
n10_d20_imbTrue_assocFalse_signalFalse,legacy_lr,0.35,0.35,859,0.14668218859138532,0.01629802095459837,3
n10_d20_imbTrue_assocFalse_signalFalse,legacy_lr,0.5,0.001,896,0.008928571428571428,0.0,0
n10_d20_imbTrue_assocFalse_signalFalse,legacy_lr,0.5,0.01,941,0.010626992561105207,0.0,0
n10_d20_imbTrue_assocFalse_signalFalse,legacy_lr,0.5,0.05,986,0.06795131845841786,0.0,0
n10_d20_imbTrue_assocFalse_signalFalse,legacy_lr,0.5,0.15,908,0.08920704845814978,0.0022026431718061676,0
n10_d20_imbTrue_assocFalse_signalFalse,legacy_lr,0.5,0.35,947,0.13727560718057022,0.013727560718057022,4
n10_d20_imbTrue_assocFalse_signalFalse,legacy_lr,0.65,0.001,893,0.02127659574468085,0.0,0
n10_d20_imbTrue_assocFalse_signalFalse,legacy_lr,0.65,0.01,935,0.022459893048128343,0.0,0
n10_d20_imbTrue_assocFalse_signalFalse,legacy_lr,0.65,0.05,932,0.0536480686695279,0.0,0
n10_d20_imbTrue_assocFalse_signalFalse,legacy_lr,0.65,0.15,910,0.0967032967032967,0.0032967032967032967,0
n10_d20_imbTrue_assocFalse_signalFalse,legacy_lr,0.65,0.35,884,0.13687782805429866,0.00904977375565611,0
n10_d20_imbTrue_assocFalse_signalFalse,legacy_lr,0.85,0.001,886,0.01580135440180587,0.0,0
n10_d20_imbTrue_assocFalse_signalFalse,legacy_lr,0.85,0.01,907,0.018743109151047408,0.0,0
n10_d20_imbTrue_assocFalse_signalFalse,legacy_lr,0.85,0.05,920,0.04782608695652174,0.0010869565217391304,0
n10_d20_imbTrue_assocFalse_signalFalse,legacy_lr,0.85,0.15,953,0.12277019937040923,0.005246589716684155,0
n10_d20_imbTrue_assocFalse_signalFalse,legacy_lr,0.85,0.35,923,0.14626218851570963,0.010834236186348862,1
n10_d20_imbTrue_assocFalse_signalFalse,legacy_lr,0.95,0.001,916,0.02074235807860262,0.0,0
n10_d20_imbTrue_assocFalse_signalFalse,legacy_lr,0.95,0.01,889,0.021372328458942633,0.0,0
n10_d20_imbTrue_assocFalse_signalFalse,legacy_lr,0.95,0.05,902,0.0565410199556541,0.0,0
n10_d20_imbTrue_assocFalse_signalFalse,legacy_lr,0.95,0.15,927,0.10032362459546926,0.007551240560949299,2
n10_d20_imbTrue_assocFalse_signalFalse,legacy_lr,0.95,0.35,907,0.1819184123484013,0.027563395810363836,9
n10_d20_imbTrue_assocFalse_signalFalse,legacy_lr,0.99,0.001,975,0.003076923076923077,0.0,0
n10_d20_imbTrue_assocFalse_signalFalse,legacy_lr,0.99,0.01,869,0.0034522439585730723,0.0,0
n10_d20_imbTrue_assocFalse_signalFalse,legacy_lr,0.99,0.05,911,0.030735455543358946,0.0,0
n10_d20_imbTrue_assocFalse_signalFalse,legacy_lr,0.99,0.15,878,0.0683371298405467,0.0056947608200455585,1
n10_d20_imbTrue_assocFalse_signalFalse,legacy_lr,0.99,0.35,907,0.09371554575523705,0.015435501653803748,5
n10_d20_imbTrue_assocFalse_signalFalse,legacy_lr,0.999,0.001,883,0.0,0.0,0
n10_d20_imbTrue_assocFalse_signalFalse,legacy_lr,0.999,0.01,915,0.0,0.0,0
n10_d20_imbTrue_assocFalse_signalFalse,legacy_lr,0.999,0.05,883,0.0022650056625141564,0.0,0
n10_d20_imbTrue_assocFalse_signalFalse,legacy_lr,0.999,0.15,894,0.006711409395973154,0.0,0
n10_d20_imbTrue_assocFalse_signalFalse,legacy_lr,0.999,0.35,954,0.009433962264150943,0.0031446540880503146,0
n10_d20_imbTrue_assocFalse_signalTrue,bb_lognormal_F,0.001,0.001,898,0.0,0.0,0
n10_d20_imbTrue_assocFalse_signalTrue,bb_lognormal_F,0.001,0.01,887,0.0,0.0,0
n10_d20_imbTrue_assocFalse_signalTrue,bb_lognormal_F,0.001,0.05,864,0.0,0.0,0
n10_d20_imbTrue_assocFalse_signalTrue,bb_lognormal_F,0.001,0.15,916,0.0,0.0,0
n10_d20_imbTrue_assocFalse_signalTrue,bb_lognormal_F,0.001,0.35,903,0.0,0.0,0
n10_d20_imbTrue_assocFalse_signalTrue,bb_lognormal_F,0.01,0.001,912,0.03837719298245614,0.0,0
n10_d20_imbTrue_assocFalse_signalTrue,bb_lognormal_F,0.01,0.01,917,0.04580152671755725,0.0,0
n10_d20_imbTrue_assocFalse_signalTrue,bb_lognormal_F,0.01,0.05,856,0.0455607476635514,0.0,0
n10_d20_imbTrue_assocFalse_signalTrue,bb_lognormal_F,0.01,0.15,921,0.02280130293159609,0.0,0
n10_d20_imbTrue_assocFalse_signalTrue,bb_lognormal_F,0.01,0.35,909,0.0088008800880088,0.0,0
n10_d20_imbTrue_assocFalse_signalTrue,bb_lognormal_F,0.05,0.001,903,0.02768549280177187,0.0,0
n10_d20_imbTrue_assocFalse_signalTrue,bb_lognormal_F,0.05,0.01,895,0.027932960893854747,0.0,0
n10_d20_imbTrue_assocFalse_signalTrue,bb_lognormal_F,0.05,0.05,919,0.0544069640914037,0.0,0
n10_d20_imbTrue_assocFalse_signalTrue,bb_lognormal_F,0.05,0.15,884,0.07013574660633484,0.0022624434389140274,0
n10_d20_imbTrue_assocFalse_signalTrue,bb_lognormal_F,0.05,0.35,946,0.08668076109936575,0.0,0
n10_d20_imbTrue_assocFalse_signalTrue,bb_lognormal_F,0.15,0.001,867,0.020761245674740483,0.0,0
n10_d20_imbTrue_assocFalse_signalTrue,bb_lognormal_F,0.15,0.01,845,0.03076923076923077,0.0,0
n10_d20_imbTrue_assocFalse_signalTrue,bb_lognormal_F,0.15,0.05,872,0.0768348623853211,0.0,0
n10_d20_imbTrue_assocFalse_signalTrue,bb_lognormal_F,0.15,0.15,893,0.0671892497200448,0.004479283314669653,1
n10_d20_imbTrue_assocFalse_signalTrue,bb_lognormal_F,0.15,0.35,962,0.06756756756756757,0.0031185031185031187,1
n10_d20_imbTrue_assocFalse_signalTrue,bb_lognormal_F,0.35,0.001,891,0.020202020202020204,0.0,0
n10_d20_imbTrue_assocFalse_signalTrue,bb_lognormal_F,0.35,0.01,950,0.03368421052631579,0.0,0
n10_d20_imbTrue_assocFalse_signalTrue,bb_lognormal_F,0.35,0.05,884,0.05203619909502263,0.0,0
n10_d20_imbTrue_assocFalse_signalTrue,bb_lognormal_F,0.35,0.15,956,0.06380753138075314,0.0020920502092050207,0
n10_d20_imbTrue_assocFalse_signalTrue,bb_lognormal_F,0.35,0.35,883,0.07134767836919592,0.0011325028312570782,0
n10_d20_imbTrue_assocFalse_signalTrue,bb_lognormal_F,0.5,0.001,873,0.018327605956471937,0.0,0
n10_d20_imbTrue_assocFalse_signalTrue,bb_lognormal_F,0.5,0.01,898,0.030066815144766147,0.0,0
n10_d20_imbTrue_assocFalse_signalTrue,bb_lognormal_F,0.5,0.05,862,0.06148491879350348,0.001160092807424594,0
n10_d20_imbTrue_assocFalse_signalTrue,bb_lognormal_F,0.5,0.15,890,0.0898876404494382,0.0044943820224719105,1
n10_d20_imbTrue_assocFalse_signalTrue,bb_lognormal_F,0.5,0.35,882,0.06462585034013606,0.0,0
n10_d20_imbTrue_assocFalse_signalTrue,bb_lognormal_F,0.65,0.001,904,0.017699115044247787,0.0,0
n10_d20_imbTrue_assocFalse_signalTrue,bb_lognormal_F,0.65,0.01,918,0.02287581699346405,0.0,0
n10_d20_imbTrue_assocFalse_signalTrue,bb_lognormal_F,0.65,0.05,894,0.035794183445190156,0.0,0
n10_d20_imbTrue_assocFalse_signalTrue,bb_lognormal_F,0.65,0.15,894,0.07158836689038031,0.003355704697986577,3
n10_d20_imbTrue_assocFalse_signalTrue,bb_lognormal_F,0.65,0.35,901,0.06992230854605994,0.0011098779134295228,1
n10_d20_imbTrue_assocFalse_signalTrue,bb_lognormal_F,0.85,0.001,905,0.026519337016574586,0.0,0
n10_d20_imbTrue_assocFalse_signalTrue,bb_lognormal_F,0.85,0.01,954,0.03249475890985325,0.0,0
n10_d20_imbTrue_assocFalse_signalTrue,bb_lognormal_F,0.85,0.05,866,0.06928406466512702,0.0011547344110854503,0
n10_d20_imbTrue_assocFalse_signalTrue,bb_lognormal_F,0.85,0.15,944,0.06779661016949153,0.00211864406779661,1
n10_d20_imbTrue_assocFalse_signalTrue,bb_lognormal_F,0.85,0.35,864,0.056712962962962965,0.0011574074074074073,0
n10_d20_imbTrue_assocFalse_signalTrue,bb_lognormal_F,0.95,0.001,862,0.025522041763341066,0.0,0
n10_d20_imbTrue_assocFalse_signalTrue,bb_lognormal_F,0.95,0.01,881,0.036322360953461974,0.0011350737797956867,0
n10_d20_imbTrue_assocFalse_signalTrue,bb_lognormal_F,0.95,0.05,936,0.06196581196581197,0.0010683760683760685,0
n10_d20_imbTrue_assocFalse_signalTrue,bb_lognormal_F,0.95,0.15,935,0.06310160427807486,0.0010695187165775401,0
n10_d20_imbTrue_assocFalse_signalTrue,bb_lognormal_F,0.95,0.35,910,0.07692307692307693,0.0,0
n10_d20_imbTrue_assocFalse_signalTrue,bb_lognormal_F,0.99,0.001,879,0.023890784982935155,0.0,0
n10_d20_imbTrue_assocFalse_signalTrue,bb_lognormal_F,0.99,0.01,927,0.03344120819848975,0.0,0
n10_d20_imbTrue_assocFalse_signalTrue,bb_lognormal_F,0.99,0.05,955,0.032460732984293195,0.0,0
n10_d20_imbTrue_assocFalse_signalTrue,bb_lognormal_F,0.99,0.15,841,0.020214030915576695,0.0,0
n10_d20_imbTrue_assocFalse_signalTrue,bb_lognormal_F,0.99,0.35,914,0.007658643326039387,0.0,0
n10_d20_imbTrue_assocFalse_signalTrue,bb_lognormal_F,0.999,0.001,939,0.0,0.0,0
n10_d20_imbTrue_assocFalse_signalTrue,bb_lognormal_F,0.999,0.01,888,0.0,0.0,0
n10_d20_imbTrue_assocFalse_signalTrue,bb_lognormal_F,0.999,0.05,902,0.0,0.0,0
n10_d20_imbTrue_assocFalse_signalTrue,bb_lognormal_F,0.999,0.15,865,0.0,0.0,0
n10_d20_imbTrue_assocFalse_signalTrue,bb_lognormal_F,0.999,0.35,890,0.0011235955056179776,0.0,0
n10_d20_imbTrue_assocFalse_signalTrue,bb_lognormal_chi2,0.001,0.001,898,0.0022271714922048997,0.0,0
n10_d20_imbTrue_assocFalse_signalTrue,bb_lognormal_chi2,0.001,0.01,887,0.0,0.0,0
n10_d20_imbTrue_assocFalse_signalTrue,bb_lognormal_chi2,0.001,0.05,864,0.0011574074074074073,0.0,0
n10_d20_imbTrue_assocFalse_signalTrue,bb_lognormal_chi2,0.001,0.15,916,0.0,0.0,0
n10_d20_imbTrue_assocFalse_signalTrue,bb_lognormal_chi2,0.001,0.35,903,0.0,0.0,0
n10_d20_imbTrue_assocFalse_signalTrue,bb_lognormal_chi2,0.01,0.001,912,0.06359649122807018,0.0,0
n10_d20_imbTrue_assocFalse_signalTrue,bb_lognormal_chi2,0.01,0.01,917,0.07851690294438386,0.0,0
n10_d20_imbTrue_assocFalse_signalTrue,bb_lognormal_chi2,0.01,0.05,856,0.054906542056074766,0.0,0
n10_d20_imbTrue_assocFalse_signalTrue,bb_lognormal_chi2,0.01,0.15,921,0.02823018458197611,0.0,0
n10_d20_imbTrue_assocFalse_signalTrue,bb_lognormal_chi2,0.01,0.35,909,0.009900990099009901,0.0,0
n10_d20_imbTrue_assocFalse_signalTrue,bb_lognormal_chi2,0.05,0.001,903,0.04983388704318937,0.0011074197120708748,0
n10_d20_imbTrue_assocFalse_signalTrue,bb_lognormal_chi2,0.05,0.01,895,0.041340782122905026,0.0033519553072625698,0
n10_d20_imbTrue_assocFalse_signalTrue,bb_lognormal_chi2,0.05,0.05,919,0.0750816104461371,0.004352557127312296,3
n10_d20_imbTrue_assocFalse_signalTrue,bb_lognormal_chi2,0.05,0.15,884,0.08710407239819004,0.004524886877828055,3
n10_d20_imbTrue_assocFalse_signalTrue,bb_lognormal_chi2,0.05,0.35,946,0.09090909090909091,0.004228329809725159,0
n10_d20_imbTrue_assocFalse_signalTrue,bb_lognormal_chi2,0.15,0.001,867,0.03229527104959631,0.0,0
n10_d20_imbTrue_assocFalse_signalTrue,bb_lognormal_chi2,0.15,0.01,845,0.04497041420118343,0.0,0
n10_d20_imbTrue_assocFalse_signalTrue,bb_lognormal_chi2,0.15,0.05,872,0.09403669724770643,0.0045871559633027525,2
n10_d20_imbTrue_assocFalse_signalTrue,bb_lognormal_chi2,0.15,0.15,893,0.08622620380739082,0.010078387458006719,4
n10_d20_imbTrue_assocFalse_signalTrue,bb_lognormal_chi2,0.15,0.35,962,0.08731808731808732,0.013513513513513514,5
n10_d20_imbTrue_assocFalse_signalTrue,bb_lognormal_chi2,0.35,0.001,891,0.029180695847362513,0.001122334455667789,0
n10_d20_imbTrue_assocFalse_signalTrue,bb_lognormal_chi2,0.35,0.01,950,0.037894736842105266,0.002105263157894737,0
n10_d20_imbTrue_assocFalse_signalTrue,bb_lognormal_chi2,0.35,0.05,884,0.07126696832579185,0.005656108597285068,2
n10_d20_imbTrue_assocFalse_signalTrue,bb_lognormal_chi2,0.35,0.15,956,0.08368200836820083,0.005230125523012552,4
n10_d20_imbTrue_assocFalse_signalTrue,bb_lognormal_chi2,0.35,0.35,883,0.09739524348810873,0.004530011325028313,2
n10_d20_imbTrue_assocFalse_signalTrue,bb_lognormal_chi2,0.5,0.001,873,0.03436426116838488,0.0,0
n10_d20_imbTrue_assocFalse_signalTrue,bb_lognormal_chi2,0.5,0.01,898,0.043429844097995544,0.0,0
n10_d20_imbTrue_assocFalse_signalTrue,bb_lognormal_chi2,0.5,0.05,862,0.0765661252900232,0.0034802784222737818,3
n10_d20_imbTrue_assocFalse_signalTrue,bb_lognormal_chi2,0.5,0.15,890,0.11910112359550562,0.0056179775280898875,4
n10_d20_imbTrue_assocFalse_signalTrue,bb_lognormal_chi2,0.5,0.35,882,0.08049886621315193,0.0022675736961451248,0
n10_d20_imbTrue_assocFalse_signalTrue,bb_lognormal_chi2,0.65,0.001,904,0.029867256637168143,0.0011061946902654867,1
n10_d20_imbTrue_assocFalse_signalTrue,bb_lognormal_chi2,0.65,0.01,918,0.032679738562091505,0.0,0
n10_d20_imbTrue_assocFalse_signalTrue,bb_lognormal_chi2,0.65,0.05,894,0.0592841163310962,0.0022371364653243847,2
n10_d20_imbTrue_assocFalse_signalTrue,bb_lognormal_chi2,0.65,0.15,894,0.09060402684563758,0.006711409395973154,3
n10_d20_imbTrue_assocFalse_signalTrue,bb_lognormal_chi2,0.65,0.35,901,0.0876803551609323,0.006659267480577136,1
n10_d20_imbTrue_assocFalse_signalTrue,bb_lognormal_chi2,0.85,0.001,905,0.045303867403314914,0.0011049723756906078,1
n10_d20_imbTrue_assocFalse_signalTrue,bb_lognormal_chi2,0.85,0.01,954,0.04507337526205451,0.0,0
n10_d20_imbTrue_assocFalse_signalTrue,bb_lognormal_chi2,0.85,0.05,866,0.08891454965357967,0.009237875288683603,4
n10_d20_imbTrue_assocFalse_signalTrue,bb_lognormal_chi2,0.85,0.15,944,0.09110169491525423,0.006355932203389831,3
n10_d20_imbTrue_assocFalse_signalTrue,bb_lognormal_chi2,0.85,0.35,864,0.07291666666666667,0.003472222222222222,2
n10_d20_imbTrue_assocFalse_signalTrue,bb_lognormal_chi2,0.95,0.001,862,0.03248259860788863,0.0,0
n10_d20_imbTrue_assocFalse_signalTrue,bb_lognormal_chi2,0.95,0.01,881,0.05221339387060159,0.00340522133938706,2
n10_d20_imbTrue_assocFalse_signalTrue,bb_lognormal_chi2,0.95,0.05,936,0.08653846153846154,0.005341880341880342,2
n10_d20_imbTrue_assocFalse_signalTrue,bb_lognormal_chi2,0.95,0.15,935,0.07807486631016043,0.006417112299465241,2
n10_d20_imbTrue_assocFalse_signalTrue,bb_lognormal_chi2,0.95,0.35,910,0.08021978021978023,0.0,0
n10_d20_imbTrue_assocFalse_signalTrue,bb_lognormal_chi2,0.99,0.001,879,0.051194539249146756,0.0,0
n10_d20_imbTrue_assocFalse_signalTrue,bb_lognormal_chi2,0.99,0.01,927,0.06040992448759439,0.0,0
n10_d20_imbTrue_assocFalse_signalTrue,bb_lognormal_chi2,0.99,0.05,955,0.05235602094240838,0.0010471204188481676,0
n10_d20_imbTrue_assocFalse_signalTrue,bb_lognormal_chi2,0.99,0.15,841,0.02497027348394768,0.0,0
n10_d20_imbTrue_assocFalse_signalTrue,bb_lognormal_chi2,0.99,0.35,914,0.0087527352297593,0.0,0
n10_d20_imbTrue_assocFalse_signalTrue,bb_lognormal_chi2,0.999,0.001,939,0.002129925452609159,0.0,0
n10_d20_imbTrue_assocFalse_signalTrue,bb_lognormal_chi2,0.999,0.01,888,0.0,0.0,0
n10_d20_imbTrue_assocFalse_signalTrue,bb_lognormal_chi2,0.999,0.05,902,0.0,0.0,0
n10_d20_imbTrue_assocFalse_signalTrue,bb_lognormal_chi2,0.999,0.15,865,0.0,0.0,0
n10_d20_imbTrue_assocFalse_signalTrue,bb_lognormal_chi2,0.999,0.35,890,0.0011235955056179776,0.0,0
n10_d20_imbTrue_assocFalse_signalTrue,legacy_lr,0.001,0.001,898,0.0,0.0,0
n10_d20_imbTrue_assocFalse_signalTrue,legacy_lr,0.001,0.01,887,0.0,0.0,0
n10_d20_imbTrue_assocFalse_signalTrue,legacy_lr,0.001,0.05,864,0.0011574074074074073,0.0,0
n10_d20_imbTrue_assocFalse_signalTrue,legacy_lr,0.001,0.15,916,0.010917030567685589,0.0,0
n10_d20_imbTrue_assocFalse_signalTrue,legacy_lr,0.001,0.35,903,0.015503875968992248,0.0022148394241417496,2
n10_d20_imbTrue_assocFalse_signalTrue,legacy_lr,0.01,0.001,912,0.0,0.0,0
n10_d20_imbTrue_assocFalse_signalTrue,legacy_lr,0.01,0.01,917,0.0021810250817884407,0.0,0
n10_d20_imbTrue_assocFalse_signalTrue,legacy_lr,0.01,0.05,856,0.018691588785046728,0.0,0
n10_d20_imbTrue_assocFalse_signalTrue,legacy_lr,0.01,0.15,921,0.05428881650380022,0.004343105320304018,0
n10_d20_imbTrue_assocFalse_signalTrue,legacy_lr,0.01,0.35,909,0.0924092409240924,0.0176017601760176,9
n10_d20_imbTrue_assocFalse_signalTrue,legacy_lr,0.05,0.001,903,0.015503875968992248,0.0,0
n10_d20_imbTrue_assocFalse_signalTrue,legacy_lr,0.05,0.01,895,0.017877094972067038,0.0,0
n10_d20_imbTrue_assocFalse_signalTrue,legacy_lr,0.05,0.05,919,0.06746463547334058,0.0,0
n10_d20_imbTrue_assocFalse_signalTrue,legacy_lr,0.05,0.15,884,0.10180995475113122,0.004524886877828055,1
n10_d20_imbTrue_assocFalse_signalTrue,legacy_lr,0.05,0.35,946,0.18076109936575052,0.02536997885835095,11
n10_d20_imbTrue_assocFalse_signalTrue,legacy_lr,0.15,0.001,867,0.006920415224913495,0.0,0
n10_d20_imbTrue_assocFalse_signalTrue,legacy_lr,0.15,0.01,845,0.016568047337278107,0.0,0
n10_d20_imbTrue_assocFalse_signalTrue,legacy_lr,0.15,0.05,872,0.0871559633027523,0.0,0
n10_d20_imbTrue_assocFalse_signalTrue,legacy_lr,0.15,0.15,893,0.11198208286674133,0.007838745800671893,2
n10_d20_imbTrue_assocFalse_signalTrue,legacy_lr,0.15,0.35,962,0.1683991683991684,0.016632016632016633,9
n10_d20_imbTrue_assocFalse_signalTrue,legacy_lr,0.35,0.001,891,0.010101010101010102,0.0,0
n10_d20_imbTrue_assocFalse_signalTrue,legacy_lr,0.35,0.01,950,0.024210526315789474,0.0,0
n10_d20_imbTrue_assocFalse_signalTrue,legacy_lr,0.35,0.05,884,0.05542986425339366,0.0011312217194570137,0
n10_d20_imbTrue_assocFalse_signalTrue,legacy_lr,0.35,0.15,956,0.09414225941422594,0.0031380753138075313,1
n10_d20_imbTrue_assocFalse_signalTrue,legacy_lr,0.35,0.35,883,0.1438278595696489,0.006795016987542469,2
n10_d20_imbTrue_assocFalse_signalTrue,legacy_lr,0.5,0.001,873,0.009163802978235968,0.0,0
n10_d20_imbTrue_assocFalse_signalTrue,legacy_lr,0.5,0.01,898,0.021158129175946547,0.0,0
n10_d20_imbTrue_assocFalse_signalTrue,legacy_lr,0.5,0.05,862,0.06148491879350348,0.001160092807424594,0
n10_d20_imbTrue_assocFalse_signalTrue,legacy_lr,0.5,0.15,890,0.12022471910112359,0.0044943820224719105,2
n10_d20_imbTrue_assocFalse_signalTrue,legacy_lr,0.5,0.35,882,0.1292517006802721,0.012471655328798186,1
n10_d20_imbTrue_assocFalse_signalTrue,legacy_lr,0.65,0.001,904,0.011061946902654867,0.0,0
n10_d20_imbTrue_assocFalse_signalTrue,legacy_lr,0.65,0.01,918,0.020697167755991286,0.0,0
n10_d20_imbTrue_assocFalse_signalTrue,legacy_lr,0.65,0.05,894,0.049217002237136466,0.0,0
n10_d20_imbTrue_assocFalse_signalTrue,legacy_lr,0.65,0.15,894,0.11185682326621924,0.003355704697986577,3
n10_d20_imbTrue_assocFalse_signalTrue,legacy_lr,0.65,0.35,901,0.1309655937846837,0.009988901220865706,3
n10_d20_imbTrue_assocFalse_signalTrue,legacy_lr,0.85,0.001,905,0.016574585635359115,0.0,0
n10_d20_imbTrue_assocFalse_signalTrue,legacy_lr,0.85,0.01,954,0.020964360587002098,0.0,0
n10_d20_imbTrue_assocFalse_signalTrue,legacy_lr,0.85,0.05,866,0.07505773672055427,0.0011547344110854503,0
n10_d20_imbTrue_assocFalse_signalTrue,legacy_lr,0.85,0.15,944,0.12076271186440678,0.006355932203389831,1
n10_d20_imbTrue_assocFalse_signalTrue,legacy_lr,0.85,0.35,864,0.1423611111111111,0.006944444444444444,2
n10_d20_imbTrue_assocFalse_signalTrue,legacy_lr,0.95,0.001,862,0.012761020881670533,0.0,0
n10_d20_imbTrue_assocFalse_signalTrue,legacy_lr,0.95,0.01,881,0.02383654937570942,0.0,0
n10_d20_imbTrue_assocFalse_signalTrue,legacy_lr,0.95,0.05,936,0.05982905982905983,0.0010683760683760685,0
n10_d20_imbTrue_assocFalse_signalTrue,legacy_lr,0.95,0.15,935,0.10481283422459893,0.0021390374331550803,0
n10_d20_imbTrue_assocFalse_signalTrue,legacy_lr,0.95,0.35,910,0.16483516483516483,0.02197802197802198,12
n10_d20_imbTrue_assocFalse_signalTrue,legacy_lr,0.99,0.001,879,0.0,0.0,0
n10_d20_imbTrue_assocFalse_signalTrue,legacy_lr,0.99,0.01,927,0.003236245954692557,0.0,0
n10_d20_imbTrue_assocFalse_signalTrue,legacy_lr,0.99,0.05,955,0.019895287958115182,0.0,0
n10_d20_imbTrue_assocFalse_signalTrue,legacy_lr,0.99,0.15,841,0.06658739595719382,0.005945303210463734,1
n10_d20_imbTrue_assocFalse_signalTrue,legacy_lr,0.99,0.35,914,0.10393873085339168,0.019693654266958426,9
n10_d20_imbTrue_assocFalse_signalTrue,legacy_lr,0.999,0.001,939,0.0,0.0,0
n10_d20_imbTrue_assocFalse_signalTrue,legacy_lr,0.999,0.01,888,0.0,0.0,0
n10_d20_imbTrue_assocFalse_signalTrue,legacy_lr,0.999,0.05,902,0.007760532150776054,0.0,0
n10_d20_imbTrue_assocFalse_signalTrue,legacy_lr,0.999,0.15,865,0.004624277456647399,0.0,0
n10_d20_imbTrue_assocFalse_signalTrue,legacy_lr,0.999,0.35,890,0.014606741573033709,0.0022471910112359553,1
n5_d20_imbTrue_assocTrue_signalFalse,bb_lognormal_F,0.001,0.35,4457,0.0004487323311644604,0.0,0
n5_d20_imbTrue_assocTrue_signalFalse,bb_lognormal_F,0.01,0.35,4545,0.0121012101210121,0.0,0
n5_d20_imbTrue_assocTrue_signalFalse,bb_lognormal_F,0.05,0.005,4552,0.026142355008787345,0.0,0
n5_d20_imbTrue_assocTrue_signalFalse,bb_lognormal_F,0.15,0.005,4556,0.019534679543459176,0.0,0
n5_d20_imbTrue_assocTrue_signalFalse,bb_lognormal_F,0.35,0.005,4677,0.023091725465041693,0.0,0
n5_d20_imbTrue_assocTrue_signalFalse,bb_lognormal_F,0.5,0.005,4536,0.024911816578483244,0.0,0
n5_d20_imbTrue_assocTrue_signalFalse,bb_lognormal_F,0.65,0.005,4483,0.019629712246263663,0.0,0
n5_d20_imbTrue_assocTrue_signalFalse,bb_lognormal_F,0.85,0.005,4510,0.02483370288248337,0.0,0
n5_d20_imbTrue_assocTrue_signalFalse,bb_lognormal_F,0.95,0.005,4519,0.03385704801947333,0.0,0
n5_d20_imbTrue_assocTrue_signalFalse,bb_lognormal_F,0.99,0.35,4534,0.012351124834583149,0.00022055580061755624,0
n5_d20_imbTrue_assocTrue_signalFalse,bb_lognormal_F,0.999,0.35,4631,0.0004318721658389117,0.0,0
n5_d20_imbTrue_assocTrue_signalFalse,bb_lognormal_chi2,0.001,0.35,4457,0.0017949293246578416,0.0,0
n5_d20_imbTrue_assocTrue_signalFalse,bb_lognormal_chi2,0.01,0.35,4545,0.03476347634763476,0.0011001100110011,0
n5_d20_imbTrue_assocTrue_signalFalse,bb_lognormal_chi2,0.05,0.005,4552,0.06019332161687171,0.0015377855887521968,0
n5_d20_imbTrue_assocTrue_signalFalse,bb_lognormal_chi2,0.15,0.005,4556,0.04982440737489025,0.00021949078138718174,0
n5_d20_imbTrue_assocTrue_signalFalse,bb_lognormal_chi2,0.35,0.005,4677,0.055163566388710714,0.0010690613641223007,0
n5_d20_imbTrue_assocTrue_signalFalse,bb_lognormal_chi2,0.5,0.005,4536,0.05357142857142857,0.0011022927689594356,0
n5_d20_imbTrue_assocTrue_signalFalse,bb_lognormal_chi2,0.65,0.005,4483,0.049074280615659154,0.0008922596475574393,0
n5_d20_imbTrue_assocTrue_signalFalse,bb_lognormal_chi2,0.85,0.005,4510,0.052993348115299335,0.0017738359201773836,0
n5_d20_imbTrue_assocTrue_signalFalse,bb_lognormal_chi2,0.95,0.005,4519,0.06682894445673822,0.001549015268864793,0
n5_d20_imbTrue_assocTrue_signalFalse,bb_lognormal_chi2,0.99,0.35,4534,0.034186149095721215,0.0006616674018526688,2
n5_d20_imbTrue_assocTrue_signalFalse,bb_lognormal_chi2,0.999,0.35,4631,0.0019434247462751025,0.0,0
n5_d20_imbTrue_assocTrue_signalFalse,legacy_lr,0.001,0.35,4457,0.015481265425173883,0.004487323311644604,15
n5_d20_imbTrue_assocTrue_signalFalse,legacy_lr,0.01,0.35,4545,0.12409240924092409,0.042464246424642464,162
n5_d20_imbTrue_assocTrue_signalFalse,legacy_lr,0.05,0.005,4552,0.0421792618629174,0.0010984182776801407,2
n5_d20_imbTrue_assocTrue_signalFalse,legacy_lr,0.15,0.005,4556,0.035776997366110626,0.0,0
n5_d20_imbTrue_assocTrue_signalFalse,legacy_lr,0.35,0.005,4677,0.036561898652982684,0.0,0
n5_d20_imbTrue_assocTrue_signalFalse,legacy_lr,0.5,0.005,4536,0.03747795414462081,0.0,0
n5_d20_imbTrue_assocTrue_signalFalse,legacy_lr,0.65,0.005,4483,0.031229087664510373,0.00022306491188935982,0
n5_d20_imbTrue_assocTrue_signalFalse,legacy_lr,0.85,0.005,4510,0.03547671840354767,0.0,0
n5_d20_imbTrue_assocTrue_signalFalse,legacy_lr,0.95,0.005,4519,0.05045364018588183,0.0008851515822084533,1
n5_d20_imbTrue_assocTrue_signalFalse,legacy_lr,0.99,0.35,4534,0.13233348037053375,0.04344949272165858,160
n5_d20_imbTrue_assocTrue_signalFalse,legacy_lr,0.999,0.35,4631,0.01403584538976463,0.004318721658389117,16
n5_d20_imbTrue_assocTrue_signalTrue,bb_lognormal_F,0.001,0.35,4524,0.0004420866489832007,0.0,0
n5_d20_imbTrue_assocTrue_signalTrue,bb_lognormal_F,0.01,0.35,4522,0.014153029632905795,0.0,0
n5_d20_imbTrue_assocTrue_signalTrue,bb_lognormal_F,0.05,0.005,4531,0.029353343632752153,0.0,0
n5_d20_imbTrue_assocTrue_signalTrue,bb_lognormal_F,0.15,0.005,4459,0.02511773940345369,0.0,0
n5_d20_imbTrue_assocTrue_signalTrue,bb_lognormal_F,0.35,0.005,4526,0.024304021210782147,0.0,0
n5_d20_imbTrue_assocTrue_signalTrue,bb_lognormal_F,0.5,0.005,4505,0.026193118756936737,0.0,0
n5_d20_imbTrue_assocTrue_signalTrue,bb_lognormal_F,0.65,0.005,4453,0.023579609252189535,0.0,0
n5_d20_imbTrue_assocTrue_signalTrue,bb_lognormal_F,0.85,0.005,4497,0.02245941738937069,0.0,0
n5_d20_imbTrue_assocTrue_signalTrue,bb_lognormal_F,0.95,0.005,4461,0.03340058282896212,0.0,0
n5_d20_imbTrue_assocTrue_signalTrue,bb_lognormal_F,0.99,0.35,4447,0.011918147065437373,0.0,0
n5_d20_imbTrue_assocTrue_signalTrue,bb_lognormal_F,0.999,0.35,4539,0.0006609385327164573,0.0,0
n5_d20_imbTrue_assocTrue_signalTrue,bb_lognormal_chi2,0.001,0.35,4524,0.0033156498673740055,0.0,0
n5_d20_imbTrue_assocTrue_signalTrue,bb_lognormal_chi2,0.01,0.35,4522,0.04091110128261831,0.0019902697921273774,2
n5_d20_imbTrue_assocTrue_signalTrue,bb_lognormal_chi2,0.05,0.005,4531,0.06643125137938645,0.001544912822776429,0
n5_d20_imbTrue_assocTrue_signalTrue,bb_lognormal_chi2,0.15,0.005,4459,0.054047992823503026,0.002242655303879794,0
n5_d20_imbTrue_assocTrue_signalTrue,bb_lognormal_chi2,0.35,0.005,4526,0.053468846663720725,0.0013256738842244808,2
n5_d20_imbTrue_assocTrue_signalTrue,bb_lognormal_chi2,0.5,0.005,4505,0.05726970033296337,0.0006659267480577136,0
n5_d20_imbTrue_assocTrue_signalTrue,bb_lognormal_chi2,0.65,0.005,4453,0.05546822366943634,0.001347406242982259,0
n5_d20_imbTrue_assocTrue_signalTrue,bb_lognormal_chi2,0.85,0.005,4497,0.05492550589281743,0.0020013342228152103,3
n5_d20_imbTrue_assocTrue_signalTrue,bb_lognormal_chi2,0.95,0.005,4461,0.06590450571620712,0.0015691548980049316,2
n5_d20_imbTrue_assocTrue_signalTrue,bb_lognormal_chi2,0.99,0.35,4447,0.02990780301326737,0.0006746120980436249,1
n5_d20_imbTrue_assocTrue_signalTrue,bb_lognormal_chi2,0.999,0.35,4539,0.0026437541308658294,0.0,0
n5_d20_imbTrue_assocTrue_signalTrue,legacy_lr,0.001,0.35,4524,0.015030946065428824,0.003757736516357206,17
n5_d20_imbTrue_assocTrue_signalTrue,legacy_lr,0.01,0.35,4522,0.13777089783281735,0.04688191065900044,190
n5_d20_imbTrue_assocTrue_signalTrue,legacy_lr,0.05,0.005,4531,0.04811299933789451,0.0006621054954756124,0
n5_d20_imbTrue_assocTrue_signalTrue,legacy_lr,0.15,0.005,4459,0.037228078044404575,0.0,0
n5_d20_imbTrue_assocTrue_signalTrue,legacy_lr,0.35,0.005,4526,0.03623508616880247,0.0002209456473707468,0
n5_d20_imbTrue_assocTrue_signalTrue,legacy_lr,0.5,0.005,4505,0.039289678135405105,0.0,0
n5_d20_imbTrue_assocTrue_signalTrue,legacy_lr,0.65,0.005,4453,0.037278239389175835,0.0,0
n5_d20_imbTrue_assocTrue_signalTrue,legacy_lr,0.85,0.005,4497,0.03624638647987547,0.00066711140760507,0
n5_d20_imbTrue_assocTrue_signalTrue,legacy_lr,0.95,0.005,4461,0.05155794664873347,0.0013449899125756557,2
n5_d20_imbTrue_assocTrue_signalTrue,legacy_lr,0.99,0.35,4447,0.12457836743872273,0.04227569147740049,169
n5_d20_imbTrue_assocTrue_signalTrue,legacy_lr,0.999,0.35,4539,0.015421899096717338,0.00749063670411985,33
