chrom	pos	pvalue	qvalue	meth_diff
chr1	10471	0.804232644068207	1	-0.0150731158605174
chr1	10484	0.484747873856945	1	-0.0504696102774479
chr1	10489	0.827637052575033	1	0.00777511961722488
chr1	10493	0.966562857996079	1	0.00360780984719866
chr1	10497	0.345985870724416	0.99604390356222	0.044794426454715
chr1	10525	0.358774998858953	1	-0.0329946735056225
chr1	10542	0.765899250774721	1	0.00757103411418902
chr1	10563	0.776915845708705	1	-0.018963922294172
chr1	10571	0.0757626778949359	0.96159281781489	0.103448275862069
chr1	13079	0.853623648665593	1	0.0183150183150184
chr1	15207	1	1	0
chr1	15239	0.211354088000138	0.96159281781489	0.04
chr1	16243	0.202766777116451	0.96159281781489	-0.0689655172413793
chr1	17452	0.488880339006246	1	-0.0226345083487941
chr1	17478	0.622235407569414	1	-0.0116710875331565
chr1	17483	0.902841251057729	1	-0.00230576028327911
chr1	17492	0.378273698158817	1	-0.0139914496696464
chr1	54489	0.598167953848562	1	-0.0747549019607843
chr1	56298	0.617905690548189	1	-0.0506382978723404
chr1	102933	0.209198875344597	0.96159281781489	-0.0263157894736842
chr1	102988	0.418854832459316	1	0.041081081081081
chr1	102995	0.84186728271825	1	0.00969696969696976
chr1	126132	0.39760751156403	1	0.0564263322884013
chr1	135178	0.251416955018687	0.96159281781489	0.0454545454545454
chr1	135190	0.105762425862148	0.96159281781489	0.0740740740740741
chr1	135202	0.113770653030417	0.96159281781489	0.176296296296296
chr1	135207	0.202095396617548	0.96159281781489	-0.0454545454545454
chr1	136423	0.222849828484369	0.96159281781489	-0.04
chr1	136425	0.955746994733423	1	-0.00296296296296295
chr1	139029	0.619298584397234	1	0.0248538011695907
chr1	139059	0.204660190305145	0.96159281781489	-0.0392338585109669
chr1	139073	0.924186882528803	1	-0.00470809792843696
chr1	230018	0.0321087531441095	0.96159281781489	0.0952380952380952
chr1	232474	0.236591743249057	0.96159281781489	0.0285714285714286
chr1	233450	0.0729256161884181	0.96159281781489	0.073170731707317
chr1	233475	0.888642343119177	1	0.00828157349896475
chr1	237877	0.475924895869095	1	-0.0948275862068966
chr1	245014	0.697064114841115	1	0.0583333333333333
chr1	249272	0.242833306743197	0.96159281781489	-0.0434782608695652
chr1	252848	0.488579970555766	1	-0.0336927223719676
chr1	254926	0.433691568819371	1	0.0600667408231368
chr1	565262	0.630472704772364	1	0.0942982456140352
chr1	567206	0.31422875137984	0.976544298095162	-0.187317073170732
chr1	567239	0.0859369921422682	0.96159281781489	-0.096671226630187
chr1	568256	0.317578819978648	0.976544298095162	-0.148412698412698
chr1	569081	0.910101368007251	1	-0.019047619047619
chr1	569404	0.935626788136964	1	0.000790573612715173
chr1	569408	0.224831300120735	0.96159281781489	-0.00664401072519798
chr1	569427	0.243187834997802	0.96159281781489	-0.00955051500596907
chr1	625413	0.89851698800939	1	0.0288461538461539
chr1	626233	0.362027379991601	1	0.164285714285714
chr1	636673	0.568647588899858	1	0.0772727272727273
chr1	637725	0.912576122933086	1	0.0173913043478261
chr1	637754	0.885919114061147	1	0.00865460267505891
chr1	669225	0.721374132741309	1	-0.0340909090909091
chr1	704315	0.0901826876176882	0.96159281781489	0.0612244897959183
chr1	705870	0.504374397336453	1	-0.0347744360902256
chr1	705881	0.774539138170505	1	0.0482336956521739
chr1	705907	0.152853124447405	0.96159281781489	0.0465116279069767
chr1	707095	0.188095992629559	0.96159281781489	-0.0434782608695652
chr1	707117	0.315250415030971	0.976544298095162	0.032258064516129
chr1	710620	0.778718022887987	1	0.0146015853149771
chr1	710630	0.927222397289511	1	-0.00272727272727269
chr1	712545	0.0103874285705094	0.96159281781489	-0.0980392156862745
chr1	712585	0.270421173748189	0.96159281781489	0.025
chr1	712739	0.0927938083006847	0.96159281781489	0.0512820512820513
chr1	713252	0.227598558561942	0.96159281781489	0.02
chr1	713293	0.919470023233426	1	0.00480769230769229
chr1	713305	0.700612059484783	1	-0.0187057633973711
chr1	713317	0.555555523040099	1	0.0249709639953543
chr1	713365	0.910838622261683	1	0.00510204081632659
chr1	713376	0.608873847858709	1	-0.0263157894736842
chr1	713388	0.236489903721983	0.96159281781489	-0.078125
chr1	713400	0.813474871387599	1	0.0213903743315508
chr1	713447	0.768674012282944	1	-0.0380952380952381
chr1	713449	0.861558621732161	1	-0.0106060606060605
chr1	713453	0.817396408211639	1	-0.0252525252525252
chr1	713481	0.116805404609875	0.96159281781489	-0.272727272727273
chr1	713901	1	1	0
chr1	713921	1	1	0
chr1	713985	1	1	0
chr1	714002	1	1	0
chr1	714010	1	1	0
chr1	714012	1	1	0
chr1	714021	1	1	0
chr1	714024	0.248481086225093	0.96159281781489	0.0212765957446809
chr1	714030	1	1	0
chr1	714049	1	1	0
chr1	714052	1	1	0
chr1	714060	0.327398310972794	0.976544298095162	-0.0169491525423729
chr1	714071	1	1	0
chr1	714076	1	1	0
chr1	714083	0.328593725469221	0.976544298095162	-0.0163934426229508
chr1	714096	1	1	0
chr1	714118	0.20647214012733	0.96159281781489	-0.0208333333333333
chr1	714137	1	1	0
chr1	714139	0.240862062057609	0.96159281781489	-0.0212765957446809
chr1	714167	1	1	0
chr1	714169	1	1	0
chr1	714177	1	1	0
chr1	714181	1	1	0
chr1	714198	1	1	0
chr1	714202	1	1	0
chr1	714213	1	1	0
chr1	714277	0.301653344447024	0.963196104941143	-0.0188679245283019
chr1	714292	0.286658815800322	0.96159281781489	-0.0222222222222222
chr1	714300	1	1	0
chr1	714307	0.207150999099256	0.96159281781489	0.0384615384615385
chr1	714310	1	1	0
chr1	714313	0.10125877632858	0.96159281781489	-0.0833333333333333
chr1	714317	1	1	0
chr1	714476	0.199574663714698	0.96159281781489	0.0416666666666667
chr1	714480	1	1	0
chr1	714490	1	1	0
chr1	714543	1	1	0
chr1	714546	1	1	0
chr1	714565	1	1	0
chr1	714583	1	1	0
chr1	714621	0.206504963140687	0.96159281781489	-0.0256410256410256
chr1	714660	0.253295005960112	0.96159281781489	0.0175438596491228
chr1	715079	0.344648502689062	0.995113823506586	0.142857142857143
chr1	715083	0.66931044991452	1	-0.0483091787439614
chr1	715110	0.6941111723612	1	0.0397607318789585
chr1	715121	0.914307002325776	1	-0.0082051282051282
chr1	715240	0.342595441197443	0.995113823506586	0.142857142857143
chr1	715250	0.0077650969386967	0.96159281781489	0.142857142857143
chr1	715277	0.260537816782459	0.96159281781489	0.0256410256410257
chr1	715283	0.110691181393783	0.96159281781489	0.0540540540540541
chr1	715389	0.0566963496452677	0.96159281781489	0.0652173913043478
chr1	715391	0.620714297723623	1	0.0187436676798378
chr1	715404	0.894884610388733	1	-0.00313390313390316
chr1	715414	0.112797198382133	0.96159281781489	0.0350877192982456
chr1	715424	0.941391139195941	1	-0.00263678312458793
chr1	715433	1	1	0
chr1	717601	0.240259170140692	0.96159281781489	-0.0629251700680272
chr1	718572	0.332873358261226	0.984646380583806	0.0185185185185185
chr1	719148	1	1	0
chr1	719759	1	1	0
chr1	719872	0.0275160659977944	0.96159281781489	-0.075
chr1	720026	1	1	0
chr1	720220	0.99999993274336	1	0
chr1	720695	1	1	0
chr1	720796	1	1	0
chr1	720865	0.245008460105773	0.96159281781489	-0.0227272727272727
chr1	721427	0.865136816452903	1	-0.00407925407925414
chr1	722980	0.21630509416203	0.96159281781489	-0.032258064516129
chr1	723090	0.84712306578063	1	-0.00718390804597702
chr1	723092	0.475804417862265	1	-0.0213424064336529
chr1	723125	0.657997039723842	1	-0.0198412698412699
chr1	723788	0.478529521649588	1	0.036096256684492
chr1	723829	0.171402307822732	0.96159281781489	-0.0408163265306123
chr1	723837	1	1	0
chr1	723853	0.88516707780211	1	-0.00374149659863943
chr1	724206	0.51115846640861	1	-0.0627362055933485
chr1	724220	0.741510215379883	1	-0.0496848350018539
chr1	724225	0.645084159066265	1	0.0723841376015288
chr1	724240	0.968061510503424	1	-0.00568181818181823
chr1	724246	0.518345574289923	1	0.0310344827586206
chr1	724260	0.786071752555243	1	-0.0151446312282296
chr1	724285	0.793445767137148	1	-0.0274682306940371
chr1	724291	0.428381929166249	1	-0.0522827687776142
chr1	724300	0.86519760813456	1	-0.0173018470890811
chr1	724305	0.778151115738553	1	0.0219780219780219
chr1	724310	0.659661688996573	1	-0.0395289021253554
chr1	724500	0.58581284858065	1	-0.0696969696969697
chr1	724516	0.438406559711257	1	0.0678871090770404
chr1	724566	0.564718839334348	1	0.0379041248606465
chr1	724710	0.0501434320811992	0.96159281781489	0.0555555555555556
chr1	724721	0.291044844158018	0.96159281781489	0.0430247718383311
chr1	724751	0.32576105500867	0.976544298095162	-0.0238095238095238
chr1	724806	0.666473764437674	1	0.0170454545454546
chr1	724815	0.717515153860787	1	-0.0166666666666667
chr1	725001	0.300074055599823	0.962645949349906	-0.0732142857142857
chr1	725040	0.193090807069977	0.96159281781489	0.167232819440815
chr1	725056	0.91643758932726	1	0.00874125874125864
chr1	725106	0.35778241679564	1	-0.161904761904762
chr1	725181	1	1	0
chr1	725211	0.0242172427202118	0.96159281781489	0.199074074074074
chr1	725241	0.7918603386109	1	-0.0208475734791524
chr1	725256	0.51187522805848	1	0.0407673860911271
chr1	725270	0.958926937142846	1	-0.0073260073260073
chr1	725275	0.631549035113052	1	-0.0770540655598127
chr1	725280	0.611814094734362	1	-0.0809925093632959
chr1	725285	0.86032614620433	1	0.0199413489736071
chr1	725296	0.649964837012158	1	-0.040959040959041
chr1	725301	0.958390913793373	1	0.00200999083680653
chr1	725346	0.902080362786219	1	0.0120743034055727
chr1	725376	0.576596755686841	1	-0.0178062678062678
chr1	725401	0.13450190950588	0.96159281781489	0.0480072463768116
chr1	725431	0.515821197102081	1	0.0387218045112782
chr1	725462	0.526392743141833	1	0.0526124818577649
chr1	725561	0.185734855577953	0.96159281781489	0.0842911877394635
chr1	725586	0.660356707970395	1	0.0158469945355192
chr1	725711	0.409714163384238	1	0.0317559153175591
chr1	725821	0.47236145927356	1	-0.0801282051282052
chr1	725871	0.696519992466004	1	0.0162703379224031
chr1	725906	0.581362934664078	1	0.0508255933952528
chr1	725931	0.75855207509825	1	0.0172865374541645
chr1	725986	0.793537394481816	1	-0.0165649520488229
chr1	726011	0.999999907447586	1	0
chr1	726202	0.676776934253418	1	-0.0423098913664952
chr1	726222	0.435077823670288	1	-0.0656108597285068
chr1	726313	0.883146193152023	1	-0.0117346938775511
chr1	726378	0.949257600423713	1	0.0021410410812257
chr1	726540	0.145789091235165	0.96159281781489	-0.0719822812846068
chr1	726570	0.492188594961625	1	-0.0270168855534709
chr1	726585	0.139995244059731	0.96159281781489	-0.0702380952380952
chr1	726605	0.482623448588245	1	-0.0611111111111111
chr1	726709	0.809231825813355	1	0.0139860139860141
chr1	726734	0.294927180909975	0.96159281781489	-0.0542452830188679
chr1	726744	0.218528059349914	0.96159281781489	-0.0633208255159475
chr1	726769	0.533795986301688	1	-0.023336038961039
chr1	726794	0.468810028106908	1	-0.0276401564537158
chr1	726944	0.721739960214663	1	-0.0333333333333333
chr1	727004	0.664878524577803	1	-0.0278513288222025
chr1	727204	0.0438561335583679	0.96159281781489	-0.0625
chr1	727853	1	1	0
chr1	728290	0.223389575180622	0.96159281781489	0.155080213903743
chr1	728402	0.0966508992038203	0.96159281781489	0.0576923076923077
chr1	728605	0.857638725620085	1	0.00595238095238104
chr1	728923	0.251793979866005	0.96159281781489	0.0737514518002322
chr1	728951	0.886879399534955	1	0.00928792569659442
chr1	729015	0.884690875058712	1	0.00459183673469388
chr1	729339	0.027944472236755	0.96159281781489	-0.103448275862069
chr1	729632	0.868840052119129	1	0.00986937590711179
chr1	729720	0.210537015784995	0.96159281781489	-0.025
chr1	729948	0.69294148505325	1	0.0168831168831168
chr1	729960	0.197504254532172	0.96159281781489	-0.0232558139534884
chr1	730372	0.603627647765574	1	0.0238026124818578
chr1	730453	0.673136812855027	1	0.0235690235690235
chr1	730844	0.342142264132456	0.995113823506586	-0.0649867374005305
chr1	731543	0.390518584422027	1	0.0566534914361002
chr1	731565	0.23450526213054	0.96159281781489	-0.0526315789473685
chr1	731707	0.141017580467756	0.96159281781489	0.0606060606060606
chr1	731740	0.203503893544166	0.96159281781489	-0.0434782608695652
chr1	732127	0.359448345804099	1	0.121693121693122
chr1	732688	1	1	0
chr1	732970	0.100403411340662	0.96159281781489	0.0888133030990174
chr1	734133	0.249290090744629	0.96159281781489	0.0904347826086956
chr1	734374	0.442753492022296	1	-0.0488505747126438
chr1	734382	0.230410814655681	0.96159281781489	-0.0344827586206896
chr1	736377	0.953721113918029	1	-0.00367647058823528
chr1	736397	0.278247874942596	0.96159281781489	0.0303030303030303
chr1	736415	0.172849294277012	0.96159281781489	0.0869565217391305
chr1	736837	0.541106260752671	1	0.0222016651248843
chr1	737085	0.926985809449388	1	-0.00397219463753717
chr1	737130	0.223773698603518	0.96159281781489	0.027027027027027
chr1	737254	0.675982027359113	1	-0.0174291938997821
chr1	737262	0.225513136499022	0.96159281781489	0.0238095238095238
chr1	738467	0.0497197362526618	0.96159281781489	0.0715719063545152
chr1	738964	0.126926127156138	0.96159281781489	-0.0317460317460317
chr1	738974	0.847123065780626	1	0.00718390804597702
chr1	739377	0.243424773260094	0.96159281781489	-0.05
chr1	739906	0.608024566649431	1	-0.0444444444444444
chr1	740303	0.391148767497117	1	0.0967261904761905
chr1	740743	0.0958430341483771	0.96159281781489	0.0769230769230769
chr1	740856	0.446321411031363	1	0.0333333333333333
chr1	741990	0.0461778575011907	0.96159281781489	0.115384615384615
chr1	742234	0.69367351566125	1	0.0305039787798409
chr1	742317	1	1	0
chr1	743154	0.772938516007364	1	0.0353535353535354
chr1	745020	0.0214126924375966	0.96159281781489	0.08
chr1	746737	0.220098418772114	0.96159281781489	-0.0481481481481482
chr1	752495	0.511066214554456	1	-0.0243386243386243
chr1	752565	0.969484083541059	1	0.00215331610680448
chr1	752673	0.21758713959229	0.96159281781489	-0.0352941176470588
chr1	752696	0.507050361836305	1	0.0260366441658631
chr1	752747	0.257367745836348	0.96159281781489	-0.0666666666666667
chr1	753358	0.0318240545331728	0.96159281781489	-0.081081081081081
chr1	753370	0.399056868091944	1	-0.0464285714285714
chr1	753376	1	1	0
chr1	753379	0.402577121426386	1	0.0631313131313132
chr1	753540	0.821440287977073	1	0.0491180461329716
chr1	753666	0.00217068222163791	0.96159281781489	0.117647058823529
chr1	754108	0.803442531759883	1	-0.0133333333333333
chr1	754111	0.254448792184143	0.96159281781489	-0.0188679245283019
chr1	754137	0.311422151007001	0.975295336938062	0.0509090909090909
chr1	754167	0.0202509212711776	0.96159281781489	0.103448275862069
chr1	754174	0.917650591568614	1	-0.00700700700700696
chr1	754185	0.214072763770557	0.96159281781489	0.0357142857142857
chr1	754210	0.944523938636068	1	-0.00326340326340324
chr1	754244	0.862250556145943	1	0.00539215686274508
chr1	754432	0.874474389407456	1	-0.0107834507042254
chr1	754456	0.884540387736378	1	-0.00814525708467673
chr1	754739	0.91369670124914	1	0.0065520065520065
chr1	754743	1	1	0
chr1	754745	0.205230519004734	0.96159281781489	0.0303030303030303
chr1	754820	0.147637019887548	0.96159281781489	0.0434782608695652
chr1	754868	0.539190308107602	1	0.0313765182186235
chr1	755101	0.901662509616949	1	0.0213903743315508
chr1	755209	0.800834733772049	1	-0.0185185185185186
chr1	755256	0.982438109319237	1	-0.00122498979175179
chr1	755298	0.672117874960519	1	-0.0174174174174174
chr1	755363	0.590394281462985	1	0.022198731501057
chr1	755523	0.679512887363711	1	0.0186712983065567
chr1	755728	1	1	0
chr1	755749	0.671232466747922	1	0.0155136268343815
chr1	755798	0.556144102452199	1	0.0714285714285715
chr1	755868	0.857009852705755	1	-0.0183066361556063
chr1	755940	0.977894356177972	1	0.0053763440860215
chr1	756395	0.285165371083792	0.96159281781489	0.064808362369338
chr1	756453	0.397688079790129	1	0.0663641520136132
chr1	756518	0.712681171329662	1	0.0144654088050314
chr1	756533	0.315519244814573	0.976544298095162	-0.0507936507936508
chr1	756558	0.106789960908842	0.96159281781489	0.087719298245614
chr1	756619	0.950532883251764	1	0.0022321428571429
chr1	756640	0.00865729609194014	0.96159281781489	0.0793650793650794
chr1	756780	0.230418931304734	0.96159281781489	0.0208333333333334
chr1	756838	0.752920259343318	1	0.0121886592474828
chr1	756885	0.105405183298824	0.96159281781489	0.0363636363636364
chr1	756955	0.0507565656332157	0.96159281781489	-0.0434782608695652
chr1	757039	0.0544030042541779	0.96159281781489	0.0454545454545454
chr1	757153	0.709254624315381	1	-0.0155136268343815
chr1	757199	0.64648204548755	1	0.0172413793103449
chr1	757394	0.694846065140137	1	-0.0561224489795919
chr1	757639	0.989722967553874	1	-0.00320512820512825
chr1	757720	0.0199758194406846	0.96159281781489	-0.0634920634920635
chr1	757755	0.290157272037751	0.96159281781489	-0.0353901996370236
chr1	757928	0.240058371195189	0.96159281781489	0.0543024227234753
chr1	758140	0.192615256623571	0.96159281781489	0.0506379585326954
chr1	758163	0.935900659481988	1	-0.00253292806484295
chr1	758243	0.294474015831532	0.96159281781489	0.0277777777777778
chr1	758350	0.443829939164779	1	0.0316037735849056
chr1	758513	0.0584714387518823	0.96159281781489	0.046875
chr1	758628	0.224156499139343	0.96159281781489	0.0263157894736842
chr1	758663	0.0998015443352458	0.96159281781489	-0.03125
chr1	758680	0.766810282993409	1	0.0136054421768707
chr1	758829	0.701369892288853	1	0.0238324506499759
chr1	758945	0.94588018362379	1	-0.0028520499108734
chr1	759113	0.678447270486383	1	-0.0180072028811524
chr1	759597	1	1	0
chr1	759618	1	1	0
chr1	760408	0.0749499984938014	0.96159281781489	0.176190476190476
chr1	760912	0.709938797397279	1	0.0214313050133946
chr1	761298	0.732829058946342	1	0.0227272727272728
chr1	761370	0.0350404164796813	0.96159281781489	0.0625
chr1	761376	0.0860486923537949	0.96159281781489	0.0434782608695652
chr1	761445	0.25141695506106	0.96159281781489	-0.0454545454545454
chr1	761605	0.672441226221754	1	-0.03
chr1	762113	0.215045748085717	0.96159281781489	0.0238095238095238
chr1	762175	0.223998676709609	0.96159281781489	0.037037037037037
chr1	762179	1	1	0
chr1	762323	0.216956557151816	0.96159281781489	-0.04
chr1	762336	1	1	0
chr1	762793	1	1	0
chr1	762806	0.36400407916347	1	-0.0384615384615385
chr1	762809	0.364282157837387	1	-0.0357142857142857
chr1	762825	1	1	0
chr1	762850	0.19547748851024	0.96159281781489	0.032258064516129
chr1	762865	1	1	0
chr1	762869	1	1	0
chr1	762882	1	1	0
chr1	762891	0.231355576299851	0.96159281781489	0.0185185185185185
chr1	762897	0.231355576281933	0.96159281781489	-0.0185185185185185
chr1	762912	1	1	0
chr1	762915	1	1	0
chr1	762917	1	1	0
chr1	762919	1	1	0
chr1	762926	1	1	0
chr1	762931	0.300564260087132	0.962645949349906	0.025
chr1	762933	1	1	0
chr1	762937	1	1	0
chr1	762966	0.218486491139098	0.96159281781489	-0.037037037037037
chr1	762972	0.230693704645802	0.96159281781489	0.0333333333333333
chr1	762977	0.260885075485065	0.96159281781489	-0.0333333333333333
chr1	762982	0.293344967258282	0.96159281781489	-0.0344827586206897
chr1	762987	1	1	0
chr1	764411	1	1	0
chr1	764421	0.81302083406878	1	-0.025
chr1	765390	0.327546359964381	0.976544298095162	0.0560524746571258
chr1	765436	0.0735590560697349	0.96159281781489	0.0370370370370371
chr1	765531	0.0545075914421947	0.96159281781489	0.151702786377709
chr1	765630	0.0424338854399623	0.96159281781489	0.081081081081081
chr1	765632	0.0766513972120587	0.96159281781489	-0.0526315789473685
chr1	766285	0.3485417879147	0.997942591388667	0.0227272727272727
chr1	766292	0.76704701885952	1	-0.01125
chr1	766328	0.358297363429058	1	0.0387205387205387
chr1	766673	0.267948032032975	0.96159281781489	-0.0232558139534884
chr1	766792	0.39246777708064	1	-0.0262820512820513
chr1	766880	0.277101183059614	0.96159281781489	0.0486338797814208
chr1	766915	0.706476432666218	1	0.0205026455026455
chr1	766946	0.233106413883424	0.96159281781489	-0.0485739750445633
chr1	767037	0.348560129916608	0.997942591388667	0.0384972170686456
chr1	767056	0.917777447115066	1	-0.00500625782227782
chr1	767097	0.354650847020714	1	-0.0420918367346939
chr1	767181	0.247640594329311	0.96159281781489	-0.032258064516129
chr1	767220	0.244405103236156	0.96159281781489	0.054661487236404
chr1	767253	0.0823736713055579	0.96159281781489	-0.0861805201427843
chr1	767493	0.186408856401285	0.96159281781489	0.0645161290322581
chr1	767531	0.809674425078818	1	-0.00921568627450986
chr1	767560	0.874032438753723	1	0.00445344129554659
chr1	767585	0.810638921060433	1	0.011904761904762
chr1	767605	0.573267478404162	1	-0.0144661308840414
chr1	767632	0.954999141650526	1	-0.00238237045860623
chr1	767702	0.0800331517705592	0.96159281781489	0.0833333333333334
chr1	767710	0.970921062173763	1	0.00191387559808609
chr1	767743	0.523668048180131	1	0.0844155844155844
chr1	767807	0.942999851951304	1	-0.00505050505050497
chr1	767812	1	1	0
chr1	767817	1	1	0
chr1	767864	1	1	0
chr1	767869	0.257590858009554	0.96159281781489	0.04
chr1	768049	0.0062914033296738	0.96159281781489	-0.0943396226415094
chr1	768086	0.294752947371285	0.96159281781489	-0.048780487804878
chr1	768260	0.71141798456294	1	-0.0218045112781955
chr1	768325	0.0871954484379838	0.96159281781489	0.169772256728778
chr1	768663	0.618877876948781	1	0.0191666666666667
chr1	768819	0.122000052275689	0.96159281781489	-0.0298507462686567
chr1	768981	0.859482882246235	1	-0.00712355686563504
chr1	769023	0.627717063491704	1	0.0202224469160768
chr1	769051	0.0767045143374388	0.96159281781489	-0.0370370370370371
chr1	769054	0.868591221066577	1	-0.00588235294117645
chr1	769163	0.743128848541588	1	-0.0180072028811524
chr1	769174	0.0399142801898509	0.96159281781489	0.105263157894737
chr1	769197	0.357330941610226	1	0.0217391304347826
chr1	769223	0.906955381137337	1	-0.0170542635658915
chr1	769251	0.962969714476638	1	-0.00175438596491229
chr1	769262	0.209982075750486	0.96159281781489	-0.0563338301043219
chr1	769271	0.199017918166007	0.96159281781489	-0.0410628019323672
chr1	769360	0.181051169129067	0.96159281781489	0.0521978021978021
chr1	769373	0.617818189153473	1	0.0254901960784314
chr1	769591	0.0976007891228181	0.96159281781489	-0.0782608695652174
chr1	769884	0.825992339320334	1	-0.012241054613936
chr1	769886	0.165498431632639	0.96159281781489	0.0285714285714286
chr1	769890	0.110358741351589	0.96159281781489	0.0753585397653195
chr1	769893	0.556386113609092	1	-0.0184210526315789
chr1	770128	0.647203738154151	1	-0.0353535353535354
chr1	770251	0.23075555148329	0.96159281781489	0.02
chr1	770368	0.0749568220581304	0.96159281781489	0.0454545454545454
chr1	770390	0.0680585368841154	0.96159281781489	-0.0811320754716981
chr1	770761	0.307273217236394	0.970776713542684	-0.0535714285714286
chr1	770844	0.306764424854561	0.970060653758503	-0.0555555555555556
chr1	771059	0.52751351021192	1	0.0323232323232323
chr1	771076	0.348243477973878	0.997942591388667	-0.0314900153609832
chr1	771741	0.978600479716814	1	0.00132205182443146
chr1	771924	1	1	0
chr1	771950	0.00427783580155186	0.96159281781489	0.0862068965517241
chr1	771962	0.76666931597236	1	-0.0117872807017544
chr1	771995	0.801787931177183	1	0.0101449275362319
chr1	772015	0.404407922417992	1	0.0236065573770492
chr1	772147	0.75908883184773	1	0.0180995475113122
chr1	772322	0.301700553904524	0.963196104941143	-0.0645604395604396
chr1	772334	0.353469747232978	1	0.0285053929121726
chr1	772383	0.52829281125903	1	-0.0465949820788531
chr1	772429	0.298426223532992	0.962336921806066	-0.0370370370370371
chr1	772649	0.979002734864916	1	0.00067476383265852
chr1	772733	0.975449221431197	1	-0.000918484500574079
chr1	772808	0.939910390635522	1	-0.00545454545454538
chr1	772957	0.0494913020567732	0.96159281781489	0.0441176470588235
chr1	773052	0.72781543668426	1	-0.0367965367965368
chr1	773087	0.834983443965349	1	-0.0248138957816377
chr1	773105	0.999999958622381	1	0
chr1	773169	0.255330524287243	0.96159281781489	-0.0719512195121951
chr1	773256	0.401864454314447	1	0.0664451827242525
chr1	773482	1	1	0
chr1	773579	0.887645455197159	1	-0.0112201963534362
chr1	773713	0.71335443819199	1	-0.0341269841269841
chr1	773936	0.720863797187928	1	-0.025974025974026
chr1	773993	0.688120354153305	1	0.0424242424242424
chr1	774041	0.93144415502562	1	-0.0108631246296662
chr1	774046	0.968388143516605	1	-0.00397877984084882
chr1	774180	0.433826704214988	1	-0.0865704772475028
chr1	774998	0.259384705121699	0.96159281781489	-0.03125
chr1	775357	0.550118195415363	1	0.0462962962962963
chr1	775766	0.879198209241238	1	-0.0177777777777778
chr1	776040	0.967590441220755	1	0.00208333333333333
chr1	776393	0.999999904884748	1	0
chr1	776550	0.0414013731429877	0.96159281781489	0.0680672268907564
chr1	776597	0.140475717724391	0.96159281781489	0.04673721340388
chr1	776599	0.101890973615778	0.96159281781489	0.0625485625485626
chr1	776644	0.729642421998478	1	0.013888888888889
chr1	776655	0.95599207250226	1	0.00362318840579712
chr1	776706	0.927702453061069	1	-0.0060606060606061
chr1	776815	0.293149760572178	0.96159281781489	-0.0530303030303031
chr1	776861	0.418153413844937	1	0.0232288037166086
chr1	776899	0.485259527769062	1	0.0379173740803622
chr1	777013	0.74797466132034	1	-0.0170278637770898
chr1	777046	0.294503806328672	0.96159281781489	-0.0902777777777778
chr1	777237	1	1	0
chr1	777241	0.839245305706827	1	-0.0106060606060606
chr1	777244	0.438407273692769	1	-0.0338870431893688
chr1	777287	0.253064105275312	0.96159281781489	-0.0432263814616756
chr1	777690	0.253407917744942	0.96159281781489	-0.159266409266409
chr1	778111	0.306212950612605	0.96975626253398	0.040391156462585
chr1	778148	1	1	0
chr1	778269	0.894691589482972	1	-0.00864361702127658
chr1	778272	0.0637028272850339	0.96159281781489	0.0769230769230769
chr1	778288	0.200022789579851	0.96159281781489	-0.0588235294117647
chr1	778292	0.209144537872626	0.96159281781489	-0.0769230769230769
chr1	778294	0.0957135419798876	0.96159281781489	0.142857142857143
chr1	778336	0.417029962698622	1	-0.0634920634920635
chr1	778443	0.216648161360117	0.96159281781489	-0.087719298245614
chr1	778535	0.180826403221325	0.96159281781489	-0.04
chr1	778645	0.516730137365216	1	0.0261016949152543
chr1	778667	0.915338970164267	1	0.00448028673835121
chr1	778743	0.115539977962777	0.96159281781489	-0.0689655172413793
chr1	778841	0.813773121566808	1	0.00503663003663013
chr1	778871	0.222718589070481	0.96159281781489	0.0120481927710844
chr1	778991	0.731101428265366	1	0.0233050847457628
chr1	779077	0.842765133738888	1	-0.0126315789473684
chr1	779107	0.0244970673281034	0.96159281781489	-0.0882352941176471
chr1	779356	0.134788262930442	0.96159281781489	-0.0769230769230769
chr1	779466	0.0982253010089619	0.96159281781489	0.0377358490566038
chr1	779548	0.820094201091168	1	-0.00996168582375478
chr1	779552	0.628894528248529	1	-0.0253731343283582
chr1	779582	0.878936550816782	1	-0.00852514919011083
chr1	779995	0.419650441247012	1	0.0980769230769231
chr1	780063	0.312532271045467	0.975674320842889	0.0897009966777408
chr1	780086	0.0377814044605088	0.96159281781489	-0.128205128205128
chr1	780091	0.286157715163918	0.96159281781489	0.0756302521008404
chr1	780101	0.228358097504272	0.96159281781489	0.0595238095238095
chr1	780129	0.652548710994384	1	-0.0270629991126886
chr1	780162	0.0325877978431946	0.96159281781489	0.165714285714286
chr1	780206	0.989780848933538	1	-0.000349406009783393
chr1	780301	0.431535223258591	1	-0.0299043062200958
chr1	780325	0.606413629439026	1	-0.0192973775358732
chr1	780701	0.130082705789438	0.96159281781489	0.0654985398414685
chr1	780721	0.599603402527158	1	-0.0205128205128206
chr1	780878	0.750741243892635	1	0.0233766233766234
chr1	780893	0.131189004676391	0.96159281781489	0.0454545454545454
chr1	780901	0.268437358808662	0.96159281781489	0.0476190476190476
chr1	780924	0.0343398375451679	0.96159281781489	0.0571428571428572
chr1	781169	0.0384220987255667	0.96159281781489	0.05
chr1	781189	0.775028450591663	1	-0.0180995475113122
chr1	781598	0.71045340660789	1	-0.0430107526881721
chr1	781992	0.559679377822232	1	0.0330882352941176
chr1	782025	0.0843685830364155	0.96159281781489	0.0632360471070149
chr1	782224	0.7633967363503	1	0.0109126984126984
chr1	782245	0.741402225810123	1	-0.0122203811101906
chr1	782283	0.296773135076292	0.962336921806066	0.0483516483516483
chr1	782720	0.492728755919707	1	0.0931034482758621
chr1	782833	0.45160732109733	1	0.062962962962963
chr1	782862	0.278612866453154	0.96159281781489	0.0453102453102453
chr1	782981	0.360651141977123	1	-0.121428571428571
chr1	783095	0.0100819421693053	0.96159281781489	0.121959459459459
chr1	783128	0.0157709950416626	0.96159281781489	-0.0909090909090909
chr1	783162	0.889652904939401	1	0.0166666666666666
chr1	783169	0.235130734358508	0.96159281781489	0.0454545454545454
chr1	783245	0.966056888485665	1	0.00476190476190475
chr1	783639	1	1	0
chr1	783649	0.0422492867963212	0.96159281781489	-0.0666666666666667
chr1	783803	0.599679655948987	1	0.0418660287081341
chr1	783875	0.544726162015324	1	-0.0267441860465116
chr1	784035	0.248100559560244	0.96159281781489	-0.0600938967136151
chr1	784177	0.204139319012172	0.96159281781489	-0.071681131468981
chr1	784362	0.988776507705207	1	0.0004746835443038
chr1	784602	0.508124161979914	1	0.0272556390977444
chr1	784730	0.17921401544202	0.96159281781489	-0.0841836734693877
chr1	784750	0.567677472219132	1	-0.0180572851805728
chr1	784903	0.906366479277839	1	-0.0199999999999999
chr1	785059	0.927140120491032	1	-0.0036544850498339
chr1	785073	0.833499420798461	1	-0.0118437900128041
chr1	785196	0.862675374053181	1	-0.0178571428571429
chr1	785223	1	1	0
chr1	785541	0.706005008630472	1	-0.0178571428571428
chr1	785592	0.650222086489767	1	0.0275735294117647
chr1	785628	0.820278598516879	1	0.0083333333333333
chr1	785635	0.610332124963164	1	-0.0188679245283019
chr1	785802	0.176636248106356	0.96159281781489	-0.06519533231862
chr1	786928	0.827633073956496	1	-0.0106732348111658
chr1	786948	0.783416015784737	1	0.0114285714285715
chr1	786983	0.642207237088648	1	-0.0475382003395586
chr1	786994	0.453830739295126	1	-0.199604743083004
chr1	786997	0.889580002350319	1	0.0160183066361556
chr1	787372	0.872029776736314	1	0.00965309200603315
chr1	787398	0.724797276222429	1	0.0604395604395605
chr1	787506	0.789089035412931	1	0.0150353773584906
chr1	787643	0.45671017924565	1	0.0614692653673163
chr1	787860	0.0188064900761609	0.96159281781489	-0.09375
chr1	788365	0.0258417974028864	0.96159281781489	-0.0789473684210527
chr1	788373	0.28747118620902	0.96159281781489	0.0277777777777778
chr1	788435	0.190149638036637	0.96159281781489	0.0882352941176471
chr1	788487	0.809297386932169	1	-0.0117554858934169
chr1	788491	0.744634123720236	1	-0.0140712945590994
chr1	788503	0.145186583275714	0.96159281781489	-0.092972972972973
chr1	788531	0.317585377141138	0.976544298095162	-0.0303030303030303
chr1	788533	0.421949280756471	1	-0.0476190476190477
chr1	788539	0.204521253759889	0.96159281781489	0.0357142857142857
chr1	789259	1	1	0
chr1	789359	0.925440451016894	1	-0.0037792894935752
chr1	789363	0.825727565579651	1	0.0116317713526088
chr1	789851	0.120594366944027	0.96159281781489	0.0833333333333334
chr1	789866	0.0612311674788451	0.96159281781489	0.107142857142857
chr1	789876	0.52381648164903	1	0.0433333333333333
chr1	789922	0.122954089194612	0.96159281781489	0.0606060606060606
chr1	789950	0.93618909687497	1	0.00405405405405401
chr1	790025	0.854760069267821	1	-0.00887021475256766
chr1	790035	0.0349552884987601	0.96159281781489	-0.130521091811414
chr1	790048	0.695932416421273	1	-0.0160810005955926
chr1	790057	0.226879244590327	0.96159281781489	0.0390476190476191
chr1	790109	0.592136653935899	1	0.0243632336655593
chr1	790187	0.436771777338965	1	-0.0433452320244773
chr1	790219	0.908785263092208	1	-0.00357701766152474
chr1	790298	0.732492226215328	1	0.0230769230769231
chr1	790432	0.292191646936391	0.96159281781489	-0.0673624288425048
chr1	790463	0.339181261492272	0.995113823506586	-0.0376984126984127
chr1	790492	0.245281453159645	0.96159281781489	0.0518163897493664
chr1	790590	0.0729852137762092	0.96159281781489	0.0645161290322581
chr1	790623	1	1	0
chr1	790667	0.646535251731458	1	0.0220588235294117
chr1	790742	0.110248170078428	0.96159281781489	-0.0526315789473685
chr1	790748	0.236591743291454	0.96159281781489	0.0285714285714286
chr1	790907	0.791470806480065	1	0.0133689839572193
chr1	791054	0.136494288197037	0.96159281781489	0.124854819976771
chr1	791071	0.745692721016858	1	0.0168997668997669
chr1	791098	0.607114063277268	1	-0.0327380952380952
chr1	791298	0.0906085066683741	0.96159281781489	-0.0869565217391305
chr1	791327	0.320313917087442	0.976544298095162	-0.0554112554112555
chr1	791499	0.598448687733836	1	-0.0164835164835164
chr1	791543	0.381560345247048	1	0.0962962962962963
chr1	791592	0.592577155418618	1	0.0198259187620889
chr1	791753	0.836884525818097	1	0.0277777777777778
chr1	791857	0.281040146001236	0.96159281781489	0.0536672629695885
chr1	791869	0.379184961372321	1	0.0668859649122807
chr1	791875	0.890067146559565	1	-0.00867208672086717
chr1	791900	0.304991359988217	0.967440439319538	0.0565610859728507
chr1	791932	0.350234168628674	1	0.0620915032679739
chr1	792049	0.142516464860057	0.96159281781489	-0.148247978436658
chr1	792126	0.390903205047283	1	0.0528604884576782
chr1	792150	0.733094877619979	1	-0.0252525252525253
chr1	792161	0.376305275449675	1	0.131313131313131
chr1	792185	0.343375350595668	0.995113823506586	0.139393939393939
chr1	792405	0.598835867253307	1	-0.053030303030303
chr1	792466	0.0958576838733565	0.96159281781489	-0.0645161290322581
chr1	792496	0.179880761298479	0.96159281781489	0.0565302144249512
chr1	793490	0.259384705072727	0.96159281781489	-0.03125
chr1	793550	0.227909932222899	0.96159281781489	-0.0151515151515152
chr1	793561	0.790495376273892	1	0.010351966873706
chr1	793730	0.142901119106421	0.96159281781489	-0.161117489475698
chr1	793769	0.979638163800712	1	0.00256410256410256
chr1	793832	0.525215718355804	1	-0.112554112554113
chr1	793920	0.594229172319438	1	-0.0535714285714286
chr1	793952	0.841083035803572	1	-0.0142857142857143
chr1	793962	0.8837502475087	1	-0.0154440154440154
chr1	794150	0.951451244362567	1	0.00267857142857143
chr1	794162	0.24075065501994	0.96159281781489	-0.02
chr1	794171	1	1	0
chr1	794186	1	1	0
chr1	794230	0.817414928683473	1	-0.00589198036006547
chr1	794331	0.214180646171624	0.96159281781489	-0.0454545454545455
chr1	794367	0.283116819936142	0.96159281781489	0.149672033392964
chr1	794456	0.0900975039738827	0.96159281781489	-0.0952380952380952
chr1	794622	0.640265002737529	1	0.0250288794763188
chr1	795016	0.542368739252651	1	0.0234499205087441
chr1	795036	0.87282561076103	1	-0.00524642289348176
chr1	795725	0.677766546827298	1	0.0457939273270284
chr1	795819	0.665541387756532	1	0.026890756302521
chr1	795824	0.219253348884326	0.96159281781489	-0.0277777777777778
chr1	795973	0.926665765985139	1	-0.0124521072796935
chr1	796039	0.503531759116862	1	0.0282051282051282
chr1	796065	0.992453560342198	1	-0.00048732943469787
chr1	796076	0.503859875212304	1	0.0329601990049752
chr1	796162	0.9520547074243	1	-0.0026619343389529
chr1	796185	0.83679146741304	1	0.0122549019607843
chr1	796203	0.161675843663799	0.96159281781489	0.0512820512820513
chr1	796206	0.257860107285617	0.96159281781489	-0.0888030888030889
chr1	796269	0.85533373358668	1	0.0124069478908188
chr1	796328	0.870700443896736	1	-0.00916844349680169
chr1	796339	0.543078796995001	1	0.0316939890710383
chr1	796361	0.199968756411574	0.96159281781489	-0.0953947368421053
chr1	796521	0.380418879079493	1	-0.0544766708701135
chr1	796543	0.150035981536935	0.96159281781489	0.193548387096774
chr1	796545	0.152317010142187	0.96159281781489	0.255172413793103
chr1	796787	0.134786872542815	0.96159281781489	0.219165085388994
chr1	797782	0.590676528270464	1	0.0315748941085868
chr1	797785	0.676577745319246	1	-0.019916142557652
chr1	797838	0.840060980387628	1	-0.0199335548172757
chr1	798470	0.633541484763256	1	0.0231436837029894
chr1	798485	0.894668995143115	1	0.00800915331807783
chr1	798753	0.610064302207611	1	-0.034471853257432
chr1	798800	0.0544956007404404	0.96159281781489	-0.12
chr1	799001	0.921452838515528	1	-0.0176470588235295
chr1	799065	0.00978225470687581	0.96159281781489	0.181818181818182
chr1	799085	0.180450982482621	0.96159281781489	0.0504469987228609
chr1	799121	0.921658112313529	1	-0.00469361147327252
chr1	799187	0.859430413078164	1	-0.0107142857142857
chr1	799208	0.201120798451693	0.96159281781489	-0.186602870813397
chr1	799211	0.708953695603498	1	0.0555555555555556
chr1	799419	0.310934465838962	0.975295336938062	0.101867572156197
chr1	799519	0.587231039269058	1	-0.025
chr1	799522	0.103939326137666	0.96159281781489	-0.103814884302689
chr1	799550	0.42483998787785	1	0.0380952380952381
chr1	799674	0.323128988725786	0.976544298095162	-0.0833333333333333
chr1	799730	0.866851436783154	1	0.0107655502392344
chr1	799770	0.30090166263432	0.962645949349906	0.0263157894736842
chr1	800083	0.832510614574635	1	0.012058212058212
chr1	800144	0.848848431554942	1	-0.00650118203309691
chr1	800314	0.248173982366494	0.96159281781489	0.109302325581395
chr1	800349	0.628546963972855	1	-0.0405701754385965
chr1	800383	1	1	0
chr1	800488	0.513525088043401	1	-0.0253968253968254
chr1	800666	0.562725452695962	1	0.0551948051948052
chr1	800676	0.0218308043688103	0.96159281781489	-0.133333333333333
chr1	800830	0.816669890224855	1	-0.0123922413793104
chr1	800894	0.0551889981124929	0.96159281781489	0.081081081081081
chr1	800916	0.270337104697652	0.96159281781489	-0.0294117647058824
chr1	800930	1	1	0
chr1	801045	0.896706384609157	1	-0.00277777777777788
chr1	801122	0.436872609301228	1	-0.0654761904761905
chr1	801179	0.97903373351496	1	-0.00197628458498023
chr1	801290	0.432803379492087	1	-0.0466404987300855
chr1	801505	0.694832056855666	1	-0.0301990391214826
chr1	801595	0.412961363846802	1	-0.0343915343915343
chr1	801609	0.000432637995475951	0.853594765074052	-0.136363636363636
chr1	801616	0.154111418594796	0.96159281781489	0.0303030303030303
chr1	801661	0.264664345273287	0.96159281781489	-0.0384615384615384
chr1	801776	0.0054965506346071	0.96159281781489	-0.116279069767442
chr1	801819	0.294275050956966	0.96159281781489	-0.0691003911342895
chr1	801850	0.267059846655956	0.96159281781489	-0.0634615384615385
chr1	801868	0.748399031707677	1	0.0113322277501382
chr1	801875	0.664728458557022	1	0.0198321891685735
chr1	801896	0.929613685423759	1	-0.00369799691833594
chr1	801916	0.825539484332679	1	0.0185185185185185
chr1	802376	0.230181290575583	0.96159281781489	-0.0578252671275926
chr1	802386	0.240250816604871	0.96159281781489	-0.072972972972973
chr1	802417	0.864435753287543	1	-0.0125418060200669
chr1	802425	0.635640445191695	1	0.0239403453689168
chr1	802466	0.698906225820428	1	0.0353260869565217
chr1	802484	0.657406411045269	1	0.0595238095238095
chr1	802515	0.390144420486822	1	-0.0821759259259259
chr1	802523	0.951460211725062	1	-0.0073089700996678
chr1	802533	0.516987455248203	1	0.0289308176100629
chr1	802564	0.734972583282863	1	0.0835820895522389
chr1	802584	0.816326510133095	1	-0.0151415404871627
chr1	802660	0.342536408847266	0.995113823506586	0.0612082670906201
chr1	802819	0.56925871954756	1	0.030241935483871
chr1	804432	0.652419641384361	1	-0.0630252100840336
chr1	804912	0.495207862064462	1	0.0238704177323102
chr1	804945	0.842876915333446	1	0.0135174845724361
chr1	804992	0.865291427442474	1	-0.0107548701298701
chr1	804999	0.730021530089762	1	0.0262672811059908
chr1	805102	0.0958634615062764	0.96159281781489	-0.0588235294117647
chr1	805158	1	1	0
chr1	805199	1	1	0
chr1	805201	1	1	0
chr1	805214	1	1	0
chr1	805228	1	1	0
chr1	805230	1	1	0
chr1	805244	0.271281192189386	0.96159281781489	0.0222222222222222
chr1	805246	1	1	0
chr1	805252	1	1	0
chr1	805273	0.226638280548042	0.96159281781489	-0.0303030303030303
chr1	805312	1	1	0
chr1	805314	1	1	0
chr1	805318	0.257590858043573	0.96159281781489	-0.04
chr1	805320	1	1	0
chr1	805327	1	1	0
chr1	805338	0.174851949811368	0.96159281781489	0.04
chr1	805341	1	1	0
chr1	805352	0.145957246311068	0.96159281781489	0.04
chr1	805377	1	1	0
chr1	805382	1	1	0
chr1	805400	1	1	0
chr1	805403	1	1	0
chr1	805411	0.297307515910624	0.962336921806066	-0.032258064516129
chr1	805428	1	1	0
chr1	805434	1	1	0
chr1	805436	1	1	0
chr1	805444	0.285416402176685	0.96159281781489	-0.0217391304347826
chr1	805449	0.261341466763706	0.96159281781489	-0.0217391304347826
chr1	805467	0.233318388994489	0.96159281781489	0.0227272727272727
chr1	805474	0.0811041344475446	0.96159281781489	0.0454545454545455
chr1	805477	0.23331838896907	0.96159281781489	-0.0227272727272727
chr1	805479	0.739877210327085	1	0.0191214470284238
chr1	805484	0.217364517428476	0.96159281781489	0.0656330749354005
chr1	805486	1	1	0
chr1	805498	0.95306222649832	1	-0.00326797385620915
chr1	805500	0.846666603200445	1	-0.0179738562091503
chr1	805519	0.929428095913872	1	-0.0107334525939177
chr1	805538	0.529942124123471	1	-0.0780195048762191
chr1	805541	0.285246566661104	0.96159281781489	0.118351063829787
chr1	805547	0.771846855018016	1	-0.0350404312668464
chr1	805554	0.89787126531778	1	-0.0108108108108108
chr1	805573	0.476685893213015	1	0.0419103313840156
chr1	805604	0.776579699007852	1	-0.0295081967213115
chr1	805606	0.873479022978873	1	0.0140350877192982
chr1	805616	0.655017489415983	1	0.0682870370370371
chr1	805627	0.176131520997488	0.96159281781489	0.209864283349884
chr1	805746	0.325231794916696	0.976544298095162	0.0666666666666667
chr1	805786	0.387353274305261	1	0.0327700972862264
chr1	805942	0.441879109279178	1	0.0409090909090909
chr1	806051	0.0333543560997838	0.96159281781489	0.0746268656716418
chr1	806120	0.0114512675589846	0.96159281781489	-0.137931034482759
chr1	806181	0.53668923841394	1	-0.0290346907993967
chr1	806231	0.554540875491184	1	-0.0288753799392097
chr1	807409	0.613951567272214	1	0.0342741935483871
chr1	807703	0.0577615367431695	0.96159281781489	0.0789473684210527
chr1	807945	0.785479651325222	1	0.0275862068965517
chr1	808247	0.700551726913368	1	-0.0396825396825398
chr1	808527	0.679182564674731	1	0.0514705882352942
chr1	808562	0.275224736388719	0.96159281781489	0.131818181818182
chr1	808584	0.434555609815659	1	-0.0619047619047619
chr1	808630	0.438325057807174	1	-0.147222222222222
chr1	808642	0.543940784718357	1	-0.0547504025764896
chr1	808724	0.394195500904287	1	-0.0434782608695652
chr1	808748	0.256920712708852	0.96159281781489	-0.0692007797270956
chr1	809352	1	1	0
chr1	809450	0.49552379774343	1	0.0283882783882784
chr1	809469	0.19075606717648	0.96159281781489	-0.110070257611241
chr1	809680	0.581558008301566	1	-0.0549872122762148
chr1	809763	0.0388516947759313	0.96159281781489	-0.0697674418604651
chr1	809927	0.607118901251728	1	0.0237475601821731
chr1	810028	1	1	0
chr1	810320	0.380262163151057	1	-0.0617408906882592
chr1	810406	0.880144049796802	1	0.00623885918003564
chr1	810470	0.772042117721424	1	-0.0111111111111111
chr1	810599	0.365865872984756	1	0.0452488687782805
chr1	810603	0.503002254255024	1	-0.0247863247863248
chr1	810885	0.654221999933873	1	-0.036394176931691
chr1	810889	0.0296061932001701	0.96159281781489	-0.0769230769230769
chr1	811025	0.354905091377542	1	0.0415019762845851
chr1	811071	0.0065184624345511	0.96159281781489	-0.0833333333333334
chr1	811166	0.323419760179823	0.976544298095162	-0.0850439882697947
chr1	811348	0.896416856846662	1	0.0143540669856459
chr1	811465	0.602803342138305	1	-0.1
chr1	811559	0.835264313897786	1	-0.0252100840336135
chr1	811579	0.0469833259247851	0.96159281781489	0.224444444444444
chr1	811589	0.182718928900883	0.96159281781489	0.101190476190476
chr1	811609	0.490033208292273	1	-0.0559006211180124
chr1	811629	0.0130052734123021	0.96159281781489	-0.360544217687075
chr1	811639	0.615537347396396	1	0.0341614906832298
chr1	811709	0.520482630501023	1	0.0818181818181818
chr1	811725	0.704922656232225	1	-0.036231884057971
chr1	811739	0.44139996901067	1	-0.0377073906485671
chr1	811745	0.586410567222645	1	-0.0422932330827067
chr1	811759	0.541581966120696	1	-0.0396825396825398
chr1	811765	0.491509190567581	1	-0.118103055175559
chr1	811775	0.432273439055561	1	-0.0945220193340494
chr1	811905	0.954403491316169	1	0.00308880308880311
chr1	812000	0.537234622759659	1	0.0895833333333334
chr1	812025	0.721880642490221	1	-0.0332464146023469
chr1	812062	0.720278536026369	1	0.0138104205900815
chr1	812248	0.21688372715539	0.96159281781489	-0.0909090909090909
chr1	812350	0.347690144745201	0.997942591388667	-0.0524236037934668
chr1	812393	0.610893763312448	1	-0.0351818723911747
chr1	812539	0.856951416715135	1	0.0100279850746269
chr1	812679	0.596645586817045	1	-0.0226190476190477
chr1	812760	0.949617063343127	1	-0.00255319148936162
chr1	812871	0.950575316399208	1	-0.00227272727272732
chr1	813317	0.139191366908759	0.96159281781489	0.090702947845805
chr1	813416	0.305896455224294	0.969532058084388	-0.0783333333333334
chr1	813771	0.0103797576993688	0.96159281781489	0.177549523110785
chr1	813836	0.195364428720863	0.96159281781489	-0.142068965517241
chr1	813956	1	1	0
chr1	813963	0.728560403888769	1	-0.0430769230769231
chr1	814048	0.293002534625324	0.96159281781489	0.0133333333333333
chr1	814559	0.599250924081355	1	0.0423280423280423
chr1	814887	0.235121822532374	0.96159281781489	0.116531850353893
chr1	814896	0.387446677059173	1	0.0819444444444444
chr1	814913	0.0824452612145629	0.96159281781489	0.158903301886792
chr1	814958	0.809715772905783	1	0.00933997509339979
chr1	815611	0.273020858709903	0.96159281781489	-0.0524251805985553
chr1	816074	0.431747834811665	1	0.117132867132867
chr1	816119	0.301025489299307	0.962645949349906	-0.0965391621129327
chr1	816635	0.75833147537229	1	-0.0220364741641337
chr1	816679	0.142904192987003	0.96159281781489	0.0285714285714286
chr1	817250	0.466013432381338	1	0.04009942004971
chr1	817442	0.374830661463883	1	-0.133333333333333
chr1	817520	0.831925078951436	1	-0.0239130434782608
chr1	817612	0.277510965602179	0.96159281781489	0.0723270440251572
chr1	817724	0.869169560874024	1	-0.00412698412698409
chr1	818122	0.341196190764526	0.995113823506586	-0.143859649122807
chr1	818134	0.567639723793137	1	-0.10989010989011
chr1	818531	0.847014230668051	1	-0.0177738927738927
chr1	818583	0.159883400683445	0.96159281781489	0.0554112554112555
chr1	818679	0.0559710581053992	0.96159281781489	0.130434782608696
chr1	818702	0.971210601257937	1	-0.00331564986737409
chr1	819362	0.828363379637457	1	-0.0118255728011825
chr1	819959	0.727743484790545	1	-0.015
chr1	819973	0.0651999235304434	0.96159281781489	-0.0909090909090909
chr1	820609	0.108606815942045	0.96159281781489	-0.124579124579125
chr1	820709	0.591595260610302	1	0.0310457516339869
chr1	821033	0.42623981148591	1	0.0525579225625874
chr1	821248	0.903436406629037	1	-0.0161290322580645
chr1	821421	0.943980470729489	1	-0.00689655172413795
chr1	821491	0.552495513737075	1	0.0260756192959583
chr1	821499	0.539249861208496	1	0.0317503392130257
chr1	821511	0.723158999312119	1	0.0256410256410257
chr1	821645	0.168665516910041	0.96159281781489	-0.0642292490118578
chr1	821972	0.326723589320436	0.976544298095162	-0.0560344827586207
chr1	822147	0.981537335143925	1	0.00191815856777489
chr1	822180	0.831689905938613	1	0.01875
chr1	822200	0.698430366109359	1	-0.0247474747474747
chr1	822209	0.204885022998056	0.96159281781489	0.116036505867014
chr1	822212	0.758724132853513	1	-0.0308716707021792
chr1	822267	0.584262789525543	1	-0.0209549071618037
chr1	822301	0.542648190529608	1	0.0222665337321369
chr1	822332	0.121441329075669	0.96159281781489	0.0350877192982456
chr1	822345	0.872545612259161	1	-0.00718390804597702
chr1	822360	0.968166247727253	1	0.00187546886721679
chr1	822381	0.0689844851414429	0.96159281781489	-0.0465116279069767
chr1	822553	0.962261703004132	1	0.0021929824561403
chr1	822774	0.267383624799308	0.96159281781489	-0.0369047619047619
chr1	822862	0.800221253864542	1	-0.021531100478469
chr1	823112	0.629097775542931	1	0.0435804701627487
chr1	824091	0.869888207467189	1	0.00882352941176468
chr1	824369	0.39270257264185	1	-0.0580279736446654
chr1	824410	0.618142763910927	1	-0.0300690776107274
chr1	824606	0.918097707022524	1	0.00968660968660973
chr1	824838	0.427760949542449	1	-0.0504562533548041
chr1	824844	0.025927873546964	0.96159281781489	0.05
chr1	824903	0.126733675237353	0.96159281781489	-0.101444107684079
chr1	825037	0.880217646893808	1	0.00709465972623868
chr1	825196	0.475371515013899	1	0.0299266583254499
chr1	825307	0.78033396824599	1	-0.0186688311688312
chr1	825359	0.535406756207513	1	-0.0215019255455713
chr1	825684	0.95865189303126	1	0.00361869313482216
chr1	825700	0.401219391712174	1	-0.04884901915294
chr1	825735	0.367047915625979	1	-0.0338541666666666
chr1	825761	0.624021438745087	1	0.0296118447378951
chr1	825775	0.357908204757717	1	0.0366013071895425
chr1	825901	0.864664094334052	1	0.00980340576278915
chr1	825971	0.375976950552796	1	-0.0706971677559912
chr1	825987	0.440430749916034	1	-0.0664612676056338
chr1	826235	0.773936938079867	1	0.0170793062359327
chr1	826240	1	1	0
chr1	826252	1	1	0
chr1	826457	0.713783124446196	1	-0.0321637426900585
chr1	826834	0.211155368521966	0.96159281781489	0.126470588235294
chr1	826848	0.981463237598633	1	0.00123152709359609
chr1	827468	0.822685761961007	1	-0.0128205128205128
chr1	828089	0.311901424385198	0.975295336938062	-0.0959595959595959
chr1	828418	0.632403402729764	1	0.0184108527131782
chr1	828424	0.471836461062186	1	0.0398550724637682
chr1	828846	0.352088964374074	1	-0.0395604395604396
chr1	828882	0.833660315096541	1	-0.0309090909090909
chr1	828985	1	1	0
chr1	829229	1	1	0
chr1	829269	1	1	0
chr1	829660	0.832775701523182	1	-0.0231481481481481
chr1	829665	0.971990394318232	1	-0.00229885057471269
chr1	829787	0.310509137760993	0.975295336938062	0.0930541708208708
chr1	829923	0.419225055551048	1	0.0634108527131783
chr1	830276	0.449092815636248	1	0.064935064935065
chr1	830340	0.206021447842667	0.96159281781489	0.04
chr1	830347	0.538443215037321	1	0.0388888888888889
chr1	830533	0.693057913822969	1	-0.0263929618768328
chr1	830545	0.210662881030823	0.96159281781489	0.0589430894308943
chr1	830549	0.267018567224986	0.96159281781489	0.0196078431372549
chr1	830554	0.97593176634299	1	-0.00123152709359609
chr1	830584	0.0541467405841549	0.96159281781489	0.0405405405405406
chr1	830626	0.933366287372048	1	0.00646551724137934
chr1	830869	0.364488018737421	1	-0.049831081081081
chr1	830878	0.0423100906665002	0.96159281781489	-0.0714285714285714
chr1	830880	1	1	0
chr1	831027	0.699880483604303	1	-0.0465517241379311
chr1	831167	0.896645222945261	1	0.0062774639045825
chr1	831217	0.436758276189936	1	0.038904109589041
chr1	831905	1	1	0
chr1	831909	0.826665747215424	1	0.0538847117794487
chr1	831912	0.716102913484296	1	-0.0284900284900285
chr1	832038	0.11020179215558	0.96159281781489	-0.087659574468085
chr1	832259	0.821735535608983	1	0.0281481481481481
chr1	832261	0.216956557171976	0.96159281781489	-0.04
chr1	832265	0.909729737704231	1	-0.00795755968169754
chr1	832479	0.957594783313019	1	-0.00522138680033424
chr1	832619	0.273643801409696	0.96159281781489	0.05
chr1	832788	1	1	0
chr1	832798	0.289516150572063	0.96159281781489	-0.0181818181818182
chr1	832830	0.216579498399326	0.96159281781489	-0.0192307692307692
chr1	832836	0.22928931033863	0.96159281781489	-0.0169491525423729
chr1	832843	1	1	0
chr1	832950	1	1	0
chr1	833157	1	1	0
chr1	833166	0.220229027658065	0.96159281781489	0.0263157894736842
chr1	833196	0.0375388516462608	0.96159281781489	-0.0727272727272727
chr1	833347	0.195288054655745	0.96159281781489	0.101587301587302
chr1	833350	0.523265029166097	1	0.0592705167173252
chr1	833403	0.619584708129008	1	-0.0357142857142857
chr1	833417	0.778007929632021	1	0.0336134453781513
chr1	833544	0.408686803185531	1	-0.125776397515528
chr1	833555	0.547671162071841	1	0.0530303030303031
chr1	833565	0.797142055930195	1	0.0292682926829267
chr1	833572	0.717394263506994	1	0.037391700866393
chr1	833593	0.32381213552149	0.976544298095162	0.134883720930233
chr1	833616	0.119199761824157	0.96159281781489	0.153846153846154
chr1	833786	0.666039231084739	1	0.0416994492525571
chr1	833868	0.893074844823294	1	0.00324292452830189
chr1	833896	1	1	0
chr1	833906	0.499461610696419	1	0.0287511230907457
chr1	833923	0.126386358360579	0.96159281781489	-0.0666666666666667
chr1	834183	0.337325773105575	0.993348881100446	0.0962779156327543
chr1	834187	0.54504782171446	1	0.0557692307692308
chr1	834239	0.458567410700924	1	-0.0667166416791604
chr1	834247	0.65161286908235	1	-0.0445014976465554
chr1	834259	0.561263652349186	1	0.0668652763985436
chr1	834276	0.475087870482852	1	-0.0862325304787392
chr1	834282	0.285786624644457	0.96159281781489	-0.140461215932914
chr1	834295	0.866570359948368	1	-0.0158730158730159
chr1	834330	0.897671698694697	1	0.0117845117845118
chr1	834338	0.677891209646324	1	0.0352112676056338
chr1	834356	0.753249405759071	1	-0.0260185558693021
chr1	834358	0.704257651922836	1	0.0307692307692308
chr1	834697	0.124479847959431	0.96159281781489	0.0384615384615384
chr1	834699	0.15113395763337	0.96159281781489	-0.0465116279069767
chr1	834703	0.552867048729996	1	-0.0238704177323102
chr1	834767	0.705631501421293	1	0.0216557017543859
chr1	834792	0.884366196615357	1	-0.00348330914368655
chr1	834795	0.363852758596353	1	-0.0456043956043956
chr1	834829	0.746487168767484	1	0.0173940543959519
chr1	834863	0.0818101526741313	0.96159281781489	0.0370370370370371
chr1	834882	0.711769859845128	1	0.0190635451505017
chr1	834897	0.897735477410548	1	-0.0066666666666666
chr1	834914	0.240845778272276	0.96159281781489	0.0424561403508772
chr1	834918	0.38870803281632	1	0.0420677361853833
chr1	834943	0.227923949996159	0.96159281781489	0.0481150793650794
chr1	834978	0.962768075096507	1	-0.00205831903945108
chr1	834991	0.55121787066574	1	-0.0257575757575758
chr1	835008	0.741668043593728	1	-0.0155415250121418
chr1	835044	0.623285306465993	1	-0.0160427807486631
chr1	835124	0.509847421502148	1	0.036075036075036
chr1	835132	0.578451237220367	1	-0.0270833333333334
chr1	835235	0.549944402460907	1	-0.0329861111111112
chr1	835244	0.174091027155936	0.96159281781489	0.0900378310214376
chr1	835444	0.311267337086201	0.975295336938062	-0.0492063492063491
chr1	835613	0.922356209054368	1	-0.0108901515151515
chr1	835734	0.961187605375365	1	-0.00400160064025612
chr1	835736	0.988715738107638	1	0.000392156862745074
chr1	835744	0.511188894321147	1	-0.0210338680926916
chr1	835749	0.188036402034313	0.96159281781489	0.0518207282913165
chr1	835766	0.47026099353672	1	-0.0580645161290323
chr1	835776	0.632641823401854	1	0.0130616509926854
chr1	835830	0.130617391868322	0.96159281781489	-0.032258064516129
chr1	835847	0.597557098218138	1	0.0199701937406855
chr1	835923	0.532696641706693	1	0.0396825396825398
chr1	836174	0.530713805765922	1	0.0275438596491229
chr1	836204	0.920850800147658	1	-0.00274509803921574
chr1	836217	0.886124773751983	1	0.00683330336270449
chr1	836229	0.522120048455536	1	-0.0216450216450217
chr1	836246	0.157810669735595	0.96159281781489	-0.0694191459218781
chr1	836264	0.266674553863512	0.96159281781489	-0.0427966101694915
chr1	836295	0.532622535447747	1	0.0217959895379251
chr1	836472	0.677780041176858	1	-0.0499999999999999
chr1	836486	0.370313356581083	1	-0.04
chr1	836518	0.479530316912795	1	-0.0372549019607843
chr1	836529	0.25267909653819	0.96159281781489	0.183179723502304
chr1	836536	0.540993657293986	1	-0.0630252100840336
chr1	836578	0.421228339328058	1	0.0474716202270382
chr1	836596	0.580992198033621	1	-0.0276292335115865
chr1	836754	0.0303900180810682	0.96159281781489	0.11286594761171
chr1	836805	0.349027074196763	0.998015097666975	0.0416666666666667
chr1	836872	0.673488586111558	1	0.0202020202020202
chr1	836952	0.291282900226165	0.96159281781489	-0.0552109181141439
chr1	836967	0.156601260111868	0.96159281781489	-0.0694029850746268
chr1	836997	0.85012441722437	1	-0.0106367041198503
chr1	837028	0.867623008593368	1	-0.00838769804287054
chr1	837042	0.0300662772641333	0.96159281781489	0.078125
chr1	837096	0.173967686364905	0.96159281781489	-0.0774530767403184
chr1	837109	0.333244846386988	0.985006864301914	0.0597189695550352
chr1	837139	0.677465938774434	1	-0.0173880873103959
chr1	837221	0.632492310243556	1	-0.039279869067103
chr1	837234	0.120375776795074	0.96159281781489	0.134502923976608
chr1	837302	0.137502933128015	0.96159281781489	-0.0533333333333333
chr1	837399	0.944576660857294	1	0.00231660231660225
chr1	837460	0.0667434293854418	0.96159281781489	0.0636322463768116
chr1	837536	0.354446309383017	1	0.0568181818181818
chr1	837541	0.852772339703311	1	-0.0144927536231884
chr1	837577	0.217813769791667	0.96159281781489	0.104353011329756
chr1	837603	0.47943890676367	1	-0.0755102040816327
chr1	837616	0.929593125138024	1	-0.0128571428571429
chr1	837639	0.638339252644777	1	-0.0408163265306122
chr1	837717	0.209694181077903	0.96159281781489	-0.0185185185185185
chr1	837736	0.903180642629875	1	-0.0132211538461539
chr1	837752	0.928323810618445	1	-0.00383141762452111
chr1	837852	0.205227052113151	0.96159281781489	-0.0947410678442393
chr1	837885	0.0565361959112756	0.96159281781489	-0.0714285714285714
chr1	837891	0.284376878411058	0.96159281781489	-0.0705882352941176
chr1	837992	0.506228313432318	1	0.0502980625931445
chr1	838021	0.145740781264434	0.96159281781489	0.0904139433551199
chr1	838049	0.693594469393784	1	0.034396497811132
chr1	838102	0.77546466415382	1	-0.01875
chr1	838108	0.937423479662687	1	0.00476190476190475
chr1	838110	0.637049483748579	1	0.033044846577498
chr1	838275	0.364144149425656	1	-0.0204081632653061
chr1	838285	0.0683644244356364	0.96159281781489	0.0571428571428572
chr1	838295	0.24486974878536	0.96159281781489	0.0294117647058824
chr1	838302	0.211439478870819	0.96159281781489	0.0277777777777778
chr1	838308	0.602406254021759	1	0.0281425891181988
chr1	838349	0.0844281033192775	0.96159281781489	-0.104032258064516
chr1	838352	0.0741673363075438	0.96159281781489	-0.0606060606060606
chr1	838361	0.729786989146993	1	0.0229813664596273
chr1	838368	0.00576442574171932	0.96159281781489	0.127659574468085
chr1	838371	0.489467720394517	1	-0.0263424518743668
chr1	838377	0.543415127541935	1	-0.0281818181818182
chr1	838379	0.0302411396030905	0.96159281781489	-0.0638297872340425
chr1	838382	0.116414629178181	0.96159281781489	0.0363636363636364
chr1	838395	0.248483988520066	0.96159281781489	0.0573152337858219
chr1	838427	0.898838714489792	1	-0.00392156862745097
chr1	838429	0.893263576318248	1	-0.0066207627118644
chr1	838435	0.99999993906226	1	0
chr1	838486	0.190896903770721	0.96159281781489	0.0277777777777778
chr1	838537	0.895562261481836	1	-0.00878048780487806
chr1	838564	0.13061739027581	0.96159281781489	0.032258064516129
chr1	838569	0.662807538334149	1	0.0478142076502732
chr1	838643	0.41273415394158	1	0.061519146264909
chr1	838666	0.758265907753744	1	0.0187234042553192
chr1	838687	0.63036318111087	1	0.0146675358539765
chr1	838701	0.927260259388742	1	0.00345125107851596
chr1	838731	0.621081778206367	1	-0.0171683389074693
chr1	838761	0.818737187261856	1	0.00868055555555558
chr1	838785	0.564500779244843	1	0.0316129032258065
chr1	838829	0.720422232501706	1	0.0180327868852459
chr1	838873	0.886867992844589	1	0.00516431924882632
chr1	838876	0.25137024553558	0.96159281781489	0.0419384902143524
chr1	838895	0.123723269551318	0.96159281781489	0.0526450950179764
chr1	838924	0.262141237926596	0.96159281781489	-0.0446650124069479
chr1	839106	0.710804678852473	1	-0.0123716153127917
chr1	839143	0.351295631735695	1	-0.044274159216688
chr1	839172	0.0173722246079419	0.96159281781489	-0.0526315789473685
chr1	839177	0.776943129239671	1	0.0106951871657754
chr1	839207	0.0259386246419897	0.96159281781489	-0.114583333333333
chr1	839214	0.958443572076962	1	0.00204081632653053
chr1	839245	0.471753298331687	1	-0.0299314821492968
chr1	839312	0.272986913550647	0.96159281781489	0.0468794938165085
chr1	839349	0.231659963199344	0.96159281781489	-0.0627530364372469
chr1	839355	0.193011306890148	0.96159281781489	-0.0747474747474748
chr1	839397	0.931148162978077	1	-0.00718816067653272
chr1	839400	0.94116626637191	1	0.00595238095238093
chr1	839435	0.406408113550793	1	-0.0453431372549019
chr1	839464	0.455431897214925	1	0.0707692307692307
chr1	839508	0.154050695684352	0.96159281781489	0.119155354449472
chr1	839516	0.313858608960375	0.976544298095162	0.133333333333333
chr1	839575	0.0717292519515162	0.96159281781489	0.154920212765957
chr1	839577	0.361163989005315	1	0.0957867017774852
chr1	839592	0.693780330218177	1	0.03828197945845
chr1	839618	0.508108675956708	1	0.0607831677381648
chr1	839633	0.166927193300133	0.96159281781489	0.104098893949252
chr1	839668	0.557290239827009	1	0.0738095238095239
chr1	839695	0.472970730469942	1	-0.111111111111111
chr1	839701	0.439824526658006	1	-0.121212121212121
chr1	839725	0.654933722021649	1	0.0432432432432432
chr1	839738	0.848051094130983	1	0.0196078431372549
chr1	839752	0.458247119897067	1	-0.0630797773654916
chr1	839761	0.260733005905238	0.96159281781489	-0.0845410628019324
chr1	839778	0.867600043084588	1	0.0101317122593718
chr1	839780	0.999999911027829	1	0
chr1	839796	0.918313811116227	1	-0.00810810810810811
chr1	839799	0.7744200591124	1	0.0185185185185185
chr1	839805	0.180166190309525	0.96159281781489	0.139393939393939
chr1	839811	0.391805640633157	1	0.130681818181818
chr1	839838	0.248990073096522	0.96159281781489	0.037037037037037
chr1	839847	0.292073420854048	0.96159281781489	0.0303030303030303
chr1	839855	0.647225659903212	1	0.0280172413793103
chr1	839858	0.558593456465487	1	-0.0483193277310924
chr1	839927	0.726344838374351	1	0.0398860398860399
chr1	839931	0.155261408904173	0.96159281781489	0.0909090909090909
chr1	839933	0.155261408904173	0.96159281781489	0.0909090909090909
chr1	839937	0.635400405837106	1	-0.0705128205128205
chr1	839949	0.420695280517324	1	0.0892857142857143
chr1	839953	1	1	0
chr1	840029	0.203274076598043	0.96159281781489	-0.0285714285714286
chr1	840031	0.426672090002257	1	-0.0344155844155844
chr1	840047	1	1	0
chr1	840051	1	1	0
chr1	840053	1	1	0
chr1	840057	1	1	0
chr1	840073	1	1	0
chr1	840079	1	1	0
chr1	840085	1	1	0
chr1	840089	1	1	0
chr1	840095	1	1	0
chr1	840098	1	1	0
chr1	840107	0.191629051592721	0.96159281781489	0.0357142857142857
chr1	840111	1	1	0
chr1	840117	1	1	0
chr1	840123	1	1	0
chr1	840128	1	1	0
chr1	840132	1	1	0
chr1	840135	1	1	0
chr1	840142	1	1	0
chr1	840149	0.266627898524971	0.96159281781489	-0.0263157894736842
chr1	840162	0.913135583320206	1	0.0045219638242894
chr1	840175	0.209883295490462	0.96159281781489	0.0256410256410256
chr1	840177	0.0748515328089593	0.96159281781489	0.0512820512820513
chr1	840180	1	1	0
chr1	840183	1	1	0
chr1	840190	0.198263592143763	0.96159281781489	0.027027027027027
chr1	840206	1	1	0
chr1	840208	0.279233798617956	0.96159281781489	-0.0212765957446809
chr1	840210	0.280264036732465	0.96159281781489	-0.0217391304347826
chr1	840216	1	1	0
chr1	840219	1	1	0
chr1	840223	1	1	0
chr1	840225	1	1	0
chr1	840231	1	1	0
chr1	840236	0.0887108371273961	0.96159281781489	0.0689655172413793
chr1	840239	1	1	0
chr1	840274	1	1	0
chr1	840279	0.324090156679231	0.976544298095162	-0.0172413793103448
chr1	840293	1	1	0
chr1	840295	0.198302947341384	0.96159281781489	0.0227272727272727
chr1	840303	0.265283679393296	0.96159281781489	-0.0185185185185185
chr1	840313	1	1	0
chr1	840316	1	1	0
chr1	840319	0.237001231251692	0.96159281781489	-0.0238095238095238
chr1	840326	0.254999659875565	0.96159281781489	0.025
chr1	840329	0.113795392996628	0.96159281781489	0.0512820512820513
chr1	840331	0.838736363141625	1	-0.0112179487179487
chr1	840339	0.148625828016386	0.96159281781489	-0.0526315789473684
chr1	840383	0.262798966833338	0.96159281781489	0.05
chr1	840512	1	1	0
chr1	840514	0.90141900000291	1	-0.0120772946859903
chr1	840529	0.251554388104431	0.96159281781489	-0.0277777777777778
chr1	840555	0.241244511735641	0.96159281781489	-0.0256410256410256
chr1	840559	1	1	0
chr1	840563	0.956602583341952	1	-0.00192554557124518
chr1	840586	1	1	0
chr1	840596	0.261466995075465	0.96159281781489	-0.0185185185185185
chr1	840605	0.249985099576693	0.96159281781489	-0.0175438596491228
chr1	840611	1	1	0
chr1	840618	0.240485247712427	0.96159281781489	0.0169491525423729
chr1	840680	0.62278256779966	1	-0.0163841807909605
chr1	840684	0.981741362656226	1	-0.000574712643678161
chr1	840696	0.224523252679836	0.96159281781489	-0.02
chr1	840710	0.220843047784211	0.96159281781489	0.0208333333333333
chr1	840723	1	1	0
chr1	840725	0.975199958387962	1	0.000945626477541373
chr1	840733	0.229444018352726	0.96159281781489	0.0232558139534884
chr1	840748	0.311521890753333	0.975295336938062	0.0256410256410256
chr1	840750	1	1	0
chr1	840784	1	1	0
chr1	840801	0.908199723576766	1	0.00372340425531915
chr1	840816	1	1	0
chr1	840820	1	1	0
chr1	840846	1	1	0
chr1	840848	0.222652936989255	0.96159281781489	-0.0227272727272727
chr1	840853	0.988245518853273	1	-0.000425170068027211
chr1	840856	0.576923133608434	1	0.0181280059193489
chr1	840879	0.758978712805017	1	0.0139882888744307
chr1	840889	0.601552972775236	1	-0.02088948787062
chr1	840913	0.042017524133669	0.96159281781489	0.0483870967741936
chr1	840917	0.45806745358345	1	0.0343237704918033
chr1	840922	1	1	0
chr1	840931	0.941932916506685	1	0.0014957264957265
chr1	840944	0.285147876434929	0.96159281781489	-0.0147058823529412
chr1	840990	0.0803684877263953	0.96159281781489	-0.032258064516129
chr1	841006	0.0683793248187844	0.96159281781489	0.0794969683359533
chr1	841008	0.92484165577664	1	0.00405405405405405
chr1	841028	0.505107399187077	1	-0.034965034965035
chr1	841039	0.216389145976268	0.96159281781489	0.0426944971537002
chr1	841067	0.340744819173568	0.995113823506586	-0.0673480083857442
chr1	841079	0.258812420045358	0.96159281781489	0.10564822944103
chr1	841085	0.314133294999757	0.976544298095162	-0.0944767441860465
chr1	841115	0.48436117213662	1	-0.0403551251008878
chr1	841145	0.793884256932726	1	0.026676279740447
chr1	841219	1	1	0
chr1	841221	0.00913874579621608	0.96159281781489	0.0877192982456141
chr1	841279	0.273259441915262	0.96159281781489	-0.169433962264151
chr1	841289	0.896870337305248	1	-0.010943396226415
chr1	841320	0.76653422121775	1	-0.0310760667903526
chr1	841365	0.543772386748189	1	-0.0597127739984883
chr1	841404	0.393742061736485	1	-0.100813008130081
chr1	841476	0.387834258543702	1	-0.0541044776119403
chr1	841564	0.653799853963235	1	0.0296495956873316
chr1	841653	0.723343212051829	1	0.0300784655623365
chr1	841761	0.619950787653318	1	0.04375
chr1	841763	0.133766339967476	0.96159281781489	-0.138266509433962
chr1	841767	0.397428374617493	1	0.0729668916747027
chr1	842039	0.729240470352802	1	0.0247448190535107
chr1	842054	0.95830584047095	1	0.00510204081632654
chr1	842096	0.244269376442545	0.96159281781489	-0.02
chr1	842118	0.960510923379354	1	0.0023076923076923
chr1	842143	0.243870474295306	0.96159281781489	0.0185185185185185
chr1	842204	0.649409855470789	1	-0.0133901399878271
chr1	842209	1	1	0
chr1	842260	0.426878729774489	1	-0.0362244897959184
chr1	842294	1	1	0
chr1	842328	1	1	0
chr1	842362	1	1	0
chr1	842405	0.83673675488593	1	0.00833333333333333
chr1	842428	1	1	0
chr1	842431	0.0580486516932447	0.96159281781489	0.0588235294117647
chr1	842436	0.431465504496325	1	0.0351473922902494
chr1	842444	0.853026388916922	1	0.00702702702702703
chr1	842460	0.213410124693861	0.96159281781489	0.0222222222222222
chr1	842583	0.352752186719761	1	0.0338669950738916
chr1	842652	0.476506107360438	1	-0.0492577597840756
chr1	843065	0.0131938762478533	0.96159281781489	0.0769230769230769
chr1	843173	0.823456665047811	1	0.0238473767885532
chr1	843182	0.334926546052671	0.987757960182242	0.0616541353383459
chr1	843221	0.979795263725336	1	-0.00121951219512195
chr1	843238	0.885427095302859	1	0.00833333333333341
chr1	843259	0.150971831080898	0.96159281781489	0.0982286634460547
chr1	843302	0.0993042025019346	0.96159281781489	0.0936026936026936
chr1	843314	0.112939308498588	0.96159281781489	0.0912280701754387
chr1	843366	0.0854861093616059	0.96159281781489	-0.101587301587302
chr1	843491	0.273553239764511	0.96159281781489	-0.0785004142502072
chr1	843554	0.723212796490833	1	0.0117322291235334
chr1	843571	0.604939148253782	1	0.0147142048670061
chr1	843581	0.826215084342499	1	0.00882352941176468
chr1	843622	0.189083421913843	0.96159281781489	-0.059681697612732
chr1	843641	0.965640712923723	1	0.00340136054421769
chr1	843650	0.817889519464582	1	-0.0111111111111111
chr1	843735	0.698778654788191	1	-0.026327336551119
chr1	844281	0.650783270775717	1	-0.0337209302325582
chr1	844300	0.941175876651634	1	-0.0166666666666667
chr1	844314	0.0816714970738871	0.96159281781489	-0.0645161290322581
chr1	844318	0.258709221573964	0.96159281781489	0.0303030303030303
chr1	844323	0.344621338388757	0.995113823506586	0.196885428253615
chr1	845225	0.526646838485416	1	-0.0380952380952381
chr1	845247	0.725284889756172	1	0.0286585365853659
chr1	845251	0.446987098036537	1	0.0755813953488372
chr1	845256	0.522941049587436	1	-0.0777439024390244
chr1	845271	0.252748549020734	0.96159281781489	-0.118055555555555
chr1	845278	0.873637521622113	1	0.0189520624303233
chr1	845311	0.392712813115008	1	0.0961538461538461
chr1	845324	0.071035835424502	0.96159281781489	0.1699604743083
chr1	845336	0.36632931586479	1	0.0849358974358975
chr1	845339	0.458212612346337	1	0.0625
chr1	845341	0.508363576531383	1	-0.0416281221091582
chr1	845364	0.859004423074822	1	-0.0186480186480187
chr1	845367	0.770118658958042	1	0.02710027100271
chr1	845370	0.597423161925391	1	0.0479876160990712
chr1	845372	0.204585547737834	0.96159281781489	0.132330827067669
chr1	845376	0.767024905186137	1	-0.0287162162162162
chr1	845390	0.924061068118959	1	-0.011166253101737
chr1	845400	0.865563621609116	1	-0.0212121212121212
chr1	845408	0.606290279999601	1	-0.0645161290322581
chr1	845430	0.12004881362823	0.96159281781489	-0.108374384236453
chr1	845441	0.289509819872348	0.96159281781489	-0.0759803921568628
chr1	845446	0.435551666987302	1	-0.0524475524475525
chr1	845448	0.0454755608439143	0.96159281781489	-0.1
chr1	845469	1	1	0
chr1	845513	0.177152875927741	0.96159281781489	0.0555555555555556
chr1	845519	1	1	0
chr1	845521	1	1	0
chr1	845528	0.119386056354136	0.96159281781489	-0.08
chr1	845545	1	1	0
chr1	845548	1	1	0
chr1	845550	0.21774898882302	0.96159281781489	0.0384615384615385
chr1	845552	1	1	0
chr1	845554	0.59200538939582	1	0.0319284802043423
chr1	845561	1	1	0
chr1	845573	1	1	0
chr1	845588	1	1	0
chr1	845592	0.0887900961884159	0.96159281781489	-0.0606060606060606
chr1	845600	0.211808586430884	0.96159281781489	-0.032258064516129
chr1	845615	1	1	0
chr1	845618	0.257484403839289	0.96159281781489	0.0285714285714286
chr1	845624	0.2365917432492	0.96159281781489	0.0285714285714286
chr1	845630	0.256403140654394	0.96159281781489	-0.027027027027027
chr1	845632	1	1	0
chr1	845636	0.289278408771776	0.96159281781489	-0.0256410256410256
chr1	845638	0.0696998141305438	0.96159281781489	0.0666666666666667
chr1	845668	0.0881988887624199	0.96159281781489	0.0444444444444444
chr1	845679	0.0684746406009918	0.96159281781489	0.0476190476190476
chr1	845690	0.276597714531451	0.96159281781489	-0.0181818181818182
chr1	845693	0.281691887048953	0.96159281781489	-0.0185185185185185
chr1	845696	0.28610579326445	0.96159281781489	-0.0185185185185185
chr1	845704	1	1	0
chr1	845718	0.268999029351157	0.96159281781489	-0.0208333333333333
chr1	845727	0.128822582818442	0.96159281781489	-0.0392156862745098
chr1	845737	1	1	0
chr1	845752	1	1	0
chr1	845758	0.223327748361105	0.96159281781489	-0.0217391304347826
chr1	845792	0.666612331235486	1	0.0460829493087558
chr1	845810	0.0620720870317197	0.96159281781489	-0.241520467836257
chr1	845816	0.69617245817752	1	0.0405138339920948
chr1	845829	0.693210429136315	1	0.0163398692810458
chr1	845847	0.51202497255185	1	-0.0337690631808279
chr1	845877	0.123130943088786	0.96159281781489	0.145714285714286
chr1	845879	0.878574591945693	1	0.0155746509129968
chr1	845882	0.375468080422268	1	0.0816441441441442
chr1	845935	0.964994956028546	1	0.00411132194813402
chr1	845956	0.510569954989878	1	-0.0856481481481481
chr1	845991	0.590513612823978	1	-0.054858934169279
chr1	846056	0.0755703756031973	0.96159281781489	0.14625850340136
chr1	846062	0.659970744825411	1	-0.0454545454545454
chr1	846078	0.828605670245199	1	0.0145918832649339
chr1	846086	0.481887342900994	1	0.0456479690522244
chr1	846142	0.771194082095183	1	-0.0252631578947369
chr1	846151	0.689218608548298	1	0.0325819672131147
chr1	846155	0.823991722882767	1	-0.0237887385421214
chr1	846195	0.761342267856479	1	0.0263975155279503
chr1	846209	0.685768801104921	1	-0.038034188034188
chr1	846218	0.233545154681144	0.96159281781489	-0.164593301435407
chr1	846283	0.00067886600694164	0.892935087797237	-0.234345351043643
chr1	846299	0.471753298331688	1	-0.0299314821492968
chr1	846354	0.906410421969732	1	0.00750988142292497
chr1	846396	0.636225611881789	1	0.0317460317460317
chr1	846426	0.542985098529422	1	-0.0513038548752834
chr1	846467	0.259130672728697	0.96159281781489	0.0536659108087679
chr1	846492	0.774074358741959	1	0.0168067226890756
chr1	846507	0.236570712258594	0.96159281781489	0.091725768321513
chr1	846550	0.258178922087585	0.96159281781489	-0.0862500000000001
chr1	846556	0.507072710440274	1	-0.0531849103277674
chr1	846580	0.899679564245756	1	-0.0106100795755969
chr1	846624	0.499235953878963	1	0.0547619047619048
chr1	846637	0.0811050371732647	0.96159281781489	0.200854700854701
chr1	846640	0.589879078645046	1	-0.0349373764007911
chr1	846687	0.459686483489931	1	0.0549106320250599
chr1	846742	0.410605365472148	1	0.073939393939394
chr1	846744	0.169083171951055	0.96159281781489	0.112962962962963
chr1	846808	0.918630609131737	1	-0.0169014084507042
chr1	846824	0.96313947761608	1	0.00303880317905558
chr1	846857	0.149846018391665	0.96159281781489	0.117157490396927
chr1	846889	0.087009332301248	0.96159281781489	0.0910275502606106
chr1	846897	0.735951617754217	1	-0.0190058479532165
chr1	846919	0.942144972991918	1	-0.0017281105990784
chr1	846983	0.234997289470568	0.96159281781489	-0.100414078674948
chr1	847041	0.092127546479752	0.96159281781489	0.0982905982905983
chr1	847104	0.86940070444095	1	0.025
chr1	847141	0.8639795702105	1	-0.0160377358490565
chr1	847228	0.75628173658408	1	-0.050314465408805
chr1	847335	0.693389526954221	1	0.0351823317925012
chr1	847389	0.513553013338122	1	0.0483870967741935
chr1	847393	0.746069802358984	1	-0.0158299412030755
chr1	847397	0.7131831157658	1	-0.0176808266360505
chr1	847457	0.574440528993719	1	0.0571428571428572
chr1	847490	0.322209624473707	0.976544298095162	0.157265907196443
chr1	847539	0.371802708648984	1	0.0943012211668929
chr1	847660	0.838656535520872	1	0.0155993431855501
chr1	847784	0.0187904324693773	0.96159281781489	-0.174056189640035
chr1	847816	0.818173923288302	1	0.0163170163170163
chr1	847983	0.638454680283227	1	0.0476190476190476
chr1	848052	0.609908032292408	1	0.0374940673943996
chr1	848062	0.6193265433346	1	-0.0184108527131783
chr1	848070	0.263798788089302	0.96159281781489	-0.0874274661508704
chr1	848089	0.147051597123794	0.96159281781489	-0.0671497584541063
chr1	848126	0.082226961061545	0.96159281781489	-0.0416666666666667
chr1	848156	0.29534984672875	0.96159281781489	0.0185185185185185
chr1	848256	0.209203220821924	0.96159281781489	0.0158730158730159
chr1	848283	0.371978093711481	1	-0.037037037037037
chr1	848296	0.113417282340273	0.96159281781489	-0.0317460317460317
chr1	848342	0.348748817416364	0.997942591388667	0.0135135135135135
chr1	848351	1	1	0
chr1	848357	0.240254502203503	0.96159281781489	0.0142857142857143
chr1	848379	0.2961303593211	0.962336921806066	-0.0147058823529412
chr1	848397	0.108249003646173	0.96159281781489	-0.0517241379310345
chr1	848409	0.791302302338363	1	0.00890985324947589
chr1	848440	0.989417891734212	1	-0.00128700128700127
chr1	848442	0.764321081652773	1	-0.0380835380835381
chr1	848444	0.857216701231483	1	-0.0141557128412538
chr1	848467	0.422857399422445	1	-0.0441666666666667
chr1	848481	0.584118721691318	1	-0.0472340425531915
chr1	848484	0.964343107212573	1	-0.00378250591016549
chr1	848493	0.263804861219709	0.96159281781489	0.145893719806763
chr1	848508	0.498830159040946	1	-0.0736714975845411
chr1	848523	0.954965056684477	1	-0.00563063063063063
chr1	848593	0.591851017372956	1	-0.0384615384615384
chr1	848609	0.16921450731278	0.96159281781489	0.0841354723707665
chr1	848646	0.175301159808788	0.96159281781489	-0.0807692307692307
chr1	848662	0.847069929402195	1	0.0168627450980392
chr1	848738	0.947158633405668	1	-0.0083333333333333
chr1	848781	0.618126162952619	1	0.0205128205128206
chr1	848839	0.59371211168428	1	0.03315649867374
chr1	848931	0.0851818929355557	0.96159281781489	-0.113839285714286
chr1	848965	0.874905383853151	1	-0.00691244239631328
chr1	849041	0.776554195096353	1	0.0172101449275361
chr1	849057	0.641645886331285	1	0.0375
chr1	849084	0.715090056032568	1	-0.0187755102040816
chr1	849098	0.674831541071407	1	-0.0211764705882352
chr1	849137	0.541267949854406	1	0.0417624521072797
chr1	849154	0.0252310900358265	0.96159281781489	-0.166666666666667
chr1	849207	0.502984336830676	1	0.054945054945055
chr1	849240	0.813122205755581	1	0.0303225806451612
chr1	849251	0.773437702323301	1	-0.0161538461538462
chr1	849253	0.795386473068655	1	-0.0128495842781557
chr1	849284	0.455390683898508	1	0.0512578616352202
chr1	849413	0.892425095398579	1	-0.00679205851619646
chr1	849447	0.433685085642154	1	0.0349462365591399
chr1	849476	0.938849397603414	1	0.00418160095579456
chr1	849540	0.875882289568644	1	0.015
chr1	849568	0.222581105593538	0.96159281781489	0.0904183535762483
chr1	849578	0.955265649000835	1	-0.00202156334231807
chr1	849688	0.487855940770798	1	-0.0369674185463659
chr1	849730	0.340699608017795	0.995113823506586	-0.0431318681318682
chr1	849751	0.622713690282205	1	-0.0337690631808278
chr1	849775	0.840370078920437	1	0.012937062937063
chr1	849810	0.458109539390823	1	0.0420997920997921
chr1	849860	0.209302891034521	0.96159281781489	-0.0569230769230769
chr1	849862	0.406424087858249	1	-0.0351473922902494
chr1	849907	0.135021475021602	0.96159281781489	-0.105110896817743
chr1	850051	0.240621627108154	0.96159281781489	0.0185185185185185
chr1	850063	0.265199178136901	0.96159281781489	0.0212765957446809
chr1	850075	0.0648747849416811	0.96159281781489	-0.081081081081081
chr1	850399	0.859522458370251	1	-0.0157563025210085
chr1	850418	0.329518443341126	0.978389599265675	0.0777777777777778
chr1	850429	0.13144550003017	0.96159281781489	0.123051681706317
chr1	850487	0.889381356475834	1	-0.0224089635854341
chr1	850704	0.337713207198706	0.993382608955066	-0.103908955962395
chr1	850756	0.859154870412177	1	-0.0218023255813954
chr1	850762	0.695459156532618	1	-0.0317987660180352
chr1	850780	0.679808571261632	1	-0.0425531914893617
chr1	850784	0.516516483301655	1	-0.023611111111111
chr1	850803	0.168103430272582	0.96159281781489	-0.101185770750988
chr1	850823	0.763365019912127	1	0.0127358490566037
chr1	850836	0.691365663981412	1	-0.0212550607287449
chr1	850870	0.624887776229767	1	0.0369357045143639
chr1	850885	0.321514619290626	0.976544298095162	-0.0569023569023569
chr1	850891	0.296877928387018	0.962336921806066	0.04
chr1	850906	0.290104731830964	0.96159281781489	0.0536006546644845
chr1	850910	0.918461314453014	1	0.00695581014729951
chr1	850923	0.554497165186951	1	0.0185185185185186
chr1	850928	0.0371956250868299	0.96159281781489	0.173076923076923
chr1	850936	0.871547836077781	1	-0.0152116402116402
chr1	850975	0.423123272176357	1	-0.0605553696888592
chr1	851008	0.525994286964484	1	0.0422187981510015
chr1	851078	0.132873559448715	0.96159281781489	0.113486842105263
chr1	851189	0.164532559911059	0.96159281781489	0.200435729847495
chr1	851218	0.688650773272057	1	0.029193468579911
chr1	851327	0.0329927377334176	0.96159281781489	-0.26296111665005
chr1	851333	0.555931666733086	1	-0.0554144539367352
chr1	851348	0.747892317212132	1	0.0224464060529634
chr1	851354	0.739284340921478	1	-0.0271682340647857
chr1	851357	0.86783550592354	1	-0.0127118644067796
chr1	851379	0.676587537310105	1	0.0380704041720991
chr1	851520	0.98666167294026	1	-0.00140745953553834
chr1	851565	0.552882350998948	1	0.0282413350449294
chr1	851619	0.488074853031782	1	-0.0393548387096774
chr1	851744	0.762831362359904	1	0.0130023640661939
chr1	851762	0.468460843806818	1	0.0673076923076923
chr1	851772	0.716623286102435	1	0.0270629991126886
chr1	851790	0.552507892368233	1	-0.0535714285714286
chr1	851800	0.996846650765287	1	-0.00042625745950553
chr1	851812	0.835385881941497	1	0.0169426261070467
chr1	851915	0.636671063318366	1	0.05
chr1	852002	0.756031585065142	1	-0.032520325203252
chr1	852005	0.886122331774445	1	-0.0133037694013304
chr1	852016	0.979209277288678	1	0.00271002710027099
chr1	852027	0.426919642145813	1	0.0826558265582656
chr1	852036	0.610988892939064	1	0.0626728110599078
chr1	852062	0.65537164304089	1	0.0446859903381643
chr1	852084	0.956966551675314	1	0.00410172272354389
chr1	852099	0.199996548517907	0.96159281781489	0.0965986394557823
chr1	852133	0.24337437210801	0.96159281781489	-0.0166666666666667
chr1	852139	0.982230065649411	1	-0.000488400488400487
chr1	852142	0.928998677824959	1	-0.00520833333333333
chr1	852145	0.935167424979352	1	-0.00256410256410256
chr1	852173	0.897330556524639	1	0.00757575757575758
chr1	852182	0.83389472887708	1	0.0120967741935484
chr1	852214	0.00971305021049682	0.96159281781489	-0.103269537480064
chr1	852294	0.481482380390643	1	0.0374357719598728
chr1	852323	0.899712882289444	1	0.00706179066834804
chr1	852326	0.260291814141816	0.96159281781489	0.0656201749871333
chr1	852339	0.491645643759134	1	-0.0637254901960784
chr1	852368	0.41864000320805	1	0.0401704199634814
chr1	852386	0.926851180109034	1	-0.00238095238095238
chr1	852446	0.871739496304764	1	-0.0107023411371238
chr1	852637	0.761263235852578	1	-0.0356259277585353
chr1	852649	0.670619417285064	1	-0.0451832907075874
chr1	852683	0.572015095080825	1	-0.0206971677559913
chr1	852694	0.476002853330243	1	-0.072829131652661
chr1	852705	0.241725364825193	0.96159281781489	-0.0823984526112186
chr1	852803	0.138236002458744	0.96159281781489	-0.0991268618387262
chr1	852817	0.445506065162312	1	-0.0593297101449275
chr1	852839	0.410046832741834	1	-0.0694255992763455
chr1	852860	0.816575631468513	1	-0.0138888888888888
chr1	852865	0.100744904711227	0.96159281781489	-0.0650584795321638
chr1	852875	0.965948451766001	1	0.00509308043554624
chr1	852931	0.0954494639383875	0.96159281781489	0.063236449332286
chr1	852956	0.426365576651908	1	-0.0490196078431372
chr1	853056	0.34227627443139	0.995113823506586	-0.0750208391219783
chr1	853078	0.435286489053179	1	0.0412942989214176
chr1	853082	0.64794531987435	1	-0.0288461538461539
chr1	853105	0.257492895885236	0.96159281781489	0.0505050505050505
chr1	853129	0.649409855470779	1	0.0133901399878271
chr1	853190	0.593064245434362	1	0.0467032967032968
chr1	853198	0.674348110221875	1	-0.0228758169934641
chr1	853266	0.32853288233214	0.976544298095162	0.0534482758620689
chr1	853271	0.686279773222371	1	-0.0281385281385281
chr1	853350	0.284835090527218	0.96159281781489	0.0753295668549905
chr1	853373	0.129777885128149	0.96159281781489	-0.0993031358885018
chr1	853377	0.779922545996101	1	0.0194805194805195
chr1	853393	0.676926094699833	1	0.0236305048335124
chr1	853439	0.884976068284531	1	-0.00700280112044827
chr1	853461	0.490642087522169	1	0.0408496732026143
chr1	853542	0.194460735409532	0.96159281781489	-0.0192307692307693
chr1	853613	0.894719747000597	1	0.00650618087182819
chr1	853651	0.659847295001318	1	0.025
chr1	853675	0.454692840550592	1	0.0274434280211844
chr1	853681	0.453715598173113	1	0.0346638655462185
chr1	853707	0.668180571675254	1	-0.0297482837528604
chr1	853769	0.299756976710169	0.962645949349906	0.0596946912736387
chr1	853794	0.947964602240911	1	0.00402298850574712
chr1	853796	0.376313493587951	1	0.0499999999999999
chr1	853809	0.334004773847525	0.986514100001747	0.0420892494929006
chr1	853820	0.874217651816207	1	0.00767045454545456
chr1	853825	0.0595352442173375	0.96159281781489	0.090020132297958
chr1	853836	0.51134048265612	1	0.0427515268402443
chr1	853850	0.868988159537409	1	-0.0128205128205129
chr1	853876	0.672960225893518	1	-0.0263653483992468
chr1	853925	0.421203027534466	1	-0.0659536541889483
chr1	853932	0.825090183090172	1	0.0102583586626139
chr1	853989	0.954523966324122	1	0.00402930402930402
chr1	853995	0.705802504937707	1	0.0178861788617886
chr1	854081	0.445937842168645	1	-0.0391666666666667
chr1	854088	0.402537321591472	1	-0.0384153661464586
chr1	854170	0.863357367641841	1	0.00796096558808423
chr1	854243	0.26911095255315	0.96159281781489	-0.0822981366459628
chr1	854279	0.122046179597718	0.96159281781489	-0.11569416498994
chr1	854474	0.956317520559703	1	0.00252525252525249
chr1	854507	0.0927190163470366	0.96159281781489	0.0783475783475783
chr1	854529	0.758287499080013	1	-0.0135756056808689
chr1	854583	0.824445890731467	1	0.0102272727272728
chr1	854668	0.320576177609151	0.976544298095162	-0.0635658914728682
chr1	854710	0.872833154515768	1	0.00811688311688319
chr1	854739	0.342004674541181	0.995113823506586	0.075876504447933
chr1	854766	0.312163712760459	0.975295336938062	0.0873511060692003
chr1	854773	0.569534719722618	1	0.06006006006006
chr1	854795	0.117894913240461	0.96159281781489	-0.116300366300366
chr1	854806	0.306800733880033	0.970060653758503	-0.0188679245283019
chr1	854810	0.385266542435009	1	0.0616407982261641
chr1	854824	0.467272175464912	1	-0.0620408163265306
chr1	854838	0.931943312619502	1	-0.00335429769392037
chr1	854876	0.201630895751546	0.96159281781489	-0.0839002267573695
chr1	854902	0.815052629862971	1	0.0103770321687997
chr1	854912	0.828142973499074	1	-0.0132075471698113
chr1	854918	0.9393997063209	1	-0.00545454545454549
chr1	854951	0.353526727085734	1	-0.0629370629370629
chr1	854957	0.570311501374189	1	0.0469767441860465
chr1	854960	0.392636471718977	1	-0.0314814814814816
chr1	854966	0.407457837895851	1	0.0551248923341946
chr1	854972	0.899438394593908	1	0.00953895071542132
chr1	855025	0.573938320899429	1	-0.0367504835589941
chr1	855046	0.955305196294125	1	0.00343249427917625
chr1	855070	0.213025551776626	0.96159281781489	0.0710558008831794
chr1	855109	0.201432986658058	0.96159281781489	0.0862068965517242
chr1	855122	0.575920181035105	1	-0.0466966447595988
chr1	855163	0.698928908185765	1	0.0378787878787878
chr1	855167	0.692345009881223	1	-0.0256924929747089
chr1	855193	0.640442563166842	1	0.0522496371552976
chr1	855210	0.271373406899685	0.96159281781489	0.100284090909091
chr1	855233	0.870490829913548	1	0.0191906549853984
chr1	855298	0.25419770312425	0.96159281781489	0.0698231944860653
chr1	855404	0.290358051464676	0.96159281781489	0.0634023854362837
chr1	855409	0.0961575890820043	0.96159281781489	-0.0676883780332056
chr1	855425	0.00629653716840859	0.96159281781489	0.141818181818182
chr1	855428	0.0889423145248323	0.96159281781489	0.04
chr1	855437	0.934382479355866	1	-0.00250836120401332
chr1	855445	0.117820460649169	0.96159281781489	0.0384615384615384
chr1	855472	0.775007342649142	1	0.0194660734149055
chr1	855478	0.0311873175603334	0.96159281781489	0.0909090909090909
chr1	855486	0.795529144361232	1	0.0231500620090946
chr1	855544	0.0438893719802309	0.96159281781489	-0.10551724137931
chr1	855549	0.369107645215601	1	-0.068649885583524
chr1	855567	0.93264368088066	1	0.00520833333333337
chr1	855609	0.506031840228696	1	-0.0658064516129032
chr1	855643	0.36237587754954	1	-0.0865831842576029
chr1	855649	0.186285392323363	0.96159281781489	-0.109578242018132
chr1	855654	0.155275373023243	0.96159281781489	0.128659476117103
chr1	855657	0.0210424965663917	0.96159281781489	0.163565891472868
chr1	855664	0.774169472412138	1	0.0167832167832167
chr1	855692	0.377567673759622	1	0.0754716981132075
chr1	855708	0.606046994364933	1	-0.0415793151642208
chr1	855741	0.956899380835002	1	0.00445632798573969
chr1	855773	0.631768286725438	1	-0.0473292765382015
chr1	855777	0.432218673907392	1	0.0742296918767508
chr1	855876	0.616702040577855	1	0.0548654244306418
chr1	855894	0.442698685742963	1	0.0634920634920635
chr1	855929	0.346318356737802	0.99604390356222	-0.077922077922078
chr1	855968	0.586964300775788	1	0.0158102766798419
chr1	855996	0.547645310259176	1	-0.0332547787378895
chr1	856040	0.569628275351916	1	-0.104255319148936
chr1	856042	0.0368913924593918	0.96159281781489	-0.256756756756757
chr1	856044	0.196937564777583	0.96159281781489	-0.184240362811791
chr1	856047	0.172805278477427	0.96159281781489	-0.0934959349593496
chr1	856059	0.591197435560222	1	-0.0663650075414781
chr1	856074	0.232939861481696	0.96159281781489	0.0685579196217494
chr1	856109	0.0836580690947592	0.96159281781489	-0.0588235294117647
chr1	856120	0.188958966723466	0.96159281781489	0.027027027027027
chr1	856261	0.784221754381015	1	-0.0164884135472371
chr1	856299	1	1	0
chr1	856351	0.575136596909388	1	0.016354445435623
chr1	856459	1	1	0
chr1	856466	0.26955108214242	0.96159281781489	-0.024390243902439
chr1	856472	1	1	0
chr1	856479	0.0900100210137653	0.96159281781489	0.05
chr1	856492	0.083178706964963	0.96159281781489	-0.0571428571428571
chr1	856502	0.258859678509803	0.96159281781489	0.0238095238095238
chr1	856523	0.245152409433677	0.96159281781489	0.0232558139534884
chr1	856536	0.26134146672258	0.96159281781489	-0.0217391304347826
chr1	856585	0.255444551209576	0.96159281781489	-0.02
chr1	856588	0.980547431116781	1	0.000833333333333332
chr1	856616	0.218429996443316	0.96159281781489	0.0238095238095238
chr1	856619	0.260321890972857	0.96159281781489	-0.0208333333333333
chr1	856643	1	1	0
chr1	856651	0.0932097430235101	0.96159281781489	0.0444444444444444
chr1	856678	1	1	0
chr1	856685	1	1	0
chr1	856693	1	1	0
chr1	856704	1	1	0
chr1	856719	0.207430938177997	0.96159281781489	-0.0448310471729675
chr1	856735	0.086013025975094	0.96159281781489	-0.0350877192982456
chr1	856753	0.250191244613423	0.96159281781489	0.0178571428571429
chr1	856764	0.899938504043485	1	0.0050125313283208
chr1	856782	0.0508389159620629	0.96159281781489	0.14900153609831
chr1	856881	0.324278012036645	0.976544298095162	0.0746812386156648
chr1	856914	0.710359126267659	1	-0.0427286356821589
chr1	856944	0.944531059497702	1	0.0066666666666666
chr1	856956	0.52359315819408	1	0.0625978090766823
chr1	856975	0.625832497065888	1	0.0272819989801122
chr1	856988	0.693932624994972	1	-0.0244018005212034
chr1	856998	0.416991407171269	1	0.0337636544190666
chr1	857008	0.688256240851039	1	-0.0199226880761225
chr1	857015	0.589458372645862	1	-0.0424133811230586
chr1	857029	0.36471026713716	1	-0.0572660098522167
chr1	857048	0.695806673611198	1	-0.0178571428571428
chr1	857058	0.0137005338592165	0.96159281781489	-0.188804554079696
chr1	857126	0.406955737999178	1	-0.0847076461769115
chr1	857132	0.98872864671914	1	0.00140252454417955
chr1	857175	0.344239697010376	0.995113823506586	0.107610474631751
chr1	857222	0.542769592207386	1	-0.0535714285714286
chr1	857235	0.816408723376959	1	0.0219554030874785
chr1	857396	0.109511197798931	0.96159281781489	0.171286031042129
chr1	857599	0.627045496682415	1	-0.0290909090909091
chr1	857657	0.361941141824661	1	0.0677966101694915
chr1	857705	0.626694534152789	1	0.036231884057971
chr1	857943	0.656046085477871	1	0.0213815789473685
chr1	857994	0.133844409988299	0.96159281781489	-0.195868945868946
chr1	858023	0.796442762312396	1	0.0105820105820106
chr1	858085	0.803407125447576	1	-0.0191256830601092
chr1	858087	0.776229302449664	1	-0.0251503553854565
chr1	858143	0.542728779478096	1	0.0355654348430119
chr1	858218	0.595439218303325	1	0.0541125541125541
chr1	858362	0.937136685690802	1	-0.00178850883076243
chr1	858372	0.56548335952449	1	-0.0183691756272402
chr1	858406	0.413782911084218	1	-0.058599695585997
chr1	858429	0.597824745733415	1	-0.0360994937266124
chr1	858451	0.970163255344026	1	0.00522648083623689
chr1	858462	0.098018949820745	0.96159281781489	-0.164961636828645
chr1	858547	0.826653832080869	1	-0.0199943677837229
chr1	858558	0.25872363790347	0.96159281781489	0.101449275362319
chr1	858598	0.907287062543692	1	0.00810810810810811
chr1	858615	0.533870067265143	1	-0.0757575757575757
chr1	858641	0.145122392006759	0.96159281781489	-0.0487804878048781
chr1	858712	0.134056665966582	0.96159281781489	0.0863829787234043
chr1	858714	0.091074051612825	0.96159281781489	0.0408163265306122
chr1	858790	0.513785973133618	1	-0.0197956577266922
chr1	858820	0.232219837897886	0.96159281781489	0.0163934426229508
chr1	858827	0.243230864898432	0.96159281781489	0.0161290322580645
chr1	858831	0.226644937974729	0.96159281781489	-0.0169491525423729
chr1	858866	0.234367190193404	0.96159281781489	-0.0185185185185185
chr1	858874	0.542954206122158	1	0.0199849170437406
chr1	858941	0.860577747632895	1	0.00507399577167019
chr1	858971	0.237137476328268	0.96159281781489	0.0222222222222222
chr1	858979	0.247888304224459	0.96159281781489	-0.02
chr1	858989	0.876119809874286	1	-0.00478240076518412
chr1	859005	0.258538920456006	0.96159281781489	-0.0192307692307692
chr1	859010	0.273992817609609	0.96159281781489	-0.0188679245283019
chr1	859026	0.212882808764807	0.96159281781489	0.0227272727272727
chr1	859029	0.210387229065101	0.96159281781489	0.0222222222222222
chr1	859032	1	1	0
chr1	859036	0.275820627104281	0.96159281781489	-0.0178571428571429
chr1	859047	1	1	0
chr1	859050	0.767365659254517	1	0.00970350404312669
chr1	859075	1	1	0
chr1	859086	0.298748790981356	0.962336921806066	-0.0208333333333333
chr1	859091	1	1	0
chr1	859093	1	1	0
chr1	859118	0.256577830707214	0.96159281781489	-0.0212765957446809
chr1	859120	1	1	0
chr1	859122	1	1	0
chr1	859141	1	1	0
chr1	859145	1	1	0
chr1	859155	1	1	0
chr1	859162	1	1	0
chr1	859173	0.251554388143276	0.96159281781489	-0.0277777777777778
chr1	859180	0.231868913233796	0.96159281781489	0.0285714285714286
chr1	859193	0.0883427480276735	0.96159281781489	-0.0645161290322581
chr1	859199	1	1	0
chr1	859202	1	1	0
chr1	859205	1	1	0
chr1	859214	1	1	0
chr1	859219	0.290056138382899	0.96159281781489	-0.027027027027027
chr1	859223	0.241244514790974	0.96159281781489	-0.0256410256410256
chr1	859228	0.0901509016885736	0.96159281781489	0.0487804878048781
chr1	859237	0.25277843577829	0.96159281781489	-0.0217391304347826
chr1	859239	0.216431064122711	0.96159281781489	0.0263157894736842
chr1	859247	0.912111452575092	1	0.00396825396825397
chr1	859249	0.465730105697067	1	0.0317460317460317
chr1	859252	0.587431208848444	1	0.0315018315018315
chr1	859256	0.218170866703959	0.96159281781489	0.0294117647058824
chr1	859259	0.226990652063862	0.96159281781489	0.0294117647058824
chr1	859261	0.0824672243889407	0.96159281781489	0.0606060606060606
chr1	859264	0.0824672253042742	0.96159281781489	0.0606060606060606
chr1	859270	0.961748024282164	1	-0.00222469410456062
chr1	859293	1	1	0
chr1	859296	1	1	0
chr1	859326	1	1	0
chr1	859329	1	1	0
chr1	859333	0.168136654671462	0.96159281781489	0.037037037037037
chr1	859337	1	1	0
chr1	859339	0.314535878618449	0.976544298095162	-0.025
chr1	859341	0.319295057797946	0.976544298095162	-0.024390243902439
chr1	859351	1	1	0
chr1	859353	1	1	0
chr1	859361	1	1	0
chr1	859368	0.195750684617573	0.96159281781489	0.0357142857142857
chr1	859370	0.872721321629541	1	0.00714285714285714
chr1	859375	0.299650303435958	0.962645949349906	-0.027027027027027
chr1	859379	1	1	0
chr1	859382	0.183443059877046	0.96159281781489	0.0434782608695652
chr1	859387	0.0684655700778151	0.96159281781489	-0.0882352941176471
chr1	859404	1	1	0
chr1	859413	0.230958618066047	0.96159281781489	-0.032258064516129
chr1	859422	0.210989220029559	0.96159281781489	0.0333333333333333
chr1	859424	0.327743444441453	0.976544298095162	0.0333333333333333
chr1	859432	1	1	0
chr1	859438	1	1	0
chr1	859444	1	1	0
chr1	859452	0.207487207875465	0.96159281781489	0.032258064516129
chr1	859461	0.186142416910786	0.96159281781489	0.037037037037037
chr1	859464	0.176739375168359	0.96159281781489	0.0384615384615385
chr1	859469	1	1	0
chr1	859473	1	1	0
chr1	859486	1	1	0
chr1	859490	1	1	0
chr1	859492	1	1	0
chr1	859513	0.275639778507885	0.96159281781489	-0.0285714285714286
chr1	859525	1	1	0
chr1	859530	0.233049367699179	0.96159281781489	-0.0238095238095238
chr1	859540	0.240823355600628	0.96159281781489	-0.0208333333333333
chr1	859556	1	1	0
chr1	859559	1	1	0
chr1	859563	1	1	0
chr1	859566	1	1	0
chr1	859571	1	1	0
chr1	859576	0.0851259819046667	0.96159281781489	0.0384615384615385
chr1	859582	0.231066848484386	0.96159281781489	-0.0192307692307692
chr1	859602	1	1	0
chr1	859617	1	1	0
chr1	859620	1	1	0
chr1	859624	1	1	0
chr1	859637	0.216968186690729	0.96159281781489	-0.0217391304347826
chr1	859650	1	1	0
chr1	859654	1	1	0
chr1	859657	1	1	0
chr1	859659	1	1	0
chr1	859665	0.222206934399698	0.96159281781489	0.0416666666666667
chr1	859668	1	1	0
chr1	859719	1	1	0
chr1	859727	1	1	0
chr1	859734	1	1	0
chr1	859736	0.247094314800334	0.96159281781489	0.0303030303030303
chr1	859752	0.208481540735514	0.96159281781489	0.027027027027027
chr1	859757	0.120645404834811	0.96159281781489	-0.0425531914893617
chr1	859773	1	1	0
chr1	859776	0.280264036716263	0.96159281781489	-0.0217391304347826
chr1	859779	1	1	0
chr1	859786	1	1	0
chr1	859794	0.274398559279415	0.96159281781489	-0.0212765957446809
chr1	859803	1	1	0
chr1	859808	0.236951354193144	0.96159281781489	-0.024390243902439
chr1	859816	1	1	0
chr1	859819	0.264375817159376	0.96159281781489	-0.024390243902439
chr1	859837	1	1	0
chr1	859842	1	1	0
chr1	859844	1	1	0
chr1	859870	0.290702219863877	0.96159281781489	-0.02
chr1	859879	1	1	0
chr1	859889	1	1	0
chr1	859891	1	1	0
chr1	859897	0.168136654618365	0.96159281781489	0.037037037037037
chr1	859903	0.75817050161956	1	0.0177777777777778
chr1	859906	0.292626656387361	0.96159281781489	-0.027027027027027
chr1	859924	1	1	0
chr1	860005	1	1	0
chr1	860008	1	1	0
chr1	860013	0.192982517820122	0.96159281781489	0.0384615384615385
chr1	860020	1	1	0
chr1	860022	0.0673588574332203	0.96159281781489	-0.0857142857142857
chr1	860024	1	1	0
chr1	860042	0.159094052014986	0.96159281781489	0.0333333333333333
chr1	860048	1	1	0
chr1	860053	1	1	0
chr1	860077	1	1	0
chr1	860087	1	1	0
chr1	860091	1	1	0
chr1	860098	1	1	0
chr1	860105	1	1	0
chr1	860107	0.26583400604189	0.96159281781489	0.0256410256410256
chr1	860111	0.212581423600968	0.96159281781489	-0.03125
chr1	860113	1	1	0
chr1	860119	0.197013616117	0.96159281781489	-0.0344827586206897
chr1	860131	1	1	0
chr1	860144	1	1	0
chr1	860147	1	1	0
chr1	860152	1	1	0
chr1	860159	1	1	0
chr1	860171	1	1	0
chr1	860174	0.201405365219983	0.96159281781489	0.0303030303030303
chr1	860181	0.215869212307376	0.96159281781489	0.027027027027027
chr1	860183	0.44778996667166	1	0.0344332855093257
chr1	860185	1	1	0
chr1	860195	1	1	0
chr1	860199	1	1	0
chr1	860227	0.468668212045255	1	-0.0428571428571429
chr1	860235	0.896134892253939	1	0.00476190476190476
chr1	860241	0.120823640967163	0.96159281781489	-0.0487804878048781
chr1	860243	0.273939701207995	0.96159281781489	-0.0238095238095238
chr1	860246	0.263068127221188	0.96159281781489	-0.0232558139534884
chr1	860257	0.1216823351623	0.96159281781489	-0.0392156862745098
chr1	860264	1	1	0
chr1	860276	0.249158916580471	0.96159281781489	-0.0227272727272727
chr1	860282	0.0902851912066059	0.96159281781489	0.0476190476190476
chr1	860286	1	1	0
chr1	860288	0.224867228385023	0.96159281781489	-0.025
chr1	860293	0.261888777497678	0.96159281781489	0.0222222222222222
chr1	860319	1	1	0
chr1	860333	1	1	0
chr1	860336	0.242254744521627	0.96159281781489	-0.037037037037037
chr1	860348	0.247640594324619	0.96159281781489	-0.032258064516129
chr1	860354	1	1	0
chr1	860361	1	1	0
chr1	860363	0.392665184824277	1	-0.0303030303030303
chr1	860370	0.207487207877145	0.96159281781489	0.032258064516129
chr1	860387	1	1	0
chr1	860392	0.323757083173864	0.976544298095162	0.024390243902439
chr1	860400	0.194051744840136	0.96159281781489	0.0277777777777778
chr1	860410	1	1	0
chr1	860415	0.190704590110901	0.96159281781489	0.0303030303030303
chr1	860419	1	1	0
chr1	860427	1	1	0
chr1	860446	0.289278408720378	0.96159281781489	-0.0256410256410256
chr1	860448	0.270337104697653	0.96159281781489	-0.0294117647058824
chr1	860460	1	1	0
chr1	860463	0.236360908223853	0.96159281781489	-0.03125
chr1	860465	0.241655744212906	0.96159281781489	-0.0303030303030303
chr1	860467	0.23651936311119	0.96159281781489	-0.0294117647058824
chr1	860469	0.226638280477197	0.96159281781489	-0.0303030303030303
chr1	860478	0.251935937451885	0.96159281781489	-0.0285714285714286
chr1	860487	0.231868913190066	0.96159281781489	-0.0285714285714286
chr1	860496	0.251554388060069	0.96159281781489	-0.0277777777777778
chr1	860503	0.236785852298821	0.96159281781489	0.0263157894736842
chr1	860533	1	1	0
chr1	860544	0.947542834591332	1	-0.00261437908496732
chr1	860546	0.270529905905151	0.96159281781489	0.0192307692307692
chr1	860551	1	1	0
chr1	860560	1	1	0
chr1	860564	1	1	0
chr1	860577	0.0958789873494918	0.96159281781489	-0.0392156862745098
chr1	860600	1	1	0
chr1	860613	0.25303304876023	0.96159281781489	-0.0172413793103448
chr1	860621	0.920176528319658	1	0.00275862068965517
chr1	860629	1	1	0
chr1	860640	0.873000544027073	1	0.00771869639794168
chr1	860653	0.207728858906012	0.96159281781489	0.0277777777777778
chr1	860655	1	1	0
chr1	860663	0.0956099676752039	0.96159281781489	0.0689655172413793
chr1	860669	0.20340464579283	0.96159281781489	0.037037037037037
chr1	860687	1	1	0
chr1	860691	1	1	0
chr1	860695	1	1	0
chr1	860699	1	1	0
chr1	860728	0.199930312330632	0.96159281781489	-0.08
chr1	860757	1	1	0
chr1	860761	1	1	0
chr1	860764	1	1	0
chr1	860767	1	1	0
chr1	860820	0.486126508702352	1	-0.0476190476190476
chr1	860823	0.195134058010838	0.96159281781489	0.0555555555555556
chr1	860825	0.281848369954293	0.96159281781489	-0.0384615384615385
chr1	860831	1	1	0
chr1	860840	0.0501487848023519	0.96159281781489	0.0833333333333333
chr1	860856	0.175044336161837	0.96159281781489	0.032258064516129
chr1	860863	0.0633044949522441	0.96159281781489	-0.0681818181818182
chr1	860870	1	1	0
chr1	860873	0.17349425170304	0.96159281781489	-0.05
chr1	860875	1	1	0
chr1	860892	1	1	0
chr1	860903	0.0906528358047817	0.96159281781489	-0.0444444444444444
chr1	860908	1	1	0
chr1	860916	1	1	0
chr1	860918	0.291639332023503	0.96159281781489	0.025
chr1	860925	0.302647467446317	0.963879666297956	-0.0204081632653061
chr1	860938	0.301040319690265	0.962645949349906	-0.02
chr1	860940	1	1	0
chr1	860947	1	1	0
chr1	860956	0.341715630528242	0.995113823506586	-0.0166666666666667
chr1	860959	0.0430823245504551	0.96159281781489	0.0606060606060606
chr1	860962	1	1	0
chr1	860965	0.156301233142393	0.96159281781489	0.0294117647058824
chr1	860972	0.191059438252967	0.96159281781489	0.0256410256410256
chr1	860977	1	1	0
chr1	860999	1	1	0
chr1	861006	1	1	0
chr1	861015	0.241134657886726	0.96159281781489	-0.024390243902439
chr1	861021	0.254580910830733	0.96159281781489	0.024390243902439
chr1	861037	1	1	0
chr1	861039	0.0757289582831015	0.96159281781489	0.0555555555555556
chr1	861054	1	1	0
chr1	861064	1	1	0
chr1	861077	1	1	0
chr1	861080	0.0656084075267367	0.96159281781489	0.0540540540540541
chr1	861090	1	1	0
chr1	861099	0.199524456732677	0.96159281781489	0.0238095238095238
chr1	861132	0.800696932162552	1	0.0074561403508772
chr1	861135	1	1	0
chr1	861139	0.272536910721212	0.96159281781489	-0.0181818181818182
chr1	861141	1	1	0
chr1	861152	1	1	0
chr1	861159	0.245303464379767	0.96159281781489	-0.0238095238095238
chr1	861172	1	1	0
chr1	861177	0.872980819871691	1	-0.00625
chr1	861195	0.319978989384546	0.976544298095162	-0.0384615384615385
chr1	861207	1	1	0
chr1	861213	1	1	0
chr1	861218	1	1	0
chr1	861241	0.50610930006601	1	0.0299145299145299
chr1	861250	1	1	0
chr1	861252	0.277408349394576	0.96159281781489	-0.0185185185185185
chr1	861260	0.318512961764302	0.976544298095162	-0.0163934426229508
chr1	861265	0.170465565880352	0.96159281781489	0.0256410256410256
chr1	861287	0.22860394459057	0.96159281781489	0.0181818181818182
chr1	861297	1	1	0
chr1	861317	0.0869019729358617	0.96159281781489	-0.0317460317460317
chr1	861353	0.00953728487356385	0.96159281781489	0.0677966101694915
chr1	861360	0.198024795296721	0.96159281781489	0.0185185185185185
chr1	861368	0.912494041854111	1	0.00264550264550265
chr1	861376	0.244163609151922	0.96159281781489	-0.0196078431372549
chr1	861389	1	1	0
chr1	861402	0.259391441470583	0.96159281781489	0.02
chr1	861409	0.975199958387803	1	-0.000945626477541373
chr1	861438	0.0729245617921939	0.96159281781489	-0.0957918050941307
chr1	861453	0.592911152133506	1	-0.0349946977730647
chr1	861475	0.976622191632387	1	-0.000905797101449276
chr1	861498	0.0912602385057223	0.96159281781489	0.0392156862745098
chr1	861520	0.523112698922407	1	0.0326354679802956
chr1	861537	0.10960661605675	0.96159281781489	-0.137851366961879
chr1	861548	1	1	0
chr1	861575	0.936487110477749	1	-0.00516795865633075
chr1	861590	0.344991461018643	0.995128878055239	-0.0574555403556772
chr1	861598	0.746594867290656	1	0.0201842913558578
chr1	861602	0.275706782142827	0.96159281781489	-0.10016835016835
chr1	861611	0.853542187688096	1	0.0123152709359606
chr1	861629	0.828737093498475	1	0.0149920255183413
chr1	861631	0.743751305032574	1	-0.0298245614035088
chr1	861678	0.176473731746267	0.96159281781489	0.111111111111111
chr1	861721	0.874965786962538	1	0.00961538461538461
chr1	861748	0.839366483202812	1	-0.0184185455700222
chr1	861762	0.964915552206404	1	-0.00479472580161822
chr1	861801	0.368366034736553	1	-0.105263157894737
chr1	861886	0.239553670345747	0.96159281781489	0.127437641723356
chr1	861889	0.0280914286076853	0.96159281781489	-0.0740740740740741
chr1	861907	0.139040197221111	0.96159281781489	0.0911330049261084
chr1	861971	0.344494829558448	0.995113823506586	0.0602495543672015
chr1	862045	0.107356468441049	0.96159281781489	0.0895222802087515
chr1	862297	0.624449440910361	1	-0.0391849529780565
chr1	862301	0.519535443389316	1	-0.0279106858054226
chr1	862309	0.459003953889052	1	-0.0357843137254902
chr1	862378	0.523426149169324	1	-0.0537513997760358
chr1	862396	0.852854394545764	1	0.00694444444444442
chr1	862420	0.627391365053933	1	0.0324214792299898
chr1	862471	0.583354901048822	1	0.0293040293040292
chr1	862506	0.982282774622365	1	0.00163265306122451
chr1	862521	0.771020812069196	1	-0.0155086848635235
chr1	862569	0.19227362282505	0.96159281781489	-0.115102639296188
chr1	862602	0.426014991206979	1	-0.0770975056689342
chr1	862668	0.630705263194766	1	0.0237119437939111
chr1	862703	0.847981252801038	1	0.011904761904762
chr1	862755	0.12964455620773	0.96159281781489	-0.138081395348837
chr1	862768	0.0959315053574501	0.96159281781489	-0.107859531772575
chr1	862780	0.956882039953645	1	0.00400160064025612
chr1	862802	0.668859830092405	1	0.0542857142857143
chr1	862857	0.310718149917838	0.975295336938062	0.0906786820613912
chr1	862866	0.714726931064745	1	-0.050625
chr1	863010	0.203008405702205	0.96159281781489	-0.0524119947848762
chr1	863044	0.537740579318523	1	-0.0401960784313725
chr1	863136	0.28226068959124	0.96159281781489	0.0634920634920635
chr1	863163	0.380986443141021	1	0.0583075335397316
chr1	863284	0.8686447018467	1	0.012199771254289
chr1	863298	0.71140956471346	1	0.0315656565656566
chr1	863311	0.0397643420171092	0.96159281781489	-0.0861678004535147
chr1	863315	0.32751455197828	0.976544298095162	0.0751519027822194
chr1	863323	0.859391282150654	1	-0.0083333333333333
chr1	863330	0.760633666141058	1	-0.0269865067466267
chr1	863495	0.209193039064678	0.96159281781489	0.0357142857142857
chr1	863507	0.549588096421352	1	-0.104859335038363
chr1	863766	0.011975823533987	0.96159281781489	0.148148148148148
chr1	863861	0.374248271036783	1	0.0535714285714286
chr1	863886	0.028892683496989	0.96159281781489	-0.110070257611241
chr1	863916	0.455200091976579	1	-0.0735883424408015
chr1	863932	0.595722966589977	1	0.0154761904761904
chr1	863934	0.845895753043131	1	-0.0132275132275131
chr1	863942	0.944992563370304	1	-0.00230083405234394
chr1	863967	0.143250196398168	0.96159281781489	0.0754716981132075
chr1	863977	0.803653295785618	1	-0.00921985815602833
chr1	864035	0.605152063429299	1	-0.0603756708407871
chr1	864071	0.905258405980313	1	0.0115967885816235
chr1	864090	0.824883508355493	1	-0.0166666666666666
chr1	864115	0.46393220568391	1	0.0555555555555556
chr1	864130	0.289468619007689	0.96159281781489	0.0471498944405349
chr1	864143	0.197971287011013	0.96159281781489	0.0888066604995375
chr1	864156	0.276761006488963	0.96159281781489	-0.0856553147574819
chr1	864313	0.588544770056658	1	-0.0451127819548872
chr1	864369	0.865898428014783	1	0.015970515970516
chr1	864390	0.492544352211779	1	0.061531007751938
chr1	864415	0.791689168343081	1	0.0225589225589226
chr1	864424	0.876068169320145	1	-0.0146871008939974
chr1	864454	0.209418621916786	0.96159281781489	-0.0954686959529574
chr1	864527	0.635640445191697	1	0.0239403453689168
chr1	864548	0.922941686336899	1	-0.00893617021276594
chr1	864551	0.638056877110639	1	-0.0333333333333333
chr1	864574	0.560996490361348	1	-0.0434782608695652
chr1	864576	0.0180720548035888	0.96159281781489	0.153098982423682
chr1	864582	0.434280377529179	1	0.0549242424242424
chr1	864586	0.828402312237355	1	-0.0131519274376417
chr1	864589	0.959374932119917	1	-0.00384615384615383
chr1	864591	0.907476562174099	1	-0.0128205128205128
chr1	864599	0.290112363516867	0.96159281781489	0.0683962264150944
chr1	864607	0.359597597627589	1	0.0703703703703703
chr1	864614	0.387866912603936	1	0.0952380952380952
chr1	864639	0.0542809188828479	0.96159281781489	0.0982142857142857
chr1	864643	0.364380093714251	1	-0.05175983436853
chr1	864661	0.0457172285976121	0.96159281781489	0.183460457647531
chr1	864682	0.964632723042961	1	-0.00341880341880352
chr1	864686	0.471043442914908	1	0.046875
chr1	864691	0.0523921482419106	0.96159281781489	0.0959893048128342
chr1	864735	0.294456246205852	0.96159281781489	-0.0499999999999999
chr1	864749	0.958317130063483	1	0.00346320346320339
chr1	864782	0.641324323356311	1	0.0284280936454849
chr1	864803	0.819238351655471	1	-0.0133809099018734
chr1	864819	0.87941319397738	1	0.00640301318267422
chr1	864879	0.994559651594946	1	-0.000482160077145633
chr1	864888	0.749505312750135	1	0.0131964809384164
chr1	864893	0.107969592281014	0.96159281781489	0.0303030303030303
chr1	864918	0.0447231186704234	0.96159281781489	0.100103199174407
chr1	864928	0.925709067171779	1	0.0072859744990893
chr1	864937	0.96554811735897	1	-0.00714285714285715
chr1	864975	0.0997012650251425	0.96159281781489	-0.0707070707070707
chr1	865000	0.365552893408794	1	0.0442410373760489
chr1	865009	0.245464162202497	0.96159281781489	-0.0826839826839827
chr1	865013	0.314057395249714	0.976544298095162	-0.0456479690522244
chr1	865027	0.872283278672386	1	-0.0139860139860141
chr1	865073	0.0955869212787535	0.96159281781489	-0.0634037819799778
chr1	865120	0.754424571181998	1	-0.0125084516565247
chr1	865125	0.478187482419345	1	-0.0309597523219815
chr1	865136	0.957820671548647	1	0.00137362637362637
chr1	865153	0.180438650107801	0.96159281781489	-0.0671428571428571
chr1	865218	0.850161001001688	1	-0.0439084724799011
chr1	865253	0.584422614749223	1	-0.0370813397129186
chr1	865256	0.669292481555225	1	0.017162471395881
chr1	865280	0.0358940901934963	0.96159281781489	0.0851063829787234
chr1	865286	0.841991294251575	1	0.0146520146520147
chr1	865293	0.0427980618457271	0.96159281781489	-0.153723404255319
chr1	865342	0.489794867036816	1	0.030448717948718
chr1	865394	0.929801465674825	1	-0.00638297872340432
chr1	865407	0.827911650534917	1	0.0139353400222965
chr1	865419	0.639762291317746	1	-0.0236998025016458
chr1	865438	0.918817836944226	1	-0.00855614973262031
chr1	865450	0.932067432317487	1	0.00758620689655176
chr1	865455	0.248468115806856	0.96159281781489	0.0706686930091186
chr1	865538	0.901206752307401	1	0.00992063492063489
chr1	865544	0.677633633894473	1	0.0191558441558441
chr1	865567	0.0674048525073775	0.96159281781489	-0.103030303030303
chr1	865579	0.730535250330915	1	-0.0177154944473823
chr1	865583	0.0432174466101343	0.96159281781489	-0.046875
chr1	865601	0.511941559095254	1	-0.0248577418388739
chr1	865624	0.982544691013072	1	-0.000907441016333999
chr1	865636	0.66915562598494	1	-0.0210526315789474
chr1	865639	0.56357518254027	1	0.0366001209921356
chr1	865661	0.574107584644285	1	-0.022121014964216
chr1	865664	0.0806177969817958	0.96159281781489	0.076366030283081
chr1	865692	0.583865245728877	1	-0.0233004385964912
chr1	865700	0.0932363701964224	0.96159281781489	0.078420467185762
chr1	865733	0.976034598354157	1	-0.00114942528735629
chr1	865745	0.237589191031085	0.96159281781489	-0.0169491525423728
chr1	865807	0.325230146915547	0.976544298095162	-0.0388243831640058
chr1	865860	0.895852004566503	1	0.00940438871473348
chr1	865899	0.886389768279589	1	0.0110991765127103
chr1	865922	0.43373267018574	1	-0.0310910118711136
chr1	865925	0.45844794436346	1	-0.0404761904761904
chr1	865986	0.253449050764481	0.96159281781489	-0.0564263322884013
chr1	865989	0.0371022987659987	0.96159281781489	0.0526315789473685
chr1	866011	0.703705933386291	1	0.0217585692995529
chr1	866066	0.279124556187194	0.96159281781489	-0.10261569416499
chr1	866092	0.341853151091438	0.995113823506586	-0.0667989417989418
chr1	866105	0.108022452597163	0.96159281781489	-0.111383108935129
chr1	866135	0.606155119290769	1	0.0373317013463892
chr1	866164	0.478095406292938	1	0.0465722801788375
chr1	866184	0.680781976047833	1	-0.0168970814132104
chr1	866285	0.224212142025537	0.96159281781489	-0.0583606557377049
chr1	866291	0.941455687337292	1	0.00578231292517006
chr1	866318	0.225513136497587	0.96159281781489	-0.0238095238095238
chr1	866331	0.691838967057874	1	0.0266666666666666
chr1	866344	0.987734405174214	1	-0.000462534690101712
chr1	866348	0.623457570170261	1	-0.0274509803921569
chr1	866437	0.588705553520572	1	-0.0363636363636364
chr1	866453	0.952810468325106	1	0.00318979266347685
chr1	866460	0.0112435525360058	0.96159281781489	-0.135593220338983
chr1	866478	0.612402091750544	1	-0.0333333333333333
chr1	866487	0.499556839979575	1	0.0376068376068376
chr1	866504	0.265521370358556	0.96159281781489	0.130434782608696
chr1	866536	0.257590860862387	0.96159281781489	-0.04
chr1	866557	0.678817918486916	1	0.0210643015521064
chr1	866568	0.344491371846987	0.995113823506586	0.052675585284281
chr1	866640	0.907807806875775	1	-0.0084151472650772
chr1	866706	0.435143926099162	1	-0.0508613617719442
chr1	866739	0.323727514757465	0.976544298095162	-0.0538415003024804
chr1	866900	0.386277177070946	1	0.0746753246753247
chr1	866937	0.807762936193969	1	-0.0252525252525252
chr1	866950	0.171657021118683	0.96159281781489	0.0772370486656201
chr1	867020	0.722835529463757	1	-0.0194805194805194
chr1	867031	0.06353794714679	0.96159281781489	0.0526315789473685
chr1	867041	0.614356007666409	1	0.0171849427168576
chr1	867145	0.614807906014192	1	-0.0522727272727273
chr1	867197	0.914691468939517	1	-0.0113636363636364
chr1	867227	0.350990936251748	1	-0.0769230769230769
chr1	867251	0.522688333089526	1	0.0586206896551724
chr1	867347	0.858338808646501	1	-0.0185936443542934
chr1	867382	0.0380341561879701	0.96159281781489	-0.0533333333333333
chr1	867403	0.127084182779385	0.96159281781489	-0.025974025974026
chr1	867418	0.494427242781684	1	0.0646098815112899
chr1	867468	0.406682615286488	1	-0.0808219178082192
chr1	867612	0.126471434470653	0.96159281781489	-0.137205387205387
chr1	867635	0.685244881774079	1	-0.0656660412757973
chr1	867637	0.373554077142056	1	-0.0889792231255646
chr1	867646	0.984628524235051	1	0.00214822771213741
chr1	867652	0.547474308270073	1	-0.0421747967479675
chr1	867663	0.19126476653984	0.96159281781489	0.107088989441931
chr1	867692	0.726774632518713	1	0.0196078431372548
chr1	867706	0.954664388688704	1	0.00370762711864403
chr1	867717	0.948539200769446	1	-0.0020176544766709
chr1	867724	0.181472171281833	0.96159281781489	0.0679347826086957
chr1	867736	0.175507579076389	0.96159281781489	0.059462915601023
chr1	867787	0.662294301276348	1	-0.0292397660818713
chr1	867832	0.579288882881405	1	-0.0404394576905096
chr1	867840	0.535373841167863	1	-0.0265911072362686
chr1	867856	0.847625581761147	1	-0.00851393188854499
chr1	867870	0.0534546180018426	0.96159281781489	0.0476190476190477
chr1	867891	0.782092198806252	1	-0.00992063492063489
chr1	867913	0.882358656671697	1	-0.00360576923076927
chr1	867938	0.496543571085979	1	0.0409090909090909
chr1	867947	0.573902645291739	1	0.0281155015197568
chr1	867971	0.935606214016491	1	-0.00810185185185186
chr1	868086	0.0379204233475673	0.96159281781489	-0.0966666666666667
chr1	868112	0.432557335366992	1	-0.0375227686703097
chr1	868133	0.433685085642153	1	0.0349462365591399
chr1	868181	0.830955154241252	1	-0.00868055555555558
chr1	868194	0.0739711820686433	0.96159281781489	-0.146898103503696
chr1	868217	0.525803882794277	1	0.0412698412698413
chr1	868236	0.196571262108511	0.96159281781489	0.0741525423728814
chr1	868254	0.930658995728256	1	-0.00419580419580412
chr1	868316	0.589432839623672	1	-0.0361111111111111
chr1	868337	0.187183402900387	0.96159281781489	-0.0944444444444444
chr1	868343	0.934929095460218	1	-0.00549450549450548
chr1	868356	0.133111918472705	0.96159281781489	0.149938800489596
chr1	868475	0.943028022548938	1	-0.00454545454545452
chr1	868505	0.881506354931717	1	0.00691244239631328
chr1	868516	0.636440068088842	1	0.0194660734149055
chr1	868547	0.939662238439071	1	-0.00492610837438423
chr1	868558	0.96575850560389	1	-0.00107613666935691
chr1	868570	0.936614950351308	1	0.0063218390804598
chr1	868575	0.53977875030995	1	-0.0725274725274725
chr1	868601	0.86523580528335	1	0.0200222469410456
chr1	868610	0.218788532868748	0.96159281781489	0.0611790878754172
chr1	868683	0.41942928070711	1	0.0268762677484786
chr1	868703	0.226698586092254	0.96159281781489	-0.0814814814814815
chr1	868742	0.946939359504504	1	-0.00624999999999998
chr1	868840	0.962107141184052	1	-0.00439882697947214
chr1	868849	0.345951642247461	0.99604390356222	-0.130023640661939
chr1	868911	0.510234281675648	1	-0.070730304772858
chr1	869031	0.213429331362266	0.96159281781489	-0.12983606557377
chr1	869033	0.595719389686497	1	0.0387096774193548
chr1	869036	0.33227155016053	0.983603553588487	-0.0910344827586207
chr1	869064	0.0512237300191977	0.96159281781489	-0.178624443344879
chr1	869070	0.445139205889041	1	-0.0868347338935575
chr1	869150	0.942693357762229	1	-0.00925925925925925
chr1	869170	0.215405578538859	0.96159281781489	0.142857142857143
chr1	869228	0.123688411666884	0.96159281781489	-0.146803652968037
chr1	869289	0.645135437129461	1	0.0605778191985089
chr1	869303	0.870390321414719	1	0.0262896825396826
chr1	869333	0.37803327077404	1	0.095906432748538
chr1	869346	0.0880406716975162	0.96159281781489	0.236070381231672
chr1	870311	0.760441799496159	1	0.0777777777777778
chr1	870320	0.538310048148122	1	-0.0980392156862745
chr1	870326	0.94692333666841	1	-0.00854700854700857
chr1	870339	0.921740606728907	1	-0.0141176470588235
chr1	870343	0.952402317287174	1	0.0105820105820106
chr1	870374	0.609695306702193	1	-0.0490196078431373
chr1	870419	0.751631502336118	1	-0.0349842767295598
chr1	870425	0.548536842031241	1	0.0607088989441931
chr1	870443	0.660382494440186	1	0.0333333333333334
chr1	870459	0.668620967072592	1	0.0448926480156148
chr1	870566	0.587208291752233	1	0.0399221032132425
chr1	870573	0.293452614858244	0.96159281781489	0.052073732718894
chr1	870584	0.983812262375402	1	0.00158646218931782
chr1	870599	0.673337343858008	1	-0.0355587808417997
chr1	870619	0.294232580165857	0.96159281781489	0.135254988913526
chr1	870628	0.0917876163111134	0.96159281781489	-0.134090909090909
chr1	870637	0.376210967929289	1	-0.0845410628019324
chr1	870643	0.910839876238183	1	-0.00952380952380955
chr1	870651	0.839987000311624	1	-0.0171127687582273
chr1	870658	0.940276932119421	1	-0.00761099365750528
chr1	870660	0.874667949622047	1	0.0178890876565295
chr1	870703	0.693932624994944	1	0.0244018005212035
chr1	870716	0.844796890818592	1	-0.0176767676767677
chr1	870791	0.724348527888518	1	0.0354090354090355
chr1	870802	0.929021992382764	1	0.00962223806129722
chr1	870806	0.454599682478618	1	0.116718027734977
chr1	870810	0.938351230893329	1	-0.01
chr1	870822	0.683643430997695	1	-0.0299806576402321
chr1	870872	0.921249875489759	1	0.0153846153846154
chr1	870886	0.580841553428955	1	-0.0729591836734694
chr1	870923	0.576078077950164	1	-0.0742063492063492
chr1	870958	0.510681479383695	1	0.0839160839160839
chr1	870968	0.360802419007004	1	0.140350877192982
chr1	870977	0.445513764151603	1	0.0949935815147626
chr1	870997	0.797191056932109	1	0.0274509803921569
chr1	871002	0.167788465406878	0.96159281781489	0.179050567595459
chr1	871014	0.220573501062768	0.96159281781489	-0.164757228587016
chr1	871019	0.755575876559329	1	0.0379436964504284
chr1	871033	0.747148046040537	1	-0.0251959686450168
chr1	871057	0.582331670184156	1	0.0554112554112554
chr1	871108	0.150590557245001	0.96159281781489	0.195652173913043
chr1	871120	0.233352937936152	0.96159281781489	0.158252977878616
chr1	871136	0.688871925501815	1	0.0515873015873016
chr1	871142	0.802596261642275	1	0.0313725490196078
chr1	871158	0.1441352257755	0.96159281781489	0.198039215686275
chr1	871185	0.767895520889242	1	-0.0329482242190843
chr1	871192	0.316985586356431	0.976544298095162	-0.110828488372093
chr1	871198	0.752948629673965	1	-0.0450563204005006
chr1	871206	0.68748256399726	1	-0.0254677754677755
chr1	871215	0.95349183827109	1	0.0051948051948052
chr1	871228	0.59831312501601	1	0.0613682092555332
chr1	871267	0.841549964314044	1	-0.0208333333333333
chr1	871272	0.961500078404306	1	-0.00522069292833413
chr1	871275	0.838912227913359	1	-0.0178129638792677
chr1	871302	0.304761306583477	0.967440439319538	-0.11609907120743
chr1	871308	0.8272572531408	1	0.0194444444444445
chr1	871329	0.172291518024866	0.96159281781489	0.127777777777778
chr1	871335	0.33677539332069	0.992468784199733	0.0688311688311688
chr1	871388	0.34412263317286	0.995113823506586	0.0949432404540764
chr1	871441	0.917242287918099	1	-0.0149136577708006
chr1	871463	0.409696694563138	1	0.106711915535445
chr1	871472	0.281028098586152	0.96159281781489	0.128039513677812
chr1	871484	0.758767284885418	1	0.0317028985507246
chr1	871507	0.644821480934858	1	0.0549450549450549
chr1	871540	0.513366170680299	1	-0.0973262032085561
chr1	871546	0.741813690465724	1	0.042016806722689
chr1	871568	0.737928026091418	1	0.0329835082458771
chr1	871585	0.53639647556743	1	-0.0785033015407191
chr1	871589	0.321917913910949	0.976544298095162	-0.149316109422492
chr1	871597	0.808169925135588	1	0.0347790507364976
chr1	871602	0.746689690792886	1	-0.0435729847494553
chr1	871606	0.888452964106981	1	0.0217468805704101
chr1	871620	0.547065505102789	1	-0.0529914529914529
chr1	871640	0.330956768480833	0.981921359718321	-0.163299663299663
chr1	871731	0.196060527119975	0.96159281781489	0.283333333333333
chr1	871737	0.530616586899481	1	0.1
chr1	871757	0.615094471089852	1	-0.1
chr1	871776	0.682128447908198	1	0.0416666666666666
chr1	871796	0.128910455637643	0.96159281781489	-0.146453089244851
chr1	871809	0.739467517589408	1	0.0428816466552315
chr1	871813	0.551976794493469	1	-0.0608502361767158
chr1	871819	0.569292046392848	1	0.034841628959276
chr1	871834	0.475256623295495	1	0.0653253849975161
chr1	871852	0.949000677245785	1	0.00478738383553923
chr1	871868	0.624779206872682	1	-0.0306603773584906
chr1	871871	0.119708422836091	0.96159281781489	-0.107709750566893
chr1	871980	0.904663063313611	1	-0.0083333333333333
chr1	871992	0.815439799792927	1	-0.010465724751439
chr1	871998	1	1	0
chr1	872003	0.811094520781721	1	-0.0109649122807018
chr1	872115	0.141804601107862	0.96159281781489	0.0883838383838384
chr1	872117	0.587011216565498	1	-0.0505050505050506
chr1	872123	0.926396487367699	1	0.00907543959160517
chr1	872174	0.62610512751449	1	0.0363636363636363
chr1	872176	0.583575341840028	1	-0.055982905982906
chr1	872196	0.523931292876278	1	0.0324110671936759
chr1	872222	0.456744596698284	1	0.0753546099290781
chr1	872235	0.444855953408125	1	-0.0373376623376623
chr1	872320	0.232418632176332	0.96159281781489	0.0396825396825397
chr1	872322	0.669155625984937	1	0.0210526315789474
chr1	872328	1	1	0
chr1	872335	0.223175568260844	0.96159281781489	0.0459726443768996
chr1	872369	0.809645502914267	1	-0.0205086136177194
chr1	872385	0.3654959497211	1	-0.0452898550724639
chr1	872412	0.495275513235021	1	0.0392156862745098
chr1	872418	0.105597829197759	0.96159281781489	-0.0370370370370371
chr1	872428	0.517429770690985	1	0.023070097604259
chr1	872445	0.254796646480615	0.96159281781489	-0.0818428184281843
chr1	872455	0.471219077607163	1	-0.0398686679174484
chr1	872468	0.901995586402509	1	-0.00912646675358531
chr1	872487	0.906942497731262	1	0.00525210084033612
chr1	872494	0.844656243530095	1	0.00970149253731334
chr1	872511	0.985876397859982	1	0.000604960677555999
chr1	872518	0.554392358553375	1	0.0188679245283019
chr1	872555	0.486946977881033	1	0.0637915543575921
chr1	872615	0.762393473257749	1	0.0260416666666666
chr1	872625	0.890672845337848	1	0.00638179800221972
chr1	872633	0.0892460568406108	0.96159281781489	-0.0962566844919787
chr1	872699	0.418929815963118	1	-0.0279789335088874
chr1	872737	0.316145422157579	0.976544298095162	-0.0399478940512374
chr1	872748	0.962887416337196	1	0.00206718346253232
chr1	872837	0.839623755746551	1	-0.0136836343732896
chr1	872991	0.875180913940458	1	-0.00982800982800991
chr1	873003	0.352445277545665	1	-0.0675
chr1	873022	0.492971537363719	1	0.0561403508771931
chr1	873061	0.588954066597611	1	0.0568181818181818
chr1	873082	0.03376292941517	0.96159281781489	0.0967741935483871
chr1	873085	1	1	0
chr1	873089	0.66562079998989	1	-0.0226600985221676
chr1	873092	0.0473703900865447	0.96159281781489	-0.0857142857142858
chr1	873106	0.649845330545336	1	0.0269230769230768
chr1	873117	0.542418809977249	1	0.0318318318318318
chr1	873141	0.561795233960143	1	-0.0482269503546099
chr1	873167	0.798452023106485	1	-0.0155080213903743
chr1	873183	0.67742989078325	1	-0.0177909562638992
chr1	873240	0.830032070969544	1	0.0130775937227551
chr1	873249	0.74245319893351	1	-0.0116710875331565
chr1	873252	0.822961000308819	1	-0.0101838052657726
chr1	873321	0.482650707130132	1	0.0679845708775313
chr1	873341	0.561942250744033	1	-0.0410658307210032
chr1	873451	0.86160606762874	1	-0.0111928365845859
chr1	873485	0.705499288484383	1	0.0202655485674353
chr1	873502	0.86914036431737	1	0.00925925925925919
chr1	873512	0.317268864690816	0.976544298095162	-0.0721899224806202
chr1	873522	0.510887312015905	1	-0.0345029239766083
chr1	873561	0.628296535434567	1	-0.0431145431145431
chr1	873565	0.909836718850135	1	0.0126262626262626
chr1	873726	0.00485003053454073	0.96159281781489	-0.12
chr1	873815	0.244386544842949	0.96159281781489	-0.0486338797814208
chr1	873858	0.115491178211467	0.96159281781489	-0.183441558441558
chr1	873916	0.866840715168167	1	0.0163170163170163
chr1	873921	0.369662375170645	1	-0.104411764705882
chr1	873926	0.461443216335841	1	-0.0932400932400932
chr1	873991	0.509126012265243	1	-0.0820476858345021
chr1	874008	0.596905787179404	1	-0.0534262485481998
chr1	874033	0.164436074099259	0.96159281781489	0.0737179487179488
chr1	874120	0.73665155064742	1	0.0342255375164546
chr1	874147	0.623167830715508	1	-0.0613793103448276
chr1	874192	0.263827046285497	0.96159281781489	-0.115277777777778
chr1	874233	0.491082300004494	1	0.0606060606060606
chr1	874246	0.262042405755069	0.96159281781489	-0.0891891891891892
chr1	874260	0.0522450875412257	0.96159281781489	0.0666666666666667
chr1	874338	0.904326778752865	1	-0.00545454545454549
chr1	874415	0.599552156300442	1	-0.0217864923747276
chr1	874446	0.400957771346447	1	0.0342789598108747
chr1	874455	0.140063485943934	0.96159281781489	-0.101540616246499
chr1	874466	0.275073708692514	0.96159281781489	0.051993620414673
chr1	874491	0.788407881792145	1	-0.013903743315508
chr1	874496	0.805709694891223	1	-0.0146198830409356
chr1	874501	0.459097153796876	1	-0.0387755102040817
chr1	874517	0.275793417782637	0.96159281781489	0.0615590498494479
chr1	874528	0.931974066693637	1	0.00580270793036752
chr1	874580	0.165589095716402	0.96159281781489	-0.163636363636364
chr1	874601	0.788474179890156	1	-0.0178571428571429
chr1	874610	0.971718521945196	1	0.00354924578527061
chr1	874638	0.186116407338713	0.96159281781489	0.125786163522013
chr1	874658	0.524215916597718	1	0.0350282485875706
chr1	874670	0.92272843586049	1	-0.00707547169811318
chr1	874672	0.273873034323588	0.96159281781489	0.0702764976958525
chr1	874697	0.888074095517417	1	0.00860909335485605
chr1	874711	0.465742709781931	1	-0.0422643442622951
chr1	874714	0.229955707203142	0.96159281781489	0.125064201335388
chr1	874734	0.101525477940668	0.96159281781489	0.0953647416413373
chr1	874762	0.603679116522247	1	0.0273809523809523
chr1	874791	0.0749493340239918	0.96159281781489	0.136363636363636
chr1	874839	0.509422624984946	1	0.0684523809523809
chr1	874896	0.564712544625916	1	-0.0581939799331104
chr1	874987	0.449198321863192	1	0.0480895915678525
chr1	875112	0.668649669740397	1	0.044579533941236
chr1	875150	0.293278734738645	0.96159281781489	-0.214452214452214
chr1	875184	0.226690722442609	0.96159281781489	-0.158823529411765
chr1	875227	0.849121642795469	1	0.020408163265306
chr1	875281	0.0306288563700141	0.96159281781489	-0.213968957871397
chr1	875309	0.691096654301599	1	0.0388888888888889
chr1	875314	0.788752454142768	1	0.0115384615384615
chr1	875345	0.68858327723337	1	0.027390180878553
chr1	875364	0.0437525750751876	0.96159281781489	0.06
chr1	875375	0.732582926815072	1	-0.0274725274725275
chr1	875388	0.940537979205502	1	0.00722789115646261
chr1	875416	0.165018943929141	0.96159281781489	-0.106370543541788
chr1	875420	0.450608155294654	1	-0.0677966101694915
chr1	875445	0.971548189587876	1	-0.00221975582685904
chr1	875466	0.53004587994386	1	-0.0603337612323492
chr1	875469	1	1	0
chr1	875503	0.903924098412612	1	-0.00428571428571429
chr1	875606	1	1	0
chr1	875618	0.404761672040691	1	-0.0303030303030303
chr1	875620	1	1	0
chr1	875622	1	1	0
chr1	875633	1	1	0
chr1	875636	1	1	0
chr1	875640	1	1	0
chr1	875704	1	1	0
chr1	875708	1	1	0
chr1	875731	1	1	0
chr1	875735	0.122717864389892	0.96159281781489	-0.0454545454545455
chr1	875741	1	1	0
chr1	875743	0.297886708298764	0.962336921806066	-0.0222222222222222
chr1	875749	0.369674040410156	1	-0.0204081632653061
chr1	875759	1	1	0
chr1	875768	0.175044336109523	0.96159281781489	0.032258064516129
chr1	875781	1	1	0
chr1	875783	1	1	0
chr1	875786	1	1	0
chr1	875799	0.207910925581961	0.96159281781489	0.024390243902439
chr1	875811	1	1	0
chr1	875816	0.124544246466148	0.96159281781489	-0.0350877192982456
chr1	875821	1	1	0
chr1	875834	0.234610664171333	0.96159281781489	-0.0175438596491228
chr1	875840	0.256690391101152	0.96159281781489	-0.0175438596491228
chr1	875865	0.277542526529482	0.96159281781489	-0.015625
chr1	875868	0.19764547286158	0.96159281781489	0.02
chr1	875880	0.214871744483545	0.96159281781489	0.0208333333333333
chr1	875903	1	1	0
chr1	875911	1	1	0
chr1	875920	1	1	0
chr1	875924	1	1	0
chr1	875938	0.117320840900645	0.96159281781489	0.05
chr1	875952	1	1	0
chr1	875954	0.201405365212059	0.96159281781489	-0.0303030303030303
chr1	875957	1	1	0
chr1	875966	0.268999029420311	0.96159281781489	0.0208333333333333
chr1	875968	0.268999029431553	0.96159281781489	0.0208333333333333
chr1	875972	1	1	0
chr1	875977	1	1	0
chr1	875981	1	1	0
chr1	875991	1	1	0
chr1	876021	0.262927637119892	0.96159281781489	-0.0196078431372549
chr1	876027	1	1	0
chr1	876037	0.0932684416646715	0.96159281781489	-0.0434782608695652
chr1	876057	0.255444551200562	0.96159281781489	0.02
chr1	876061	1	1	0
chr1	876065	1	1	0
chr1	876067	1	1	0
chr1	876071	0.290656248375937	0.96159281781489	-0.0185185185185185
chr1	876105	0.312123068535635	0.975295336938062	-0.0188679245283019
chr1	876107	1	1	0
chr1	876145	0.212756310295365	0.96159281781489	-0.0263157894736842
chr1	876165	0.121996384793984	0.96159281781489	-0.0357142857142857
chr1	876199	0.87145996420467	1	0.0039828431372549
chr1	876207	0.21344156400406	0.96159281781489	0.0196078431372549
chr1	876224	0.227814851886652	0.96159281781489	0.0196078431372549
chr1	876229	1	1	0
chr1	876249	0.260174646432517	0.96159281781489	0.0175438596491228
chr1	876262	1	1	0
chr1	876274	0.150370085077879	0.96159281781489	0.0344827586206897
chr1	876292	0.913903539896664	1	0.0023089355806973
chr1	876303	0.207422223845512	0.96159281781489	0.0169491525423729
chr1	876320	1	1	0
chr1	876331	0.226228881252603	0.96159281781489	-0.0175438596491228
chr1	876350	0.224794218590984	0.96159281781489	-0.0196078431372549
chr1	876355	0.208693438913229	0.96159281781489	-0.0192307692307692
chr1	876367	0.275075046181555	0.96159281781489	0.0175438596491228
chr1	876384	1	1	0
chr1	876390	1	1	0
chr1	876408	0.218061761646666	0.96159281781489	-0.0178571428571429
chr1	876414	0.990101619753777	1	-0.000302480338777979
chr1	876418	1	1	0
chr1	876454	0.868411528216995	1	0.00711462450592886
chr1	876462	0.197504254528016	0.96159281781489	0.0232558139534884
chr1	876464	0.13551092874746	0.96159281781489	-0.0357142857142857
chr1	876484	0.652565342618557	1	0.0198412698412698
chr1	876492	0.822858435446053	1	0.00708502024291498
chr1	876538	0.883769262110182	1	0.00420875420875421
chr1	876551	0.736656154775043	1	-0.0202020202020202
chr1	876605	1	1	0
chr1	876616	1	1	0
chr1	876619	1	1	0
chr1	876643	0.27185351151043	0.96159281781489	-0.0178571428571429
chr1	876651	0.765156294192045	1	-0.0131255127153404
chr1	876654	0.216913875427065	0.96159281781489	-0.0560897435897436
chr1	876666	0.3447340589796	0.995113823506586	-0.04
chr1	876671	1	1	0
chr1	876680	0.0776469037781939	0.96159281781489	-0.0434782608695652
chr1	876703	0.139499952586115	0.96159281781489	-0.0588235294117647
chr1	876728	0.159127583478204	0.96159281781489	0.0956989247311828
chr1	876732	0.0781011124894823	0.96159281781489	0.0666666666666667
chr1	876740	0.0110216729165293	0.96159281781489	0.129032258064516
chr1	876742	0.705298950390936	1	-0.0261437908496732
chr1	876760	0.244739962753196	0.96159281781489	-0.0217391304347826
chr1	876762	0.369140157257678	1	-0.0439393939393939
chr1	876767	0.520728711432313	1	0.0211320754716981
chr1	876801	0.279650052046443	0.96159281781489	-0.0151515151515152
chr1	876807	0.881132379308476	1	0.00630252100840336
chr1	876816	0.984733063518733	1	0.000445632798573976
chr1	876821	0.0854113875391264	0.96159281781489	0.03125
chr1	876833	0.260358411687318	0.96159281781489	-0.0320693391115926
chr1	876857	0.907725804630065	1	-0.00294117647058824
chr1	876870	1	1	0
chr1	876948	1	1	0
chr1	876958	0.615724451287802	1	-0.0122457451224575
chr1	876968	0.572254488678337	1	-0.0161210317460317
chr1	876993	0.0539315989313937	0.96159281781489	-0.0555555555555556
chr1	877014	1	1	0
chr1	877028	0.270529905947452	0.96159281781489	-0.0192307692307692
chr1	877031	0.240862062114845	0.96159281781489	-0.0212765957446809
chr1	877034	0.216047096613894	0.96159281781489	-0.0227272727272727
chr1	877037	0.208569291670969	0.96159281781489	-0.0238095238095238
chr1	877049	0.188231218378521	0.96159281781489	-0.0256410256410256
chr1	877067	0.166842217856309	0.96159281781489	-0.0303030303030303
chr1	877078	0.187838227292297	0.96159281781489	-0.0277777777777778
chr1	877087	1	1	0
chr1	877100	0.206106461542315	0.96159281781489	-0.0294117647058824
chr1	877105	0.274926053396017	0.96159281781489	0.024390243902439
chr1	877110	0.195477488476275	0.96159281781489	-0.032258064516129
chr1	877115	1	1	0
chr1	877135	1	1	0
chr1	877146	1	1	0
chr1	877158	1	1	0
chr1	877162	1	1	0
chr1	877171	0.245804944828954	0.96159281781489	-0.0256410256410256
chr1	877174	1	1	0
chr1	877193	1	1	0
chr1	877196	1	1	0
chr1	877200	0.282491548803976	0.96159281781489	-0.0227272727272727
chr1	877207	1	1	0
chr1	877217	1	1	0
chr1	877223	0.0544798606730718	0.96159281781489	0.0769230769230769
chr1	877232	1	1	0
chr1	877235	1	1	0
chr1	877239	0.21917459138971	0.96159281781489	0.0357142857142857
chr1	877245	0.211354088036174	0.96159281781489	-0.04
chr1	877264	0.248266287640281	0.96159281781489	-0.0344827586206897
chr1	877270	1	1	0
chr1	877273	1	1	0
chr1	877278	1	1	0
chr1	877280	1	1	0
chr1	877292	0.192988752676691	0.96159281781489	0.0285714285714286
chr1	877301	1	1	0
chr1	877304	0.173728185967136	0.96159281781489	0.0294117647058824
chr1	877307	0.173728185974885	0.96159281781489	0.0294117647058824
chr1	877311	1	1	0
chr1	877314	1	1	0
chr1	877322	1	1	0
chr1	877328	0.320131618177549	0.976544298095162	-0.0204081632653061
chr1	877330	1	1	0
chr1	877333	1	1	0
chr1	877336	1	1	0
chr1	877339	0.289417855878676	0.96159281781489	-0.0212765957446809
chr1	877352	0.255908679049463	0.96159281781489	-0.0263157894736842
chr1	877355	1	1	0
chr1	877358	1	1	0
chr1	877361	1	1	0
chr1	877367	0.310805013735777	0.975295336938062	0.0285714285714286
chr1	877376	1	1	0
chr1	877378	0.275732988540541	0.96159281781489	0.0303030303030303
chr1	877380	0.236360908242162	0.96159281781489	-0.03125
chr1	877391	1	1	0
chr1	877396	1	1	0
chr1	877403	0.236360908220086	0.96159281781489	0.03125
chr1	877408	1	1	0
chr1	877412	1	1	0
chr1	877416	1	1	0
chr1	877418	1	1	0
chr1	877424	0.230958618051704	0.96159281781489	0.032258064516129
chr1	877434	0.215606716996851	0.96159281781489	-0.0333333333333333
chr1	877440	0.2640697179257	0.96159281781489	0.0294117647058824
chr1	877443	0.0958553492982951	0.96159281781489	0.0666666666666667
chr1	877457	0.250587686430354	0.96159281781489	0.19281045751634
chr1	877468	0.284437979962666	0.96159281781489	-0.0263157894736842
chr1	877474	1	1	0
chr1	877480	0.788363652551246	1	-0.0196969696969697
chr1	877489	0.16686302772559	0.96159281781489	0.0735183795948987
chr1	877492	0.32067319197649	0.976544298095162	-0.0217391304347826
chr1	877501	1	1	0
chr1	877507	1	1	0
chr1	877530	0.293658384399596	0.96159281781489	-0.0227272727272727
chr1	877545	1	1	0
chr1	877548	0.31616116573318	0.976544298095162	-0.0208333333333333
chr1	877564	1	1	0
chr1	877567	1	1	0
chr1	877611	1	1	0
chr1	877641	0.899009629235253	1	-0.00511363636363636
chr1	877647	1	1	0
chr1	877664	0.304094630927007	0.966927811150662	-0.0172413793103448
chr1	877666	1	1	0
chr1	877676	0.323001524885139	0.976544298095162	-0.0181818181818182
chr1	877678	1	1	0
chr1	877684	0.262463620513231	0.96159281781489	-0.0227272727272727
chr1	877699	0.237094139185823	0.96159281781489	-0.0227272727272727
chr1	877705	0.196965332814179	0.96159281781489	0.0256410256410256
chr1	877710	0.290702219840935	0.96159281781489	-0.02
chr1	877715	1	1	0
chr1	877737	0.799027707749053	1	0.00857142857142857
chr1	877742	0.397754677004749	1	0.0347222222222222
chr1	877747	0.175135183960718	0.96159281781489	0.0285714285714286
chr1	877752	1	1	0
chr1	877761	0.645684754363447	1	-0.0198412698412698
chr1	877767	0.0441602076228147	0.96159281781489	-0.0697674418604651
chr1	877769	1	1	0
chr1	877794	1	1	0
chr1	877809	0.970032285656313	1	0.00151668351870576
chr1	877811	1	1	0
chr1	877817	0.944695715298953	1	0.0018896447467876
chr1	877827	1	1	0
chr1	877849	1	1	0
chr1	877867	1	1	0
chr1	877876	1	1	0
chr1	877884	1	1	0
chr1	877888	0.290820560688281	0.96159281781489	-0.0238095238095238
chr1	877894	1	1	0
chr1	877896	0.276225935852142	0.96159281781489	-0.0222222222222222
chr1	877898	0.244869748918748	0.96159281781489	0.0294117647058824
chr1	877903	1	1	0
chr1	877910	0.292374399326066	0.96159281781489	-0.024390243902439
chr1	877919	0.164926429734574	0.96159281781489	0.037037037037037
chr1	877921	1	1	0
chr1	877931	1	1	0
chr1	877951	1	1	0
chr1	877954	1	1	0
chr1	877964	0.231661143529596	0.96159281781489	-0.0294117647058824
chr1	877984	1	1	0
chr1	877986	1	1	0
chr1	877988	0.96631578758222	1	-0.00173160173160173
chr1	878004	1	1	0
chr1	878008	1	1	0
chr1	878014	1	1	0
chr1	878021	0.935295559880151	1	0.00396825396825397
chr1	878029	0.213953173283908	0.96159281781489	0.025
chr1	878032	0.384047870985497	1	-0.0217391304347826
chr1	878035	1	1	0
chr1	878038	1	1	0
chr1	878051	0.826575190688937	1	-0.00989010989010989
chr1	878054	0.295783156222521	0.962209673911019	-0.02
chr1	878056	0.15770177039696	0.96159281781489	-0.0384615384615385
chr1	878080	1	1	0
chr1	878083	1	1	0
chr1	878085	0.0652388692441744	0.96159281781489	-0.0555555555555556
chr1	878088	0.2791393465442	0.96159281781489	-0.0192307692307692
chr1	878121	0.253806021906049	0.96159281781489	-0.0232558139534884
chr1	878128	0.236724674125341	0.96159281781489	-0.027027027027027
chr1	878142	0.559353086422198	1	0.0277382645803699
chr1	878147	0.566989824067167	1	-0.0331825037707391
chr1	878159	0.200395801455989	0.96159281781489	-0.03125
chr1	878162	0.112786745747211	0.96159281781489	0.0487804878048781
chr1	878171	0.205204078748788	0.96159281781489	0.0645933014354067
chr1	878185	0.264591740142001	0.96159281781489	0.0208333333333333
chr1	878199	0.874889228256693	1	0.00740740740740741
chr1	878201	0.662466200434513	1	-0.0146245059288538
chr1	878209	0.161172931160531	0.96159281781489	-0.0580884836203985
chr1	878226	0.84027257482383	1	-0.0157089706490285
chr1	878256	0.957999785961797	1	-0.00511408339889852
chr1	878263	0.195867547596186	0.96159281781489	0.10373760488177
chr1	878280	0.762831362359877	1	-0.0130023640661939
chr1	878284	0.0851541163009726	0.96159281781489	-0.0953778429933969
chr1	878296	0.133013978357809	0.96159281781489	-0.0317460317460317
chr1	878301	0.721177307687775	1	-0.0116760828625235
chr1	878331	0.786702469609315	1	0.0116129032258065
chr1	878356	0.332111270424285	0.983603553588487	-0.033205619412516
chr1	878359	0.527973053324478	1	-0.0414333706606943
chr1	878362	0.24525949941106	0.96159281781489	-0.0474358974358974
chr1	878416	0.270920818936391	0.96159281781489	0.124897959183673
chr1	878490	0.896065873343283	1	-0.00770119368502117
chr1	878565	1	1	0
chr1	878568	0.187158564722552	0.96159281781489	0.0263157894736842
chr1	878579	0.145961960652942	0.96159281781489	0.086600142551675
chr1	878583	0.342372889288559	0.995113823506586	0.0833333333333333
chr1	878618	0.633186035972185	1	0.0435117443203696
chr1	878634	0.967599075404305	1	0.00349650349650352
chr1	878636	0.434069227918891	1	0.0820861678004535
chr1	878685	0.458403029773102	1	-0.0408163265306122
chr1	878700	0.0117342589790973	0.96159281781489	-0.152856246076585
chr1	878709	0.348503012212533	0.997942591388667	0.0309985096870343
chr1	878721	0.0233434007494443	0.96159281781489	0.0634920634920635
chr1	878755	0.344601056455712	0.995113823506586	-0.0648936170212766
chr1	878784	0.641735057273718	1	0.0540540540540541
chr1	878851	0.0160776529761674	0.96159281781489	0.247918593894542
chr1	878877	0.524044121242945	1	0.0559129143988124
chr1	878987	0.500061166440992	1	0.0400173047804456
chr1	879045	0.340195953699501	0.995113823506586	-0.115954664341761
chr1	879098	0.652486133775106	1	0.0318181818181817
chr1	879101	0.282102432541102	0.96159281781489	0.0690909090909091
chr1	879124	0.707033608318351	1	0.0201149425287356
chr1	879167	0.310119105468707	0.975295336938062	-0.0204081632653061
chr1	879180	0.243556167934913	0.96159281781489	0.0725338491295938
chr1	879195	0.0799558707763023	0.96159281781489	-0.107446808510638
chr1	879257	0.275581036329087	0.96159281781489	0.0196078431372549
chr1	879297	0.420705493495302	1	0.0303921568627451
chr1	879306	0.67785125000363	1	-0.0272108843537415
chr1	879317	0.318953883323146	0.976544298095162	-0.194805194805195
chr1	879332	0.421740780360823	1	-0.0628571428571429
chr1	879363	0.946357064336026	1	-0.00451127819548869
chr1	879370	0.428767735085302	1	-0.0365101944049312
chr1	879383	0.0467247963986372	0.96159281781489	0.0634920634920635
chr1	879412	0.743555246395371	1	0.0277777777777778
chr1	879415	0.250270461650422	0.96159281781489	0.0806754221388368
chr1	879421	0.1148451782714	0.96159281781489	-0.126984126984127
chr1	879443	0.109752143345093	0.96159281781489	0.0816326530612245
chr1	879452	0.661875005671625	1	-0.0191836734693878
chr1	879509	0.149103614765774	0.96159281781489	0.104895104895105
chr1	879540	0.20791755567487	0.96159281781489	-0.117171717171717
chr1	879608	0.599121304473463	1	-0.0251336898395722
chr1	879622	0.0340941324241161	0.96159281781489	0.0974124809741248
chr1	879628	0.153465881139699	0.96159281781489	0.0536203522504892
chr1	879730	0.67988330426155	1	-0.023609443777511
chr1	879743	0.351665299038645	1	0.0408271474019087
chr1	879809	0.0327404076173177	0.96159281781489	0.0689655172413793
chr1	879820	0.0568382083208338	0.96159281781489	-0.18952380952381
chr1	879838	0.187267573475288	0.96159281781489	-0.143589743589744
chr1	879840	0.743691700621821	1	-0.0270270270270271
chr1	879910	0.811610752366072	1	0.0132844709115895
chr1	879915	0.810628867245432	1	0.0190387740886929
chr1	879958	0.856547287029689	1	0.012326656394453
chr1	879988	0.680613124551655	1	0.0297619047619048
chr1	880040	0.0153699205052311	0.96159281781489	-0.107142857142857
chr1	880079	4.0905423401969e-06	0.016141280074417	0.259259259259259
chr1	880109	0.516213215768358	1	-0.0482269503546099
chr1	880116	0.642571347904104	1	0.0287262872628726
chr1	880158	0.0813612789850037	0.96159281781489	0.0869565217391305
chr1	880166	0.352897094362499	1	-0.0549019607843138
chr1	880184	0.66071239955522	1	-0.0166364186327889
chr1	880264	0.871455813311231	1	-0.00883152173913049
chr1	880359	1	1	0
chr1	880366	0.20405915768379	0.96159281781489	0.0773809523809523
chr1	880372	0.791317410316709	1	-0.0293478260869565
chr1	880388	0.746993144561334	1	0.0387596899224806
chr1	880441	0.300742113644261	0.962645949349906	0.100367197062424
chr1	880461	0.289555167190156	0.96159281781489	0.0169491525423728
chr1	880473	0.675171702644417	1	0.0207427233188358
chr1	880485	0.816512861293901	1	-0.008593936500358
chr1	880502	0.824961478072675	1	0.00776397515527949
chr1	880631	0.525251558270433	1	-0.0338345864661654
chr1	880738	0.844974080032608	1	-0.0083170254403131
chr1	880828	0.750382582889145	1	0.0278649921507065
chr1	880886	0.983969091706261	1	-0.000686106346483695
chr1	880905	0.615064922847721	1	-0.0174632352941176
chr1	880916	0.478078643291052	1	0.0429669832654908
chr1	880922	0.623393313365128	1	0.036075036075036
chr1	881002	0.358031338086726	1	0.118047218887555
chr1	881083	0.0260320026228626	0.96159281781489	0.0784313725490197
chr1	881105	0.0346490082925001	0.96159281781489	-0.0666666666666667
chr1	881235	0.149693958670076	0.96159281781489	-0.056580259222333
chr1	881269	0.859948688282968	1	0.0107351984385166
chr1	881297	0.0988204361298242	0.96159281781489	0.0803030303030303
chr1	881376	0.28692492888889	0.96159281781489	0.0903169778549717
chr1	881421	0.721914516762856	1	0.0244821092278719
chr1	881430	0.511960841484784	1	0.0497737556561086
chr1	881436	0.961094236485665	1	-0.00396825396825395
chr1	881446	0.173832552044773	0.96159281781489	0.0622555410691004
chr1	881470	0.877916830428636	1	-0.0177777777777778
chr1	881493	0.536750998773135	1	0.035374149659864
chr1	881540	0.100657349730284	0.96159281781489	-0.127136752136752
chr1	881543	0.252019299793169	0.96159281781489	0.0743283582089552
chr1	881548	0.251503431509714	0.96159281781489	0.0605794556628622
chr1	881554	0.794188785026692	1	0.00968840010473948
chr1	881587	0.254580910824423	0.96159281781489	0.024390243902439
chr1	881593	0.507152326515549	1	0.0396825396825397
chr1	881602	0.817484422406122	1	-0.0168918918918919
chr1	881644	0.168333111061607	0.96159281781489	-0.1
chr1	881802	0.561974159143674	1	0.04
chr1	881805	0.0608396437266729	0.96159281781489	0.0566037735849057
chr1	881822	0.696443773938013	1	0.0153508771929824
chr1	881825	0.0300889257859191	0.96159281781489	-0.073170731707317
chr1	881842	0.111045509139187	0.96159281781489	-0.101744186046512
chr1	881909	0.29089479053328	0.96159281781489	-0.0645161290322581
chr1	881917	0.620495297503717	1	-0.0284495021337126
chr1	881929	0.0485320706754296	0.96159281781489	0.0566037735849057
chr1	881963	0.980028426513818	1	0.000615763546798043
chr1	882004	0.225055248488362	0.96159281781489	-0.0192307692307693
chr1	882006	0.599196256460521	1	0.0167557932263814
chr1	882017	0.186137587750928	0.96159281781489	-0.0771528123444499
chr1	882163	0.907210351244371	1	-0.00388198757763969
chr1	882175	0.999999881105935	1	0
chr1	882309	0.26641904899572	0.96159281781489	-0.0469052224371374
chr1	882351	0.681800946417277	1	0.0245161290322581
chr1	882423	1	1	0
chr1	882471	0.147470090014976	0.96159281781489	0.0338983050847458
chr1	882477	0.420455235730915	1	-0.04375
chr1	882489	0.35640313250243	1	0.0341158059467919
chr1	882534	0.174040393789742	0.96159281781489	0.0507836990595612
chr1	882546	0.137890426632578	0.96159281781489	-0.080392156862745
chr1	882600	0.435749608365184	1	-0.0332112332112333
chr1	882722	0.585504391040169	1	0.0305232558139535
chr1	882749	0.791555273885149	1	0.0131636682755595
chr1	882856	0.605369609501219	1	0.0189393939393939
chr1	882945	0.632980072109866	1	-0.0175141242937853
chr1	882968	0.591165906683834	1	0.0190771960958297
chr1	883045	0.806168343748997	1	0.0121103831645821
chr1	883059	0.506931161799712	1	-0.0161521161316703
chr1	883104	0.361840207394392	1	0.0541958041958042
chr1	883161	0.609505932941918	1	0.0367647058823529
chr1	883183	0.21740159098648	0.96159281781489	0.0212765957446809
chr1	883190	0.697407494632489	1	-0.013348588863463
chr1	883211	0.65096920604332	1	-0.0189393939393939
chr1	883232	0.459097153796873	1	-0.0387755102040817
chr1	883372	0.0214794430952345	0.96159281781489	-0.0816326530612245
chr1	883377	0.275581036366815	0.96159281781489	-0.0196078431372549
chr1	883379	0.267648975928072	0.96159281781489	-0.02
chr1	883418	0.683514351358559	1	-0.0239845261121857
chr1	883459	0.102485356661049	0.96159281781489	0.0845648604269295
chr1	883479	0.68711694724588	1	-0.0175605125771239
chr1	883485	0.234201222588483	0.96159281781489	0.0702341137123747
chr1	883490	0.954026586463265	1	0.00255319148936162
chr1	883538	0.208365720828219	0.96159281781489	-0.03125
chr1	883546	1	1	0
chr1	883588	0.786045059865011	1	-0.0369230769230768
chr1	883609	0.141992199806021	0.96159281781489	0.0465116279069767
chr1	883634	0.0202650533508594	0.96159281781489	-0.075
chr1	883699	0.030436604168441	0.96159281781489	-0.0625
chr1	883715	0.770476200828341	1	-0.0144262295081967
chr1	883871	0.286617745239095	0.96159281781489	0.0161290322580645
chr1	883876	0.43356174208693	1	-0.0346797225622195
chr1	883917	1	1	0
chr1	883946	0.416259495853524	1	-0.038109756097561
chr1	883968	0.440708391397686	1	-0.0399698340874812
chr1	883997	0.366376810864356	1	-0.029868578255675
chr1	884012	0.673117492123898	1	0.0297643654402645
chr1	884124	0.284101320467803	0.96159281781489	0.0178571428571429
chr1	884139	0.626069969043232	1	0.0164592533119229
chr1	884165	0.707720865396103	1	0.0151098901098902
chr1	884197	0.0921900795846112	0.96159281781489	0.03125
chr1	884205	0.2530607336851	0.96159281781489	-0.0666146239916732
chr1	884243	0.124682410716355	0.96159281781489	0.0277777777777778
chr1	884283	0.182840989004706	0.96159281781489	0.0559027777777778
chr1	884397	0.00870142624401571	0.96159281781489	0.0980392156862745
chr1	884402	0.104807191162124	0.96159281781489	0.0454545454545454
chr1	884417	0.829972679074184	1	-0.0112201963534362
chr1	884452	0.75475154589199	1	-0.0160427807486631
chr1	884470	0.243864114305108	0.96159281781489	-0.0735930735930736
chr1	884528	0.877878972189936	1	0.0190058479532165
chr1	884761	0.917419266160776	1	0.00289351851851849
chr1	884830	0.989213457583212	1	-0.000744047619047672
chr1	884853	0.549988946518123	1	0.031648451730419
chr1	884869	0.815467472468293	1	-0.00708549834671701
chr1	884917	0.700865204396887	1	0.011072261072261
chr1	884942	0.922957786968105	1	-0.00247448190535104
chr1	884964	0.130441866341198	0.96159281781489	0.028169014084507
chr1	885029	0.324166501500928	0.976544298095162	-0.0447552447552448
chr1	885222	0.419303518144586	1	0.0363586659376709
chr1	885291	0.977836183599967	1	0.000750750750750817
chr1	885344	0.675368309894508	1	0.0158469945355192
chr1	885365	0.0289259708261036	0.96159281781489	0.0545454545454546
chr1	885404	0.655423892101806	1	-0.0151559312153891
chr1	885441	0.981995586650468	1	-0.00116890707188777
chr1	885475	0.963018741990222	1	0.00188087774294676
chr1	885497	0.842346570027622	1	0.011425732737208
chr1	885503	0.318862234442652	0.976544298095162	0.0735930735930736
chr1	885507	0.0385167761170917	0.96159281781489	0.0483870967741935
chr1	885531	0.245385359147593	0.96159281781489	0.0615384615384615
chr1	885553	0.50876312192129	1	0.03125
chr1	885585	0.933101858099717	1	-0.00265151515151518
chr1	885599	0.237293031924229	0.96159281781489	-0.0204081632653061
chr1	885652	0.721701272041842	1	-0.0159883720930233
chr1	885692	0.108151684380609	0.96159281781489	-0.0606060606060606
chr1	885764	0.568201655955007	1	0.063893653516295
chr1	885792	0.567797993873805	1	0.0377358490566038
chr1	885834	0.866431958189818	1	0.00864055299539168
chr1	885904	0.0953847637929709	0.96159281781489	-0.0697674418604651
chr1	885916	0.249934851162807	0.96159281781489	-0.0559293523969722
chr1	885954	0.895858910531227	1	-0.00335775335775335
chr1	886000	0.92768683306273	1	0.00321750321750314
chr1	886089	0.583292939775867	1	0.029663810151615
chr1	886109	0.780038578115661	1	-0.0178571428571429
chr1	886228	0.978089735611591	1	0.000800320128051202
chr1	886277	0.45392477608215	1	-0.0266801756163457
chr1	886308	0.972486057432454	1	-0.00114942528735629
chr1	886331	0.474339722180993	1	0.0217948717948717
chr1	886357	0.964518671424929	1	0.00236646382691008
chr1	886374	0.921066709663476	1	0.0037792894935752
chr1	886383	0.696185588824984	1	-0.068013468013468
chr1	886396	0.23436719022126	0.96159281781489	-0.0185185185185185
chr1	886408	0.610084421239918	1	0.0377358490566038
chr1	886416	0.979776917395491	1	-0.000686106346483695
chr1	886419	0.758460056743686	1	0.0127551020408163
chr1	886437	0.935535817343452	1	0.00214285714285711
chr1	886441	0.29822054966787	0.962336921806066	0.0538011695906433
chr1	886485	0.495207862064464	1	-0.0238704177323102
chr1	886528	0.574369064616915	1	-0.0429292929292929
chr1	886543	0.124009254869664	0.96159281781489	0.0625
chr1	886552	1	1	0
chr1	886561	0.288698270107307	0.96159281781489	-0.0434782608695652
chr1	886571	0.905986480863821	1	0.00882352941176468
chr1	886586	0.974349495711256	1	-0.00197628458498023
chr1	886591	0.20918680322034	0.96159281781489	-0.0434782608695652
chr1	886601	0.292941358023009	0.96159281781489	0.0303030303030303
chr1	886635	0.918601624734561	1	-0.0064102564102565
chr1	886652	0.241303858481751	0.96159281781489	0.0263157894736842
chr1	886709	0.404601090822977	1	0.0540827147401909
chr1	886740	0.237538314478359	0.96159281781489	-0.0175438596491229
chr1	886822	0.934983261995819	1	-0.00463821892393312
chr1	886867	0.334498402899805	0.987233132268236	-0.042717086834734
chr1	887004	0.441449292229679	1	-0.0756410256410256
chr1	887024	0.115985166376146	0.96159281781489	0.0357142857142857
chr1	887080	0.545684936905087	1	-0.0274509803921569
chr1	887129	0.236829210328512	0.96159281781489	-0.0406417112299465
chr1	887143	0.97421303999109	1	-0.00145701796988829
chr1	887148	0.639466313186511	1	-0.0134573036457059
chr1	887157	0.418976905770101	1	0.0349744417541027
chr1	887225	0.215106627210016	0.96159281781489	0.0470588235294117
chr1	887262	0.0665525709434177	0.96159281781489	0.0535714285714286
chr1	887298	0.975408597326559	1	0.00189393939393945
chr1	887310	0.225190100150953	0.96159281781489	0.03125
chr1	887351	0.881132273597858	1	-0.00752508361204007
chr1	887435	0.0500908584949696	0.96159281781489	0.0857142857142858
chr1	887445	0.380486751956089	1	0.0357142857142857
chr1	887537	0.719714979237479	1	-0.0296703296703297
chr1	887576	0.708091668740672	1	0.0463507436873054
chr1	887590	0.864890828940897	1	-0.0144736842105263
chr1	887621	0.705076826255142	1	-0.0414979757085021
chr1	887662	0.562014050880624	1	-0.0372549019607843
chr1	887703	0.14045746793333	0.96159281781489	0.072053872053872
chr1	887731	0.697166234512532	1	0.0292792792792793
chr1	887799	0.567748464151366	1	0.0256045519203415
chr1	887812	0.551451092483371	1	0.0285714285714286
chr1	887817	0.0738745934858159	0.96159281781489	-0.0714285714285714
chr1	887830	0.211912415583272	0.96159281781489	-0.102857142857143
chr1	887838	0.128862523606607	0.96159281781489	-0.1
chr1	887873	0.291117219762064	0.96159281781489	0.0333333333333333
chr1	887894	0.541075287950708	1	-0.0528846153846154
chr1	887939	0.771911463387458	1	0.0259259259259259
chr1	887966	0.289127984884125	0.96159281781489	-0.0581222056631893
chr1	887984	0.439857390495932	1	0.0357935627081021
chr1	887994	0.601115513082623	1	0.0284043441938179
chr1	888034	0.898776974635875	1	-0.00385934819897082
chr1	888088	0.681541211585035	1	-0.0182072829131653
chr1	888099	0.249407000852869	0.96159281781489	-0.0232558139534884
chr1	888239	0.28569168602788	0.96159281781489	-0.065934065934066
chr1	888364	0.159063500788134	0.96159281781489	0.0796703296703297
chr1	888413	0.0422308158304819	0.96159281781489	0.0652173913043478
chr1	888487	0.0958803053394811	0.96159281781489	-0.0370370370370371
chr1	888503	0.975571377779108	1	-0.00112612612612606
chr1	888537	0.545088341906148	1	0.0214211076280042
chr1	888563	0.471718350279211	1	-0.0264530551415798
chr1	888592	0.286183639143155	0.96159281781489	-0.0416666666666666
chr1	888656	0.278482314139024	0.96159281781489	0.0614973262032086
chr1	888684	0.355641484276992	1	-0.0813852813852813
chr1	888792	0.459796856987033	1	-0.037782892213272
chr1	888801	0.800355363820464	1	-0.00735930735930734
chr1	888882	1	1	0
chr1	888891	0.598448687733837	1	-0.0164835164835164
chr1	888894	0.73938945965124	1	-0.0134158926728587
chr1	888897	0.852942011337533	1	0.00912646675358531
chr1	888914	0.740770839595316	1	-0.0130272952853597
chr1	888933	0.572653417478996	1	-0.0226045883940621
chr1	888947	0.804727009963625	1	0.0131362889983581
chr1	888957	0.850628265180761	1	0.0100182149362477
chr1	888959	0.472823242963433	1	-0.0222665337321369
chr1	888966	0.86143127412047	1	0.00928792569659442
chr1	889045	0.0435697691386452	0.96159281781489	-0.0555555555555556
chr1	889215	0.967641430058489	1	0.00216802168021679
chr1	889226	0.745942964287714	1	-0.0170454545454546
chr1	889233	0.167191615415048	0.96159281781489	-0.0392156862745098
chr1	889237	0.389564708957114	1	-0.02
chr1	889246	0.325258530057785	0.976544298095162	0.0372841444270016
chr1	889249	0.686080357987715	1	0.0170940170940171
chr1	889255	0.56529210094415	1	-0.0178451178451179
chr1	889334	0.0280134478886161	0.96159281781489	0.0606060606060606
chr1	889359	0.493385941940609	1	0.0222279658826571
chr1	889393	0.591021213465191	1	0.02876280535855
chr1	889421	0.880144049796788	1	0.00623885918003564
chr1	889438	0.990053017669115	1	0.000392156862745074
chr1	889450	0.93724324663312	1	0.00337381916329282
chr1	889501	0.966046183829346	1	-0.00173686495874936
chr1	889506	0.194897329752724	0.96159281781489	0.072192513368984
chr1	889510	0.460495518761486	1	-0.0262237762237761
chr1	889512	0.468941852692789	1	-0.0265116279069767
chr1	889533	0.0992790747700244	0.96159281781489	-0.0612980769230769
chr1	889535	0.444969583052201	1	-0.0299744897959183
chr1	889560	0.928861598668512	1	0.00422705314009664
chr1	889579	0.879360421203022	1	-0.00529100529100535
chr1	889713	0.174851949811368	0.96159281781489	0.04
chr1	889728	0.393492779110648	1	0.0438346400570206
chr1	889797	0.535136987317576	1	0.0269146072914117
chr1	889809	0.499438054484983	1	0.0240799636528851
chr1	889853	0.447986728093449	1	0.0297619047619048
chr1	889874	0.0120038128275195	0.96159281781489	-0.0952380952380952
chr1	890041	0.504762026693721	1	0.0575022461814915
chr1	890083	0.957029462407361	1	0.00216450216450226
chr1	890140	0.0881221632804626	0.96159281781489	-0.0338983050847458
chr1	890145	0.574377283381916	1	0.0155913978494623
chr1	890180	0.455815888365477	1	0.0394853593611357
chr1	890201	0.567748464151373	1	-0.0256045519203415
chr1	890271	0.354284155436165	1	-0.0289124668435012
chr1	890280	0.543539009732192	1	-0.0267210144927537
chr1	890341	0.421489376624865	1	-0.0399999999999999
chr1	890347	0.132495407691738	0.96159281781489	-0.0751088534107401
chr1	890431	0.692464144267017	1	0.015079365079365
chr1	890446	0.482920977764804	1	-0.0303030303030303
chr1	890463	0.0857588709961093	0.96159281781489	0.0545454545454546
chr1	890501	0.192675560096663	0.96159281781489	0.0543028071790151
chr1	890517	0.786109015073133	1	-0.0118319053447572
chr1	890563	0.667407255207086	1	0.0216143194866599
chr1	890604	0.571975223154472	1	0.0210338680926916
chr1	890614	0.855289042407235	1	-0.01
chr1	890654	0.894416505840492	1	0.00360576923076927
chr1	890660	0.86764468174258	1	0.00857142857142856
chr1	890663	0.922654537658107	1	0.00444444444444447
chr1	890764	0.666108327604955	1	0.0441509433962265
chr1	890775	0.726510741937944	1	0.0550314465408806
chr1	890804	0.828818230254463	1	0.0284745762711864
chr1	890808	0.849802909805913	1	-0.0380747126436782
chr1	890834	0.806253222421383	1	-0.041875
chr1	891051	0.608244244657815	1	-0.0502028397565923
chr1	891114	0.0685837823293841	0.96159281781489	0.189090909090909
chr1	891150	0.686249083707061	1	-0.0216684723726977
chr1	891158	0.8451409112891	1	-0.018338488731772
chr1	891165	0.929466622948651	1	-0.00916470280178061
chr1	891193	0.607041970581989	1	-0.0673708920187793
chr1	891258	0.720571673944127	1	-0.0512820512820513
chr1	891400	0.169332366323884	0.96159281781489	-0.0692307692307692
chr1	891422	0.910870584026132	1	-0.00595238095238104
chr1	891434	0.763509966840994	1	-0.0151515151515151
chr1	891485	0.940846212277809	1	-0.00435729847494559
chr1	891528	0.840403240883894	1	0.0168918918918919
chr1	891549	0.20098980387502	0.96159281781489	0.0769230769230769
chr1	891554	1	1	0
chr1	891591	0.680484834907404	1	0.0166666666666666
chr1	891620	0.681079086031062	1	-0.0230769230769231
chr1	891658	0.924875414391138	1	0.0119047619047619
chr1	891871	0.938625862171303	1	-0.00461065573770492
chr1	891949	0.0221369905197848	0.96159281781489	-0.073170731707317
chr1	891963	0.152865521017514	0.96159281781489	0.0327868852459017
chr1	891987	0.203161461398747	0.96159281781489	-0.0212765957446809
chr1	892062	0.400775065365822	1	0.0292016806722689
chr1	892076	0.176705897420913	0.96159281781489	-0.0436078006500542
chr1	892095	0.785501559191497	1	0.0121212121212121
chr1	892104	0.228017289540733	0.96159281781489	0.0718954248366014
chr1	892141	0.0313502837787262	0.96159281781489	0.0754716981132075
chr1	892189	1	1	0
chr1	892196	0.292374399273452	0.96159281781489	0.024390243902439
chr1	892254	0.0646747027179384	0.96159281781489	0.0968253968253968
chr1	892306	0.973637749527073	1	0.00194805194805203
chr1	892309	0.631355939370212	1	-0.0284673949023503
chr1	892379	0.0868439057408777	0.96159281781489	0.0526315789473685
chr1	892470	0.443018374765173	1	-0.0455259026687599
chr1	892506	0.108692989006037	0.96159281781489	0.0783242258652095
chr1	892533	0.827914086310807	1	-0.00775401069518711
chr1	892538	0.240414102080206	0.96159281781489	0.0161290322580645
chr1	892589	0.960735176119042	1	-0.00356506238859178
chr1	892609	0.726191510126187	1	-0.0428571428571429
chr1	892639	0.303815759662223	0.966820151312203	-0.0857142857142857
chr1	892648	0.632394318924474	1	0.0437037037037037
chr1	892651	0.63397713514607	1	-0.0444743935309973
chr1	892673	0.253691347039599	0.96159281781489	-0.0730897009966777
chr1	892704	0.0383306203818098	0.96159281781489	0.2
chr1	892780	0.74849426987822	1	-0.0455927051671733
chr1	892797	0.949971085263249	1	0.00579710144927537
chr1	892857	0.079938046138829	0.96159281781489	0.0425531914893617
chr1	892859	0.635159495568192	1	0.0203921568627451
chr1	892886	0.21017019609952	0.96159281781489	-0.0181818181818182
chr1	892893	0.62545193401765	1	0.0138888888888888
chr1	892912	0.151713569568043	0.96159281781489	0.0494447382337387
chr1	892914	0.32230899452414	0.976544298095162	-0.0319389485585077
chr1	892948	0.607335110049895	1	0.0126262626262627
chr1	893026	0.529568485026915	1	-0.0160633484162896
chr1	893067	0.954580630470051	1	0.00403551251008882
chr1	893071	0.491053665885128	1	0.0329484652210645
chr1	893162	0.245668016046202	0.96159281781489	-0.0151515151515151
chr1	893193	0.0353504775697747	0.96159281781489	-0.0709876543209876
chr1	893209	0.544953835150183	1	0.0332182916307161
chr1	893216	0.0729579494873343	0.96159281781489	-0.0632244467860905
chr1	893279	1	1	0
chr1	893287	0.947321240966212	1	0.00548885077186956
chr1	893364	0.81387910834878	1	-0.0194588584136398
chr1	893397	0.681919579711266	1	-0.028872497365648
chr1	893414	0.866005378657074	1	0.0196135831381733
chr1	893439	0.454909647121618	1	0.0756395995550612
chr1	893586	0.0824471556423607	0.96159281781489	0.08
chr1	893605	0.609744345151895	1	0.0212084833933573
chr1	893790	0.610644287833004	1	-0.0529100529100529
chr1	893829	0.828054242176102	1	-0.0207373271889401
chr1	893849	0.230946660717925	0.96159281781489	-0.22962962962963
chr1	893909	0.383987337890793	1	0.1
chr1	893919	0.243860733687202	0.96159281781489	0.126934984520124
chr1	893932	0.720620318581461	1	0.0344827586206897
chr1	893954	0.361213240579403	1	-0.0382445141065831
chr1	894026	0.270529905897134	0.96159281781489	0.0192307692307692
chr1	894037	0.909871864006862	1	0.00521251002405774
chr1	894056	0.29136093005131	0.96159281781489	0.0136986301369863
chr1	894075	0.696761703648907	1	-0.0135676842429849
chr1	894108	0.436670926398239	1	0.0288220551378446
chr1	894136	0.0802120907350538	0.96159281781489	-0.0294117647058824
chr1	894159	1	1	0
chr1	894204	0.100305947754297	0.96159281781489	-0.0350877192982456
chr1	894207	1	1	0
chr1	894239	0.808630170510831	1	0.00686037126715093
chr1	894257	1	1	0
chr1	894292	1	1	0
chr1	894314	0.230418931366683	0.96159281781489	-0.0208333333333333
chr1	894325	1	1	0
chr1	894329	1	1	0
chr1	894338	1	1	0
chr1	894345	0.181035909891067	0.96159281781489	0.0303030303030303
chr1	894355	1	1	0
chr1	894357	0.319654600478151	0.976544298095162	-0.0192307692307692
chr1	894366	1	1	0
chr1	894374	0.837878489003574	1	-0.00745573159366263
chr1	894391	0.310455928373313	0.975295336938062	-0.0175438596491228
chr1	894397	0.812362527701488	1	0.00744786494538232
chr1	894403	0.884580846666355	1	0.00515947467166979
chr1	894409	1	1	0
chr1	894422	1	1	0
chr1	894436	1	1	0
chr1	894443	1	1	0
chr1	894452	0.0904133415118438	0.96159281781489	0.0465116279069768
chr1	894459	1	1	0
chr1	894465	1	1	0
chr1	894472	1	1	0
chr1	894491	1	1	0
chr1	894495	0.20920143332191	0.96159281781489	-0.0208333333333333
chr1	894504	1	1	0
chr1	894515	0.947354213636174	1	-0.00213128729752771
chr1	894559	1	1	0
chr1	894572	1	1	0
chr1	894579	0.264591740130606	0.96159281781489	-0.0208333333333333
chr1	894585	1	1	0
chr1	894587	0.225513136499805	0.96159281781489	0.0238095238095238
chr1	894601	1	1	0
chr1	894609	0.16455539810663	0.96159281781489	0.0333333333333333
chr1	894631	1	1	0
chr1	894636	0.327395837479394	0.976544298095162	-0.0217391304347826
chr1	894651	0.174989276348481	0.96159281781489	0.0344827586206897
chr1	894665	1	1	0
chr1	894667	1	1	0
chr1	894669	1	1	0
chr1	894675	0.309677632847473	0.975295336938062	-0.0256410256410256
chr1	894683	1	1	0
chr1	894686	1	1	0
chr1	894717	1	1	0
chr1	894719	1	1	0
chr1	894724	0.236785852261891	0.96159281781489	-0.0263157894736842
chr1	894732	0.232594723128364	0.96159281781489	-0.0256410256410256
chr1	894752	0.23290512751063	0.96159281781489	-0.024390243902439
chr1	894756	0.198263592183305	0.96159281781489	-0.027027027027027
chr1	894761	0.497975878274395	1	-0.0295429208472687
chr1	894764	0.214511625863489	0.96159281781489	-0.024390243902439
chr1	894767	1	1	0
chr1	894778	1	1	0
chr1	894786	1	1	0
chr1	894788	1	1	0
chr1	894792	1	1	0
chr1	894794	1	1	0
chr1	894800	1	1	0
chr1	894805	1	1	0
chr1	894913	0.215724948203788	0.96159281781489	0.0588235294117647
chr1	894924	0.574001667702063	1	0.0459259259259259
chr1	894927	0.463975131990916	1	-0.0610079575596817
chr1	894932	0.0542193666939873	0.96159281781489	0.236242884250474
chr1	894940	0.0152306929447172	0.96159281781489	0.271428571428571
chr1	894942	0.361095279063165	1	0.0836148648648649
chr1	894948	0.415493289048822	1	-0.0938833570412517
chr1	894954	0.515051116937346	1	0.0821428571428572
chr1	894967	0.356942426351814	1	0.0894736842105264
chr1	894970	0.410885677649365	1	0.078397212543554
chr1	895033	1	1	0
chr1	895035	0.855405411727445	1	0.00642880102860816
chr1	895052	0.909754454211726	1	-0.008301404853129
chr1	895063	0.248335236420632	0.96159281781489	0.0784103114930183
chr1	895071	0.382245527405137	1	-0.0825727944372012
chr1	895081	0.644016364217704	1	-0.0390977443609022
chr1	895085	0.980757037347299	1	0.00192307692307692
chr1	895090	0.758121028891031	1	-0.0393996247654784
chr1	895108	0.553284903478183	1	-0.0559951308581863
chr1	895114	0.353286192144278	1	-0.0834333733493398
chr1	895119	0.781831639649864	1	-0.0375
chr1	895121	0.122616088436613	0.96159281781489	-0.173295454545455
chr1	895128	0.494442615591244	1	-0.075974025974026
chr1	895136	0.265182895967012	0.96159281781489	0.142857142857143
chr1	895141	0.423321238862086	1	-0.0953525641025641
chr1	895150	0.302434760630752	0.963879666297956	0.1189948263119
chr1	895157	0.0698178326455394	0.96159281781489	-0.156633906633907
chr1	895164	0.774186460750059	1	0.0456521739130434
chr1	895185	0.566624130798774	1	0.0363636363636364
chr1	895189	0.0554274484931266	0.96159281781489	-0.155244755244755
chr1	895191	0.841888820933725	1	0.0197835013064576
chr1	895201	0.638872262562533	1	-0.0261578044596913
chr1	895207	0.68716873188798	1	-0.0285714285714286
chr1	895210	0.131548100552931	0.96159281781489	-0.0881037567084079
chr1	895214	0.420349734344901	1	-0.0397727272727273
chr1	895219	0.636842173520209	1	-0.0393374741200828
chr1	895225	0.443010071500069	1	-0.0412698412698413
chr1	895237	0.707573330995373	1	0.0417201540436457
chr1	895240	0.633794507994669	1	0.06025824964132
chr1	895252	0.916551863640964	1	0.0134920634920635
chr1	895270	0.262581395173779	0.96159281781489	0.108333333333333
chr1	895278	0.707536276850035	1	0.0387096774193549
chr1	895299	0.541087070576541	1	-0.0753676470588235
chr1	895301	0.939755268261263	1	0.00900900900900897
chr1	895310	0.828244674602325	1	-0.0214285714285714
chr1	895313	0.818589125751004	1	-0.0285714285714286
chr1	895315	0.0034273089154533	0.96159281781489	-0.286628733997155
chr1	895320	0.0265803719150622	0.96159281781489	-0.252747252747253
chr1	895328	0.881745741105602	1	-0.0100334448160535
chr1	895346	0.152954824935083	0.96159281781489	0.165458937198068
chr1	895357	0.95075285219772	1	0.00700280112044815
chr1	895359	0.715561038844834	1	0.0318181818181818
chr1	895366	0.365790705500915	1	-0.0907894736842105
chr1	895372	0.18097762344292	0.96159281781489	-0.120121951219512
chr1	895376	0.949822454979555	1	-0.00792682926829269
chr1	895387	0.903852381074612	1	0.0123523093447905
chr1	895399	0.2040057620498	0.96159281781489	0.114512471655329
chr1	895413	0.876530163560073	1	-0.0146198830409357
chr1	895415	0.205206265324087	0.96159281781489	0.101248884924175
chr1	895423	0.466717518129887	1	0.0758064516129032
chr1	895477	0.847510709760476	1	0.0269151138716356
chr1	895493	0.730533192860684	1	-0.0311111111111111
chr1	895512	0.180550976620345	0.96159281781489	-0.0384615384615385
chr1	895528	0.966548500411632	1	0.0040485829959514
chr1	895564	0.142355780966415	0.96159281781489	-0.158567774936061
chr1	895584	0.572249134754287	1	0.0576744186046512
chr1	895600	0.774544180032672	1	-0.0353409656545545
chr1	895621	0.804236531505585	1	-0.0100925147182506
chr1	895637	0.742347344863496	1	-0.0176767676767677
chr1	895657	0.518255513327361	1	-0.0428571428571429
chr1	895685	0.859019864158478	1	0.0085995085995086
chr1	895712	0.944986202602879	1	0.00303336703741153
chr1	895731	0.626155369332524	1	-0.0427350427350428
chr1	895747	0.298523839805964	0.962336921806066	0.0803571428571429
chr1	895767	0.491046514150022	1	-0.0565217391304348
chr1	895783	0.326970467610183	0.976544298095162	0.0563063063063063
chr1	895805	0.846351525312551	1	0.00816696914700545
chr1	895821	1	1	0
chr1	895841	0.261721400701796	0.96159281781489	-0.0344827586206897
chr1	895853	0.225445507242136	0.96159281781489	0.0333333333333333
chr1	895859	0.951451244351904	1	-0.00267857142857143
chr1	895864	1	1	0
chr1	895869	0.251554388091417	0.96159281781489	-0.0277777777777778
chr1	895882	1	1	0
chr1	895884	0.254183564894594	0.96159281781489	-0.0238095238095238
chr1	895891	1	1	0
chr1	895902	0.976778936410394	1	0.00103359173126615
chr1	895912	1	1	0
chr1	895919	0.101303211016061	0.96159281781489	0.0425531914893617
chr1	895924	0.876119809874246	1	-0.00478240076518412
chr1	895928	0.233444025912452	0.96159281781489	0.0222222222222222
chr1	895931	1	1	0
chr1	895934	0.248077457632209	0.96159281781489	0.0204081632653061
chr1	895944	1	1	0
chr1	895950	1	1	0
chr1	895954	1	1	0
chr1	895960	1	1	0
chr1	895963	0.23206529011196	0.96159281781489	0.0277777777777778
chr1	895973	0.261162155701409	0.96159281781489	-0.0263157894736842
chr1	895983	1	1	0
chr1	895988	1	1	0
chr1	895994	1	1	0
chr1	895997	1	1	0
chr1	896009	1	1	0
chr1	896019	0.284692340702155	0.96159281781489	-0.0196078431372549
chr1	896021	1	1	0
chr1	896025	1	1	0
chr1	896034	1	1	0
chr1	896036	0.259051972934234	0.96159281781489	0.0227272727272727
chr1	896045	1	1	0
chr1	896047	0.230240139421843	0.96159281781489	-0.0212765957446809
chr1	896052	1	1	0
chr1	896055	1	1	0
chr1	896064	1	1	0
chr1	896071	1	1	0
chr1	896083	1	1	0
chr1	896088	1	1	0
chr1	896092	1	1	0
chr1	896096	0.254999659846099	0.96159281781489	0.025
chr1	896100	1	1	0
chr1	896108	1	1	0
chr1	896117	1	1	0
chr1	896124	0.283049509727428	0.96159281781489	0.0256410256410256
chr1	896132	0.0656010516552041	0.96159281781489	-0.0645161290322581
chr1	896139	1	1	0
chr1	896145	1	1	0
chr1	896165	1	1	0
chr1	896168	0.318352948872004	0.976544298095162	0.0212765957446809
chr1	896174	0.327395837389911	0.976544298095162	0.0217391304347826
chr1	896177	0.295235214940416	0.96159281781489	0.0232558139534884
chr1	896180	1	1	0
chr1	896190	1	1	0
chr1	896197	0.935096810830464	1	0.00735294117647059
chr1	896202	1	1	0
chr1	896204	0.114577130715507	0.96159281781489	0.100460829493088
chr1	896211	1	1	0
chr1	896217	0.256927453113298	0.96159281781489	-0.0277777777777778
chr1	896226	0.0465395263045971	0.96159281781489	-0.075
chr1	896228	0.987523197933571	1	0.000641025641025639
chr1	896235	0.223773698629153	0.96159281781489	0.027027027027027
chr1	896241	1	1	0
chr1	896243	0.109437156453468	0.96159281781489	0.05
chr1	896247	0.214657314429924	0.96159281781489	-0.0285714285714286
chr1	896251	1	1	0
chr1	896262	1	1	0
chr1	896269	1	1	0
chr1	896275	0.245303464384976	0.96159281781489	-0.0238095238095238
chr1	896282	1	1	0
chr1	896292	1	1	0
chr1	896305	1	1	0
chr1	896310	1	1	0
chr1	896316	1	1	0
chr1	896321	1	1	0
chr1	896339	1	1	0
chr1	896341	1	1	0
chr1	896346	1	1	0
chr1	896348	1	1	0
chr1	896350	1	1	0
chr1	896359	1	1	0
chr1	896361	0.217964163341617	0.96159281781489	-0.024390243902439
chr1	896368	0.931212599133468	1	-0.00291375291375291
chr1	896373	0.949042235294305	1	-0.0025062656641604
chr1	896379	0.106940087425858	0.96159281781489	-0.0416666666666667
chr1	896387	0.285416402116011	0.96159281781489	-0.0217391304347826
chr1	896397	1	1	0
chr1	896399	0.40072686448731	1	-0.0192307692307692
chr1	896414	1	1	0
chr1	896422	0.139706867492301	0.96159281781489	-0.0487804878048781
chr1	896425	1	1	0
chr1	896432	0.205753242477799	0.96159281781489	0.0263157894736842
chr1	896438	1	1	0
chr1	896442	0.241244511751383	0.96159281781489	0.0256410256410256
chr1	896444	0.523646382118079	1	-0.0268918073796123
chr1	896456	1	1	0
chr1	896458	1	1	0
chr1	896470	0.939532139017887	1	0.00272727272727273
chr1	896489	1	1	0
chr1	896494	1	1	0
chr1	896508	1	1	0
chr1	896511	0.222497189304842	0.96159281781489	0.0294117647058824
chr1	896513	0.21331159248533	0.96159281781489	0.0303030303030303
chr1	896518	0.650570648702281	1	-0.0205882352941177
chr1	896523	0.500345413057249	1	0.041025641025641
chr1	896536	0.812352428210923	1	0.0100732600732601
chr1	896547	0.29645338534789	0.962336921806066	-0.0285714285714286
chr1	896557	0.0567030568009658	0.96159281781489	0.0833333333333333
chr1	896560	0.202213363030406	0.96159281781489	0.0384615384615385
chr1	896566	0.653498065187248	1	-0.025462962962963
chr1	896569	1	1	0
chr1	896589	1	1	0
chr1	896591	1	1	0
chr1	896600	0.236519363116475	0.96159281781489	-0.0294117647058824
chr1	896612	0.685504629307706	1	0.0210027100271003
chr1	896623	0.504636819498358	1	0.0308270676691729
chr1	896627	0.546605498969138	1	-0.0420168067226891
chr1	896631	0.679480061032938	1	-0.0222222222222222
chr1	896640	1	1	0
chr1	896645	1	1	0
chr1	896657	0.531949790451831	1	0.0428677014042868
chr1	896661	0.190473487587423	0.96159281781489	-0.0333333333333333
chr1	896676	0.915441570807429	1	-0.00833333333333333
chr1	896686	0.414986879941675	1	-0.04
chr1	896690	0.190190544045918	0.96159281781489	-0.037037037037037
chr1	896692	0.780878347835834	1	-0.0214424951267057
chr1	896698	1	1	0
chr1	896707	1	1	0
chr1	896712	1	1	0
chr1	896733	0.973449288995158	1	0.00108225108225108
chr1	896749	0.506509452598391	1	0.0502450980392157
chr1	896751	0.67733615581456	1	-0.0247503256621798
chr1	896763	0.784678346543411	1	-0.0282931354359926
chr1	896782	0.808367822343404	1	0.0323232323232323
chr1	896793	0.668147815215982	1	0.034925732637495
chr1	896802	0.0818737021909582	0.96159281781489	-0.17948717948718
chr1	896815	0.663812770848449	1	-0.0310160427807487
chr1	896821	0.375206934220412	1	-0.0598290598290598
chr1	896827	0.623629079831332	1	-0.0479020979020979
chr1	896829	0.243104070492233	0.96159281781489	0.0899001109877913
chr1	896841	0.614106281152088	1	-0.0492045874953755
chr1	896847	0.631751558233313	1	0.0377358490566038
chr1	896856	0.600311111818129	1	0.0505279034690799
chr1	896875	0.370657741549697	1	-0.10399297937692
chr1	896879	0.219302476828288	0.96159281781489	0.0227272727272727
chr1	896919	0.601066836332956	1	0.0289473684210526
chr1	896942	0.627065875872309	1	-0.0226641998149861
chr1	896950	0.612808746105432	1	0.0220088035214085
chr1	896953	0.343999133644997	0.995113823506586	0.0611764705882353
chr1	896965	0.737252243515603	1	-0.0223529411764706
chr1	896976	0.280598498965573	0.96159281781489	-0.0953191489361702
chr1	896986	0.178779629572677	0.96159281781489	0.0997732426303855
chr1	896995	0.512975322616169	1	-0.0299125632765762
chr1	897026	0.99999995712439	1	0
chr1	897037	0.473468711472143	1	-0.0483050847457628
chr1	897042	0.0360231441897859	0.96159281781489	0.0689655172413793
chr1	897049	0.480620462738518	1	-0.0385863685539127
chr1	897055	0.481290634571478	1	-0.0345454545454545
chr1	897096	0.247861155726776	0.96159281781489	0.0932311621966795
chr1	897115	0.902432086361592	1	-0.00481734243275789
chr1	897148	1	1	0
chr1	897155	0.360633994840988	1	-0.0384153661464586
chr1	897165	0.992435932237019	1	-0.000607902735562327
chr1	897193	0.572458261488352	1	0.039010989010989
chr1	897201	0.867393755744016	1	-0.00548245614035081
chr1	897220	0.285788583542351	0.96159281781489	0.02
chr1	897244	0.620871084187933	1	-0.0252173913043477
chr1	897248	0.874236806847974	1	-0.00784313725490193
chr1	897253	0.0984772938371554	0.96159281781489	0.0416666666666666
chr1	897283	0.543415127541941	1	0.0281818181818182
chr1	897308	0.47846517943107	1	-0.0306652806652807
chr1	897319	0.210212362730906	0.96159281781489	-0.04
chr1	897337	0.478499574448978	1	-0.0438829787234043
chr1	897352	1	1	0
chr1	897364	0.0592754811078238	0.96159281781489	0.0447761194029851
chr1	897379	0.615454510278325	1	0.0206060606060605
chr1	897385	0.788818231565201	1	-0.0131250000000001
chr1	897397	0.0185153922071569	0.96159281781489	0.0754716981132075
chr1	897439	0.279350954615022	0.96159281781489	-0.0238095238095238
chr1	897452	0.133794768462213	0.96159281781489	0.145945945945946
chr1	897494	0.415738155158851	1	-0.0738880918220948
chr1	897500	0.790735999570237	1	-0.025595238095238
chr1	897555	0.960396572151009	1	0.00229885057471269
chr1	897590	0.561412309416356	1	0.0435835351089587
chr1	897613	0.951003371488528	1	-0.00373754152823924
chr1	897755	0.619116992886476	1	-0.0183908045977012
chr1	897767	0.606756128440705	1	-0.0185893931109896
chr1	897792	0.740416787079408	1	-0.0147562582345191
chr1	897797	0.485937339810398	1	-0.0182941316227133
chr1	897818	0.277475520145436	0.96159281781489	-0.0558292282430213
chr1	897821	0.702762839175203	1	0.0151331719128329
chr1	897827	0.687222650088255	1	0.0199564586357039
chr1	897831	0.967981463806687	1	-0.00213675213675213
chr1	897849	0.790577401133652	1	0.0185185185185185
chr1	897858	0.0889423145337866	0.96159281781489	-0.04
chr1	897860	0.302592091604843	0.963879666297956	0.0196078431372549
chr1	897864	0.261019006789837	0.96159281781489	-0.0181818181818182
chr1	897866	0.115573278505207	0.96159281781489	-0.0350877192982456
chr1	897934	0.855962424254986	1	-0.0089285714285714
chr1	897949	0.216969368502045	0.96159281781489	0.0188679245283019
chr1	898002	0.862829637023287	1	0.0154373927958834
chr1	898032	0.484990416875491	1	-0.0449197860962567
chr1	898045	0.323106958809882	0.976544298095162	-0.0626118067978534
chr1	898054	0.00407531221203474	0.96159281781489	-0.106382978723404
chr1	898067	0.0133534129798686	0.96159281781489	-0.0816326530612245
chr1	898099	0.578776050221002	1	0.0318181818181817
chr1	898117	0.775429368916434	1	0.0169312169312169
chr1	898119	0.377770806786487	1	0.042016806722689
chr1	898137	0.108045606242367	0.96159281781489	0.185700099304866
chr1	898146	0.772403548523925	1	0.0279720279720279
chr1	898191	0.516790705141556	1	-0.0271122320302648
chr1	898230	0.612620993352084	1	0.0545454545454546
chr1	898246	0.22793698789973	0.96159281781489	-0.027027027027027
chr1	898252	0.818053594399605	1	-0.0158730158730159
chr1	898258	0.799573407260143	1	-0.0119047619047619
chr1	898261	0.0729256161805459	0.96159281781489	0.073170731707317
chr1	898266	0.880422024283074	1	-0.00630630630630635
chr1	898275	0.211808583839249	0.96159281781489	-0.032258064516129
chr1	898309	0.655041796357553	1	0.0221213840045377
chr1	898313	0.137691871511958	0.96159281781489	-0.0761904761904761
chr1	898373	1	1	0
chr1	898397	0.999999928663561	1	0
chr1	898460	0.101908646594337	0.96159281781489	-0.107368421052632
chr1	898467	0.517780623836531	1	-0.0363636363636364
chr1	898490	0.566221863358686	1	-0.0208140610545791
chr1	898493	0.219302476821055	0.96159281781489	0.0227272727272727
chr1	898514	0.367081548448619	1	0.0524118738404453
chr1	898532	0.511091889286966	1	-0.0240346729708432
chr1	898537	0.276939688806549	0.96159281781489	0.0463659147869674
chr1	898539	0.0200575780503851	0.96159281781489	0.128216123499142
chr1	898544	0.225614140137829	0.96159281781489	-0.0683962264150944
chr1	898548	0.730136223099939	1	0.0151391162029461
chr1	898556	0.887863078785782	1	0.00784313725490193
chr1	898576	0.403055017810347	1	0.0458906967042136
chr1	898578	0.595953702420485	1	0.024621212121212
chr1	898581	0.953644516351238	1	0.0026619343389529
chr1	898587	0.133758234971272	0.96159281781489	0.0978682170542636
chr1	898603	0.39655185299261	1	0.035609756097561
chr1	898614	0.961944701125852	1	-0.00431034482758619
chr1	898670	0.125062700607967	0.96159281781489	-0.10860561435803
chr1	898676	0.230120437960942	0.96159281781489	-0.0652631578947368
chr1	898711	0.278183817770153	0.96159281781489	0.0425
chr1	898744	0.589871655827081	1	-0.0183823529411764
chr1	898756	0.244027730963976	0.96159281781489	-0.0520050125313284
chr1	898762	0.260393808812981	0.96159281781489	-0.0371779859484778
chr1	898773	0.622319869290271	1	-0.02363184079602
chr1	898782	1	1	0
chr1	898805	0.578021779384616	1	0.0277966101694915
chr1	898825	0.793311395651736	1	0.014937106918239
chr1	898848	0.768705625131704	1	-0.0186170212765957
chr1	898852	0.0581125664162334	0.96159281781489	-0.0555555555555556
chr1	898855	0.0244255009055381	0.96159281781489	0.0697674418604651
chr1	898864	0.504148902676545	1	0.0392156862745098
chr1	898961	0.791455339987421	1	-0.024132730015083
chr1	898992	0.281289359561962	0.96159281781489	-0.0567446490791438
chr1	898994	0.765436195602583	1	0.015609756097561
chr1	899000	0.316851078231846	0.976544298095162	0.0611702127659575
chr1	899072	0.337840714956335	0.993382608955066	0.0495635032385243
chr1	899158	0.42232241937555	1	0.0275974025974025
chr1	899182	0.570989007940699	1	0.0240362811791383
chr1	899222	0.70754687589181	1	0.0205811138014528
chr1	899247	0.101587707768738	0.96159281781489	0.0953470633104501
chr1	899252	0.399012311764321	1	0.0297619047619048
chr1	899282	0.786833504687533	1	0.0080971659919028
chr1	899307	0.96473910712251	1	-0.00127659574468086
chr1	899312	0.803813236586507	1	0.0158333333333334
chr1	899324	0.106007501716282	0.96159281781489	0.0384615384615384
chr1	899329	0.225774413461656	0.96159281781489	-0.0806100217864923
chr1	899335	0.588982101744301	1	0.0272727272727273
chr1	899339	0.134602250735914	0.96159281781489	0.0350877192982456
chr1	899342	0.419663420794467	1	-0.0283298097251585
chr1	899358	0.187579872943637	0.96159281781489	-0.024390243902439
chr1	899364	0.83966917974322	1	-0.00854700854700852
chr1	899373	0.0772937845241179	0.96159281781489	-0.0444444444444444
chr1	899383	0.648645459647355	1	0.0172764227642276
chr1	899434	0.0144581286709262	0.96159281781489	-0.172737955346651
chr1	899465	0.687287683670019	1	0.0248655913978495
chr1	899481	0.983487004735319	1	0.000992063492063489
chr1	899509	0.170833882718147	0.96159281781489	0.0669515669515669
chr1	899515	0.521292196939117	1	0.0417789757412399
chr1	899594	0.542765583154116	1	-0.0523809523809523
chr1	899598	0.821062628018761	1	0.0194805194805195
chr1	899601	0.881314764329173	1	-0.00721153846153844
chr1	899603	0.409264930318727	1	0.0843672456575683
chr1	899664	0.897172164533235	1	-0.00784313725490193
chr1	899672	0.570256622262488	1	-0.0332512315270936
chr1	899695	0.999999976221187	1	0
chr1	899703	0.108584456832195	0.96159281781489	-0.0625
chr1	899714	0.0757097100216256	0.96159281781489	0.0769230769230769
chr1	899720	0.0865838210201381	0.96159281781489	0.08
chr1	899734	0.316877909313936	0.976544298095162	0.0917338709677419
chr1	899742	0.926024494372142	1	0.00417972831765934
chr1	899746	0.840480266629137	1	-0.0125
chr1	899751	0.0192289833857828	0.96159281781489	0.0909090909090909
chr1	899765	0.728714853089748	1	-0.0200956937799043
chr1	899768	0.328649474878453	0.976544298095162	0.0356824264049956
chr1	899778	0.804743891290041	1	0.00714886459209418
chr1	899782	0.404810217842019	1	0.0302619692863596
chr1	899788	0.133218341067647	0.96159281781489	-0.0723443223443223
chr1	899809	0.820938563258356	1	0.0127069695802849
chr1	899824	0.274836865163803	0.96159281781489	-0.0532467532467532
chr1	899827	0.237659039188214	0.96159281781489	-0.0645549318364074
chr1	899847	0.1199089731666	0.96159281781489	0.0333333333333333
chr1	899887	0.986925453051244	1	-0.000649350649350677
chr1	899892	0.240750655145602	0.96159281781489	0.02
chr1	899906	0.283326736942199	0.96159281781489	-0.0506097560975609
chr1	899914	0.56956917277594	1	-0.0311827956989248
chr1	900201	0.85452893987496	1	0.0158730158730158
chr1	900207	0.178963632840846	0.96159281781489	-0.0952380952380952
chr1	900251	0.868167418749687	1	0.0158730158730159
chr1	900262	0.728017847456749	1	0.0315315315315315
chr1	900329	0.653038245565173	1	0.0178372352285395
chr1	900348	0.0459378499801157	0.96159281781489	-0.10968660968661
chr1	900370	0.157832402231363	0.96159281781489	0.1342123056119
chr1	900382	0.841055686863496	1	0.00776397515527949
chr1	900385	0.322498402950813	0.976544298095162	-0.0388243831640058
chr1	900397	0.401722238651978	1	0.0586734693877551
chr1	900400	0.392728219155242	1	-0.0816239316239317
chr1	900424	0.297122920381002	0.962336921806066	0.103703703703704
chr1	900438	0.856975565699415	1	-0.0211038961038961
chr1	900460	0.100995361102259	0.96159281781489	0.107251411202779
chr1	900479	0.0774537016900412	0.96159281781489	0.172222222222222
chr1	900482	0.180470931733534	0.96159281781489	0.0930555555555556
chr1	900525	0.340108815579016	0.995113823506586	0.123076923076923
chr1	900528	0.594568771379215	1	0.034074074074074
chr1	900540	0.434665670225014	1	0.101973684210526
chr1	900543	0.857231194501131	1	-0.0272952853598015
chr1	900550	0.572644852435319	1	0.0731182795698925
chr1	900620	0.963999365129115	1	0.00230473751600513
chr1	900638	0.361178026318618	1	0.0576112412177986
chr1	900645	0.0617693859469511	0.96159281781489	0.0718462823725982
chr1	900652	0.349557538670566	0.998808144528641	0.0386624869383491
chr1	900658	0.00562080046780596	0.96159281781489	-0.153125
chr1	900745	0.781506356774303	1	0.0180995475113122
chr1	900753	0.408173294337959	1	-0.0907317073170733
chr1	900768	0.870651212501654	1	-0.00630252100840334
chr1	900783	0.70956320847617	1	-0.0166666666666666
chr1	900815	0.249667545641374	0.96159281781489	0.0238095238095238
chr1	900817	0.623067609777177	1	-0.0236842105263159
chr1	900832	0.583344107085997	1	-0.0242550242550244
chr1	900844	0.458287675169712	1	0.0304093567251462
chr1	900855	0.283012042588558	0.96159281781489	-0.0910087719298245
chr1	900929	0.768966739784349	1	-0.0209459459459459
chr1	900945	0.127064733521747	0.96159281781489	-0.0512820512820513
chr1	900953	0.0889944613330037	0.96159281781489	-0.0588235294117647
chr1	900985	0.255956649955697	0.96159281781489	-0.0894607843137255
chr1	900988	0.149357842638603	0.96159281781489	-0.135094339622642
chr1	900995	0.570387220163294	1	0.0529411764705882
chr1	901033	0.0193859071995251	0.96159281781489	-0.0769230769230769
chr1	901035	0.612377658285292	1	0.0359683794466403
chr1	901062	0.463374460685177	1	0.0584677419354839
chr1	901135	0.298077248180557	0.962336921806066	-0.0449810606060606
chr1	901195	0.332198749403346	0.983603553588487	-0.0521978021978021
chr1	901229	0.163461166716998	0.96159281781489	-0.149206349206349
chr1	901249	0.0596174266133047	0.96159281781489	-0.229056203605514
chr1	901270	0.245540798163814	0.96159281781489	-0.114782608695652
chr1	901287	0.965393286445902	1	-0.00482667836770517
chr1	901313	0.816662795154448	1	-0.0303030303030303
chr1	901322	0.602476778551764	1	0.0604395604395605
chr1	901330	0.266666855515072	0.96159281781489	-0.183823529411765
chr1	901372	0.849448257911524	1	0.0186480186480187
chr1	901378	0.445314704666158	1	0.127906976744186
chr1	901394	0.399905084386827	1	0.0674470457079153
chr1	901449	0.725907221847922	1	-0.0232635427052177
chr1	901460	0.34849749921726	0.997942591388667	-0.102766798418972
chr1	901489	0.784463521705371	1	0.0187165775401069
chr1	901502	0.508079267587593	1	-0.0400368154624943
chr1	901505	0.277116944768951	0.96159281781489	-0.0541958041958042
chr1	901550	0.64390184591555	1	0.0144827586206897
chr1	901558	0.278255463624989	0.96159281781489	0.0172413793103448
chr1	901563	0.197504254543497	0.96159281781489	-0.0232558139534884
chr1	901599	0.0661837507166197	0.96159281781489	0.0487804878048781
chr1	901607	0.192972758651683	0.96159281781489	0.05
chr1	901624	0.879674453305858	1	-0.00774193548387097
chr1	901629	1	1	0
chr1	901643	1	1	0
chr1	901685	0.603679116522237	1	-0.0273809523809524
chr1	901725	0.94953765872337	1	-0.0021680216802168
chr1	901755	0.972809482184174	1	-0.00113442994895065
chr1	901799	1	1	0
chr1	901816	1	1	0
chr1	901820	1	1	0
chr1	901825	1	1	0
chr1	901830	0.267018567197742	0.96159281781489	0.0196078431372549
chr1	901838	0.304610903826454	0.967440439319538	-0.0238095238095238
chr1	901846	0.199177011664177	0.96159281781489	-0.0263157894736842
chr1	901848	1	1	0
chr1	901855	0.132631039195575	0.96159281781489	0.0392156862745098
chr1	901892	1	1	0
chr1	901901	1	1	0
chr1	901954	0.222460509002863	0.96159281781489	0.0188679245283019
chr1	901979	1	1	0
chr1	902000	0.56223447784081	1	0.0357142857142857
chr1	902005	0.716453037750311	1	0.0111111111111111
chr1	902013	1	1	0
chr1	902025	1	1	0
chr1	902042	1	1	0
chr1	902047	0.939807309331822	1	-0.00274725274725275
chr1	902060	0.231874478613832	0.96159281781489	0.0172413793103448
chr1	902093	0.205622013352095	0.96159281781489	0.0196078431372549
chr1	902095	0.196202335115672	0.96159281781489	0.0208333333333333
chr1	902097	0.177421883520832	0.96159281781489	0.0222222222222222
chr1	902104	1	1	0
chr1	902108	1	1	0
chr1	902116	1	1	0
chr1	902123	1	1	0
chr1	902133	0.904549509572083	1	-0.00512820512820513
chr1	902138	0.319654600430749	0.976544298095162	-0.0192307692307692
chr1	902144	1	1	0
chr1	902147	1	1	0
chr1	902150	0.177774917489213	0.96159281781489	0.027027027027027
chr1	902176	0.639283958262326	1	0.0159967186218212
chr1	902182	0.988442927375572	1	0.000443262411347518
chr1	902189	0.9868785726977	1	0.000528541226215644
chr1	902191	0.236898965204096	0.96159281781489	-0.025
chr1	902194	0.249407000842417	0.96159281781489	-0.0232558139534884
chr1	902200	0.918460041980263	1	0.00341880341880342
chr1	902220	1	1	0
chr1	902232	1	1	0
chr1	902234	1	1	0
chr1	902236	1	1	0
chr1	902245	0.100305947752322	0.96159281781489	-0.0350877192982456
chr1	902253	1	1	0
chr1	902276	1	1	0
chr1	902282	1	1	0
chr1	902287	1	1	0
chr1	902298	1	1	0
chr1	902313	1	1	0
chr1	902316	0.248892214075132	0.96159281781489	-0.0158730158730159
chr1	902328	0.112799750082203	0.96159281781489	-0.0307692307692308
chr1	902346	1	1	0
chr1	902350	0.273009275066594	0.96159281781489	-0.0166666666666667
chr1	902362	1	1	0
chr1	902369	0.182306893876406	0.96159281781489	-0.0363636363636364
chr1	902375	1	1	0
chr1	902377	0.220843047749285	0.96159281781489	0.0208333333333333
chr1	902380	0.258138886090935	0.96159281781489	-0.0188679245283019
chr1	902397	0.910284135744946	1	0.00355691056910569
chr1	902412	1	1	0
chr1	902417	0.190473487635092	0.96159281781489	0.0333333333333333
chr1	902422	1	1	0
chr1	902424	1	1	0
chr1	902428	0.263068127284885	0.96159281781489	-0.0232558139534884
chr1	902438	0.120638540036235	0.96159281781489	0.0540540540540541
chr1	902451	1	1	0
chr1	902464	1	1	0
chr1	902468	1	1	0
chr1	902479	1	1	0
chr1	902500	1	1	0
chr1	902505	1	1	0
chr1	902571	1	1	0
chr1	902593	0.0595574788115626	0.96159281781489	0.0555555555555556
chr1	902606	0.455749894294946	1	-0.0435897435897436
chr1	902619	0.71146460867068	1	-0.0160427807486631
chr1	902648	0.254183564939184	0.96159281781489	-0.0238095238095238
chr1	902650	0.523646382118082	1	-0.0268918073796123
chr1	902653	0.0387904830441523	0.96159281781489	0.0714285714285714
chr1	902724	0.734971064916095	1	0.04519368723099
chr1	902895	0.771569665338551	1	0.0236460717009916
chr1	902922	0.119475287312568	0.96159281781489	0.0555146155735692
chr1	902950	0.660137320067561	1	0.0200956937799043
chr1	902960	0.277366275967311	0.96159281781489	-0.0599547511312217
chr1	902999	0.796488345569209	1	0.0245901639344263
chr1	903027	0.422005647328606	1	-0.098613251155624
chr1	903043	0.1925707779939	0.96159281781489	-0.140350877192982
chr1	903104	0.540608815122787	1	0.0811620245582511
chr1	903113	0.383364028961171	1	0.0283564814814815
chr1	903147	0.877089465749353	1	-0.0178571428571429
chr1	903261	0.469628343448536	1	-0.0705128205128205
chr1	903320	1	1	0
chr1	903372	0.398598837721262	1	0.0641646489104116
chr1	903374	0.756684855044326	1	0.0324675324675325
chr1	903423	0.224844054722241	0.96159281781489	-0.0824175824175825
chr1	903445	0.381774731656724	1	0.0638297872340425
chr1	903453	0.300969416699897	0.962645949349906	-0.0509259259259259
chr1	903466	0.271172205735146	0.96159281781489	0.0431985294117647
chr1	903528	0.362323955086776	1	-0.0787878787878789
chr1	903543	0.659517072726033	1	-0.0448028673835126
chr1	903586	0.615224590210971	1	0.0499108734402852
chr1	903599	0.785639428425897	1	0.0156806842480399
chr1	903678	0.366719463243112	1	-0.0482758620689655
chr1	903763	0.887705787966493	1	-0.00819844439772965
chr1	903844	0.120603847388015	0.96159281781489	0.0739614994934144
chr1	903938	0.604644676455655	1	0.0474137931034483
chr1	903979	0.61446585497103	1	0.0379373012267151
chr1	903992	0.523539757732843	1	-0.0398785425101215
chr1	903995	0.446866639236014	1	0.0457074721780605
chr1	904021	0.867165415183664	1	-0.00708061002178639
chr1	904032	0.41899547812685	1	-0.0759013282732448
chr1	904151	0.545738766300442	1	-0.0253004427577483
chr1	904178	0.800280388040842	1	-0.0148936170212766
chr1	904249	0.62609355217025	1	0.0318181818181817
chr1	904271	0.776962850300511	1	-0.0202020202020202
chr1	904285	0.667322851664726	1	-0.0363636363636364
chr1	904304	0.68286130330869	1	0.0178372352285395
chr1	904327	0.0869206366838323	0.96159281781489	0.162309368191721
chr1	904332	0.0269626520651947	0.96159281781489	0.0754716981132075
chr1	904351	0.166080475841136	0.96159281781489	0.11421410669531
chr1	904403	0.989783101923313	1	-0.00072463768115949
chr1	904421	0.134019679654367	0.96159281781489	0.0707720588235294
chr1	904437	0.598357662992097	1	0.0615835777126099
chr1	904455	0.580887186249902	1	0.0338445267054468
chr1	904521	0.467552362771495	1	-0.0942857142857143
chr1	904710	0.932628072110514	1	0.0064102564102565
chr1	904750	0.85982369695699	1	0.0285714285714286
chr1	904800	0.659039208465992	1	0.0217959895379251
chr1	904911	0.00948235546133013	0.96159281781489	-0.128205128205128
chr1	904925	0.76218927032978	1	0.0241820768136558
chr1	904961	1	1	0
chr1	904987	0.741368806063489	1	-0.0147392290249433
chr1	905029	0.340494315049808	0.995113823506586	-0.0518939393939394
chr1	905053	0.681034144423938	1	0.0262891809908999
chr1	905079	0.327420854978884	0.976544298095162	-0.0411025145067698
chr1	905093	1	1	0
chr1	905190	0.248077457641959	0.96159281781489	-0.0204081632653061
chr1	905227	0.180640274340868	0.96159281781489	-0.0598739495798319
chr1	905232	0.38423857506633	1	0.0411184210526315
chr1	905244	1	1	0
chr1	905250	0.385799542053935	1	-0.0350672121566336
chr1	905258	0.882277041413739	1	0.00964912280701757
chr1	905288	0.564810004796235	1	-0.0430107526881721
chr1	905306	0.346094401017709	0.99604390356222	-0.053939393939394
chr1	905371	0.60759002114024	1	0.0526315789473684
chr1	905597	0.472088563931618	1	-0.0888888888888889
chr1	905601	0.723328596968961	1	0.0421146953405017
chr1	905681	0.328071783663575	0.976544298095162	0.116105769230769
chr1	905726	0.323276148796296	0.976544298095162	-0.123792800702371
chr1	905729	0.368809227784466	1	-0.0500927643784786
chr1	905770	0.0951343190634213	0.96159281781489	-0.223333333333333
chr1	905786	0.97175681842294	1	0.00292207792207791
chr1	905812	0.571758864335985	1	0.0450180072028812
chr1	905828	0.4387046621245	1	-0.0565764023210832
chr1	905873	0.0146358859561001	0.96159281781489	-0.218260869565217
chr1	905881	0.524206391676185	1	-0.0347945205479452
chr1	905894	0.531103178414014	1	-0.0687377690802348
chr1	905896	0.361147775812323	1	-0.081933316102352
chr1	905909	0.321503913980659	0.976544298095162	-0.0706534287693373
chr1	905933	0.318348012411447	0.976544298095162	0.108002602472349
chr1	905957	0.204472528877337	0.96159281781489	0.0610021786492375
chr1	905962	0.325398689695662	0.976544298095162	-0.124074074074074
chr1	905988	0.599332003589385	1	-0.0660079051383399
chr1	906015	0.829084417433124	1	0.0109439124487004
chr1	906076	0.800912754075217	1	0.0145918832649339
chr1	906082	0.173052503134585	0.96159281781489	-0.124448012846246
chr1	906100	0.379221689726744	1	0.0950554134697357
chr1	906104	0.100725703638142	0.96159281781489	-0.0963455149501661
chr1	906114	0.941835599113969	1	-0.00374812593703149
chr1	906122	0.980634170001242	1	0.00186104218362282
chr1	906156	0.653320994304267	1	0.0378197997775306
chr1	906213	0.80556404632425	1	0.0272895467160037
chr1	906220	0.215750727874585	0.96159281781489	-0.0809108527131783
chr1	906254	0.769060468420391	1	-0.0272727272727273
chr1	906269	0.514373140710773	1	-0.0791034937376401
chr1	906297	0.130850661833013	0.96159281781489	-0.168554006968641
chr1	906302	0.688672161173333	1	-0.030327868852459
chr1	906312	0.512565499316472	1	-0.0611632270168856
chr1	906340	0.192619857743979	0.96159281781489	-0.113935969868173
chr1	906350	0.527565191047766	1	-0.0841346153846154
chr1	906358	0.280741325345227	0.96159281781489	-0.135416666666667
chr1	906360	0.795141148979913	1	-0.0398078242964997
chr1	906363	0.951860234086721	1	0.00457875457875458
chr1	906373	0.467723157958902	1	-0.0671971706454465
chr1	906395	0.990493948601928	1	-0.00108932461873637
chr1	906428	0.946528922711154	1	-0.00580270793036751
chr1	906434	0.493732558182597	1	-0.0439895470383275
chr1	906465	0.506810420799398	1	0.0589543937708565
chr1	906471	0.941859191189848	1	0.00411184210526316
chr1	906493	1	1	0
chr1	906496	0.203649639293448	0.96159281781489	0.119897959183673
chr1	906505	0.931721851865598	1	0.01
chr1	906511	0.728586245607289	1	0.0352941176470588
chr1	906515	0.997916718469026	1	-0.000410172272354403
chr1	906528	0.410094027902967	1	0.0645614035087719
chr1	906534	0.309338140486843	0.975295336938062	0.103078519543411
chr1	906537	0.367513527069525	1	0.0804729214340199
chr1	906557	0.931650036695797	1	0.00793650793650791
chr1	906582	0.866388161202852	1	-0.0196220930232558
chr1	906603	0.986109701153303	1	-0.00231481481481483
chr1	906649	0.251078850671057	0.96159281781489	0.157142857142857
chr1	906677	0.412070332290858	1	-0.142857142857143
chr1	906716	0.498261790566605	1	0.116457080371788
chr1	906738	0.4123349333895	1	0.116837136113297
chr1	906757	0.628038680312472	1	0.0424242424242425
chr1	906769	0.704721807006035	1	0.0362264150943397
chr1	906809	0.757464698966949	1	-0.0436046511627907
chr1	906872	0.26513928862671	0.96159281781489	-0.121212121212121
chr1	906892	0.46089558298183	1	-0.056043956043956
chr1	906915	0.959359876660487	1	0.00453720508166977
chr1	906917	0.582487347349425	1	-0.05311004784689
chr1	906939	0.189519982912167	0.96159281781489	-0.0232558139534884
chr1	906965	0.86104446338676	1	0.0158730158730159
chr1	906997	0.233573732670201	0.96159281781489	0.114246068455134
chr1	907010	0.368201945718502	1	-0.0638297872340425
chr1	907038	0.622705334026254	1	-0.0405797101449276
chr1	907064	0.209038067431867	0.96159281781489	-0.104444444444444
chr1	907071	0.391266689213762	1	0.0579591836734694
chr1	907085	0.642433797529025	1	-0.0331065759637188
chr1	907089	0.512837629718774	1	-0.0514893617021277
chr1	907095	0.40950138725988	1	0.0391836734693877
chr1	907111	0.645178427435016	1	-0.031578947368421
chr1	907118	0.813383066533491	1	-0.0204081632653061
chr1	907139	0.525177005776376	1	-0.0789473684210527
chr1	907192	0.250106760262801	0.96159281781489	-0.12284730195178
chr1	907258	0.547457832340687	1	-0.0366666666666666
chr1	907261	0.759606989666032	1	-0.0246598639455783
chr1	907271	0.320498610798977	0.976544298095162	-0.0718816067653276
chr1	907273	0.47354393836026	1	0.0454545454545455
chr1	907337	0.677510004822556	1	0.0303030303030303
chr1	907401	0.637187715402117	1	0.0300346553715826
chr1	907409	0.65231570435219	1	0.0362490149724193
chr1	907450	0.611792678908195	1	-0.0399999999999999
chr1	907470	0.702254120811818	1	-0.0411036036036037
chr1	907475	0.702908453864493	1	-0.0305510092744136
chr1	907512	0.826180464679369	1	-0.0264754550468836
chr1	907559	0.662477225448153	1	-0.0234265734265734
chr1	907582	0.807828941556867	1	0.0158730158730159
chr1	907618	0.356766126724506	1	-0.0873983739837398
chr1	907638	0.820389965509645	1	0.0170542635658915
chr1	907688	0.863308588849765	1	-0.00899550224887557
chr1	907690	0.233240485589157	0.96159281781489	0.075165806927045
chr1	907699	0.725287170528239	1	0.0109814687714481
chr1	907708	0.36190599799796	1	-0.0808823529411765
chr1	907717	0.602010881638973	1	0.0493305144467936
chr1	907739	0.408048185145946	1	-0.0342789598108747
chr1	907741	0.400823706553405	1	-0.0366013071895425
chr1	907767	0.945348195037588	1	0.00744416873449127
chr1	907770	0.501747264832421	1	0.0524475524475525
chr1	907783	0.930816390875368	1	-0.00801282051282048
chr1	907800	0.0256977486522523	0.96159281781489	-0.212865497076023
chr1	907867	0.0929027033974943	0.96159281781489	0.119927040583675
chr1	907871	0.26362496045701	0.96159281781489	-0.0546056260341975
chr1	907879	0.410822848069998	1	-0.0446650124069479
chr1	907883	0.590509139561192	1	-0.0470588235294118
chr1	908062	0.222206934414523	0.96159281781489	0.0416666666666666
chr1	908124	0.235975385109491	0.96159281781489	0.0357142857142857
chr1	908140	0.692309984117896	1	0.0187338501291989
chr1	908170	0.835002268702785	1	0.0184331797235022
chr1	908189	0.454266617362259	1	0.125
chr1	908256	0.400166993216062	1	-0.0472813238770686
chr1	908276	0.129434644239822	0.96159281781489	0.0571249215317012
chr1	908296	0.602535882522108	1	0.035921625544267
chr1	908308	0.0881988887680284	0.96159281781489	0.0444444444444444
chr1	908322	0.839138697697376	1	0.0161001788908767
chr1	908363	0.988462772796703	1	0.00134952766531715
chr1	908389	0.491571971425357	1	0.0301847514962269
chr1	908396	0.713219452953314	1	0.0155737704918032
chr1	908402	0.795414421983432	1	-0.014225181598063
chr1	908414	0.881342212232901	1	-0.0105290190035954
chr1	908436	0.08854522936134	0.96159281781489	-0.170918367346939
