label,method,mean,rho,sites,fpr05,fpr001,fp
n3_d20_imbFalse_assocFalse_signalFalse,bb_F,0.001,0.001,886,0.0,0.0,0
n3_d20_imbFalse_assocFalse_signalFalse,bb_F,0.001,0.01,885,0.0,0.0,0
n3_d20_imbFalse_assocFalse_signalFalse,bb_F,0.001,0.05,947,0.0,0.0,0
n3_d20_imbFalse_assocFalse_signalFalse,bb_F,0.001,0.15,879,0.0,0.0,0
n3_d20_imbFalse_assocFalse_signalFalse,bb_F,0.001,0.35,899,0.0,0.0,0
n3_d20_imbFalse_assocFalse_signalFalse,bb_F,0.01,0.001,914,0.0,0.0,0
n3_d20_imbFalse_assocFalse_signalFalse,bb_F,0.01,0.01,960,0.0,0.0,0
n3_d20_imbFalse_assocFalse_signalFalse,bb_F,0.01,0.05,925,0.002162162162162162,0.0,0
n3_d20_imbFalse_assocFalse_signalFalse,bb_F,0.01,0.15,866,0.0,0.0,0
n3_d20_imbFalse_assocFalse_signalFalse,bb_F,0.01,0.35,918,0.0,0.0,0
n3_d20_imbFalse_assocFalse_signalFalse,bb_F,0.05,0.001,972,0.006172839506172839,0.0,0
n3_d20_imbFalse_assocFalse_signalFalse,bb_F,0.05,0.01,889,0.0044994375703037125,0.0,0
n3_d20_imbFalse_assocFalse_signalFalse,bb_F,0.05,0.05,883,0.006795016987542469,0.0,0
n3_d20_imbFalse_assocFalse_signalFalse,bb_F,0.05,0.15,923,0.014084507042253521,0.0,0
n3_d20_imbFalse_assocFalse_signalFalse,bb_F,0.05,0.35,938,0.005330490405117271,0.0,0
n3_d20_imbFalse_assocFalse_signalFalse,bb_F,0.15,0.001,847,0.0059031877213695395,0.0,0
n3_d20_imbFalse_assocFalse_signalFalse,bb_F,0.15,0.01,959,0.010427528675703858,0.0,0
n3_d20_imbFalse_assocFalse_signalFalse,bb_F,0.15,0.05,929,0.01829924650161464,0.0,0
n3_d20_imbFalse_assocFalse_signalFalse,bb_F,0.15,0.15,933,0.04823151125401929,0.0,0
n3_d20_imbFalse_assocFalse_signalFalse,bb_F,0.15,0.35,915,0.03169398907103825,0.0,0
n3_d20_imbFalse_assocFalse_signalFalse,bb_F,0.35,0.001,910,0.0032967032967032967,0.0,0
n3_d20_imbFalse_assocFalse_signalFalse,bb_F,0.35,0.01,885,0.005649717514124294,0.0,0
n3_d20_imbFalse_assocFalse_signalFalse,bb_F,0.35,0.05,884,0.019230769230769232,0.0,0
n3_d20_imbFalse_assocFalse_signalFalse,bb_F,0.35,0.15,952,0.059873949579831935,0.0,0
n3_d20_imbFalse_assocFalse_signalFalse,bb_F,0.35,0.35,896,0.06696428571428571,0.0,0
n3_d20_imbFalse_assocFalse_signalFalse,bb_F,0.5,0.001,913,0.01095290251916758,0.0,0
n3_d20_imbFalse_assocFalse_signalFalse,bb_F,0.5,0.01,985,0.008121827411167513,0.0,0
n3_d20_imbFalse_assocFalse_signalFalse,bb_F,0.5,0.05,857,0.026837806301050177,0.0,0
n3_d20_imbFalse_assocFalse_signalFalse,bb_F,0.5,0.15,857,0.039673278879813305,0.0,0
n3_d20_imbFalse_assocFalse_signalFalse,bb_F,0.5,0.35,886,0.0654627539503386,0.0,0
n3_d20_imbFalse_assocFalse_signalFalse,bb_F,0.65,0.001,848,0.0047169811320754715,0.0,0
n3_d20_imbFalse_assocFalse_signalFalse,bb_F,0.65,0.01,950,0.010526315789473684,0.0,0
n3_d20_imbFalse_assocFalse_signalFalse,bb_F,0.65,0.05,927,0.021574973031283712,0.0,0
n3_d20_imbFalse_assocFalse_signalFalse,bb_F,0.65,0.15,924,0.047619047619047616,0.0,0
n3_d20_imbFalse_assocFalse_signalFalse,bb_F,0.65,0.35,927,0.05501618122977346,0.0,0
n3_d20_imbFalse_assocFalse_signalFalse,bb_F,0.85,0.001,932,0.00536480686695279,0.0,0
n3_d20_imbFalse_assocFalse_signalFalse,bb_F,0.85,0.01,880,0.006818181818181818,0.0,0
n3_d20_imbFalse_assocFalse_signalFalse,bb_F,0.85,0.05,894,0.017897091722595078,0.0,0
n3_d20_imbFalse_assocFalse_signalFalse,bb_F,0.85,0.15,889,0.030371203599550055,0.0,0
n3_d20_imbFalse_assocFalse_signalFalse,bb_F,0.85,0.35,936,0.04487179487179487,0.0,0
n3_d20_imbFalse_assocFalse_signalFalse,bb_F,0.95,0.001,922,0.0021691973969631237,0.0,0
n3_d20_imbFalse_assocFalse_signalFalse,bb_F,0.95,0.01,852,0.008215962441314555,0.0,0
n3_d20_imbFalse_assocFalse_signalFalse,bb_F,0.95,0.05,906,0.005518763796909493,0.0,0
n3_d20_imbFalse_assocFalse_signalFalse,bb_F,0.95,0.15,914,0.012035010940919038,0.0,0
n3_d20_imbFalse_assocFalse_signalFalse,bb_F,0.95,0.35,895,0.00782122905027933,0.0,0
n3_d20_imbFalse_assocFalse_signalFalse,bb_F,0.99,0.001,954,0.0,0.0,0
n3_d20_imbFalse_assocFalse_signalFalse,bb_F,0.99,0.01,904,0.0,0.0,0
n3_d20_imbFalse_assocFalse_signalFalse,bb_F,0.99,0.05,945,0.0,0.0,0
n3_d20_imbFalse_assocFalse_signalFalse,bb_F,0.99,0.15,919,0.0,0.0,0
n3_d20_imbFalse_assocFalse_signalFalse,bb_F,0.99,0.35,832,0.0,0.0,0
n3_d20_imbFalse_assocFalse_signalFalse,bb_F,0.999,0.001,934,0.0,0.0,0
n3_d20_imbFalse_assocFalse_signalFalse,bb_F,0.999,0.01,888,0.0,0.0,0
n3_d20_imbFalse_assocFalse_signalFalse,bb_F,0.999,0.05,875,0.0,0.0,0
n3_d20_imbFalse_assocFalse_signalFalse,bb_F,0.999,0.15,912,0.0,0.0,0
n3_d20_imbFalse_assocFalse_signalFalse,bb_F,0.999,0.35,949,0.0,0.0,0
n3_d20_imbFalse_assocFalse_signalFalse,bb_chi2,0.001,0.001,886,0.0,0.0,0
n3_d20_imbFalse_assocFalse_signalFalse,bb_chi2,0.001,0.01,885,0.0,0.0,0
n3_d20_imbFalse_assocFalse_signalFalse,bb_chi2,0.001,0.05,947,0.0,0.0,0
n3_d20_imbFalse_assocFalse_signalFalse,bb_chi2,0.001,0.15,879,0.0,0.0,0
n3_d20_imbFalse_assocFalse_signalFalse,bb_chi2,0.001,0.35,899,0.0,0.0,0
n3_d20_imbFalse_assocFalse_signalFalse,bb_chi2,0.01,0.001,914,0.007658643326039387,0.0,0
n3_d20_imbFalse_assocFalse_signalFalse,bb_chi2,0.01,0.01,960,0.007291666666666667,0.0,0
n3_d20_imbFalse_assocFalse_signalFalse,bb_chi2,0.01,0.05,925,0.006486486486486486,0.0,0
n3_d20_imbFalse_assocFalse_signalFalse,bb_chi2,0.01,0.15,866,0.005773672055427252,0.0,0
n3_d20_imbFalse_assocFalse_signalFalse,bb_chi2,0.01,0.35,918,0.007625272331154684,0.0,0
n3_d20_imbFalse_assocFalse_signalFalse,bb_chi2,0.05,0.001,972,0.05246913580246913,0.0,0
n3_d20_imbFalse_assocFalse_signalFalse,bb_chi2,0.05,0.01,889,0.05849268841394826,0.0,0
n3_d20_imbFalse_assocFalse_signalFalse,bb_chi2,0.05,0.05,883,0.05549263873159683,0.0,0
n3_d20_imbFalse_assocFalse_signalFalse,bb_chi2,0.05,0.15,923,0.08884073672806067,0.005417118093174431,1
n3_d20_imbFalse_assocFalse_signalFalse,bb_chi2,0.05,0.35,938,0.08102345415778252,0.0021321961620469083,1
n3_d20_imbFalse_assocFalse_signalFalse,bb_chi2,0.15,0.001,847,0.053128689492325853,0.0035419126328217238,1
n3_d20_imbFalse_assocFalse_signalFalse,bb_chi2,0.15,0.01,959,0.04275286757038582,0.0031282586027111575,1
n3_d20_imbFalse_assocFalse_signalFalse,bb_chi2,0.15,0.05,929,0.09580193756727665,0.007534983853606028,2
n3_d20_imbFalse_assocFalse_signalFalse,bb_chi2,0.15,0.15,933,0.12968917470525188,0.01714898177920686,7
n3_d20_imbFalse_assocFalse_signalFalse,bb_chi2,0.15,0.35,915,0.14426229508196722,0.01092896174863388,6
n3_d20_imbFalse_assocFalse_signalFalse,bb_chi2,0.35,0.001,910,0.045054945054945054,0.0,0
n3_d20_imbFalse_assocFalse_signalFalse,bb_chi2,0.35,0.01,885,0.04971751412429379,0.0,0
n3_d20_imbFalse_assocFalse_signalFalse,bb_chi2,0.35,0.05,884,0.09615384615384616,0.00904977375565611,4
n3_d20_imbFalse_assocFalse_signalFalse,bb_chi2,0.35,0.15,952,0.15231092436974789,0.03361344537815126,11
n3_d20_imbFalse_assocFalse_signalFalse,bb_chi2,0.35,0.35,896,0.14508928571428573,0.0390625,15
n3_d20_imbFalse_assocFalse_signalFalse,bb_chi2,0.5,0.001,913,0.04928806133625411,0.0032858707557502738,0
n3_d20_imbFalse_assocFalse_signalFalse,bb_chi2,0.5,0.01,985,0.046700507614213196,0.0,0
n3_d20_imbFalse_assocFalse_signalFalse,bb_chi2,0.5,0.05,857,0.09101516919486581,0.012835472578763127,2
n3_d20_imbFalse_assocFalse_signalFalse,bb_chi2,0.5,0.15,857,0.12485414235705951,0.01866977829638273,7
n3_d20_imbFalse_assocFalse_signalFalse,bb_chi2,0.5,0.35,886,0.16027088036117382,0.029345372460496615,17
n3_d20_imbFalse_assocFalse_signalFalse,bb_chi2,0.65,0.001,848,0.030660377358490566,0.0,0
n3_d20_imbFalse_assocFalse_signalFalse,bb_chi2,0.65,0.01,950,0.05263157894736842,0.0010526315789473684,0
n3_d20_imbFalse_assocFalse_signalFalse,bb_chi2,0.65,0.05,927,0.08198489751887811,0.007551240560949299,3
n3_d20_imbFalse_assocFalse_signalFalse,bb_chi2,0.65,0.15,924,0.13203463203463203,0.022727272727272728,11
n3_d20_imbFalse_assocFalse_signalFalse,bb_chi2,0.65,0.35,927,0.1574973031283711,0.02696871628910464,17
n3_d20_imbFalse_assocFalse_signalFalse,bb_chi2,0.85,0.001,932,0.033261802575107295,0.0,0
n3_d20_imbFalse_assocFalse_signalFalse,bb_chi2,0.85,0.01,880,0.053409090909090906,0.0011363636363636363,0
n3_d20_imbFalse_assocFalse_signalFalse,bb_chi2,0.85,0.05,894,0.1017897091722595,0.0044742729306487695,0
n3_d20_imbFalse_assocFalse_signalFalse,bb_chi2,0.85,0.15,889,0.12935883014623173,0.012373453318335208,5
n3_d20_imbFalse_assocFalse_signalFalse,bb_chi2,0.85,0.35,936,0.16025641025641027,0.022435897435897436,6
n3_d20_imbFalse_assocFalse_signalFalse,bb_chi2,0.95,0.001,922,0.04772234273318872,0.0,0
n3_d20_imbFalse_assocFalse_signalFalse,bb_chi2,0.95,0.01,852,0.06103286384976526,0.002347417840375587,0
n3_d20_imbFalse_assocFalse_signalFalse,bb_chi2,0.95,0.05,906,0.0772626931567329,0.0011037527593818985,0
n3_d20_imbFalse_assocFalse_signalFalse,bb_chi2,0.95,0.15,914,0.09737417943107221,0.005470459518599562,0
n3_d20_imbFalse_assocFalse_signalFalse,bb_chi2,0.95,0.35,895,0.07374301675977654,0.004469273743016759,1
n3_d20_imbFalse_assocFalse_signalFalse,bb_chi2,0.99,0.001,954,0.0041928721174004195,0.0,0
n3_d20_imbFalse_assocFalse_signalFalse,bb_chi2,0.99,0.01,904,0.00331858407079646,0.0,0
n3_d20_imbFalse_assocFalse_signalFalse,bb_chi2,0.99,0.05,945,0.013756613756613757,0.0,0
n3_d20_imbFalse_assocFalse_signalFalse,bb_chi2,0.99,0.15,919,0.011969532100108813,0.0,0
n3_d20_imbFalse_assocFalse_signalFalse,bb_chi2,0.99,0.35,832,0.009615384615384616,0.0,0
n3_d20_imbFalse_assocFalse_signalFalse,bb_chi2,0.999,0.001,934,0.0,0.0,0
n3_d20_imbFalse_assocFalse_signalFalse,bb_chi2,0.999,0.01,888,0.0,0.0,0
n3_d20_imbFalse_assocFalse_signalFalse,bb_chi2,0.999,0.05,875,0.0,0.0,0
n3_d20_imbFalse_assocFalse_signalFalse,bb_chi2,0.999,0.15,912,0.0,0.0,0
n3_d20_imbFalse_assocFalse_signalFalse,bb_chi2,0.999,0.35,949,0.0,0.0,0
n3_d20_imbFalse_assocFalse_signalFalse,legacy_lr,0.001,0.001,886,0.0,0.0,0
n3_d20_imbFalse_assocFalse_signalFalse,legacy_lr,0.001,0.01,885,0.0,0.0,0
n3_d20_imbFalse_assocFalse_signalFalse,legacy_lr,0.001,0.05,947,0.0,0.0,0
n3_d20_imbFalse_assocFalse_signalFalse,legacy_lr,0.001,0.15,879,0.0,0.0,0
n3_d20_imbFalse_assocFalse_signalFalse,legacy_lr,0.001,0.35,899,0.0055617352614015575,0.0011123470522803114,0
n3_d20_imbFalse_assocFalse_signalFalse,legacy_lr,0.01,0.001,914,0.0,0.0,0
n3_d20_imbFalse_assocFalse_signalFalse,legacy_lr,0.01,0.01,960,0.0,0.0,0
n3_d20_imbFalse_assocFalse_signalFalse,legacy_lr,0.01,0.05,925,0.001081081081081081,0.0,0
n3_d20_imbFalse_assocFalse_signalFalse,legacy_lr,0.01,0.15,866,0.023094688221709007,0.0,0
n3_d20_imbFalse_assocFalse_signalFalse,legacy_lr,0.01,0.35,918,0.042483660130718956,0.0,0
n3_d20_imbFalse_assocFalse_signalFalse,legacy_lr,0.05,0.001,972,0.00102880658436214,0.0,0
n3_d20_imbFalse_assocFalse_signalFalse,legacy_lr,0.05,0.01,889,0.0011248593925759281,0.0,0
n3_d20_imbFalse_assocFalse_signalFalse,legacy_lr,0.05,0.05,883,0.006795016987542469,0.0,0
n3_d20_imbFalse_assocFalse_signalFalse,legacy_lr,0.05,0.15,923,0.06608884073672806,0.0021668472372697724,0
n3_d20_imbFalse_assocFalse_signalFalse,legacy_lr,0.05,0.35,938,0.1460554371002132,0.009594882729211088,0
n3_d20_imbFalse_assocFalse_signalFalse,legacy_lr,0.15,0.001,847,0.0035419126328217238,0.0,0
n3_d20_imbFalse_assocFalse_signalFalse,legacy_lr,0.15,0.01,959,0.006256517205422315,0.0,0
n3_d20_imbFalse_assocFalse_signalFalse,legacy_lr,0.15,0.05,929,0.01829924650161464,0.0,0
n3_d20_imbFalse_assocFalse_signalFalse,legacy_lr,0.15,0.15,933,0.07609860664523044,0.0,0
n3_d20_imbFalse_assocFalse_signalFalse,legacy_lr,0.15,0.35,915,0.15628415300546447,0.024043715846994537,4
n3_d20_imbFalse_assocFalse_signalFalse,legacy_lr,0.35,0.001,910,0.0,0.0,0
n3_d20_imbFalse_assocFalse_signalFalse,legacy_lr,0.35,0.01,885,0.0022598870056497176,0.0,0
n3_d20_imbFalse_assocFalse_signalFalse,legacy_lr,0.35,0.05,884,0.02262443438914027,0.0,0
n3_d20_imbFalse_assocFalse_signalFalse,legacy_lr,0.35,0.15,952,0.07878151260504201,0.0010504201680672268,0
n3_d20_imbFalse_assocFalse_signalFalse,legacy_lr,0.35,0.35,896,0.13727678571428573,0.012276785714285714,1
n3_d20_imbFalse_assocFalse_signalFalse,legacy_lr,0.5,0.001,913,0.0032858707557502738,0.0,0
n3_d20_imbFalse_assocFalse_signalFalse,legacy_lr,0.5,0.01,985,0.0010152284263959391,0.0,0
n3_d20_imbFalse_assocFalse_signalFalse,legacy_lr,0.5,0.05,857,0.023337222870478413,0.0,0
n3_d20_imbFalse_assocFalse_signalFalse,legacy_lr,0.5,0.15,857,0.045507584597432905,0.0,0
n3_d20_imbFalse_assocFalse_signalFalse,legacy_lr,0.5,0.35,886,0.11851015801354402,0.004514672686230248,0
n3_d20_imbFalse_assocFalse_signalFalse,legacy_lr,0.65,0.001,848,0.0011792452830188679,0.0,0
n3_d20_imbFalse_assocFalse_signalFalse,legacy_lr,0.65,0.01,950,0.003157894736842105,0.0,0
n3_d20_imbFalse_assocFalse_signalFalse,legacy_lr,0.65,0.05,927,0.017259978425026967,0.0,0
n3_d20_imbFalse_assocFalse_signalFalse,legacy_lr,0.65,0.15,924,0.05952380952380952,0.0010822510822510823,0
n3_d20_imbFalse_assocFalse_signalFalse,legacy_lr,0.65,0.35,927,0.11542610571736785,0.008629989212513484,1
n3_d20_imbFalse_assocFalse_signalFalse,legacy_lr,0.85,0.001,932,0.002145922746781116,0.0,0
n3_d20_imbFalse_assocFalse_signalFalse,legacy_lr,0.85,0.01,880,0.004545454545454545,0.0,0
n3_d20_imbFalse_assocFalse_signalFalse,legacy_lr,0.85,0.05,894,0.013422818791946308,0.0,0
n3_d20_imbFalse_assocFalse_signalFalse,legacy_lr,0.85,0.15,889,0.06749156355455568,0.0022497187851518562,0
n3_d20_imbFalse_assocFalse_signalFalse,legacy_lr,0.85,0.35,936,0.1762820512820513,0.028846153846153848,3
n3_d20_imbFalse_assocFalse_signalFalse,legacy_lr,0.95,0.001,922,0.0010845986984815619,0.0,0
n3_d20_imbFalse_assocFalse_signalFalse,legacy_lr,0.95,0.01,852,0.0035211267605633804,0.0,0
n3_d20_imbFalse_assocFalse_signalFalse,legacy_lr,0.95,0.05,906,0.011037527593818985,0.0,0
n3_d20_imbFalse_assocFalse_signalFalse,legacy_lr,0.95,0.15,914,0.07221006564551423,0.0,0
n3_d20_imbFalse_assocFalse_signalFalse,legacy_lr,0.95,0.35,895,0.13854748603351955,0.013407821229050279,0
n3_d20_imbFalse_assocFalse_signalFalse,legacy_lr,0.99,0.001,954,0.0,0.0,0
n3_d20_imbFalse_assocFalse_signalFalse,legacy_lr,0.99,0.01,904,0.0,0.0,0
n3_d20_imbFalse_assocFalse_signalFalse,legacy_lr,0.99,0.05,945,0.004232804232804233,0.0,0
n3_d20_imbFalse_assocFalse_signalFalse,legacy_lr,0.99,0.15,919,0.017410228509249184,0.0,0
n3_d20_imbFalse_assocFalse_signalFalse,legacy_lr,0.99,0.35,832,0.054086538461538464,0.004807692307692308,0
n3_d20_imbFalse_assocFalse_signalFalse,legacy_lr,0.999,0.001,934,0.0,0.0,0
n3_d20_imbFalse_assocFalse_signalFalse,legacy_lr,0.999,0.01,888,0.0,0.0,0
n3_d20_imbFalse_assocFalse_signalFalse,legacy_lr,0.999,0.05,875,0.0,0.0,0
n3_d20_imbFalse_assocFalse_signalFalse,legacy_lr,0.999,0.15,912,0.0021929824561403508,0.0,0
n3_d20_imbFalse_assocFalse_signalFalse,legacy_lr,0.999,0.35,949,0.006322444678609062,0.0,0
n3_d20_imbFalse_assocFalse_signalTrue,bb_F,0.001,0.001,957,0.0,0.0,0
n3_d20_imbFalse_assocFalse_signalTrue,bb_F,0.001,0.01,847,0.0,0.0,0
n3_d20_imbFalse_assocFalse_signalTrue,bb_F,0.001,0.05,932,0.0,0.0,0
n3_d20_imbFalse_assocFalse_signalTrue,bb_F,0.001,0.15,887,0.0,0.0,0
n3_d20_imbFalse_assocFalse_signalTrue,bb_F,0.001,0.35,860,0.0,0.0,0
n3_d20_imbFalse_assocFalse_signalTrue,bb_F,0.01,0.001,894,0.0,0.0,0
n3_d20_imbFalse_assocFalse_signalTrue,bb_F,0.01,0.01,928,0.0,0.0,0
n3_d20_imbFalse_assocFalse_signalTrue,bb_F,0.01,0.05,918,0.0010893246187363835,0.0,0
n3_d20_imbFalse_assocFalse_signalTrue,bb_F,0.01,0.15,890,0.0,0.0,0
n3_d20_imbFalse_assocFalse_signalTrue,bb_F,0.01,0.35,848,0.0,0.0,0
n3_d20_imbFalse_assocFalse_signalTrue,bb_F,0.05,0.001,864,0.004629629629629629,0.0,0
n3_d20_imbFalse_assocFalse_signalTrue,bb_F,0.05,0.01,914,0.005470459518599562,0.0,0
n3_d20_imbFalse_assocFalse_signalTrue,bb_F,0.05,0.05,911,0.015367727771679473,0.0,0
n3_d20_imbFalse_assocFalse_signalTrue,bb_F,0.05,0.15,868,0.014976958525345621,0.0,0
n3_d20_imbFalse_assocFalse_signalTrue,bb_F,0.05,0.35,926,0.009719222462203024,0.0,0
n3_d20_imbFalse_assocFalse_signalTrue,bb_F,0.15,0.001,898,0.0066815144766146995,0.0,0
n3_d20_imbFalse_assocFalse_signalTrue,bb_F,0.15,0.01,906,0.005518763796909493,0.0,0
n3_d20_imbFalse_assocFalse_signalTrue,bb_F,0.15,0.05,901,0.0244173140954495,0.0,0
n3_d20_imbFalse_assocFalse_signalTrue,bb_F,0.15,0.15,919,0.03482045701849837,0.0,0
n3_d20_imbFalse_assocFalse_signalTrue,bb_F,0.15,0.35,916,0.05240174672489083,0.0,0
n3_d20_imbFalse_assocFalse_signalTrue,bb_F,0.35,0.001,857,0.003500583430571762,0.0,0
n3_d20_imbFalse_assocFalse_signalTrue,bb_F,0.35,0.01,907,0.012127894156560088,0.0,0
n3_d20_imbFalse_assocFalse_signalTrue,bb_F,0.35,0.05,838,0.025059665871121718,0.0,0
n3_d20_imbFalse_assocFalse_signalTrue,bb_F,0.35,0.15,910,0.041758241758241756,0.0,0
n3_d20_imbFalse_assocFalse_signalTrue,bb_F,0.35,0.35,953,0.05141657922350472,0.001049317943336831,0
n3_d20_imbFalse_assocFalse_signalTrue,bb_F,0.5,0.001,905,0.0066298342541436465,0.0,0
n3_d20_imbFalse_assocFalse_signalTrue,bb_F,0.5,0.01,917,0.009814612868047983,0.0,0
n3_d20_imbFalse_assocFalse_signalTrue,bb_F,0.5,0.05,905,0.019889502762430938,0.0,0
n3_d20_imbFalse_assocFalse_signalTrue,bb_F,0.5,0.15,906,0.04194260485651214,0.0,0
n3_d20_imbFalse_assocFalse_signalTrue,bb_F,0.5,0.35,931,0.05907626208378088,0.0,0
n3_d20_imbFalse_assocFalse_signalTrue,bb_F,0.65,0.001,960,0.003125,0.0,0
n3_d20_imbFalse_assocFalse_signalTrue,bb_F,0.65,0.01,890,0.008988764044943821,0.0,0
n3_d20_imbFalse_assocFalse_signalTrue,bb_F,0.65,0.05,917,0.014176663031624863,0.0,0
n3_d20_imbFalse_assocFalse_signalTrue,bb_F,0.65,0.15,834,0.05995203836930456,0.0,0
n3_d20_imbFalse_assocFalse_signalTrue,bb_F,0.65,0.35,883,0.057757644394110984,0.0011325028312570782,0
n3_d20_imbFalse_assocFalse_signalTrue,bb_F,0.85,0.001,871,0.006888633754305396,0.0,0
n3_d20_imbFalse_assocFalse_signalTrue,bb_F,0.85,0.01,964,0.008298755186721992,0.0,0
n3_d20_imbFalse_assocFalse_signalTrue,bb_F,0.85,0.05,886,0.028216704288939052,0.0,0
n3_d20_imbFalse_assocFalse_signalTrue,bb_F,0.85,0.15,858,0.04428904428904429,0.0,0
n3_d20_imbFalse_assocFalse_signalTrue,bb_F,0.85,0.35,910,0.024175824175824177,0.0,0
n3_d20_imbFalse_assocFalse_signalTrue,bb_F,0.95,0.001,900,0.01,0.0,0
n3_d20_imbFalse_assocFalse_signalTrue,bb_F,0.95,0.01,906,0.008830022075055188,0.0,0
n3_d20_imbFalse_assocFalse_signalTrue,bb_F,0.95,0.05,905,0.008839779005524863,0.0,0
n3_d20_imbFalse_assocFalse_signalTrue,bb_F,0.95,0.15,863,0.015063731170336037,0.0,0
n3_d20_imbFalse_assocFalse_signalTrue,bb_F,0.95,0.35,921,0.004343105320304018,0.0,0
n3_d20_imbFalse_assocFalse_signalTrue,bb_F,0.99,0.001,862,0.0,0.0,0
n3_d20_imbFalse_assocFalse_signalTrue,bb_F,0.99,0.01,923,0.0,0.0,0
n3_d20_imbFalse_assocFalse_signalTrue,bb_F,0.99,0.05,898,0.0022271714922048997,0.0,0
n3_d20_imbFalse_assocFalse_signalTrue,bb_F,0.99,0.15,912,0.0,0.0,0
n3_d20_imbFalse_assocFalse_signalTrue,bb_F,0.99,0.35,900,0.0,0.0,0
n3_d20_imbFalse_assocFalse_signalTrue,bb_F,0.999,0.001,975,0.0,0.0,0
n3_d20_imbFalse_assocFalse_signalTrue,bb_F,0.999,0.01,864,0.0,0.0,0
n3_d20_imbFalse_assocFalse_signalTrue,bb_F,0.999,0.05,884,0.0,0.0,0
n3_d20_imbFalse_assocFalse_signalTrue,bb_F,0.999,0.15,900,0.0,0.0,0
n3_d20_imbFalse_assocFalse_signalTrue,bb_F,0.999,0.35,895,0.0,0.0,0
n3_d20_imbFalse_assocFalse_signalTrue,bb_chi2,0.001,0.001,957,0.0,0.0,0
n3_d20_imbFalse_assocFalse_signalTrue,bb_chi2,0.001,0.01,847,0.0,0.0,0
n3_d20_imbFalse_assocFalse_signalTrue,bb_chi2,0.001,0.05,932,0.0,0.0,0
n3_d20_imbFalse_assocFalse_signalTrue,bb_chi2,0.001,0.15,887,0.0,0.0,0
n3_d20_imbFalse_assocFalse_signalTrue,bb_chi2,0.001,0.35,860,0.0,0.0,0
n3_d20_imbFalse_assocFalse_signalTrue,bb_chi2,0.01,0.001,894,0.011185682326621925,0.0,0
n3_d20_imbFalse_assocFalse_signalTrue,bb_chi2,0.01,0.01,928,0.015086206896551725,0.0,0
n3_d20_imbFalse_assocFalse_signalTrue,bb_chi2,0.01,0.05,918,0.010893246187363835,0.0,0
n3_d20_imbFalse_assocFalse_signalTrue,bb_chi2,0.01,0.15,890,0.007865168539325843,0.0,0
n3_d20_imbFalse_assocFalse_signalTrue,bb_chi2,0.01,0.35,848,0.0047169811320754715,0.0,0
n3_d20_imbFalse_assocFalse_signalTrue,bb_chi2,0.05,0.001,864,0.05555555555555555,0.0,0
n3_d20_imbFalse_assocFalse_signalTrue,bb_chi2,0.05,0.01,914,0.05032822757111598,0.00437636761487965,0
n3_d20_imbFalse_assocFalse_signalTrue,bb_chi2,0.05,0.05,911,0.06586169045005488,0.005488474204171241,1
n3_d20_imbFalse_assocFalse_signalTrue,bb_chi2,0.05,0.15,868,0.06451612903225806,0.004608294930875576,4
n3_d20_imbFalse_assocFalse_signalTrue,bb_chi2,0.05,0.35,926,0.061555075593952485,0.004319654427645789,1
n3_d20_imbFalse_assocFalse_signalTrue,bb_chi2,0.15,0.001,898,0.0467706013363029,0.0022271714922048997,1
n3_d20_imbFalse_assocFalse_signalTrue,bb_chi2,0.15,0.01,906,0.046357615894039736,0.0011037527593818985,0
n3_d20_imbFalse_assocFalse_signalTrue,bb_chi2,0.15,0.05,901,0.09877913429522753,0.009988901220865706,4
n3_d20_imbFalse_assocFalse_signalTrue,bb_chi2,0.15,0.15,919,0.1044613710554951,0.013057671381936888,8
n3_d20_imbFalse_assocFalse_signalTrue,bb_chi2,0.15,0.35,916,0.14519650655021835,0.02074235807860262,12
n3_d20_imbFalse_assocFalse_signalTrue,bb_chi2,0.35,0.001,857,0.040840140023337225,0.0,0
n3_d20_imbFalse_assocFalse_signalTrue,bb_chi2,0.35,0.01,907,0.06504961411245866,0.002205071664829107,0
n3_d20_imbFalse_assocFalse_signalTrue,bb_chi2,0.35,0.05,838,0.10620525059665871,0.010739856801909307,4
n3_d20_imbFalse_assocFalse_signalTrue,bb_chi2,0.35,0.15,910,0.10989010989010989,0.02197802197802198,14
n3_d20_imbFalse_assocFalse_signalTrue,bb_chi2,0.35,0.35,953,0.1353620146904512,0.033578174186778595,25
n3_d20_imbFalse_assocFalse_signalTrue,bb_chi2,0.5,0.001,905,0.05414364640883978,0.0022099447513812156,0
n3_d20_imbFalse_assocFalse_signalTrue,bb_chi2,0.5,0.01,917,0.05452562704471101,0.0010905125408942203,1
n3_d20_imbFalse_assocFalse_signalTrue,bb_chi2,0.5,0.05,905,0.09060773480662983,0.0077348066298342545,4
n3_d20_imbFalse_assocFalse_signalTrue,bb_chi2,0.5,0.15,906,0.12472406181015452,0.02759381898454746,15
n3_d20_imbFalse_assocFalse_signalTrue,bb_chi2,0.5,0.35,931,0.15037593984962405,0.03544575725026853,24
n3_d20_imbFalse_assocFalse_signalTrue,bb_chi2,0.65,0.001,960,0.041666666666666664,0.0010416666666666667,1
n3_d20_imbFalse_assocFalse_signalTrue,bb_chi2,0.65,0.01,890,0.05393258426966292,0.0022471910112359553,1
n3_d20_imbFalse_assocFalse_signalTrue,bb_chi2,0.65,0.05,917,0.07742639040348964,0.008724100327153763,3
n3_d20_imbFalse_assocFalse_signalTrue,bb_chi2,0.65,0.15,834,0.1486810551558753,0.023980815347721823,11
n3_d20_imbFalse_assocFalse_signalTrue,bb_chi2,0.65,0.35,883,0.1347678369195923,0.035107587768969425,22
n3_d20_imbFalse_assocFalse_signalTrue,bb_chi2,0.85,0.001,871,0.04133180252583238,0.0,0
n3_d20_imbFalse_assocFalse_signalTrue,bb_chi2,0.85,0.01,964,0.06846473029045644,0.001037344398340249,1
n3_d20_imbFalse_assocFalse_signalTrue,bb_chi2,0.85,0.05,886,0.10835214446952596,0.009029345372460496,5
n3_d20_imbFalse_assocFalse_signalTrue,bb_chi2,0.85,0.15,858,0.13053613053613053,0.018648018648018648,12
n3_d20_imbFalse_assocFalse_signalTrue,bb_chi2,0.85,0.35,910,0.12197802197802197,0.007692307692307693,4
n3_d20_imbFalse_assocFalse_signalTrue,bb_chi2,0.95,0.001,900,0.057777777777777775,0.0044444444444444444,1
n3_d20_imbFalse_assocFalse_signalTrue,bb_chi2,0.95,0.01,906,0.0673289183222958,0.0,0
n3_d20_imbFalse_assocFalse_signalTrue,bb_chi2,0.95,0.05,905,0.05966850828729282,0.0033149171270718232,1
n3_d20_imbFalse_assocFalse_signalTrue,bb_chi2,0.95,0.15,863,0.07300115874855156,0.005793742757821553,4
n3_d20_imbFalse_assocFalse_signalTrue,bb_chi2,0.95,0.35,921,0.06080347448425624,0.0010857763300760044,1
n3_d20_imbFalse_assocFalse_signalTrue,bb_chi2,0.99,0.001,862,0.018561484918793503,0.0,0
n3_d20_imbFalse_assocFalse_signalTrue,bb_chi2,0.99,0.01,923,0.00866738894907909,0.0,0
n3_d20_imbFalse_assocFalse_signalTrue,bb_chi2,0.99,0.05,898,0.021158129175946547,0.0,0
n3_d20_imbFalse_assocFalse_signalTrue,bb_chi2,0.99,0.15,912,0.0043859649122807015,0.0,0
n3_d20_imbFalse_assocFalse_signalTrue,bb_chi2,0.99,0.35,900,0.006666666666666667,0.0,0
n3_d20_imbFalse_assocFalse_signalTrue,bb_chi2,0.999,0.001,975,0.0,0.0,0
n3_d20_imbFalse_assocFalse_signalTrue,bb_chi2,0.999,0.01,864,0.0,0.0,0
n3_d20_imbFalse_assocFalse_signalTrue,bb_chi2,0.999,0.05,884,0.0,0.0,0
n3_d20_imbFalse_assocFalse_signalTrue,bb_chi2,0.999,0.15,900,0.0,0.0,0
n3_d20_imbFalse_assocFalse_signalTrue,bb_chi2,0.999,0.35,895,0.0,0.0,0
n3_d20_imbFalse_assocFalse_signalTrue,legacy_lr,0.001,0.001,957,0.0,0.0,0
n3_d20_imbFalse_assocFalse_signalTrue,legacy_lr,0.001,0.01,847,0.0,0.0,0
n3_d20_imbFalse_assocFalse_signalTrue,legacy_lr,0.001,0.05,932,0.0,0.0,0
n3_d20_imbFalse_assocFalse_signalTrue,legacy_lr,0.001,0.15,887,0.0011273957158962795,0.0,0
n3_d20_imbFalse_assocFalse_signalTrue,legacy_lr,0.001,0.35,860,0.002325581395348837,0.0,0
n3_d20_imbFalse_assocFalse_signalTrue,legacy_lr,0.01,0.001,894,0.0,0.0,0
n3_d20_imbFalse_assocFalse_signalTrue,legacy_lr,0.01,0.01,928,0.0,0.0,0
n3_d20_imbFalse_assocFalse_signalTrue,legacy_lr,0.01,0.05,918,0.002178649237472767,0.0,0
n3_d20_imbFalse_assocFalse_signalTrue,legacy_lr,0.01,0.15,890,0.016853932584269662,0.0,0
n3_d20_imbFalse_assocFalse_signalTrue,legacy_lr,0.01,0.35,848,0.04834905660377359,0.0023584905660377358,0
n3_d20_imbFalse_assocFalse_signalTrue,legacy_lr,0.05,0.001,864,0.0011574074074074073,0.0,0
n3_d20_imbFalse_assocFalse_signalTrue,legacy_lr,0.05,0.01,914,0.00437636761487965,0.0,0
n3_d20_imbFalse_assocFalse_signalTrue,legacy_lr,0.05,0.05,911,0.012074643249176729,0.0,0
n3_d20_imbFalse_assocFalse_signalTrue,legacy_lr,0.05,0.15,868,0.059907834101382486,0.001152073732718894,0
n3_d20_imbFalse_assocFalse_signalTrue,legacy_lr,0.05,0.35,926,0.1447084233261339,0.012958963282937365,0
n3_d20_imbFalse_assocFalse_signalTrue,legacy_lr,0.15,0.001,898,0.0022271714922048997,0.0,0
n3_d20_imbFalse_assocFalse_signalTrue,legacy_lr,0.15,0.01,906,0.0011037527593818985,0.0,0
n3_d20_imbFalse_assocFalse_signalTrue,legacy_lr,0.15,0.05,901,0.017758046614872364,0.0,0
n3_d20_imbFalse_assocFalse_signalTrue,legacy_lr,0.15,0.15,919,0.05984766050054407,0.0,0
n3_d20_imbFalse_assocFalse_signalTrue,legacy_lr,0.15,0.35,916,0.17248908296943233,0.021834061135371178,5
n3_d20_imbFalse_assocFalse_signalTrue,legacy_lr,0.35,0.001,857,0.0011668611435239206,0.0,0
n3_d20_imbFalse_assocFalse_signalTrue,legacy_lr,0.35,0.01,907,0.0033076074972436605,0.0,0
n3_d20_imbFalse_assocFalse_signalTrue,legacy_lr,0.35,0.05,838,0.017899761336515514,0.0,0
n3_d20_imbFalse_assocFalse_signalTrue,legacy_lr,0.35,0.15,910,0.051648351648351645,0.0,0
n3_d20_imbFalse_assocFalse_signalTrue,legacy_lr,0.35,0.35,953,0.12906610703043023,0.01049317943336831,1
n3_d20_imbFalse_assocFalse_signalTrue,legacy_lr,0.5,0.001,905,0.0022099447513812156,0.0,0
n3_d20_imbFalse_assocFalse_signalTrue,legacy_lr,0.5,0.01,917,0.0010905125408942203,0.0,0
n3_d20_imbFalse_assocFalse_signalTrue,legacy_lr,0.5,0.05,905,0.008839779005524863,0.0,0
n3_d20_imbFalse_assocFalse_signalTrue,legacy_lr,0.5,0.15,906,0.05408388520971302,0.0,0
n3_d20_imbFalse_assocFalse_signalTrue,legacy_lr,0.5,0.35,931,0.1267454350161117,0.0021482277121374865,0
n3_d20_imbFalse_assocFalse_signalTrue,legacy_lr,0.65,0.001,960,0.0010416666666666667,0.0,0
n3_d20_imbFalse_assocFalse_signalTrue,legacy_lr,0.65,0.01,890,0.0022471910112359553,0.0,0
n3_d20_imbFalse_assocFalse_signalTrue,legacy_lr,0.65,0.05,917,0.008724100327153763,0.0,0
n3_d20_imbFalse_assocFalse_signalTrue,legacy_lr,0.65,0.15,834,0.06235011990407674,0.0,0
n3_d20_imbFalse_assocFalse_signalTrue,legacy_lr,0.65,0.35,883,0.13250283125707815,0.007927519818799546,1
n3_d20_imbFalse_assocFalse_signalTrue,legacy_lr,0.85,0.001,871,0.0,0.0,0
n3_d20_imbFalse_assocFalse_signalTrue,legacy_lr,0.85,0.01,964,0.001037344398340249,0.0,0
n3_d20_imbFalse_assocFalse_signalTrue,legacy_lr,0.85,0.05,886,0.020316027088036117,0.0,0
n3_d20_imbFalse_assocFalse_signalTrue,legacy_lr,0.85,0.15,858,0.07226107226107226,0.004662004662004662,0
n3_d20_imbFalse_assocFalse_signalTrue,legacy_lr,0.85,0.35,910,0.15824175824175823,0.027472527472527472,6
n3_d20_imbFalse_assocFalse_signalTrue,legacy_lr,0.95,0.001,900,0.0044444444444444444,0.0,0
n3_d20_imbFalse_assocFalse_signalTrue,legacy_lr,0.95,0.01,906,0.0011037527593818985,0.0,0
n3_d20_imbFalse_assocFalse_signalTrue,legacy_lr,0.95,0.05,905,0.015469613259668509,0.0,0
n3_d20_imbFalse_assocFalse_signalTrue,legacy_lr,0.95,0.15,863,0.054461181923522596,0.0,0
n3_d20_imbFalse_assocFalse_signalTrue,legacy_lr,0.95,0.35,921,0.13897937024972856,0.013029315960912053,3
n3_d20_imbFalse_assocFalse_signalTrue,legacy_lr,0.99,0.001,862,0.0,0.0,0
n3_d20_imbFalse_assocFalse_signalTrue,legacy_lr,0.99,0.01,923,0.0,0.0,0
n3_d20_imbFalse_assocFalse_signalTrue,legacy_lr,0.99,0.05,898,0.0033407572383073497,0.0,0
n3_d20_imbFalse_assocFalse_signalTrue,legacy_lr,0.99,0.15,912,0.02412280701754386,0.0010964912280701754,0
n3_d20_imbFalse_assocFalse_signalTrue,legacy_lr,0.99,0.35,900,0.04888888888888889,0.0033333333333333335,1
n3_d20_imbFalse_assocFalse_signalTrue,legacy_lr,0.999,0.001,975,0.0,0.0,0
n3_d20_imbFalse_assocFalse_signalTrue,legacy_lr,0.999,0.01,864,0.0,0.0,0
n3_d20_imbFalse_assocFalse_signalTrue,legacy_lr,0.999,0.05,884,0.0,0.0,0
n3_d20_imbFalse_assocFalse_signalTrue,legacy_lr,0.999,0.15,900,0.0022222222222222222,0.0,0
n3_d20_imbFalse_assocFalse_signalTrue,legacy_lr,0.999,0.35,895,0.00558659217877095,0.0011173184357541898,0
n5_d20_imbFalse_assocFalse_signalFalse,bb_F,0.001,0.001,907,0.0,0.0,0
n5_d20_imbFalse_assocFalse_signalFalse,bb_F,0.001,0.01,901,0.0,0.0,0
n5_d20_imbFalse_assocFalse_signalFalse,bb_F,0.001,0.05,909,0.0,0.0,0
n5_d20_imbFalse_assocFalse_signalFalse,bb_F,0.001,0.15,911,0.0,0.0,0
n5_d20_imbFalse_assocFalse_signalFalse,bb_F,0.001,0.35,925,0.0,0.0,0
n5_d20_imbFalse_assocFalse_signalFalse,bb_F,0.01,0.001,898,0.0022271714922048997,0.0,0
n5_d20_imbFalse_assocFalse_signalFalse,bb_F,0.01,0.01,842,0.0059382422802850355,0.0,0
n5_d20_imbFalse_assocFalse_signalFalse,bb_F,0.01,0.05,849,0.004711425206124852,0.0,0
n5_d20_imbFalse_assocFalse_signalFalse,bb_F,0.01,0.15,922,0.0010845986984815619,0.0,0
n5_d20_imbFalse_assocFalse_signalFalse,bb_F,0.01,0.35,875,0.001142857142857143,0.0,0
n5_d20_imbFalse_assocFalse_signalFalse,bb_F,0.05,0.001,849,0.011778563015312132,0.0,0
n5_d20_imbFalse_assocFalse_signalFalse,bb_F,0.05,0.01,843,0.013048635824436536,0.0,0
n5_d20_imbFalse_assocFalse_signalFalse,bb_F,0.05,0.05,943,0.04029692470837752,0.0,0
n5_d20_imbFalse_assocFalse_signalFalse,bb_F,0.05,0.15,885,0.04067796610169491,0.0,0
n5_d20_imbFalse_assocFalse_signalFalse,bb_F,0.05,0.35,924,0.03571428571428571,0.0,0
n5_d20_imbFalse_assocFalse_signalFalse,bb_F,0.15,0.001,895,0.012290502793296089,0.0,0
n5_d20_imbFalse_assocFalse_signalFalse,bb_F,0.15,0.01,908,0.014317180616740088,0.0,0
n5_d20_imbFalse_assocFalse_signalFalse,bb_F,0.15,0.05,907,0.03528114663726571,0.0,0
n5_d20_imbFalse_assocFalse_signalFalse,bb_F,0.15,0.15,927,0.06364617044228695,0.0,0
n5_d20_imbFalse_assocFalse_signalFalse,bb_F,0.15,0.35,894,0.053691275167785234,0.0,0
n5_d20_imbFalse_assocFalse_signalFalse,bb_F,0.35,0.001,912,0.013157894736842105,0.0,0
n5_d20_imbFalse_assocFalse_signalFalse,bb_F,0.35,0.01,950,0.017894736842105262,0.0,0
n5_d20_imbFalse_assocFalse_signalFalse,bb_F,0.35,0.05,925,0.043243243243243246,0.0,0
n5_d20_imbFalse_assocFalse_signalFalse,bb_F,0.35,0.15,947,0.0675818373812038,0.0,0
n5_d20_imbFalse_assocFalse_signalFalse,bb_F,0.35,0.35,908,0.07048458149779736,0.0022026431718061676,0
n5_d20_imbFalse_assocFalse_signalFalse,bb_F,0.5,0.001,867,0.00922722029988466,0.0,0
n5_d20_imbFalse_assocFalse_signalFalse,bb_F,0.5,0.01,893,0.02127659574468085,0.0,0
n5_d20_imbFalse_assocFalse_signalFalse,bb_F,0.5,0.05,935,0.028877005347593583,0.0,0
n5_d20_imbFalse_assocFalse_signalFalse,bb_F,0.5,0.15,923,0.059588299024918745,0.0,0
n5_d20_imbFalse_assocFalse_signalFalse,bb_F,0.5,0.35,888,0.0686936936936937,0.0022522522522522522,0
n5_d20_imbFalse_assocFalse_signalFalse,bb_F,0.65,0.001,901,0.01220865704772475,0.0,0
n5_d20_imbFalse_assocFalse_signalFalse,bb_F,0.65,0.01,882,0.027210884353741496,0.0,0
n5_d20_imbFalse_assocFalse_signalFalse,bb_F,0.65,0.05,900,0.04111111111111111,0.0,0
n5_d20_imbFalse_assocFalse_signalFalse,bb_F,0.65,0.15,919,0.051142546245919476,0.0,0
n5_d20_imbFalse_assocFalse_signalFalse,bb_F,0.65,0.35,891,0.07631874298540965,0.003367003367003367,0
n5_d20_imbFalse_assocFalse_signalFalse,bb_F,0.85,0.001,928,0.010775862068965518,0.0,0
n5_d20_imbFalse_assocFalse_signalFalse,bb_F,0.85,0.01,927,0.008629989212513484,0.0,0
n5_d20_imbFalse_assocFalse_signalFalse,bb_F,0.85,0.05,900,0.03666666666666667,0.0,0
n5_d20_imbFalse_assocFalse_signalFalse,bb_F,0.85,0.15,919,0.04570184983677911,0.0,0
n5_d20_imbFalse_assocFalse_signalFalse,bb_F,0.85,0.35,921,0.06840390879478828,0.0,0
n5_d20_imbFalse_assocFalse_signalFalse,bb_F,0.95,0.001,926,0.01079913606911447,0.0,0
n5_d20_imbFalse_assocFalse_signalFalse,bb_F,0.95,0.01,921,0.02062975027144408,0.0,0
n5_d20_imbFalse_assocFalse_signalFalse,bb_F,0.95,0.05,945,0.039153439153439155,0.0,0
n5_d20_imbFalse_assocFalse_signalFalse,bb_F,0.95,0.15,925,0.05081081081081081,0.0,0
n5_d20_imbFalse_assocFalse_signalFalse,bb_F,0.95,0.35,902,0.041019955654102,0.0,0
n5_d20_imbFalse_assocFalse_signalFalse,bb_F,0.99,0.001,951,0.004206098843322818,0.0,0
n5_d20_imbFalse_assocFalse_signalFalse,bb_F,0.99,0.01,887,0.005636978579481398,0.0,0
n5_d20_imbFalse_assocFalse_signalFalse,bb_F,0.99,0.05,928,0.007543103448275862,0.0,0
n5_d20_imbFalse_assocFalse_signalFalse,bb_F,0.99,0.15,917,0.003271537622682661,0.0,0
n5_d20_imbFalse_assocFalse_signalFalse,bb_F,0.99,0.35,912,0.003289473684210526,0.0,0
n5_d20_imbFalse_assocFalse_signalFalse,bb_F,0.999,0.001,950,0.0,0.0,0
n5_d20_imbFalse_assocFalse_signalFalse,bb_F,0.999,0.01,933,0.0,0.0,0
n5_d20_imbFalse_assocFalse_signalFalse,bb_F,0.999,0.05,877,0.0,0.0,0
n5_d20_imbFalse_assocFalse_signalFalse,bb_F,0.999,0.15,912,0.0,0.0,0
n5_d20_imbFalse_assocFalse_signalFalse,bb_F,0.999,0.35,964,0.0,0.0,0
n5_d20_imbFalse_assocFalse_signalFalse,bb_chi2,0.001,0.001,907,0.0,0.0,0
n5_d20_imbFalse_assocFalse_signalFalse,bb_chi2,0.001,0.01,901,0.0,0.0,0
n5_d20_imbFalse_assocFalse_signalFalse,bb_chi2,0.001,0.05,909,0.0,0.0,0
n5_d20_imbFalse_assocFalse_signalFalse,bb_chi2,0.001,0.15,911,0.0,0.0,0
n5_d20_imbFalse_assocFalse_signalFalse,bb_chi2,0.001,0.35,925,0.0,0.0,0
n5_d20_imbFalse_assocFalse_signalFalse,bb_chi2,0.01,0.001,898,0.03897550111358575,0.0,0
n5_d20_imbFalse_assocFalse_signalFalse,bb_chi2,0.01,0.01,842,0.028503562945368172,0.0,0
n5_d20_imbFalse_assocFalse_signalFalse,bb_chi2,0.01,0.05,849,0.015312131919905771,0.0,0
n5_d20_imbFalse_assocFalse_signalFalse,bb_chi2,0.01,0.15,922,0.006507592190889371,0.0,0
n5_d20_imbFalse_assocFalse_signalFalse,bb_chi2,0.01,0.35,875,0.0034285714285714284,0.0,0
n5_d20_imbFalse_assocFalse_signalFalse,bb_chi2,0.05,0.001,849,0.02944640753828033,0.0,0
n5_d20_imbFalse_assocFalse_signalFalse,bb_chi2,0.05,0.01,843,0.036773428232502965,0.0,0
n5_d20_imbFalse_assocFalse_signalFalse,bb_chi2,0.05,0.05,943,0.07423117709437964,0.0010604453870625664,0
n5_d20_imbFalse_assocFalse_signalFalse,bb_chi2,0.05,0.15,885,0.0768361581920904,0.006779661016949152,0
n5_d20_imbFalse_assocFalse_signalFalse,bb_chi2,0.05,0.35,924,0.07034632034632035,0.003246753246753247,0
n5_d20_imbFalse_assocFalse_signalFalse,bb_chi2,0.15,0.001,895,0.03128491620111732,0.0011173184357541898,0
n5_d20_imbFalse_assocFalse_signalFalse,bb_chi2,0.15,0.01,908,0.031938325991189426,0.0022026431718061676,0
n5_d20_imbFalse_assocFalse_signalFalse,bb_chi2,0.15,0.05,907,0.08269018743109151,0.002205071664829107,1
n5_d20_imbFalse_assocFalse_signalFalse,bb_chi2,0.15,0.15,927,0.10032362459546926,0.008629989212513484,0
n5_d20_imbFalse_assocFalse_signalFalse,bb_chi2,0.15,0.35,894,0.08389261744966443,0.007829977628635347,0
n5_d20_imbFalse_assocFalse_signalFalse,bb_chi2,0.35,0.001,912,0.025219298245614034,0.0,0
n5_d20_imbFalse_assocFalse_signalFalse,bb_chi2,0.35,0.01,950,0.04736842105263158,0.0,0
n5_d20_imbFalse_assocFalse_signalFalse,bb_chi2,0.35,0.05,925,0.06918918918918919,0.004324324324324324,1
n5_d20_imbFalse_assocFalse_signalFalse,bb_chi2,0.35,0.15,947,0.10348468848996832,0.01900739176346357,2
n5_d20_imbFalse_assocFalse_signalFalse,bb_chi2,0.35,0.35,908,0.1211453744493392,0.01762114537444934,5
n5_d20_imbFalse_assocFalse_signalFalse,bb_chi2,0.5,0.001,867,0.029988465974625143,0.0,0
n5_d20_imbFalse_assocFalse_signalFalse,bb_chi2,0.5,0.01,893,0.04591265397536394,0.0,0
n5_d20_imbFalse_assocFalse_signalFalse,bb_chi2,0.5,0.05,935,0.057754010695187166,0.0021390374331550803,0
n5_d20_imbFalse_assocFalse_signalFalse,bb_chi2,0.5,0.15,923,0.09859154929577464,0.013001083423618635,5
n5_d20_imbFalse_assocFalse_signalFalse,bb_chi2,0.5,0.35,888,0.1036036036036036,0.016891891891891893,6
n5_d20_imbFalse_assocFalse_signalFalse,bb_chi2,0.65,0.001,901,0.029966703662597113,0.0,0
n5_d20_imbFalse_assocFalse_signalFalse,bb_chi2,0.65,0.01,882,0.049886621315192746,0.0045351473922902496,0
n5_d20_imbFalse_assocFalse_signalFalse,bb_chi2,0.65,0.05,900,0.08555555555555555,0.006666666666666667,1
n5_d20_imbFalse_assocFalse_signalFalse,bb_chi2,0.65,0.15,919,0.09140369967355821,0.009793253536452665,2
n5_d20_imbFalse_assocFalse_signalFalse,bb_chi2,0.65,0.35,891,0.11672278338945005,0.020202020202020204,6
n5_d20_imbFalse_assocFalse_signalFalse,bb_chi2,0.85,0.001,928,0.022629310344827586,0.0,0
n5_d20_imbFalse_assocFalse_signalFalse,bb_chi2,0.85,0.01,927,0.030204962243797196,0.0,0
n5_d20_imbFalse_assocFalse_signalFalse,bb_chi2,0.85,0.05,900,0.08333333333333333,0.0022222222222222222,0
n5_d20_imbFalse_assocFalse_signalFalse,bb_chi2,0.85,0.15,919,0.08378672470076169,0.008705114254624592,0
n5_d20_imbFalse_assocFalse_signalFalse,bb_chi2,0.85,0.35,921,0.10749185667752444,0.008686210640608035,1
n5_d20_imbFalse_assocFalse_signalFalse,bb_chi2,0.95,0.001,926,0.035637149028077755,0.0,0
n5_d20_imbFalse_assocFalse_signalFalse,bb_chi2,0.95,0.01,921,0.048859934853420196,0.0,0
n5_d20_imbFalse_assocFalse_signalFalse,bb_chi2,0.95,0.05,945,0.07407407407407407,0.005291005291005291,0
n5_d20_imbFalse_assocFalse_signalFalse,bb_chi2,0.95,0.15,925,0.09405405405405405,0.005405405405405406,0
n5_d20_imbFalse_assocFalse_signalFalse,bb_chi2,0.95,0.35,902,0.06541019955654102,0.0,0
n5_d20_imbFalse_assocFalse_signalFalse,bb_chi2,0.99,0.001,951,0.03680336487907466,0.0,0
n5_d20_imbFalse_assocFalse_signalFalse,bb_chi2,0.99,0.01,887,0.03156708004509583,0.0,0
n5_d20_imbFalse_assocFalse_signalFalse,bb_chi2,0.99,0.05,928,0.015086206896551725,0.0,0
n5_d20_imbFalse_assocFalse_signalFalse,bb_chi2,0.99,0.15,917,0.010905125408942203,0.0,0
n5_d20_imbFalse_assocFalse_signalFalse,bb_chi2,0.99,0.35,912,0.006578947368421052,0.0,0
n5_d20_imbFalse_assocFalse_signalFalse,bb_chi2,0.999,0.001,950,0.0010526315789473684,0.0,0
n5_d20_imbFalse_assocFalse_signalFalse,bb_chi2,0.999,0.01,933,0.0,0.0,0
n5_d20_imbFalse_assocFalse_signalFalse,bb_chi2,0.999,0.05,877,0.0011402508551881414,0.0,0
n5_d20_imbFalse_assocFalse_signalFalse,bb_chi2,0.999,0.15,912,0.0,0.0,0
n5_d20_imbFalse_assocFalse_signalFalse,bb_chi2,0.999,0.35,964,0.0,0.0,0
n5_d20_imbFalse_assocFalse_signalFalse,legacy_lr,0.001,0.001,907,0.0,0.0,0
n5_d20_imbFalse_assocFalse_signalFalse,legacy_lr,0.001,0.01,901,0.0,0.0,0
n5_d20_imbFalse_assocFalse_signalFalse,legacy_lr,0.001,0.05,909,0.0011001100110011,0.0,0
n5_d20_imbFalse_assocFalse_signalFalse,legacy_lr,0.001,0.15,911,0.0,0.0,0
n5_d20_imbFalse_assocFalse_signalFalse,legacy_lr,0.001,0.35,925,0.011891891891891892,0.0,0
n5_d20_imbFalse_assocFalse_signalFalse,legacy_lr,0.01,0.001,898,0.0,0.0,0
n5_d20_imbFalse_assocFalse_signalFalse,legacy_lr,0.01,0.01,842,0.0,0.0,0
n5_d20_imbFalse_assocFalse_signalFalse,legacy_lr,0.01,0.05,849,0.001177856301531213,0.0,0
n5_d20_imbFalse_assocFalse_signalFalse,legacy_lr,0.01,0.15,922,0.026030368763557483,0.0,0
n5_d20_imbFalse_assocFalse_signalFalse,legacy_lr,0.01,0.35,875,0.08457142857142858,0.006857142857142857,0
n5_d20_imbFalse_assocFalse_signalFalse,legacy_lr,0.05,0.001,849,0.002355712603062426,0.0,0
n5_d20_imbFalse_assocFalse_signalFalse,legacy_lr,0.05,0.01,843,0.00830367734282325,0.0,0
n5_d20_imbFalse_assocFalse_signalFalse,legacy_lr,0.05,0.05,943,0.02014846235418876,0.0,0
n5_d20_imbFalse_assocFalse_signalFalse,legacy_lr,0.05,0.15,885,0.06666666666666667,0.0011299435028248588,0
n5_d20_imbFalse_assocFalse_signalFalse,legacy_lr,0.05,0.35,924,0.18073593073593072,0.022727272727272728,1
n5_d20_imbFalse_assocFalse_signalFalse,legacy_lr,0.15,0.001,895,0.00558659217877095,0.0,0
n5_d20_imbFalse_assocFalse_signalFalse,legacy_lr,0.15,0.01,908,0.007709251101321586,0.0,0
n5_d20_imbFalse_assocFalse_signalFalse,legacy_lr,0.15,0.05,907,0.025358324145534728,0.0,0
n5_d20_imbFalse_assocFalse_signalFalse,legacy_lr,0.15,0.15,927,0.07874865156418555,0.0010787486515641855,0
n5_d20_imbFalse_assocFalse_signalFalse,legacy_lr,0.15,0.35,894,0.12639821029082773,0.011185682326621925,1
n5_d20_imbFalse_assocFalse_signalFalse,legacy_lr,0.35,0.001,912,0.005482456140350877,0.0,0
n5_d20_imbFalse_assocFalse_signalFalse,legacy_lr,0.35,0.01,950,0.010526315789473684,0.0,0
n5_d20_imbFalse_assocFalse_signalFalse,legacy_lr,0.35,0.05,925,0.03135135135135135,0.0,0
n5_d20_imbFalse_assocFalse_signalFalse,legacy_lr,0.35,0.15,947,0.06335797254487856,0.0,0
n5_d20_imbFalse_assocFalse_signalFalse,legacy_lr,0.35,0.35,908,0.1222466960352423,0.005506607929515419,0
n5_d20_imbFalse_assocFalse_signalFalse,legacy_lr,0.5,0.001,867,0.00461361014994233,0.0,0
n5_d20_imbFalse_assocFalse_signalFalse,legacy_lr,0.5,0.01,893,0.010078387458006719,0.0,0
n5_d20_imbFalse_assocFalse_signalFalse,legacy_lr,0.5,0.05,935,0.0213903743315508,0.0,0
n5_d20_imbFalse_assocFalse_signalFalse,legacy_lr,0.5,0.15,923,0.06067172264355363,0.0010834236186348862,0
n5_d20_imbFalse_assocFalse_signalFalse,legacy_lr,0.5,0.35,888,0.09346846846846847,0.0045045045045045045,0
n5_d20_imbFalse_assocFalse_signalFalse,legacy_lr,0.65,0.001,901,0.006659267480577136,0.0,0
n5_d20_imbFalse_assocFalse_signalFalse,legacy_lr,0.65,0.01,882,0.012471655328798186,0.0,0
n5_d20_imbFalse_assocFalse_signalFalse,legacy_lr,0.65,0.05,900,0.034444444444444444,0.0,0
n5_d20_imbFalse_assocFalse_signalFalse,legacy_lr,0.65,0.15,919,0.05767138193688792,0.002176278563656148,0
n5_d20_imbFalse_assocFalse_signalFalse,legacy_lr,0.65,0.35,891,0.12121212121212122,0.006734006734006734,0
n5_d20_imbFalse_assocFalse_signalFalse,legacy_lr,0.85,0.001,928,0.003232758620689655,0.0,0
n5_d20_imbFalse_assocFalse_signalFalse,legacy_lr,0.85,0.01,927,0.003236245954692557,0.0,0
n5_d20_imbFalse_assocFalse_signalFalse,legacy_lr,0.85,0.05,900,0.02666666666666667,0.0,0
n5_d20_imbFalse_assocFalse_signalFalse,legacy_lr,0.85,0.15,919,0.062023939064200215,0.0,0
n5_d20_imbFalse_assocFalse_signalFalse,legacy_lr,0.85,0.35,921,0.12920738327904452,0.011943539630836048,3
n5_d20_imbFalse_assocFalse_signalFalse,legacy_lr,0.95,0.001,926,0.005399568034557235,0.0,0
n5_d20_imbFalse_assocFalse_signalFalse,legacy_lr,0.95,0.01,921,0.0054288816503800215,0.0,0
n5_d20_imbFalse_assocFalse_signalFalse,legacy_lr,0.95,0.05,945,0.033862433862433865,0.0,0
n5_d20_imbFalse_assocFalse_signalFalse,legacy_lr,0.95,0.15,925,0.07783783783783783,0.001081081081081081,0
n5_d20_imbFalse_assocFalse_signalFalse,legacy_lr,0.95,0.35,902,0.1729490022172949,0.02771618625277162,0
n5_d20_imbFalse_assocFalse_signalFalse,legacy_lr,0.99,0.001,951,0.0,0.0,0
n5_d20_imbFalse_assocFalse_signalFalse,legacy_lr,0.99,0.01,887,0.0,0.0,0
n5_d20_imbFalse_assocFalse_signalFalse,legacy_lr,0.99,0.05,928,0.0010775862068965517,0.0,0
n5_d20_imbFalse_assocFalse_signalFalse,legacy_lr,0.99,0.15,917,0.020719738276990186,0.0,0
n5_d20_imbFalse_assocFalse_signalFalse,legacy_lr,0.99,0.35,912,0.06030701754385965,0.003289473684210526,1
n5_d20_imbFalse_assocFalse_signalFalse,legacy_lr,0.999,0.001,950,0.0,0.0,0
n5_d20_imbFalse_assocFalse_signalFalse,legacy_lr,0.999,0.01,933,0.0,0.0,0
n5_d20_imbFalse_assocFalse_signalFalse,legacy_lr,0.999,0.05,877,0.0,0.0,0
n5_d20_imbFalse_assocFalse_signalFalse,legacy_lr,0.999,0.15,912,0.0043859649122807015,0.0,0
n5_d20_imbFalse_assocFalse_signalFalse,legacy_lr,0.999,0.35,964,0.011410788381742738,0.0,0
n5_d20_imbFalse_assocFalse_signalTrue,bb_F,0.001,0.001,931,0.0,0.0,0
n5_d20_imbFalse_assocFalse_signalTrue,bb_F,0.001,0.01,941,0.0,0.0,0
n5_d20_imbFalse_assocFalse_signalTrue,bb_F,0.001,0.05,900,0.0,0.0,0
n5_d20_imbFalse_assocFalse_signalTrue,bb_F,0.001,0.15,910,0.0,0.0,0
n5_d20_imbFalse_assocFalse_signalTrue,bb_F,0.001,0.35,917,0.0,0.0,0
n5_d20_imbFalse_assocFalse_signalTrue,bb_F,0.01,0.001,882,0.01020408163265306,0.0,0
n5_d20_imbFalse_assocFalse_signalTrue,bb_F,0.01,0.01,861,0.008130081300813009,0.0,0
n5_d20_imbFalse_assocFalse_signalTrue,bb_F,0.01,0.05,890,0.0044943820224719105,0.0,0
n5_d20_imbFalse_assocFalse_signalTrue,bb_F,0.01,0.15,882,0.0022675736961451248,0.0,0
n5_d20_imbFalse_assocFalse_signalTrue,bb_F,0.01,0.35,874,0.0011441647597254005,0.0,0
n5_d20_imbFalse_assocFalse_signalTrue,bb_F,0.05,0.001,865,0.024277456647398842,0.0,0
n5_d20_imbFalse_assocFalse_signalTrue,bb_F,0.05,0.01,940,0.027659574468085105,0.0,0
n5_d20_imbFalse_assocFalse_signalTrue,bb_F,0.05,0.05,886,0.046275395033860044,0.0,0
n5_d20_imbFalse_assocFalse_signalTrue,bb_F,0.05,0.15,920,0.04456521739130435,0.0,0
n5_d20_imbFalse_assocFalse_signalTrue,bb_F,0.05,0.35,931,0.03007518796992481,0.0,0
n5_d20_imbFalse_assocFalse_signalTrue,bb_F,0.15,0.001,942,0.021231422505307854,0.0,0
n5_d20_imbFalse_assocFalse_signalTrue,bb_F,0.15,0.01,905,0.01878453038674033,0.0,0
n5_d20_imbFalse_assocFalse_signalTrue,bb_F,0.15,0.05,912,0.0537280701754386,0.0,0
n5_d20_imbFalse_assocFalse_signalTrue,bb_F,0.15,0.15,906,0.04966887417218543,0.0011037527593818985,0
n5_d20_imbFalse_assocFalse_signalTrue,bb_F,0.15,0.35,851,0.04465334900117509,0.0,0
n5_d20_imbFalse_assocFalse_signalTrue,bb_F,0.35,0.001,886,0.01580135440180587,0.0,0
n5_d20_imbFalse_assocFalse_signalTrue,bb_F,0.35,0.01,930,0.01935483870967742,0.0,0
n5_d20_imbFalse_assocFalse_signalTrue,bb_F,0.35,0.05,886,0.062076749435665914,0.0,0
n5_d20_imbFalse_assocFalse_signalTrue,bb_F,0.35,0.15,912,0.06359649122807018,0.0021929824561403508,0
n5_d20_imbFalse_assocFalse_signalTrue,bb_F,0.35,0.35,867,0.07727797001153403,0.002306805074971165,0
n5_d20_imbFalse_assocFalse_signalTrue,bb_F,0.5,0.001,909,0.013201320132013201,0.0,0
n5_d20_imbFalse_assocFalse_signalTrue,bb_F,0.5,0.01,934,0.017130620985010708,0.0,0
n5_d20_imbFalse_assocFalse_signalTrue,bb_F,0.5,0.05,874,0.059496567505720827,0.0,0
n5_d20_imbFalse_assocFalse_signalTrue,bb_F,0.5,0.15,782,0.05370843989769821,0.0012787723785166241,0
n5_d20_imbFalse_assocFalse_signalTrue,bb_F,0.5,0.35,911,0.06695938529088913,0.0021953896816684962,0
n5_d20_imbFalse_assocFalse_signalTrue,bb_F,0.65,0.001,924,0.022727272727272728,0.0,0
n5_d20_imbFalse_assocFalse_signalTrue,bb_F,0.65,0.01,886,0.028216704288939052,0.0,0
n5_d20_imbFalse_assocFalse_signalTrue,bb_F,0.65,0.05,897,0.05128205128205128,0.0,0
n5_d20_imbFalse_assocFalse_signalTrue,bb_F,0.65,0.15,883,0.053227633069082674,0.0033975084937712344,0
n5_d20_imbFalse_assocFalse_signalTrue,bb_F,0.65,0.35,905,0.05856353591160221,0.0,0
n5_d20_imbFalse_assocFalse_signalTrue,bb_F,0.85,0.001,906,0.01545253863134658,0.0,0
n5_d20_imbFalse_assocFalse_signalTrue,bb_F,0.85,0.01,873,0.029782359679266894,0.0,0
n5_d20_imbFalse_assocFalse_signalTrue,bb_F,0.85,0.05,920,0.05543478260869565,0.0,0
n5_d20_imbFalse_assocFalse_signalTrue,bb_F,0.85,0.15,912,0.051535087719298246,0.0010964912280701754,0
n5_d20_imbFalse_assocFalse_signalTrue,bb_F,0.85,0.35,904,0.05309734513274336,0.0,0
n5_d20_imbFalse_assocFalse_signalTrue,bb_F,0.95,0.001,891,0.017957351290684626,0.0,0
n5_d20_imbFalse_assocFalse_signalTrue,bb_F,0.95,0.01,901,0.029966703662597113,0.0,0
n5_d20_imbFalse_assocFalse_signalTrue,bb_F,0.95,0.05,906,0.04525386313465784,0.0,0
n5_d20_imbFalse_assocFalse_signalTrue,bb_F,0.95,0.15,896,0.044642857142857144,0.0,0
n5_d20_imbFalse_assocFalse_signalTrue,bb_F,0.95,0.35,884,0.04072398190045249,0.0,0
n5_d20_imbFalse_assocFalse_signalTrue,bb_F,0.99,0.001,922,0.004338394793926247,0.0,0
n5_d20_imbFalse_assocFalse_signalTrue,bb_F,0.99,0.01,895,0.004469273743016759,0.0,0
n5_d20_imbFalse_assocFalse_signalTrue,bb_F,0.99,0.05,897,0.004459308807134894,0.0,0
n5_d20_imbFalse_assocFalse_signalTrue,bb_F,0.99,0.15,930,0.002150537634408602,0.0,0
n5_d20_imbFalse_assocFalse_signalTrue,bb_F,0.99,0.35,904,0.0,0.0,0
n5_d20_imbFalse_assocFalse_signalTrue,bb_F,0.999,0.001,922,0.0,0.0,0
n5_d20_imbFalse_assocFalse_signalTrue,bb_F,0.999,0.01,867,0.0,0.0,0
n5_d20_imbFalse_assocFalse_signalTrue,bb_F,0.999,0.05,903,0.0,0.0,0
n5_d20_imbFalse_assocFalse_signalTrue,bb_F,0.999,0.15,910,0.0,0.0,0
n5_d20_imbFalse_assocFalse_signalTrue,bb_F,0.999,0.35,903,0.0,0.0,0
n5_d20_imbFalse_assocFalse_signalTrue,bb_chi2,0.001,0.001,931,0.0,0.0,0
n5_d20_imbFalse_assocFalse_signalTrue,bb_chi2,0.001,0.01,941,0.0,0.0,0
n5_d20_imbFalse_assocFalse_signalTrue,bb_chi2,0.001,0.05,900,0.0,0.0,0
n5_d20_imbFalse_assocFalse_signalTrue,bb_chi2,0.001,0.15,910,0.001098901098901099,0.0,0
n5_d20_imbFalse_assocFalse_signalTrue,bb_chi2,0.001,0.35,917,0.0,0.0,0
n5_d20_imbFalse_assocFalse_signalTrue,bb_chi2,0.01,0.001,882,0.024943310657596373,0.0,0
n5_d20_imbFalse_assocFalse_signalTrue,bb_chi2,0.01,0.01,861,0.025551684088269456,0.0,0
n5_d20_imbFalse_assocFalse_signalTrue,bb_chi2,0.01,0.05,890,0.021348314606741574,0.0,0
n5_d20_imbFalse_assocFalse_signalTrue,bb_chi2,0.01,0.15,882,0.007936507936507936,0.0,0
n5_d20_imbFalse_assocFalse_signalTrue,bb_chi2,0.01,0.35,874,0.009153318077803204,0.0,0
n5_d20_imbFalse_assocFalse_signalTrue,bb_chi2,0.05,0.001,865,0.047398843930635835,0.0,0
n5_d20_imbFalse_assocFalse_signalTrue,bb_chi2,0.05,0.01,940,0.059574468085106386,0.002127659574468085,0
n5_d20_imbFalse_assocFalse_signalTrue,bb_chi2,0.05,0.05,886,0.08013544018058691,0.006772009029345372,3
n5_d20_imbFalse_assocFalse_signalTrue,bb_chi2,0.05,0.15,920,0.08478260869565217,0.007608695652173913,5
n5_d20_imbFalse_assocFalse_signalTrue,bb_chi2,0.05,0.35,931,0.08163265306122448,0.0021482277121374865,0
n5_d20_imbFalse_assocFalse_signalTrue,bb_chi2,0.15,0.001,942,0.0435244161358811,0.0,0
n5_d20_imbFalse_assocFalse_signalTrue,bb_chi2,0.15,0.01,905,0.04640883977900553,0.0,0
n5_d20_imbFalse_assocFalse_signalTrue,bb_chi2,0.15,0.05,912,0.1074561403508772,0.007675438596491228,4
n5_d20_imbFalse_assocFalse_signalTrue,bb_chi2,0.15,0.15,906,0.0772626931567329,0.01434878587196468,9
n5_d20_imbFalse_assocFalse_signalTrue,bb_chi2,0.15,0.35,851,0.09283196239717979,0.005875440658049354,2
n5_d20_imbFalse_assocFalse_signalTrue,bb_chi2,0.35,0.001,886,0.045146726862302484,0.0,0
n5_d20_imbFalse_assocFalse_signalTrue,bb_chi2,0.35,0.01,930,0.053763440860215055,0.0,0
n5_d20_imbFalse_assocFalse_signalTrue,bb_chi2,0.35,0.05,886,0.10045146726862303,0.011286681715575621,2
n5_d20_imbFalse_assocFalse_signalTrue,bb_chi2,0.35,0.15,912,0.10855263157894737,0.025219298245614034,11
n5_d20_imbFalse_assocFalse_signalTrue,bb_chi2,0.35,0.35,867,0.12572087658592848,0.012687427912341407,5
n5_d20_imbFalse_assocFalse_signalTrue,bb_chi2,0.5,0.001,909,0.039603960396039604,0.0011001100110011,0
n5_d20_imbFalse_assocFalse_signalTrue,bb_chi2,0.5,0.01,934,0.05460385438972163,0.0010706638115631692,0
n5_d20_imbFalse_assocFalse_signalTrue,bb_chi2,0.5,0.05,874,0.10411899313501144,0.011441647597254004,5
n5_d20_imbFalse_assocFalse_signalTrue,bb_chi2,0.5,0.15,782,0.08439897698209718,0.010230179028132993,6
n5_d20_imbFalse_assocFalse_signalTrue,bb_chi2,0.5,0.35,911,0.12623490669593854,0.020856201975850714,13
n5_d20_imbFalse_assocFalse_signalTrue,bb_chi2,0.65,0.001,924,0.04329004329004329,0.0010822510822510823,0
n5_d20_imbFalse_assocFalse_signalTrue,bb_chi2,0.65,0.01,886,0.055304740406320545,0.0,0
n5_d20_imbFalse_assocFalse_signalTrue,bb_chi2,0.65,0.05,897,0.10702341137123746,0.011148272017837236,6
n5_d20_imbFalse_assocFalse_signalTrue,bb_chi2,0.65,0.15,883,0.08493771234428087,0.015855039637599093,7
n5_d20_imbFalse_assocFalse_signalTrue,bb_chi2,0.65,0.35,905,0.11491712707182321,0.008839779005524863,6
n5_d20_imbFalse_assocFalse_signalTrue,bb_chi2,0.85,0.001,906,0.03200883002207505,0.0,0
n5_d20_imbFalse_assocFalse_signalTrue,bb_chi2,0.85,0.01,873,0.06414662084765177,0.0,0
n5_d20_imbFalse_assocFalse_signalTrue,bb_chi2,0.85,0.05,920,0.09782608695652174,0.007608695652173913,4
n5_d20_imbFalse_assocFalse_signalTrue,bb_chi2,0.85,0.15,912,0.0800438596491228,0.01644736842105263,12
n5_d20_imbFalse_assocFalse_signalTrue,bb_chi2,0.85,0.35,904,0.10619469026548672,0.004424778761061947,1
n5_d20_imbFalse_assocFalse_signalTrue,bb_chi2,0.95,0.001,891,0.04152637485970819,0.001122334455667789,0
n5_d20_imbFalse_assocFalse_signalTrue,bb_chi2,0.95,0.01,901,0.05549389567147614,0.0011098779134295228,0
n5_d20_imbFalse_assocFalse_signalTrue,bb_chi2,0.95,0.05,906,0.08278145695364239,0.004415011037527594,0
n5_d20_imbFalse_assocFalse_signalTrue,bb_chi2,0.95,0.15,896,0.08370535714285714,0.004464285714285714,4
n5_d20_imbFalse_assocFalse_signalTrue,bb_chi2,0.95,0.35,884,0.08823529411764706,0.0022624434389140274,1
n5_d20_imbFalse_assocFalse_signalTrue,bb_chi2,0.99,0.001,922,0.02386117136659436,0.0,0
n5_d20_imbFalse_assocFalse_signalTrue,bb_chi2,0.99,0.01,895,0.030167597765363128,0.0,0
n5_d20_imbFalse_assocFalse_signalTrue,bb_chi2,0.99,0.05,897,0.016722408026755852,0.0,0
n5_d20_imbFalse_assocFalse_signalTrue,bb_chi2,0.99,0.15,930,0.007526881720430108,0.0,0
n5_d20_imbFalse_assocFalse_signalTrue,bb_chi2,0.99,0.35,904,0.007743362831858407,0.0,0
n5_d20_imbFalse_assocFalse_signalTrue,bb_chi2,0.999,0.001,922,0.0021691973969631237,0.0,0
n5_d20_imbFalse_assocFalse_signalTrue,bb_chi2,0.999,0.01,867,0.0,0.0,0
n5_d20_imbFalse_assocFalse_signalTrue,bb_chi2,0.999,0.05,903,0.0,0.0,0
n5_d20_imbFalse_assocFalse_signalTrue,bb_chi2,0.999,0.15,910,0.0,0.0,0
n5_d20_imbFalse_assocFalse_signalTrue,bb_chi2,0.999,0.35,903,0.0,0.0,0
n5_d20_imbFalse_assocFalse_signalTrue,legacy_lr,0.001,0.001,931,0.0,0.0,0
n5_d20_imbFalse_assocFalse_signalTrue,legacy_lr,0.001,0.01,941,0.0,0.0,0
n5_d20_imbFalse_assocFalse_signalTrue,legacy_lr,0.001,0.05,900,0.0,0.0,0
n5_d20_imbFalse_assocFalse_signalTrue,legacy_lr,0.001,0.15,910,0.005494505494505495,0.0,0
n5_d20_imbFalse_assocFalse_signalTrue,legacy_lr,0.001,0.35,917,0.007633587786259542,0.0,0
n5_d20_imbFalse_assocFalse_signalTrue,legacy_lr,0.01,0.001,882,0.0,0.0,0
n5_d20_imbFalse_assocFalse_signalTrue,legacy_lr,0.01,0.01,861,0.0,0.0,0
n5_d20_imbFalse_assocFalse_signalTrue,legacy_lr,0.01,0.05,890,0.0056179775280898875,0.0,0
n5_d20_imbFalse_assocFalse_signalTrue,legacy_lr,0.01,0.15,882,0.03854875283446712,0.0,0
n5_d20_imbFalse_assocFalse_signalTrue,legacy_lr,0.01,0.35,874,0.05491990846681922,0.0,0
n5_d20_imbFalse_assocFalse_signalTrue,legacy_lr,0.05,0.001,865,0.003468208092485549,0.0,0
n5_d20_imbFalse_assocFalse_signalTrue,legacy_lr,0.05,0.01,940,0.00851063829787234,0.0,0
n5_d20_imbFalse_assocFalse_signalTrue,legacy_lr,0.05,0.05,886,0.020316027088036117,0.0,0
n5_d20_imbFalse_assocFalse_signalTrue,legacy_lr,0.05,0.15,920,0.08152173913043478,0.0,0
n5_d20_imbFalse_assocFalse_signalTrue,legacy_lr,0.05,0.35,931,0.14715359828141783,0.01288936627282492,0
n5_d20_imbFalse_assocFalse_signalTrue,legacy_lr,0.15,0.001,942,0.0031847133757961785,0.0,0
n5_d20_imbFalse_assocFalse_signalTrue,legacy_lr,0.15,0.01,905,0.004419889502762431,0.0,0
n5_d20_imbFalse_assocFalse_signalTrue,legacy_lr,0.15,0.05,912,0.02412280701754386,0.0,0
n5_d20_imbFalse_assocFalse_signalTrue,legacy_lr,0.15,0.15,906,0.0673289183222958,0.0011037527593818985,0
n5_d20_imbFalse_assocFalse_signalTrue,legacy_lr,0.15,0.35,851,0.12808460634547592,0.009400705052878966,0
n5_d20_imbFalse_assocFalse_signalTrue,legacy_lr,0.35,0.001,886,0.004514672686230248,0.0,0
n5_d20_imbFalse_assocFalse_signalTrue,legacy_lr,0.35,0.01,930,0.0032258064516129032,0.0,0
n5_d20_imbFalse_assocFalse_signalTrue,legacy_lr,0.35,0.05,886,0.034988713318284424,0.0,0
n5_d20_imbFalse_assocFalse_signalTrue,legacy_lr,0.35,0.15,912,0.0756578947368421,0.0010964912280701754,0
n5_d20_imbFalse_assocFalse_signalTrue,legacy_lr,0.35,0.35,867,0.12110726643598616,0.0034602076124567475,0
n5_d20_imbFalse_assocFalse_signalTrue,legacy_lr,0.5,0.001,909,0.0033003300330033004,0.0,0
n5_d20_imbFalse_assocFalse_signalTrue,legacy_lr,0.5,0.01,934,0.0053533190578158455,0.0,0
n5_d20_imbFalse_assocFalse_signalTrue,legacy_lr,0.5,0.05,874,0.02288329519450801,0.0,0
n5_d20_imbFalse_assocFalse_signalTrue,legacy_lr,0.5,0.15,782,0.054987212276214836,0.0012787723785166241,0
n5_d20_imbFalse_assocFalse_signalTrue,legacy_lr,0.5,0.35,911,0.10647639956092206,0.006586169045005488,0
n5_d20_imbFalse_assocFalse_signalTrue,legacy_lr,0.65,0.001,924,0.005411255411255411,0.0,0
n5_d20_imbFalse_assocFalse_signalTrue,legacy_lr,0.65,0.01,886,0.004514672686230248,0.0,0
n5_d20_imbFalse_assocFalse_signalTrue,legacy_lr,0.65,0.05,897,0.02564102564102564,0.0,0
n5_d20_imbFalse_assocFalse_signalTrue,legacy_lr,0.65,0.15,883,0.06002265005662514,0.0011325028312570782,0
n5_d20_imbFalse_assocFalse_signalTrue,legacy_lr,0.65,0.35,905,0.11160220994475138,0.0033149171270718232,1
n5_d20_imbFalse_assocFalse_signalTrue,legacy_lr,0.85,0.001,906,0.0033112582781456954,0.0,0
n5_d20_imbFalse_assocFalse_signalTrue,legacy_lr,0.85,0.01,873,0.008018327605956471,0.0,0
n5_d20_imbFalse_assocFalse_signalTrue,legacy_lr,0.85,0.05,920,0.030434782608695653,0.0,0
n5_d20_imbFalse_assocFalse_signalTrue,legacy_lr,0.85,0.15,912,0.0625,0.0,0
n5_d20_imbFalse_assocFalse_signalTrue,legacy_lr,0.85,0.35,904,0.12057522123893805,0.007743362831858407,3
n5_d20_imbFalse_assocFalse_signalTrue,legacy_lr,0.95,0.001,891,0.002244668911335578,0.0,0
n5_d20_imbFalse_assocFalse_signalTrue,legacy_lr,0.95,0.01,901,0.004439511653718091,0.0,0
n5_d20_imbFalse_assocFalse_signalTrue,legacy_lr,0.95,0.05,906,0.024282560706401765,0.0,0
n5_d20_imbFalse_assocFalse_signalTrue,legacy_lr,0.95,0.15,896,0.07254464285714286,0.002232142857142857,0
n5_d20_imbFalse_assocFalse_signalTrue,legacy_lr,0.95,0.35,884,0.16063348416289594,0.024886877828054297,3
n5_d20_imbFalse_assocFalse_signalTrue,legacy_lr,0.99,0.001,922,0.0,0.0,0
n5_d20_imbFalse_assocFalse_signalTrue,legacy_lr,0.99,0.01,895,0.0,0.0,0
n5_d20_imbFalse_assocFalse_signalTrue,legacy_lr,0.99,0.05,897,0.0033444816053511705,0.0,0
n5_d20_imbFalse_assocFalse_signalTrue,legacy_lr,0.99,0.15,930,0.030107526881720432,0.0,0
n5_d20_imbFalse_assocFalse_signalTrue,legacy_lr,0.99,0.35,904,0.08185840707964602,0.004424778761061947,0
n5_d20_imbFalse_assocFalse_signalTrue,legacy_lr,0.999,0.001,922,0.0,0.0,0
n5_d20_imbFalse_assocFalse_signalTrue,legacy_lr,0.999,0.01,867,0.0,0.0,0
n5_d20_imbFalse_assocFalse_signalTrue,legacy_lr,0.999,0.05,903,0.0011074197120708748,0.0,0
n5_d20_imbFalse_assocFalse_signalTrue,legacy_lr,0.999,0.15,910,0.001098901098901099,0.0,0
n5_d20_imbFalse_assocFalse_signalTrue,legacy_lr,0.999,0.35,903,0.012181616832779624,0.0,0
n5_d20_imbTrue_assocFalse_signalFalse,bb_F,0.001,0.001,922,0.0,0.0,0
n5_d20_imbTrue_assocFalse_signalFalse,bb_F,0.001,0.01,925,0.0,0.0,0
n5_d20_imbTrue_assocFalse_signalFalse,bb_F,0.001,0.05,958,0.0,0.0,0
n5_d20_imbTrue_assocFalse_signalFalse,bb_F,0.001,0.15,916,0.0,0.0,0
n5_d20_imbTrue_assocFalse_signalFalse,bb_F,0.001,0.35,866,0.0,0.0,0
n5_d20_imbTrue_assocFalse_signalFalse,bb_F,0.01,0.001,888,0.0045045045045045045,0.0,0
n5_d20_imbTrue_assocFalse_signalFalse,bb_F,0.01,0.01,901,0.00776914539400666,0.0,0
n5_d20_imbTrue_assocFalse_signalFalse,bb_F,0.01,0.05,944,0.00847457627118644,0.0,0
n5_d20_imbTrue_assocFalse_signalFalse,bb_F,0.01,0.15,944,0.00423728813559322,0.0,0
n5_d20_imbTrue_assocFalse_signalFalse,bb_F,0.01,0.35,903,0.0033222591362126247,0.0,0
n5_d20_imbTrue_assocFalse_signalFalse,bb_F,0.05,0.001,908,0.012114537444933921,0.0,0
n5_d20_imbTrue_assocFalse_signalFalse,bb_F,0.05,0.01,908,0.022026431718061675,0.0,0
n5_d20_imbTrue_assocFalse_signalFalse,bb_F,0.05,0.05,875,0.05028571428571429,0.0,0
n5_d20_imbTrue_assocFalse_signalFalse,bb_F,0.05,0.15,923,0.07367280606717226,0.0010834236186348862,0
n5_d20_imbTrue_assocFalse_signalFalse,bb_F,0.05,0.35,920,0.03695652173913044,0.0,0
n5_d20_imbTrue_assocFalse_signalFalse,bb_F,0.15,0.001,964,0.01970954356846473,0.0,0
n5_d20_imbTrue_assocFalse_signalFalse,bb_F,0.15,0.01,890,0.025842696629213482,0.0,0
n5_d20_imbTrue_assocFalse_signalFalse,bb_F,0.15,0.05,913,0.06900328587075576,0.0,0
n5_d20_imbTrue_assocFalse_signalFalse,bb_F,0.15,0.15,923,0.06608884073672806,0.0,0
n5_d20_imbTrue_assocFalse_signalFalse,bb_F,0.15,0.35,905,0.057458563535911604,0.0022099447513812156,0
n5_d20_imbTrue_assocFalse_signalFalse,bb_F,0.35,0.001,894,0.01901565995525727,0.0,0
n5_d20_imbTrue_assocFalse_signalFalse,bb_F,0.35,0.01,888,0.036036036036036036,0.0,0
n5_d20_imbTrue_assocFalse_signalFalse,bb_F,0.35,0.05,917,0.05561613958560523,0.0,0
n5_d20_imbTrue_assocFalse_signalFalse,bb_F,0.35,0.15,851,0.07050528789659224,0.0011750881316098707,0
n5_d20_imbTrue_assocFalse_signalFalse,bb_F,0.35,0.35,877,0.06043329532497149,0.004561003420752566,0
n5_d20_imbTrue_assocFalse_signalFalse,bb_F,0.5,0.001,933,0.013933547695605574,0.0,0
n5_d20_imbTrue_assocFalse_signalFalse,bb_F,0.5,0.01,902,0.028824833702882482,0.0,0
n5_d20_imbTrue_assocFalse_signalFalse,bb_F,0.5,0.05,885,0.07909604519774012,0.0,0
n5_d20_imbTrue_assocFalse_signalFalse,bb_F,0.5,0.15,918,0.08823529411764706,0.0010893246187363835,0
n5_d20_imbTrue_assocFalse_signalFalse,bb_F,0.5,0.35,864,0.07291666666666667,0.006944444444444444,0
n5_d20_imbTrue_assocFalse_signalFalse,bb_F,0.65,0.001,951,0.013669821240799159,0.0,0
n5_d20_imbTrue_assocFalse_signalFalse,bb_F,0.65,0.01,901,0.02885682574916759,0.0,0
n5_d20_imbTrue_assocFalse_signalFalse,bb_F,0.65,0.05,909,0.06490649064906491,0.0,0
n5_d20_imbTrue_assocFalse_signalFalse,bb_F,0.65,0.15,899,0.08008898776418243,0.004449388209121246,0
n5_d20_imbTrue_assocFalse_signalFalse,bb_F,0.65,0.35,940,0.06702127659574468,0.005319148936170213,0
n5_d20_imbTrue_assocFalse_signalFalse,bb_F,0.85,0.001,932,0.017167381974248927,0.0,0
n5_d20_imbTrue_assocFalse_signalFalse,bb_F,0.85,0.01,906,0.019867549668874173,0.0,0
n5_d20_imbTrue_assocFalse_signalFalse,bb_F,0.85,0.05,924,0.04329004329004329,0.0,0
n5_d20_imbTrue_assocFalse_signalFalse,bb_F,0.85,0.15,891,0.07856341189674523,0.002244668911335578,0
n5_d20_imbTrue_assocFalse_signalFalse,bb_F,0.85,0.35,903,0.07751937984496124,0.0022148394241417496,0
n5_d20_imbTrue_assocFalse_signalFalse,bb_F,0.95,0.001,947,0.026399155227032733,0.0,0
n5_d20_imbTrue_assocFalse_signalFalse,bb_F,0.95,0.01,886,0.028216704288939052,0.0,0
n5_d20_imbTrue_assocFalse_signalFalse,bb_F,0.95,0.05,900,0.06444444444444444,0.0,0
n5_d20_imbTrue_assocFalse_signalFalse,bb_F,0.95,0.15,890,0.060674157303370786,0.0,0
n5_d20_imbTrue_assocFalse_signalFalse,bb_F,0.95,0.35,917,0.028353326063249727,0.0,0
n5_d20_imbTrue_assocFalse_signalFalse,bb_F,0.99,0.001,939,0.005324813631522897,0.0,0
n5_d20_imbTrue_assocFalse_signalFalse,bb_F,0.99,0.01,921,0.006514657980456026,0.0,0
n5_d20_imbTrue_assocFalse_signalFalse,bb_F,0.99,0.05,933,0.006430868167202572,0.0,0
n5_d20_imbTrue_assocFalse_signalFalse,bb_F,0.99,0.15,928,0.003232758620689655,0.0,0
n5_d20_imbTrue_assocFalse_signalFalse,bb_F,0.99,0.35,894,0.0011185682326621924,0.0,0
n5_d20_imbTrue_assocFalse_signalFalse,bb_F,0.999,0.001,910,0.0,0.0,0
n5_d20_imbTrue_assocFalse_signalFalse,bb_F,0.999,0.01,885,0.0,0.0,0
n5_d20_imbTrue_assocFalse_signalFalse,bb_F,0.999,0.05,868,0.0,0.0,0
n5_d20_imbTrue_assocFalse_signalFalse,bb_F,0.999,0.15,913,0.0,0.0,0
n5_d20_imbTrue_assocFalse_signalFalse,bb_F,0.999,0.35,888,0.0,0.0,0
n5_d20_imbTrue_assocFalse_signalFalse,bb_chi2,0.001,0.001,922,0.0,0.0,0
n5_d20_imbTrue_assocFalse_signalFalse,bb_chi2,0.001,0.01,925,0.0,0.0,0
n5_d20_imbTrue_assocFalse_signalFalse,bb_chi2,0.001,0.05,958,0.0,0.0,0
n5_d20_imbTrue_assocFalse_signalFalse,bb_chi2,0.001,0.15,916,0.0,0.0,0
n5_d20_imbTrue_assocFalse_signalFalse,bb_chi2,0.001,0.35,866,0.0,0.0,0
n5_d20_imbTrue_assocFalse_signalFalse,bb_chi2,0.01,0.001,888,0.03265765765765766,0.0,0
n5_d20_imbTrue_assocFalse_signalFalse,bb_chi2,0.01,0.01,901,0.029966703662597113,0.0,0
n5_d20_imbTrue_assocFalse_signalFalse,bb_chi2,0.01,0.05,944,0.024364406779661018,0.0,0
n5_d20_imbTrue_assocFalse_signalFalse,bb_chi2,0.01,0.15,944,0.011652542372881356,0.001059322033898305,1
n5_d20_imbTrue_assocFalse_signalFalse,bb_chi2,0.01,0.35,903,0.01107419712070875,0.0,0
n5_d20_imbTrue_assocFalse_signalFalse,bb_chi2,0.05,0.001,908,0.04405286343612335,0.0011013215859030838,0
n5_d20_imbTrue_assocFalse_signalFalse,bb_chi2,0.05,0.01,908,0.053964757709251104,0.0022026431718061676,0
n5_d20_imbTrue_assocFalse_signalFalse,bb_chi2,0.05,0.05,875,0.10285714285714286,0.010285714285714285,2
n5_d20_imbTrue_assocFalse_signalFalse,bb_chi2,0.05,0.15,923,0.12892741061755147,0.011917659804983749,4
n5_d20_imbTrue_assocFalse_signalFalse,bb_chi2,0.05,0.35,920,0.0891304347826087,0.0010869565217391304,0
n5_d20_imbTrue_assocFalse_signalFalse,bb_chi2,0.15,0.001,964,0.046680497925311204,0.001037344398340249,0
n5_d20_imbTrue_assocFalse_signalFalse,bb_chi2,0.15,0.01,890,0.05730337078651685,0.0011235955056179776,0
n5_d20_imbTrue_assocFalse_signalFalse,bb_chi2,0.15,0.05,913,0.10624315443592552,0.00547645125958379,2
n5_d20_imbTrue_assocFalse_signalFalse,bb_chi2,0.15,0.15,923,0.1105092091007584,0.020585048754062838,6
n5_d20_imbTrue_assocFalse_signalFalse,bb_chi2,0.15,0.35,905,0.10939226519337017,0.020994475138121547,12
n5_d20_imbTrue_assocFalse_signalFalse,bb_chi2,0.35,0.001,894,0.03691275167785235,0.0,0
n5_d20_imbTrue_assocFalse_signalFalse,bb_chi2,0.35,0.01,888,0.06531531531531531,0.0011261261261261261,0
n5_d20_imbTrue_assocFalse_signalFalse,bb_chi2,0.35,0.05,917,0.11995637949836423,0.010905125408942203,1
n5_d20_imbTrue_assocFalse_signalFalse,bb_chi2,0.35,0.15,851,0.10928319623971798,0.01880141010575793,8
n5_d20_imbTrue_assocFalse_signalFalse,bb_chi2,0.35,0.35,877,0.10946408209806158,0.01710376282782212,8
n5_d20_imbTrue_assocFalse_signalFalse,bb_chi2,0.5,0.001,933,0.03215434083601286,0.0,0
n5_d20_imbTrue_assocFalse_signalFalse,bb_chi2,0.5,0.01,902,0.07317073170731707,0.0022172949002217295,0
n5_d20_imbTrue_assocFalse_signalFalse,bb_chi2,0.5,0.05,885,0.1344632768361582,0.007909604519774011,1
n5_d20_imbTrue_assocFalse_signalFalse,bb_chi2,0.5,0.15,918,0.11655773420479303,0.027233115468409588,9
n5_d20_imbTrue_assocFalse_signalFalse,bb_chi2,0.5,0.35,864,0.1111111111111111,0.023148148148148147,12
n5_d20_imbTrue_assocFalse_signalFalse,bb_chi2,0.65,0.001,951,0.027339642481598318,0.0,0
n5_d20_imbTrue_assocFalse_signalFalse,bb_chi2,0.65,0.01,901,0.04661487236403995,0.0022197558268590455,0
n5_d20_imbTrue_assocFalse_signalFalse,bb_chi2,0.65,0.05,909,0.10891089108910891,0.0088008800880088,2
n5_d20_imbTrue_assocFalse_signalFalse,bb_chi2,0.65,0.15,899,0.1067853170189099,0.02224694104560623,10
n5_d20_imbTrue_assocFalse_signalFalse,bb_chi2,0.65,0.35,940,0.10425531914893617,0.01276595744680851,7
n5_d20_imbTrue_assocFalse_signalFalse,bb_chi2,0.85,0.001,932,0.03862660944206009,0.0,0
n5_d20_imbTrue_assocFalse_signalFalse,bb_chi2,0.85,0.01,906,0.04746136865342163,0.0011037527593818985,0
n5_d20_imbTrue_assocFalse_signalFalse,bb_chi2,0.85,0.05,924,0.09090909090909091,0.007575757575757576,0
n5_d20_imbTrue_assocFalse_signalFalse,bb_chi2,0.85,0.15,891,0.12008978675645342,0.02132435465768799,7
n5_d20_imbTrue_assocFalse_signalFalse,bb_chi2,0.85,0.35,903,0.11960132890365449,0.019933554817275746,7
n5_d20_imbTrue_assocFalse_signalFalse,bb_chi2,0.95,0.001,947,0.05174234424498416,0.0,0
n5_d20_imbTrue_assocFalse_signalFalse,bb_chi2,0.95,0.01,886,0.05304740406320542,0.002257336343115124,1
n5_d20_imbTrue_assocFalse_signalFalse,bb_chi2,0.95,0.05,900,0.11333333333333333,0.008888888888888889,1
n5_d20_imbTrue_assocFalse_signalFalse,bb_chi2,0.95,0.15,890,0.11573033707865168,0.012359550561797753,2
n5_d20_imbTrue_assocFalse_signalFalse,bb_chi2,0.95,0.35,917,0.08396946564885496,0.0010905125408942203,0
n5_d20_imbTrue_assocFalse_signalFalse,bb_chi2,0.99,0.001,939,0.0308839190628328,0.0,0
n5_d20_imbTrue_assocFalse_signalFalse,bb_chi2,0.99,0.01,921,0.0249728555917481,0.0,0
n5_d20_imbTrue_assocFalse_signalFalse,bb_chi2,0.99,0.05,933,0.01714898177920686,0.0,0
n5_d20_imbTrue_assocFalse_signalFalse,bb_chi2,0.99,0.15,928,0.014008620689655173,0.0,0
n5_d20_imbTrue_assocFalse_signalFalse,bb_chi2,0.99,0.35,894,0.005592841163310962,0.0,0
n5_d20_imbTrue_assocFalse_signalFalse,bb_chi2,0.999,0.001,910,0.0,0.0,0
n5_d20_imbTrue_assocFalse_signalFalse,bb_chi2,0.999,0.01,885,0.0,0.0,0
n5_d20_imbTrue_assocFalse_signalFalse,bb_chi2,0.999,0.05,868,0.0,0.0,0
n5_d20_imbTrue_assocFalse_signalFalse,bb_chi2,0.999,0.15,913,0.0,0.0,0
n5_d20_imbTrue_assocFalse_signalFalse,bb_chi2,0.999,0.35,888,0.0,0.0,0
n5_d20_imbTrue_assocFalse_signalFalse,legacy_lr,0.001,0.001,922,0.0,0.0,0
n5_d20_imbTrue_assocFalse_signalFalse,legacy_lr,0.001,0.01,925,0.0,0.0,0
n5_d20_imbTrue_assocFalse_signalFalse,legacy_lr,0.001,0.05,958,0.0010438413361169101,0.0,0
n5_d20_imbTrue_assocFalse_signalFalse,legacy_lr,0.001,0.15,916,0.0032751091703056767,0.0,0
n5_d20_imbTrue_assocFalse_signalFalse,legacy_lr,0.001,0.35,866,0.006928406466512702,0.0023094688221709007,2
n5_d20_imbTrue_assocFalse_signalFalse,legacy_lr,0.01,0.001,888,0.0,0.0,0
n5_d20_imbTrue_assocFalse_signalFalse,legacy_lr,0.01,0.01,901,0.0,0.0,0
n5_d20_imbTrue_assocFalse_signalFalse,legacy_lr,0.01,0.05,944,0.01059322033898305,0.0,0
n5_d20_imbTrue_assocFalse_signalFalse,legacy_lr,0.01,0.15,944,0.03919491525423729,0.0031779661016949155,1
n5_d20_imbTrue_assocFalse_signalFalse,legacy_lr,0.01,0.35,903,0.05537098560354374,0.012181616832779624,7
n5_d20_imbTrue_assocFalse_signalFalse,legacy_lr,0.05,0.001,908,0.004405286343612335,0.0,0
n5_d20_imbTrue_assocFalse_signalFalse,legacy_lr,0.05,0.01,908,0.012114537444933921,0.0,0
n5_d20_imbTrue_assocFalse_signalFalse,legacy_lr,0.05,0.05,875,0.03428571428571429,0.001142857142857143,0
n5_d20_imbTrue_assocFalse_signalFalse,legacy_lr,0.05,0.15,923,0.12892741061755147,0.0065005417118093175,1
n5_d20_imbTrue_assocFalse_signalFalse,legacy_lr,0.05,0.35,920,0.20543478260869566,0.0391304347826087,17
n5_d20_imbTrue_assocFalse_signalFalse,legacy_lr,0.15,0.001,964,0.008298755186721992,0.0,0
n5_d20_imbTrue_assocFalse_signalFalse,legacy_lr,0.15,0.01,890,0.016853932584269662,0.0,0
n5_d20_imbTrue_assocFalse_signalFalse,legacy_lr,0.15,0.05,913,0.04600219058050383,0.0,0
n5_d20_imbTrue_assocFalse_signalFalse,legacy_lr,0.15,0.15,923,0.12026002166847237,0.0,0
n5_d20_imbTrue_assocFalse_signalFalse,legacy_lr,0.15,0.35,905,0.20441988950276244,0.022099447513812154,9
n5_d20_imbTrue_assocFalse_signalFalse,legacy_lr,0.35,0.001,894,0.011185682326621925,0.0,0
n5_d20_imbTrue_assocFalse_signalFalse,legacy_lr,0.35,0.01,888,0.018018018018018018,0.0,0
n5_d20_imbTrue_assocFalse_signalFalse,legacy_lr,0.35,0.05,917,0.04907306434023991,0.0,0
n5_d20_imbTrue_assocFalse_signalFalse,legacy_lr,0.35,0.15,851,0.12220916568742655,0.0011750881316098707,0
n5_d20_imbTrue_assocFalse_signalFalse,legacy_lr,0.35,0.35,877,0.16647662485746864,0.011402508551881414,1
n5_d20_imbTrue_assocFalse_signalFalse,legacy_lr,0.5,0.001,933,0.0053590568060021436,0.0,0
n5_d20_imbTrue_assocFalse_signalFalse,legacy_lr,0.5,0.01,902,0.018847006651884702,0.0,0
n5_d20_imbTrue_assocFalse_signalFalse,legacy_lr,0.5,0.05,885,0.0576271186440678,0.0,0
n5_d20_imbTrue_assocFalse_signalFalse,legacy_lr,0.5,0.15,918,0.1394335511982571,0.002178649237472767,0
n5_d20_imbTrue_assocFalse_signalFalse,legacy_lr,0.5,0.35,864,0.19444444444444445,0.019675925925925927,3
n5_d20_imbTrue_assocFalse_signalFalse,legacy_lr,0.65,0.001,951,0.005257623554153523,0.0,0
n5_d20_imbTrue_assocFalse_signalFalse,legacy_lr,0.65,0.01,901,0.016648168701442843,0.0,0
n5_d20_imbTrue_assocFalse_signalFalse,legacy_lr,0.65,0.05,909,0.052805280528052806,0.0,0
n5_d20_imbTrue_assocFalse_signalFalse,legacy_lr,0.65,0.15,899,0.12124582869855395,0.004449388209121246,0
n5_d20_imbTrue_assocFalse_signalFalse,legacy_lr,0.65,0.35,940,0.1829787234042553,0.015957446808510637,5
n5_d20_imbTrue_assocFalse_signalFalse,legacy_lr,0.85,0.001,932,0.006437768240343348,0.0,0
n5_d20_imbTrue_assocFalse_signalFalse,legacy_lr,0.85,0.01,906,0.009933774834437087,0.0,0
n5_d20_imbTrue_assocFalse_signalFalse,legacy_lr,0.85,0.05,924,0.03354978354978355,0.0,0
n5_d20_imbTrue_assocFalse_signalFalse,legacy_lr,0.85,0.15,891,0.11560044893378227,0.002244668911335578,0
n5_d20_imbTrue_assocFalse_signalFalse,legacy_lr,0.85,0.35,903,0.22702104097452935,0.026578073089700997,13
n5_d20_imbTrue_assocFalse_signalFalse,legacy_lr,0.95,0.001,947,0.006335797254487857,0.0,0
n5_d20_imbTrue_assocFalse_signalFalse,legacy_lr,0.95,0.01,886,0.014672686230248307,0.0,0
n5_d20_imbTrue_assocFalse_signalFalse,legacy_lr,0.95,0.05,900,0.04666666666666667,0.0,0
n5_d20_imbTrue_assocFalse_signalFalse,legacy_lr,0.95,0.15,890,0.13370786516853933,0.0033707865168539327,0
n5_d20_imbTrue_assocFalse_signalFalse,legacy_lr,0.95,0.35,917,0.17557251908396945,0.03707742639040349,19
n5_d20_imbTrue_assocFalse_signalFalse,legacy_lr,0.99,0.001,939,0.0,0.0,0
n5_d20_imbTrue_assocFalse_signalFalse,legacy_lr,0.99,0.01,921,0.0010857763300760044,0.0,0
n5_d20_imbTrue_assocFalse_signalFalse,legacy_lr,0.99,0.05,933,0.013933547695605574,0.0,0
n5_d20_imbTrue_assocFalse_signalFalse,legacy_lr,0.99,0.15,928,0.05064655172413793,0.0021551724137931034,1
n5_d20_imbTrue_assocFalse_signalFalse,legacy_lr,0.99,0.35,894,0.06040268456375839,0.012304250559284116,3
n5_d20_imbTrue_assocFalse_signalFalse,legacy_lr,0.999,0.001,910,0.0,0.0,0
n5_d20_imbTrue_assocFalse_signalFalse,legacy_lr,0.999,0.01,885,0.0,0.0,0
n5_d20_imbTrue_assocFalse_signalFalse,legacy_lr,0.999,0.05,868,0.0,0.0,0
n5_d20_imbTrue_assocFalse_signalFalse,legacy_lr,0.999,0.15,913,0.004381161007667032,0.001095290251916758,0
n5_d20_imbTrue_assocFalse_signalFalse,legacy_lr,0.999,0.35,888,0.007882882882882882,0.0033783783783783786,1
n5_d20_imbTrue_assocFalse_signalTrue,bb_F,0.001,0.001,918,0.0,0.0,0
n5_d20_imbTrue_assocFalse_signalTrue,bb_F,0.001,0.01,938,0.0,0.0,0
n5_d20_imbTrue_assocFalse_signalTrue,bb_F,0.001,0.05,880,0.0,0.0,0
n5_d20_imbTrue_assocFalse_signalTrue,bb_F,0.001,0.15,833,0.0,0.0,0
n5_d20_imbTrue_assocFalse_signalTrue,bb_F,0.001,0.35,877,0.0,0.0,0
n5_d20_imbTrue_assocFalse_signalTrue,bb_F,0.01,0.001,926,0.0032397408207343412,0.0,0
n5_d20_imbTrue_assocFalse_signalTrue,bb_F,0.01,0.01,887,0.010146561443066516,0.0,0
n5_d20_imbTrue_assocFalse_signalTrue,bb_F,0.01,0.05,880,0.007954545454545454,0.0,0
n5_d20_imbTrue_assocFalse_signalTrue,bb_F,0.01,0.15,843,0.004744958481613286,0.0,0
n5_d20_imbTrue_assocFalse_signalTrue,bb_F,0.01,0.35,932,0.001072961373390558,0.0,0
n5_d20_imbTrue_assocFalse_signalTrue,bb_F,0.05,0.001,898,0.025612472160356347,0.0,0
n5_d20_imbTrue_assocFalse_signalTrue,bb_F,0.05,0.01,931,0.027926960257787327,0.0,0
n5_d20_imbTrue_assocFalse_signalTrue,bb_F,0.05,0.05,872,0.04472477064220184,0.0,0
n5_d20_imbTrue_assocFalse_signalTrue,bb_F,0.05,0.15,949,0.051633298208640675,0.0,0
n5_d20_imbTrue_assocFalse_signalTrue,bb_F,0.05,0.35,866,0.042725173210161664,0.0,0
n5_d20_imbTrue_assocFalse_signalTrue,bb_F,0.15,0.001,903,0.013289036544850499,0.0,0
n5_d20_imbTrue_assocFalse_signalTrue,bb_F,0.15,0.01,853,0.01992966002344666,0.0,0
n5_d20_imbTrue_assocFalse_signalTrue,bb_F,0.15,0.05,891,0.05611672278338945,0.0,0
n5_d20_imbTrue_assocFalse_signalTrue,bb_F,0.15,0.15,887,0.07328072153325817,0.0011273957158962795,0
n5_d20_imbTrue_assocFalse_signalTrue,bb_F,0.15,0.35,873,0.06872852233676977,0.002290950744558992,0
n5_d20_imbTrue_assocFalse_signalTrue,bb_F,0.35,0.001,874,0.012585812356979404,0.0,0
n5_d20_imbTrue_assocFalse_signalTrue,bb_F,0.35,0.01,936,0.026709401709401708,0.0,0
n5_d20_imbTrue_assocFalse_signalTrue,bb_F,0.35,0.05,891,0.0707070707070707,0.0,0
n5_d20_imbTrue_assocFalse_signalTrue,bb_F,0.35,0.15,938,0.07889125799573561,0.0010660980810234541,0
n5_d20_imbTrue_assocFalse_signalTrue,bb_F,0.35,0.35,859,0.07566938300349244,0.0034924330616996507,0
n5_d20_imbTrue_assocFalse_signalTrue,bb_F,0.5,0.001,937,0.007470651013874066,0.0,0
n5_d20_imbTrue_assocFalse_signalTrue,bb_F,0.5,0.01,876,0.023972602739726026,0.0,0
n5_d20_imbTrue_assocFalse_signalTrue,bb_F,0.5,0.05,868,0.0748847926267281,0.0,0
n5_d20_imbTrue_assocFalse_signalTrue,bb_F,0.5,0.15,866,0.10277136258660508,0.0011547344110854503,0
n5_d20_imbTrue_assocFalse_signalTrue,bb_F,0.5,0.35,890,0.07865168539325842,0.0044943820224719105,0
n5_d20_imbTrue_assocFalse_signalTrue,bb_F,0.65,0.001,888,0.009009009009009009,0.0,0
n5_d20_imbTrue_assocFalse_signalTrue,bb_F,0.65,0.01,918,0.02178649237472767,0.0,0
n5_d20_imbTrue_assocFalse_signalTrue,bb_F,0.65,0.05,897,0.06131549609810479,0.0,0
n5_d20_imbTrue_assocFalse_signalTrue,bb_F,0.65,0.15,904,0.08628318584070796,0.0011061946902654867,0
n5_d20_imbTrue_assocFalse_signalTrue,bb_F,0.65,0.35,943,0.07635206786850478,0.008483563096500531,0
n5_d20_imbTrue_assocFalse_signalTrue,bb_F,0.85,0.001,900,0.012222222222222223,0.0,0
n5_d20_imbTrue_assocFalse_signalTrue,bb_F,0.85,0.01,945,0.015873015873015872,0.0,0
n5_d20_imbTrue_assocFalse_signalTrue,bb_F,0.85,0.05,885,0.06779661016949153,0.0,0
n5_d20_imbTrue_assocFalse_signalTrue,bb_F,0.85,0.15,853,0.0738569753810082,0.0011723329425556857,0
n5_d20_imbTrue_assocFalse_signalTrue,bb_F,0.85,0.35,903,0.06423034330011074,0.0022148394241417496,0
n5_d20_imbTrue_assocFalse_signalTrue,bb_F,0.95,0.001,874,0.020594965675057208,0.0,0
n5_d20_imbTrue_assocFalse_signalTrue,bb_F,0.95,0.01,912,0.020833333333333332,0.0,0
n5_d20_imbTrue_assocFalse_signalTrue,bb_F,0.95,0.05,945,0.06031746031746032,0.0,0
n5_d20_imbTrue_assocFalse_signalTrue,bb_F,0.95,0.15,889,0.06074240719910011,0.0,0
n5_d20_imbTrue_assocFalse_signalTrue,bb_F,0.95,0.35,908,0.031938325991189426,0.0,0
n5_d20_imbTrue_assocFalse_signalTrue,bb_F,0.99,0.001,940,0.0010638297872340426,0.0,0
n5_d20_imbTrue_assocFalse_signalTrue,bb_F,0.99,0.01,925,0.0075675675675675675,0.0,0
n5_d20_imbTrue_assocFalse_signalTrue,bb_F,0.99,0.05,898,0.014476614699331848,0.0,0
n5_d20_imbTrue_assocFalse_signalTrue,bb_F,0.99,0.15,926,0.005399568034557235,0.0,0
n5_d20_imbTrue_assocFalse_signalTrue,bb_F,0.99,0.35,886,0.002257336343115124,0.0,0
n5_d20_imbTrue_assocFalse_signalTrue,bb_F,0.999,0.001,938,0.0,0.0,0
n5_d20_imbTrue_assocFalse_signalTrue,bb_F,0.999,0.01,951,0.0,0.0,0
n5_d20_imbTrue_assocFalse_signalTrue,bb_F,0.999,0.05,869,0.0,0.0,0
n5_d20_imbTrue_assocFalse_signalTrue,bb_F,0.999,0.15,944,0.0,0.0,0
n5_d20_imbTrue_assocFalse_signalTrue,bb_F,0.999,0.35,889,0.0,0.0,0
n5_d20_imbTrue_assocFalse_signalTrue,bb_chi2,0.001,0.001,918,0.0,0.0,0
n5_d20_imbTrue_assocFalse_signalTrue,bb_chi2,0.001,0.01,938,0.0,0.0,0
n5_d20_imbTrue_assocFalse_signalTrue,bb_chi2,0.001,0.05,880,0.0,0.0,0
n5_d20_imbTrue_assocFalse_signalTrue,bb_chi2,0.001,0.15,833,0.0012004801920768306,0.0,0
n5_d20_imbTrue_assocFalse_signalTrue,bb_chi2,0.001,0.35,877,0.0,0.0,0
n5_d20_imbTrue_assocFalse_signalTrue,bb_chi2,0.01,0.001,926,0.03131749460043196,0.0,0
n5_d20_imbTrue_assocFalse_signalTrue,bb_chi2,0.01,0.01,887,0.029312288613303268,0.0,0
n5_d20_imbTrue_assocFalse_signalTrue,bb_chi2,0.01,0.05,880,0.03068181818181818,0.0,0
n5_d20_imbTrue_assocFalse_signalTrue,bb_chi2,0.01,0.15,843,0.01542111506524318,0.0011862396204033216,0
n5_d20_imbTrue_assocFalse_signalTrue,bb_chi2,0.01,0.35,932,0.015021459227467811,0.0,0
n5_d20_imbTrue_assocFalse_signalTrue,bb_chi2,0.05,0.001,898,0.042316258351893093,0.0,0
n5_d20_imbTrue_assocFalse_signalTrue,bb_chi2,0.05,0.01,931,0.06015037593984962,0.004296455424274973,0
n5_d20_imbTrue_assocFalse_signalTrue,bb_chi2,0.05,0.05,872,0.09403669724770643,0.0045871559633027525,1
n5_d20_imbTrue_assocFalse_signalTrue,bb_chi2,0.05,0.15,949,0.10853530031612224,0.006322444678609062,3
n5_d20_imbTrue_assocFalse_signalTrue,bb_chi2,0.05,0.35,866,0.08660508083140878,0.003464203233256351,3
n5_d20_imbTrue_assocFalse_signalTrue,bb_chi2,0.15,0.001,903,0.03322259136212625,0.0,0
n5_d20_imbTrue_assocFalse_signalTrue,bb_chi2,0.15,0.01,853,0.0492379835873388,0.0035169988276670576,1
n5_d20_imbTrue_assocFalse_signalTrue,bb_chi2,0.15,0.05,891,0.09876543209876543,0.008978675645342313,4
n5_d20_imbTrue_assocFalse_signalTrue,bb_chi2,0.15,0.15,887,0.10484780157835401,0.02254791431792559,13
n5_d20_imbTrue_assocFalse_signalTrue,bb_chi2,0.15,0.35,873,0.10996563573883161,0.013745704467353952,7
n5_d20_imbTrue_assocFalse_signalTrue,bb_chi2,0.35,0.001,874,0.03775743707093822,0.0,0
n5_d20_imbTrue_assocFalse_signalTrue,bb_chi2,0.35,0.01,936,0.04487179487179487,0.0,0
n5_d20_imbTrue_assocFalse_signalTrue,bb_chi2,0.35,0.05,891,0.11672278338945005,0.007856341189674524,2
n5_d20_imbTrue_assocFalse_signalTrue,bb_chi2,0.35,0.15,938,0.10767590618336886,0.021321961620469083,14
n5_d20_imbTrue_assocFalse_signalTrue,bb_chi2,0.35,0.35,859,0.119906868451688,0.023282887077997673,12
n5_d20_imbTrue_assocFalse_signalTrue,bb_chi2,0.5,0.001,937,0.023479188900747065,0.0010672358591248667,0
n5_d20_imbTrue_assocFalse_signalTrue,bb_chi2,0.5,0.01,876,0.05593607305936073,0.001141552511415525,1
n5_d20_imbTrue_assocFalse_signalTrue,bb_chi2,0.5,0.05,868,0.12096774193548387,0.010368663594470046,6
n5_d20_imbTrue_assocFalse_signalTrue,bb_chi2,0.5,0.15,866,0.1374133949191686,0.026558891454965358,13
n5_d20_imbTrue_assocFalse_signalTrue,bb_chi2,0.5,0.35,890,0.1258426966292135,0.019101123595505618,13
n5_d20_imbTrue_assocFalse_signalTrue,bb_chi2,0.65,0.001,888,0.03265765765765766,0.0,0
n5_d20_imbTrue_assocFalse_signalTrue,bb_chi2,0.65,0.01,918,0.05010893246187364,0.0,0
n5_d20_imbTrue_assocFalse_signalTrue,bb_chi2,0.65,0.05,897,0.11482720178372352,0.010033444816053512,6
n5_d20_imbTrue_assocFalse_signalTrue,bb_chi2,0.65,0.15,904,0.12168141592920353,0.033185840707964605,18
n5_d20_imbTrue_assocFalse_signalTrue,bb_chi2,0.65,0.35,943,0.12195121951219512,0.030752916224814422,23
n5_d20_imbTrue_assocFalse_signalTrue,bb_chi2,0.85,0.001,900,0.035555555555555556,0.0011111111111111111,0
n5_d20_imbTrue_assocFalse_signalTrue,bb_chi2,0.85,0.01,945,0.0455026455026455,0.0010582010582010583,0
n5_d20_imbTrue_assocFalse_signalTrue,bb_chi2,0.85,0.05,885,0.12768361581920903,0.00903954802259887,4
n5_d20_imbTrue_assocFalse_signalTrue,bb_chi2,0.85,0.15,853,0.12075029308323564,0.023446658851113716,13
n5_d20_imbTrue_assocFalse_signalTrue,bb_chi2,0.85,0.35,903,0.10741971207087486,0.012181616832779624,5
n5_d20_imbTrue_assocFalse_signalTrue,bb_chi2,0.95,0.001,874,0.041189931350114416,0.0,0
n5_d20_imbTrue_assocFalse_signalTrue,bb_chi2,0.95,0.01,912,0.05482456140350877,0.0,0
n5_d20_imbTrue_assocFalse_signalTrue,bb_chi2,0.95,0.05,945,0.09947089947089947,0.0031746031746031746,2
n5_d20_imbTrue_assocFalse_signalTrue,bb_chi2,0.95,0.15,889,0.1203599550056243,0.012373453318335208,3
n5_d20_imbTrue_assocFalse_signalTrue,bb_chi2,0.95,0.35,908,0.07599118942731277,0.003303964757709251,2
n5_d20_imbTrue_assocFalse_signalTrue,bb_chi2,0.99,0.001,940,0.018085106382978722,0.0,0
n5_d20_imbTrue_assocFalse_signalTrue,bb_chi2,0.99,0.01,925,0.03783783783783784,0.0,0
n5_d20_imbTrue_assocFalse_signalTrue,bb_chi2,0.99,0.05,898,0.03897550111358575,0.0,0
n5_d20_imbTrue_assocFalse_signalTrue,bb_chi2,0.99,0.15,926,0.014038876889848811,0.0,0
n5_d20_imbTrue_assocFalse_signalTrue,bb_chi2,0.99,0.35,886,0.0056433408577878106,0.0,0
n5_d20_imbTrue_assocFalse_signalTrue,bb_chi2,0.999,0.001,938,0.0,0.0,0
n5_d20_imbTrue_assocFalse_signalTrue,bb_chi2,0.999,0.01,951,0.002103049421661409,0.0,0
n5_d20_imbTrue_assocFalse_signalTrue,bb_chi2,0.999,0.05,869,0.0011507479861910242,0.0,0
n5_d20_imbTrue_assocFalse_signalTrue,bb_chi2,0.999,0.15,944,0.0,0.0,0
n5_d20_imbTrue_assocFalse_signalTrue,bb_chi2,0.999,0.35,889,0.0,0.0,0
n5_d20_imbTrue_assocFalse_signalTrue,legacy_lr,0.001,0.001,918,0.0,0.0,0
n5_d20_imbTrue_assocFalse_signalTrue,legacy_lr,0.001,0.01,938,0.0,0.0,0
n5_d20_imbTrue_assocFalse_signalTrue,legacy_lr,0.001,0.05,880,0.0,0.0,0
n5_d20_imbTrue_assocFalse_signalTrue,legacy_lr,0.001,0.15,833,0.006002400960384154,0.0,0
n5_d20_imbTrue_assocFalse_signalTrue,legacy_lr,0.001,0.35,877,0.00798175598631699,0.0034207525655644243,2
n5_d20_imbTrue_assocFalse_signalTrue,legacy_lr,0.01,0.001,926,0.0,0.0,0
n5_d20_imbTrue_assocFalse_signalTrue,legacy_lr,0.01,0.01,887,0.0,0.0,0
n5_d20_imbTrue_assocFalse_signalTrue,legacy_lr,0.01,0.05,880,0.013636363636363636,0.0,0
n5_d20_imbTrue_assocFalse_signalTrue,legacy_lr,0.01,0.15,843,0.04151838671411625,0.0,0
n5_d20_imbTrue_assocFalse_signalTrue,legacy_lr,0.01,0.35,932,0.07081545064377683,0.013948497854077254,6
n5_d20_imbTrue_assocFalse_signalTrue,legacy_lr,0.05,0.001,898,0.008908685968819599,0.0,0
n5_d20_imbTrue_assocFalse_signalTrue,legacy_lr,0.05,0.01,931,0.017185821697099892,0.0,0
n5_d20_imbTrue_assocFalse_signalTrue,legacy_lr,0.05,0.05,872,0.04128440366972477,0.0,0
n5_d20_imbTrue_assocFalse_signalTrue,legacy_lr,0.05,0.15,949,0.11696522655426765,0.007376185458377239,3
n5_d20_imbTrue_assocFalse_signalTrue,legacy_lr,0.05,0.35,866,0.20438799076212472,0.050808314087759814,23
n5_d20_imbTrue_assocFalse_signalTrue,legacy_lr,0.15,0.001,903,0.004429678848283499,0.0,0
n5_d20_imbTrue_assocFalse_signalTrue,legacy_lr,0.15,0.01,853,0.010550996483001172,0.0,0
n5_d20_imbTrue_assocFalse_signalTrue,legacy_lr,0.15,0.05,891,0.04601571268237935,0.0,0
n5_d20_imbTrue_assocFalse_signalTrue,legacy_lr,0.15,0.15,887,0.1104847801578354,0.005636978579481398,0
n5_d20_imbTrue_assocFalse_signalTrue,legacy_lr,0.15,0.35,873,0.2027491408934708,0.019473081328751432,10
n5_d20_imbTrue_assocFalse_signalTrue,legacy_lr,0.35,0.001,874,0.005720823798627002,0.0,0
n5_d20_imbTrue_assocFalse_signalTrue,legacy_lr,0.35,0.01,936,0.014957264957264958,0.0,0
n5_d20_imbTrue_assocFalse_signalTrue,legacy_lr,0.35,0.05,891,0.052749719416386086,0.0,0
n5_d20_imbTrue_assocFalse_signalTrue,legacy_lr,0.35,0.15,938,0.1162046908315565,0.0021321961620469083,0
n5_d20_imbTrue_assocFalse_signalTrue,legacy_lr,0.35,0.35,859,0.17927823050058206,0.011641443538998836,2
n5_d20_imbTrue_assocFalse_signalTrue,legacy_lr,0.5,0.001,937,0.005336179295624333,0.0,0
n5_d20_imbTrue_assocFalse_signalTrue,legacy_lr,0.5,0.01,876,0.014840182648401826,0.0,0
n5_d20_imbTrue_assocFalse_signalTrue,legacy_lr,0.5,0.05,868,0.056451612903225805,0.0,0
n5_d20_imbTrue_assocFalse_signalTrue,legacy_lr,0.5,0.15,866,0.1374133949191686,0.0023094688221709007,0
n5_d20_imbTrue_assocFalse_signalTrue,legacy_lr,0.5,0.35,890,0.2,0.017977528089887642,3
n5_d20_imbTrue_assocFalse_signalTrue,legacy_lr,0.65,0.001,888,0.006756756756756757,0.0,0
n5_d20_imbTrue_assocFalse_signalTrue,legacy_lr,0.65,0.01,918,0.011982570806100218,0.0,0
n5_d20_imbTrue_assocFalse_signalTrue,legacy_lr,0.65,0.05,897,0.045707915273132664,0.0,0
n5_d20_imbTrue_assocFalse_signalTrue,legacy_lr,0.65,0.15,904,0.125,0.00331858407079646,0
n5_d20_imbTrue_assocFalse_signalTrue,legacy_lr,0.65,0.35,943,0.2110286320254507,0.021208907741251327,5
n5_d20_imbTrue_assocFalse_signalTrue,legacy_lr,0.85,0.001,900,0.0077777777777777776,0.0,0
n5_d20_imbTrue_assocFalse_signalTrue,legacy_lr,0.85,0.01,945,0.014814814814814815,0.0,0
n5_d20_imbTrue_assocFalse_signalTrue,legacy_lr,0.85,0.05,885,0.05423728813559322,0.0,0
n5_d20_imbTrue_assocFalse_signalTrue,legacy_lr,0.85,0.15,853,0.12192262602579132,0.004689331770222743,1
n5_d20_imbTrue_assocFalse_signalTrue,legacy_lr,0.85,0.35,903,0.20376522702104097,0.019933554817275746,12
n5_d20_imbTrue_assocFalse_signalTrue,legacy_lr,0.95,0.001,874,0.005720823798627002,0.0,0
n5_d20_imbTrue_assocFalse_signalTrue,legacy_lr,0.95,0.01,912,0.0043859649122807015,0.0,0
n5_d20_imbTrue_assocFalse_signalTrue,legacy_lr,0.95,0.05,945,0.05185185185185185,0.0,0
n5_d20_imbTrue_assocFalse_signalTrue,legacy_lr,0.95,0.15,889,0.11473565804274466,0.008998875140607425,2
n5_d20_imbTrue_assocFalse_signalTrue,legacy_lr,0.95,0.35,908,0.18061674008810572,0.031938325991189426,14
n5_d20_imbTrue_assocFalse_signalTrue,legacy_lr,0.99,0.001,940,0.0,0.0,0
n5_d20_imbTrue_assocFalse_signalTrue,legacy_lr,0.99,0.01,925,0.0,0.0,0
n5_d20_imbTrue_assocFalse_signalTrue,legacy_lr,0.99,0.05,898,0.013363028953229399,0.0,0
n5_d20_imbTrue_assocFalse_signalTrue,legacy_lr,0.99,0.15,926,0.047516198704103674,0.0021598272138228943,0
n5_d20_imbTrue_assocFalse_signalTrue,legacy_lr,0.99,0.35,886,0.062076749435665914,0.009029345372460496,2
n5_d20_imbTrue_assocFalse_signalTrue,legacy_lr,0.999,0.001,938,0.0,0.0,0
n5_d20_imbTrue_assocFalse_signalTrue,legacy_lr,0.999,0.01,951,0.0,0.0,0
n5_d20_imbTrue_assocFalse_signalTrue,legacy_lr,0.999,0.05,869,0.0,0.0,0
n5_d20_imbTrue_assocFalse_signalTrue,legacy_lr,0.999,0.15,944,0.009533898305084746,0.001059322033898305,0
n5_d20_imbTrue_assocFalse_signalTrue,legacy_lr,0.999,0.35,889,0.00562429696287964,0.0011248593925759281,1
n5_d60_imbTrue_assocFalse_signalFalse,bb_F,0.001,0.001,847,0.0,0.0,0
n5_d60_imbTrue_assocFalse_signalFalse,bb_F,0.001,0.01,937,0.0010672358591248667,0.0,0
n5_d60_imbTrue_assocFalse_signalFalse,bb_F,0.001,0.05,938,0.0,0.0,0
n5_d60_imbTrue_assocFalse_signalFalse,bb_F,0.001,0.15,891,0.0,0.0,0
n5_d60_imbTrue_assocFalse_signalFalse,bb_F,0.001,0.35,922,0.0,0.0,0
n5_d60_imbTrue_assocFalse_signalFalse,bb_F,0.01,0.001,903,0.02768549280177187,0.0,0
n5_d60_imbTrue_assocFalse_signalFalse,bb_F,0.01,0.01,932,0.0407725321888412,0.0,0
n5_d60_imbTrue_assocFalse_signalFalse,bb_F,0.01,0.05,887,0.030439684329199548,0.0,0
n5_d60_imbTrue_assocFalse_signalFalse,bb_F,0.01,0.15,895,0.01899441340782123,0.0,0
n5_d60_imbTrue_assocFalse_signalFalse,bb_F,0.01,0.35,921,0.003257328990228013,0.0,0
n5_d60_imbTrue_assocFalse_signalFalse,bb_F,0.05,0.001,901,0.02774694783573807,0.0,0
n5_d60_imbTrue_assocFalse_signalFalse,bb_F,0.05,0.01,858,0.047785547785547784,0.0,0
n5_d60_imbTrue_assocFalse_signalFalse,bb_F,0.05,0.05,931,0.08592910848549946,0.00322234156820623,0
n5_d60_imbTrue_assocFalse_signalFalse,bb_F,0.05,0.15,898,0.07906458797327394,0.0011135857461024498,0
n5_d60_imbTrue_assocFalse_signalFalse,bb_F,0.05,0.35,915,0.046994535519125684,0.0,0
n5_d60_imbTrue_assocFalse_signalFalse,bb_F,0.15,0.001,915,0.017486338797814208,0.0,0
n5_d60_imbTrue_assocFalse_signalFalse,bb_F,0.15,0.01,899,0.05116796440489433,0.0,0
n5_d60_imbTrue_assocFalse_signalFalse,bb_F,0.15,0.05,919,0.09140369967355821,0.006528835690968444,0
n5_d60_imbTrue_assocFalse_signalFalse,bb_F,0.15,0.15,941,0.0669500531349628,0.006376195536663124,0
n5_d60_imbTrue_assocFalse_signalFalse,bb_F,0.15,0.35,934,0.06423982869379015,0.0032119914346895075,0
n5_d60_imbTrue_assocFalse_signalFalse,bb_F,0.35,0.001,847,0.014167650531286895,0.0,0
n5_d60_imbTrue_assocFalse_signalFalse,bb_F,0.35,0.01,905,0.04751381215469613,0.0,0
n5_d60_imbTrue_assocFalse_signalFalse,bb_F,0.35,0.05,894,0.1040268456375839,0.005592841163310962,0
n5_d60_imbTrue_assocFalse_signalFalse,bb_F,0.35,0.15,879,0.05688282138794084,0.0034129692832764505,0
n5_d60_imbTrue_assocFalse_signalFalse,bb_F,0.35,0.35,920,0.08043478260869565,0.004347826086956522,0
n5_d60_imbTrue_assocFalse_signalFalse,bb_F,0.5,0.001,904,0.015486725663716814,0.0,0
n5_d60_imbTrue_assocFalse_signalFalse,bb_F,0.5,0.01,898,0.04899777282850779,0.0,0
n5_d60_imbTrue_assocFalse_signalFalse,bb_F,0.5,0.05,872,0.07110091743119266,0.0022935779816513763,0
n5_d60_imbTrue_assocFalse_signalFalse,bb_F,0.5,0.15,880,0.07954545454545454,0.007954545454545454,0
n5_d60_imbTrue_assocFalse_signalFalse,bb_F,0.5,0.35,957,0.09508881922675026,0.0041797283176593526,0
n5_d60_imbTrue_assocFalse_signalFalse,bb_F,0.65,0.001,891,0.016835016835016835,0.0,0
n5_d60_imbTrue_assocFalse_signalFalse,bb_F,0.65,0.01,939,0.058572949946751864,0.0,0
n5_d60_imbTrue_assocFalse_signalFalse,bb_F,0.65,0.05,896,0.10044642857142858,0.002232142857142857,0
n5_d60_imbTrue_assocFalse_signalFalse,bb_F,0.65,0.15,920,0.06304347826086956,0.006521739130434782,0
n5_d60_imbTrue_assocFalse_signalFalse,bb_F,0.65,0.35,902,0.07538802660753881,0.0011086474501108647,0
n5_d60_imbTrue_assocFalse_signalFalse,bb_F,0.85,0.001,893,0.013437849944008958,0.0,0
n5_d60_imbTrue_assocFalse_signalFalse,bb_F,0.85,0.01,913,0.05257393209200438,0.0,0
n5_d60_imbTrue_assocFalse_signalFalse,bb_F,0.85,0.05,911,0.0889132821075741,0.0010976948408342481,0
n5_d60_imbTrue_assocFalse_signalFalse,bb_F,0.85,0.15,864,0.07175925925925926,0.006944444444444444,0
n5_d60_imbTrue_assocFalse_signalFalse,bb_F,0.85,0.35,943,0.06362672322375397,0.003181336161187699,0
n5_d60_imbTrue_assocFalse_signalFalse,bb_F,0.95,0.001,898,0.012249443207126948,0.0,0
n5_d60_imbTrue_assocFalse_signalFalse,bb_F,0.95,0.01,921,0.04017372421281216,0.0,0
n5_d60_imbTrue_assocFalse_signalFalse,bb_F,0.95,0.05,937,0.08110992529348986,0.0021344717182497333,0
n5_d60_imbTrue_assocFalse_signalFalse,bb_F,0.95,0.15,974,0.06776180698151951,0.0,0
n5_d60_imbTrue_assocFalse_signalFalse,bb_F,0.95,0.35,871,0.045924225028702644,0.0,0
n5_d60_imbTrue_assocFalse_signalFalse,bb_F,0.99,0.001,926,0.026997840172786176,0.0,0
n5_d60_imbTrue_assocFalse_signalFalse,bb_F,0.99,0.01,918,0.03376906318082789,0.0,0
n5_d60_imbTrue_assocFalse_signalFalse,bb_F,0.99,0.05,897,0.046822742474916385,0.0,0
n5_d60_imbTrue_assocFalse_signalFalse,bb_F,0.99,0.15,922,0.01843817787418655,0.0,0
n5_d60_imbTrue_assocFalse_signalFalse,bb_F,0.99,0.35,925,0.002162162162162162,0.0,0
n5_d60_imbTrue_assocFalse_signalFalse,bb_F,0.999,0.001,909,0.0,0.0,0
n5_d60_imbTrue_assocFalse_signalFalse,bb_F,0.999,0.01,915,0.0,0.0,0
n5_d60_imbTrue_assocFalse_signalFalse,bb_F,0.999,0.05,918,0.0,0.0,0
n5_d60_imbTrue_assocFalse_signalFalse,bb_F,0.999,0.15,936,0.0,0.0,0
n5_d60_imbTrue_assocFalse_signalFalse,bb_F,0.999,0.35,921,0.0,0.0,0
n5_d60_imbTrue_assocFalse_signalFalse,bb_chi2,0.001,0.001,847,0.004722550177095631,0.0,0
n5_d60_imbTrue_assocFalse_signalFalse,bb_chi2,0.001,0.01,937,0.004268943436499467,0.0,0
n5_d60_imbTrue_assocFalse_signalFalse,bb_chi2,0.001,0.05,938,0.0010660980810234541,0.0,0
n5_d60_imbTrue_assocFalse_signalFalse,bb_chi2,0.001,0.15,891,0.001122334455667789,0.0,0
n5_d60_imbTrue_assocFalse_signalFalse,bb_chi2,0.001,0.35,922,0.0,0.0,0
n5_d60_imbTrue_assocFalse_signalFalse,bb_chi2,0.01,0.001,903,0.07751937984496124,0.0011074197120708748,0
n5_d60_imbTrue_assocFalse_signalFalse,bb_chi2,0.01,0.01,932,0.09334763948497854,0.001072961373390558,0
n5_d60_imbTrue_assocFalse_signalFalse,bb_chi2,0.01,0.05,887,0.08117249154453213,0.005636978579481398,3
n5_d60_imbTrue_assocFalse_signalFalse,bb_chi2,0.01,0.15,895,0.0446927374301676,0.0011173184357541898,1
n5_d60_imbTrue_assocFalse_signalFalse,bb_chi2,0.01,0.35,921,0.016286644951140065,0.0,0
n5_d60_imbTrue_assocFalse_signalFalse,bb_chi2,0.05,0.001,901,0.06104328523862375,0.0022197558268590455,0
n5_d60_imbTrue_assocFalse_signalFalse,bb_chi2,0.05,0.01,858,0.08974358974358974,0.0034965034965034965,2
n5_d60_imbTrue_assocFalse_signalFalse,bb_chi2,0.05,0.05,931,0.12137486573576799,0.02685284640171858,21
n5_d60_imbTrue_assocFalse_signalFalse,bb_chi2,0.05,0.15,898,0.1291759465478842,0.02338530066815145,12
n5_d60_imbTrue_assocFalse_signalFalse,bb_chi2,0.05,0.35,915,0.08087431693989071,0.002185792349726776,2
n5_d60_imbTrue_assocFalse_signalFalse,bb_chi2,0.15,0.001,915,0.03934426229508197,0.0,0
n5_d60_imbTrue_assocFalse_signalFalse,bb_chi2,0.15,0.01,899,0.09121245828698554,0.0055617352614015575,4
n5_d60_imbTrue_assocFalse_signalFalse,bb_chi2,0.15,0.05,919,0.13601741022850924,0.030467899891186073,19
n5_d60_imbTrue_assocFalse_signalFalse,bb_chi2,0.15,0.15,941,0.10839532412327312,0.019128586609989374,13
n5_d60_imbTrue_assocFalse_signalFalse,bb_chi2,0.15,0.35,934,0.10599571734475374,0.013918629550321198,10
n5_d60_imbTrue_assocFalse_signalFalse,bb_chi2,0.35,0.001,847,0.03541912632821724,0.0023612750885478157,0
n5_d60_imbTrue_assocFalse_signalFalse,bb_chi2,0.35,0.01,905,0.08950276243093923,0.004419889502762431,1
n5_d60_imbTrue_assocFalse_signalFalse,bb_chi2,0.35,0.05,894,0.13982102908277405,0.039149888143176735,30
n5_d60_imbTrue_assocFalse_signalFalse,bb_chi2,0.35,0.15,879,0.080773606370876,0.015927189988623434,9
n5_d60_imbTrue_assocFalse_signalFalse,bb_chi2,0.35,0.35,920,0.11630434782608695,0.025,17
n5_d60_imbTrue_assocFalse_signalFalse,bb_chi2,0.5,0.001,904,0.033185840707964605,0.0,0
n5_d60_imbTrue_assocFalse_signalFalse,bb_chi2,0.5,0.01,898,0.0957683741648107,0.01002227171492205,2
n5_d60_imbTrue_assocFalse_signalFalse,bb_chi2,0.5,0.05,872,0.11926605504587157,0.020642201834862386,14
n5_d60_imbTrue_assocFalse_signalFalse,bb_chi2,0.5,0.15,880,0.12840909090909092,0.025,15
n5_d60_imbTrue_assocFalse_signalFalse,bb_chi2,0.5,0.35,957,0.14629049111807732,0.027168234064785787,19
n5_d60_imbTrue_assocFalse_signalFalse,bb_chi2,0.65,0.001,891,0.04152637485970819,0.002244668911335578,2
n5_d60_imbTrue_assocFalse_signalFalse,bb_chi2,0.65,0.01,939,0.10117145899893504,0.005324813631522897,3
n5_d60_imbTrue_assocFalse_signalFalse,bb_chi2,0.65,0.05,896,0.15290178571428573,0.041294642857142856,28
n5_d60_imbTrue_assocFalse_signalFalse,bb_chi2,0.65,0.15,920,0.10326086956521739,0.016304347826086956,15
n5_d60_imbTrue_assocFalse_signalFalse,bb_chi2,0.65,0.35,902,0.12638580931263857,0.018847006651884702,6
n5_d60_imbTrue_assocFalse_signalFalse,bb_chi2,0.85,0.001,893,0.03583426651735722,0.0,0
n5_d60_imbTrue_assocFalse_signalFalse,bb_chi2,0.85,0.01,913,0.09967141292442497,0.007667031763417305,3
n5_d60_imbTrue_assocFalse_signalFalse,bb_chi2,0.85,0.05,911,0.1251372118551043,0.025246981339187707,15
n5_d60_imbTrue_assocFalse_signalFalse,bb_chi2,0.85,0.15,864,0.1099537037037037,0.024305555555555556,16
n5_d60_imbTrue_assocFalse_signalFalse,bb_chi2,0.85,0.35,943,0.1071049840933192,0.02014846235418876,15
n5_d60_imbTrue_assocFalse_signalFalse,bb_chi2,0.95,0.001,898,0.03897550111358575,0.0,0
n5_d60_imbTrue_assocFalse_signalFalse,bb_chi2,0.95,0.01,921,0.08143322475570032,0.00760043431053203,3
n5_d60_imbTrue_assocFalse_signalFalse,bb_chi2,0.95,0.05,937,0.12273212379935966,0.023479188900747065,16
n5_d60_imbTrue_assocFalse_signalFalse,bb_chi2,0.95,0.15,974,0.10677618069815195,0.01642710472279261,12
n5_d60_imbTrue_assocFalse_signalFalse,bb_chi2,0.95,0.35,871,0.08495981630309989,0.006888633754305396,4
n5_d60_imbTrue_assocFalse_signalFalse,bb_chi2,0.99,0.001,926,0.06695464362850972,0.0,0
n5_d60_imbTrue_assocFalse_signalFalse,bb_chi2,0.99,0.01,918,0.0915032679738562,0.0,0
n5_d60_imbTrue_assocFalse_signalFalse,bb_chi2,0.99,0.05,897,0.08807134894091416,0.0011148272017837235,0
n5_d60_imbTrue_assocFalse_signalFalse,bb_chi2,0.99,0.15,922,0.0368763557483731,0.0,0
n5_d60_imbTrue_assocFalse_signalFalse,bb_chi2,0.99,0.35,925,0.010810810810810811,0.0,0
n5_d60_imbTrue_assocFalse_signalFalse,bb_chi2,0.999,0.001,909,0.0,0.0,0
n5_d60_imbTrue_assocFalse_signalFalse,bb_chi2,0.999,0.01,915,0.007650273224043716,0.0,0
n5_d60_imbTrue_assocFalse_signalFalse,bb_chi2,0.999,0.05,918,0.0010893246187363835,0.0,0
n5_d60_imbTrue_assocFalse_signalFalse,bb_chi2,0.999,0.15,936,0.0,0.0,0
n5_d60_imbTrue_assocFalse_signalFalse,bb_chi2,0.999,0.35,921,0.0,0.0,0
n5_d60_imbTrue_assocFalse_signalFalse,legacy_lr,0.001,0.001,847,0.0,0.0,0
n5_d60_imbTrue_assocFalse_signalFalse,legacy_lr,0.001,0.01,937,0.0,0.0,0
n5_d60_imbTrue_assocFalse_signalFalse,legacy_lr,0.001,0.05,938,0.0031982942430703624,0.0,0
n5_d60_imbTrue_assocFalse_signalFalse,legacy_lr,0.001,0.15,891,0.003367003367003367,0.0,0
n5_d60_imbTrue_assocFalse_signalFalse,legacy_lr,0.001,0.35,922,0.009761388286334056,0.0021691973969631237,1
n5_d60_imbTrue_assocFalse_signalFalse,legacy_lr,0.01,0.001,903,0.0,0.0,0
n5_d60_imbTrue_assocFalse_signalFalse,legacy_lr,0.01,0.01,932,0.0,0.0,0
n5_d60_imbTrue_assocFalse_signalFalse,legacy_lr,0.01,0.05,887,0.020293122886133032,0.0,0
n5_d60_imbTrue_assocFalse_signalFalse,legacy_lr,0.01,0.15,895,0.054748603351955305,0.00558659217877095,0
n5_d60_imbTrue_assocFalse_signalFalse,legacy_lr,0.01,0.35,921,0.07166123778501629,0.02062975027144408,3
n5_d60_imbTrue_assocFalse_signalFalse,legacy_lr,0.05,0.001,901,0.0022197558268590455,0.0,0
n5_d60_imbTrue_assocFalse_signalFalse,legacy_lr,0.05,0.01,858,0.008158508158508158,0.0,0
n5_d60_imbTrue_assocFalse_signalFalse,legacy_lr,0.05,0.05,931,0.055853920515574654,0.0,0
n5_d60_imbTrue_assocFalse_signalFalse,legacy_lr,0.05,0.15,898,0.14810690423162584,0.004454342984409799,2
n5_d60_imbTrue_assocFalse_signalFalse,legacy_lr,0.05,0.35,915,0.1923497267759563,0.046994535519125684,18
n5_d60_imbTrue_assocFalse_signalFalse,legacy_lr,0.15,0.001,915,0.0,0.0,0
n5_d60_imbTrue_assocFalse_signalFalse,legacy_lr,0.15,0.01,899,0.004449388209121246,0.0,0
n5_d60_imbTrue_assocFalse_signalFalse,legacy_lr,0.15,0.05,919,0.051142546245919476,0.0,0
n5_d60_imbTrue_assocFalse_signalFalse,legacy_lr,0.15,0.15,941,0.14665249734325186,0.004250797024442083,0
n5_d60_imbTrue_assocFalse_signalFalse,legacy_lr,0.15,0.35,934,0.18843683083511778,0.017130620985010708,5
n5_d60_imbTrue_assocFalse_signalFalse,legacy_lr,0.35,0.001,847,0.0023612750885478157,0.0,0
n5_d60_imbTrue_assocFalse_signalFalse,legacy_lr,0.35,0.01,905,0.0066298342541436465,0.0,0
n5_d60_imbTrue_assocFalse_signalFalse,legacy_lr,0.35,0.05,894,0.0738255033557047,0.0011185682326621924,0
n5_d60_imbTrue_assocFalse_signalFalse,legacy_lr,0.35,0.15,879,0.12514220705346984,0.0022753128555176336,2
n5_d60_imbTrue_assocFalse_signalFalse,legacy_lr,0.35,0.35,920,0.20217391304347826,0.016304347826086956,5
n5_d60_imbTrue_assocFalse_signalFalse,legacy_lr,0.5,0.001,904,0.0,0.0,0
n5_d60_imbTrue_assocFalse_signalFalse,legacy_lr,0.5,0.01,898,0.01002227171492205,0.0,0
n5_d60_imbTrue_assocFalse_signalFalse,legacy_lr,0.5,0.05,872,0.0481651376146789,0.0011467889908256881,0
n5_d60_imbTrue_assocFalse_signalFalse,legacy_lr,0.5,0.15,880,0.14659090909090908,0.004545454545454545,0
n5_d60_imbTrue_assocFalse_signalFalse,legacy_lr,0.5,0.35,957,0.19435736677115986,0.022988505747126436,3
n5_d60_imbTrue_assocFalse_signalFalse,legacy_lr,0.65,0.001,891,0.002244668911335578,0.0,0
n5_d60_imbTrue_assocFalse_signalFalse,legacy_lr,0.65,0.01,939,0.006389776357827476,0.0,0
n5_d60_imbTrue_assocFalse_signalFalse,legacy_lr,0.65,0.05,896,0.07142857142857142,0.0,0
n5_d60_imbTrue_assocFalse_signalFalse,legacy_lr,0.65,0.15,920,0.14021739130434782,0.006521739130434782,1
n5_d60_imbTrue_assocFalse_signalFalse,legacy_lr,0.65,0.35,902,0.20620842572062084,0.015521064301552107,2
n5_d60_imbTrue_assocFalse_signalFalse,legacy_lr,0.85,0.001,893,0.0,0.0,0
n5_d60_imbTrue_assocFalse_signalFalse,legacy_lr,0.85,0.01,913,0.007667031763417305,0.0,0
n5_d60_imbTrue_assocFalse_signalFalse,legacy_lr,0.85,0.05,911,0.06147091108671789,0.0,0
n5_d60_imbTrue_assocFalse_signalFalse,legacy_lr,0.85,0.15,864,0.15393518518518517,0.003472222222222222,0
n5_d60_imbTrue_assocFalse_signalFalse,legacy_lr,0.85,0.35,943,0.2110286320254507,0.024390243902439025,9
n5_d60_imbTrue_assocFalse_signalFalse,legacy_lr,0.95,0.001,898,0.0,0.0,0
n5_d60_imbTrue_assocFalse_signalFalse,legacy_lr,0.95,0.01,921,0.00760043431053203,0.0,0
n5_d60_imbTrue_assocFalse_signalFalse,legacy_lr,0.95,0.05,937,0.061899679829242264,0.0010672358591248667,0
n5_d60_imbTrue_assocFalse_signalFalse,legacy_lr,0.95,0.15,974,0.14271047227926079,0.007186858316221766,2
n5_d60_imbTrue_assocFalse_signalFalse,legacy_lr,0.95,0.35,871,0.23191733639494833,0.05166475315729047,25
n5_d60_imbTrue_assocFalse_signalFalse,legacy_lr,0.99,0.001,926,0.0,0.0,0
n5_d60_imbTrue_assocFalse_signalFalse,legacy_lr,0.99,0.01,918,0.0,0.0,0
n5_d60_imbTrue_assocFalse_signalFalse,legacy_lr,0.99,0.05,897,0.023411371237458192,0.0,0
n5_d60_imbTrue_assocFalse_signalFalse,legacy_lr,0.99,0.15,922,0.06399132321041215,0.0010845986984815619,1
n5_d60_imbTrue_assocFalse_signalFalse,legacy_lr,0.99,0.35,925,0.09405405405405405,0.024864864864864864,13
n5_d60_imbTrue_assocFalse_signalFalse,legacy_lr,0.999,0.001,909,0.0,0.0,0
n5_d60_imbTrue_assocFalse_signalFalse,legacy_lr,0.999,0.01,915,0.0,0.0,0
n5_d60_imbTrue_assocFalse_signalFalse,legacy_lr,0.999,0.05,918,0.0032679738562091504,0.0,0
n5_d60_imbTrue_assocFalse_signalFalse,legacy_lr,0.999,0.15,936,0.007478632478632479,0.002136752136752137,0
n5_d60_imbTrue_assocFalse_signalFalse,legacy_lr,0.999,0.35,921,0.008686210640608035,0.003257328990228013,2
n5_d60_imbTrue_assocFalse_signalTrue,bb_F,0.001,0.001,880,0.0,0.0,0
n5_d60_imbTrue_assocFalse_signalTrue,bb_F,0.001,0.01,929,0.0,0.0,0
n5_d60_imbTrue_assocFalse_signalTrue,bb_F,0.001,0.05,874,0.0011441647597254005,0.0,0
n5_d60_imbTrue_assocFalse_signalTrue,bb_F,0.001,0.15,929,0.0,0.0,0
n5_d60_imbTrue_assocFalse_signalTrue,bb_F,0.001,0.35,913,0.0,0.0,0
n5_d60_imbTrue_assocFalse_signalTrue,bb_F,0.01,0.001,909,0.015401540154015401,0.0,0
n5_d60_imbTrue_assocFalse_signalTrue,bb_F,0.01,0.01,899,0.025583982202447165,0.0,0
n5_d60_imbTrue_assocFalse_signalTrue,bb_F,0.01,0.05,939,0.024494142705005325,0.0,0
n5_d60_imbTrue_assocFalse_signalTrue,bb_F,0.01,0.15,912,0.010964912280701754,0.0,0
n5_d60_imbTrue_assocFalse_signalTrue,bb_F,0.01,0.35,923,0.0021668472372697724,0.0,0
n5_d60_imbTrue_assocFalse_signalTrue,bb_F,0.05,0.001,945,0.02328042328042328,0.0,0
n5_d60_imbTrue_assocFalse_signalTrue,bb_F,0.05,0.01,884,0.04524886877828054,0.0,0
n5_d60_imbTrue_assocFalse_signalTrue,bb_F,0.05,0.05,894,0.06040268456375839,0.0,0
n5_d60_imbTrue_assocFalse_signalTrue,bb_F,0.05,0.15,861,0.06039488966318235,0.0,0
n5_d60_imbTrue_assocFalse_signalTrue,bb_F,0.05,0.35,850,0.04588235294117647,0.0,0
n5_d60_imbTrue_assocFalse_signalTrue,bb_F,0.15,0.001,888,0.015765765765765764,0.0,0
n5_d60_imbTrue_assocFalse_signalTrue,bb_F,0.15,0.01,892,0.034753363228699555,0.0,0
n5_d60_imbTrue_assocFalse_signalTrue,bb_F,0.15,0.05,925,0.08108108108108109,0.002162162162162162,0
n5_d60_imbTrue_assocFalse_signalTrue,bb_F,0.15,0.15,921,0.06514657980456026,0.004343105320304018,0
n5_d60_imbTrue_assocFalse_signalTrue,bb_F,0.15,0.35,891,0.050505050505050504,0.001122334455667789,0
n5_d60_imbTrue_assocFalse_signalTrue,bb_F,0.35,0.001,879,0.017064846416382253,0.0,0
n5_d60_imbTrue_assocFalse_signalTrue,bb_F,0.35,0.01,891,0.03928170594837262,0.0,0
n5_d60_imbTrue_assocFalse_signalTrue,bb_F,0.35,0.05,908,0.06938325991189427,0.0011013215859030838,0
n5_d60_imbTrue_assocFalse_signalTrue,bb_F,0.35,0.15,919,0.07290533188248095,0.003264417845484222,0
n5_d60_imbTrue_assocFalse_signalTrue,bb_F,0.35,0.35,926,0.06263498920086392,0.004319654427645789,0
n5_d60_imbTrue_assocFalse_signalTrue,bb_F,0.5,0.001,877,0.0068415051311288486,0.0,0
n5_d60_imbTrue_assocFalse_signalTrue,bb_F,0.5,0.01,905,0.04419889502762431,0.0,0
n5_d60_imbTrue_assocFalse_signalTrue,bb_F,0.5,0.05,905,0.0861878453038674,0.0022099447513812156,0
n5_d60_imbTrue_assocFalse_signalTrue,bb_F,0.5,0.15,931,0.06015037593984962,0.0021482277121374865,0
n5_d60_imbTrue_assocFalse_signalTrue,bb_F,0.5,0.35,902,0.07427937915742794,0.004434589800443459,0
n5_d60_imbTrue_assocFalse_signalTrue,bb_F,0.65,0.001,924,0.012987012987012988,0.0,0
n5_d60_imbTrue_assocFalse_signalTrue,bb_F,0.65,0.01,934,0.03640256959314775,0.0,0
n5_d60_imbTrue_assocFalse_signalTrue,bb_F,0.65,0.05,929,0.06781485468245425,0.001076426264800861,0
n5_d60_imbTrue_assocFalse_signalTrue,bb_F,0.65,0.15,926,0.08639308855291576,0.0021598272138228943,0
n5_d60_imbTrue_assocFalse_signalTrue,bb_F,0.65,0.35,910,0.07472527472527472,0.002197802197802198,0
n5_d60_imbTrue_assocFalse_signalTrue,bb_F,0.85,0.001,887,0.011273957158962795,0.0,0
n5_d60_imbTrue_assocFalse_signalTrue,bb_F,0.85,0.01,917,0.04362050163576881,0.0,0
n5_d60_imbTrue_assocFalse_signalTrue,bb_F,0.85,0.05,915,0.07978142076502732,0.001092896174863388,0
n5_d60_imbTrue_assocFalse_signalTrue,bb_F,0.85,0.15,861,0.06852497096399536,0.004645760743321719,0
n5_d60_imbTrue_assocFalse_signalTrue,bb_F,0.85,0.35,904,0.05309734513274336,0.0,0
n5_d60_imbTrue_assocFalse_signalTrue,bb_F,0.95,0.001,857,0.01633605600933489,0.0,0
n5_d60_imbTrue_assocFalse_signalTrue,bb_F,0.95,0.01,893,0.032474804031354984,0.0,0
n5_d60_imbTrue_assocFalse_signalTrue,bb_F,0.95,0.05,929,0.07104413347685684,0.001076426264800861,0
n5_d60_imbTrue_assocFalse_signalTrue,bb_F,0.95,0.15,884,0.05203619909502263,0.0011312217194570137,0
n5_d60_imbTrue_assocFalse_signalTrue,bb_F,0.95,0.35,889,0.03937007874015748,0.0,0
n5_d60_imbTrue_assocFalse_signalTrue,bb_F,0.99,0.001,868,0.018433179723502304,0.0,0
n5_d60_imbTrue_assocFalse_signalTrue,bb_F,0.99,0.01,904,0.032079646017699116,0.0,0
n5_d60_imbTrue_assocFalse_signalTrue,bb_F,0.99,0.05,921,0.031487513572204126,0.0,0
n5_d60_imbTrue_assocFalse_signalTrue,bb_F,0.99,0.15,870,0.011494252873563218,0.0,0
n5_d60_imbTrue_assocFalse_signalTrue,bb_F,0.99,0.35,891,0.001122334455667789,0.0,0
n5_d60_imbTrue_assocFalse_signalTrue,bb_F,0.999,0.001,896,0.0,0.0,0
n5_d60_imbTrue_assocFalse_signalTrue,bb_F,0.999,0.01,849,0.0,0.0,0
n5_d60_imbTrue_assocFalse_signalTrue,bb_F,0.999,0.05,852,0.0,0.0,0
n5_d60_imbTrue_assocFalse_signalTrue,bb_F,0.999,0.15,913,0.0,0.0,0
n5_d60_imbTrue_assocFalse_signalTrue,bb_F,0.999,0.35,873,0.0,0.0,0
n5_d60_imbTrue_assocFalse_signalTrue,bb_chi2,0.001,0.001,880,0.0,0.0,0
n5_d60_imbTrue_assocFalse_signalTrue,bb_chi2,0.001,0.01,929,0.005382131324004306,0.0,0
n5_d60_imbTrue_assocFalse_signalTrue,bb_chi2,0.001,0.05,874,0.0011441647597254005,0.0,0
n5_d60_imbTrue_assocFalse_signalTrue,bb_chi2,0.001,0.15,929,0.0,0.0,0
n5_d60_imbTrue_assocFalse_signalTrue,bb_chi2,0.001,0.35,913,0.0,0.0,0
n5_d60_imbTrue_assocFalse_signalTrue,bb_chi2,0.01,0.001,909,0.0539053905390539,0.0,0
n5_d60_imbTrue_assocFalse_signalTrue,bb_chi2,0.01,0.01,899,0.08231368186874305,0.0011123470522803114,0
n5_d60_imbTrue_assocFalse_signalTrue,bb_chi2,0.01,0.05,939,0.0670926517571885,0.0,0
n5_d60_imbTrue_assocFalse_signalTrue,bb_chi2,0.01,0.15,912,0.039473684210526314,0.0010964912280701754,0
n5_d60_imbTrue_assocFalse_signalTrue,bb_chi2,0.01,0.35,923,0.010834236186348862,0.0,0
n5_d60_imbTrue_assocFalse_signalTrue,bb_chi2,0.05,0.001,945,0.04338624338624339,0.0010582010582010583,1
n5_d60_imbTrue_assocFalse_signalTrue,bb_chi2,0.05,0.01,884,0.08484162895927602,0.0022624434389140274,1
n5_d60_imbTrue_assocFalse_signalTrue,bb_chi2,0.05,0.05,894,0.1017897091722595,0.007829977628635347,5
n5_d60_imbTrue_assocFalse_signalTrue,bb_chi2,0.05,0.15,861,0.09988385598141696,0.010452961672473868,7
n5_d60_imbTrue_assocFalse_signalTrue,bb_chi2,0.05,0.35,850,0.08705882352941176,0.0035294117647058825,3
n5_d60_imbTrue_assocFalse_signalTrue,bb_chi2,0.15,0.001,888,0.04391891891891892,0.0,0
n5_d60_imbTrue_assocFalse_signalTrue,bb_chi2,0.15,0.01,892,0.07847533632286996,0.002242152466367713,2
n5_d60_imbTrue_assocFalse_signalTrue,bb_chi2,0.15,0.05,925,0.12216216216216216,0.021621621621621623,15
n5_d60_imbTrue_assocFalse_signalTrue,bb_chi2,0.15,0.15,921,0.10097719869706841,0.016286644951140065,14
n5_d60_imbTrue_assocFalse_signalTrue,bb_chi2,0.15,0.35,891,0.08641975308641975,0.01122334455667789,7
n5_d60_imbTrue_assocFalse_signalTrue,bb_chi2,0.35,0.001,879,0.03981797497155859,0.0,0
n5_d60_imbTrue_assocFalse_signalTrue,bb_chi2,0.35,0.01,891,0.08866442199775533,0.005611672278338945,4
n5_d60_imbTrue_assocFalse_signalTrue,bb_chi2,0.35,0.05,908,0.1222466960352423,0.014317180616740088,9
n5_d60_imbTrue_assocFalse_signalTrue,bb_chi2,0.35,0.15,919,0.10990206746463548,0.017410228509249184,16
n5_d60_imbTrue_assocFalse_signalTrue,bb_chi2,0.35,0.35,926,0.1101511879049676,0.02159827213822894,15
n5_d60_imbTrue_assocFalse_signalTrue,bb_chi2,0.5,0.001,877,0.0330672748004561,0.0,0
n5_d60_imbTrue_assocFalse_signalTrue,bb_chi2,0.5,0.01,905,0.08066298342541436,0.0011049723756906078,1
n5_d60_imbTrue_assocFalse_signalTrue,bb_chi2,0.5,0.05,905,0.143646408839779,0.017679558011049725,12
n5_d60_imbTrue_assocFalse_signalTrue,bb_chi2,0.5,0.15,931,0.0966702470461869,0.024704618689581095,20
n5_d60_imbTrue_assocFalse_signalTrue,bb_chi2,0.5,0.35,902,0.10421286031042129,0.022172949002217297,18
n5_d60_imbTrue_assocFalse_signalTrue,bb_chi2,0.65,0.001,924,0.03571428571428571,0.0,0
n5_d60_imbTrue_assocFalse_signalTrue,bb_chi2,0.65,0.01,934,0.07387580299785867,0.010706638115631691,7
n5_d60_imbTrue_assocFalse_signalTrue,bb_chi2,0.65,0.05,929,0.12594187298170076,0.013993541442411194,11
n5_d60_imbTrue_assocFalse_signalTrue,bb_chi2,0.65,0.15,926,0.13714902807775378,0.023758099352051837,15
n5_d60_imbTrue_assocFalse_signalTrue,bb_chi2,0.65,0.35,910,0.12087912087912088,0.02197802197802198,16
n5_d60_imbTrue_assocFalse_signalTrue,bb_chi2,0.85,0.001,887,0.033821871476888386,0.0011273957158962795,0
n5_d60_imbTrue_assocFalse_signalTrue,bb_chi2,0.85,0.01,917,0.08178844056706652,0.003271537622682661,3
n5_d60_imbTrue_assocFalse_signalTrue,bb_chi2,0.85,0.05,915,0.12240437158469945,0.020765027322404372,14
n5_d60_imbTrue_assocFalse_signalTrue,bb_chi2,0.85,0.15,861,0.11382113821138211,0.016260162601626018,13
n5_d60_imbTrue_assocFalse_signalTrue,bb_chi2,0.85,0.35,904,0.08517699115044247,0.012168141592920354,9
n5_d60_imbTrue_assocFalse_signalTrue,bb_chi2,0.95,0.001,857,0.045507584597432905,0.0,0
n5_d60_imbTrue_assocFalse_signalTrue,bb_chi2,0.95,0.01,893,0.060470324748040316,0.0011198208286674132,1
n5_d60_imbTrue_assocFalse_signalTrue,bb_chi2,0.95,0.05,929,0.10656620021528525,0.013993541442411194,12
n5_d60_imbTrue_assocFalse_signalTrue,bb_chi2,0.95,0.15,884,0.08936651583710407,0.011312217194570135,10
n5_d60_imbTrue_assocFalse_signalTrue,bb_chi2,0.95,0.35,889,0.08098987626546682,0.003374578177727784,1
n5_d60_imbTrue_assocFalse_signalTrue,bb_chi2,0.99,0.001,868,0.04608294930875576,0.0,0
n5_d60_imbTrue_assocFalse_signalTrue,bb_chi2,0.99,0.01,904,0.08517699115044247,0.0022123893805309734,0
n5_d60_imbTrue_assocFalse_signalTrue,bb_chi2,0.99,0.05,921,0.08143322475570032,0.0010857763300760044,1
n5_d60_imbTrue_assocFalse_signalTrue,bb_chi2,0.99,0.15,870,0.029885057471264367,0.0011494252873563218,1
n5_d60_imbTrue_assocFalse_signalTrue,bb_chi2,0.99,0.35,891,0.014590347923681257,0.0,0
n5_d60_imbTrue_assocFalse_signalTrue,bb_chi2,0.999,0.001,896,0.0011160714285714285,0.0,0
n5_d60_imbTrue_assocFalse_signalTrue,bb_chi2,0.999,0.01,849,0.0035335689045936395,0.0,0
n5_d60_imbTrue_assocFalse_signalTrue,bb_chi2,0.999,0.05,852,0.0011737089201877935,0.0,0
n5_d60_imbTrue_assocFalse_signalTrue,bb_chi2,0.999,0.15,913,0.0,0.0,0
n5_d60_imbTrue_assocFalse_signalTrue,bb_chi2,0.999,0.35,873,0.0,0.0,0
n5_d60_imbTrue_assocFalse_signalTrue,legacy_lr,0.001,0.001,880,0.0,0.0,0
n5_d60_imbTrue_assocFalse_signalTrue,legacy_lr,0.001,0.01,929,0.0,0.0,0
n5_d60_imbTrue_assocFalse_signalTrue,legacy_lr,0.001,0.05,874,0.0011441647597254005,0.0,0
n5_d60_imbTrue_assocFalse_signalTrue,legacy_lr,0.001,0.15,929,0.006458557588805167,0.0,0
n5_d60_imbTrue_assocFalse_signalTrue,legacy_lr,0.001,0.35,913,0.01095290251916758,0.0032858707557502738,0
n5_d60_imbTrue_assocFalse_signalTrue,legacy_lr,0.01,0.001,909,0.0,0.0,0
n5_d60_imbTrue_assocFalse_signalTrue,legacy_lr,0.01,0.01,899,0.0,0.0,0
n5_d60_imbTrue_assocFalse_signalTrue,legacy_lr,0.01,0.05,939,0.022364217252396165,0.0,0
n5_d60_imbTrue_assocFalse_signalTrue,legacy_lr,0.01,0.15,912,0.05043859649122807,0.008771929824561403,3
n5_d60_imbTrue_assocFalse_signalTrue,legacy_lr,0.01,0.35,923,0.07475622968580715,0.014084507042253521,10
n5_d60_imbTrue_assocFalse_signalTrue,legacy_lr,0.05,0.001,945,0.0010582010582010583,0.0,0
n5_d60_imbTrue_assocFalse_signalTrue,legacy_lr,0.05,0.01,884,0.005656108597285068,0.0,0
n5_d60_imbTrue_assocFalse_signalTrue,legacy_lr,0.05,0.05,894,0.05480984340044743,0.0,0
n5_d60_imbTrue_assocFalse_signalTrue,legacy_lr,0.05,0.15,861,0.1207897793263647,0.003484320557491289,1
n5_d60_imbTrue_assocFalse_signalTrue,legacy_lr,0.05,0.35,850,0.22588235294117648,0.036470588235294116,20
n5_d60_imbTrue_assocFalse_signalTrue,legacy_lr,0.15,0.001,888,0.0,0.0,0
n5_d60_imbTrue_assocFalse_signalTrue,legacy_lr,0.15,0.01,892,0.005605381165919282,0.0,0
n5_d60_imbTrue_assocFalse_signalTrue,legacy_lr,0.15,0.05,925,0.06594594594594595,0.001081081081081081,0
n5_d60_imbTrue_assocFalse_signalTrue,legacy_lr,0.15,0.15,921,0.13355048859934854,0.003257328990228013,0
n5_d60_imbTrue_assocFalse_signalTrue,legacy_lr,0.15,0.35,891,0.18742985409652077,0.013468013468013467,3
n5_d60_imbTrue_assocFalse_signalTrue,legacy_lr,0.35,0.001,879,0.0,0.0,0
n5_d60_imbTrue_assocFalse_signalTrue,legacy_lr,0.35,0.01,891,0.010101010101010102,0.0,0
n5_d60_imbTrue_assocFalse_signalTrue,legacy_lr,0.35,0.05,908,0.05837004405286344,0.0011013215859030838,0
n5_d60_imbTrue_assocFalse_signalTrue,legacy_lr,0.35,0.15,919,0.1305767138193689,0.00544069640914037,1
n5_d60_imbTrue_assocFalse_signalTrue,legacy_lr,0.35,0.35,926,0.19870410367170627,0.023758099352051837,8
n5_d60_imbTrue_assocFalse_signalTrue,legacy_lr,0.5,0.001,877,0.0,0.0,0
n5_d60_imbTrue_assocFalse_signalTrue,legacy_lr,0.5,0.01,905,0.0055248618784530384,0.0,0
n5_d60_imbTrue_assocFalse_signalTrue,legacy_lr,0.5,0.05,905,0.06519337016574586,0.0011049723756906078,0
n5_d60_imbTrue_assocFalse_signalTrue,legacy_lr,0.5,0.15,931,0.13963480128893663,0.0053705692803437165,2
n5_d60_imbTrue_assocFalse_signalTrue,legacy_lr,0.5,0.35,902,0.18736141906873613,0.012195121951219513,4
n5_d60_imbTrue_assocFalse_signalTrue,legacy_lr,0.65,0.001,924,0.0,0.0,0
n5_d60_imbTrue_assocFalse_signalTrue,legacy_lr,0.65,0.01,934,0.009635974304068522,0.0,0
n5_d60_imbTrue_assocFalse_signalTrue,legacy_lr,0.65,0.05,929,0.060279870828848225,0.0,0
n5_d60_imbTrue_assocFalse_signalTrue,legacy_lr,0.65,0.15,926,0.17386609071274298,0.0064794816414686825,1
n5_d60_imbTrue_assocFalse_signalTrue,legacy_lr,0.65,0.35,910,0.1978021978021978,0.015384615384615385,4
n5_d60_imbTrue_assocFalse_signalTrue,legacy_lr,0.85,0.001,887,0.0,0.0,0
n5_d60_imbTrue_assocFalse_signalTrue,legacy_lr,0.85,0.01,917,0.008724100327153763,0.0,0
n5_d60_imbTrue_assocFalse_signalTrue,legacy_lr,0.85,0.05,915,0.06994535519125683,0.0,0
n5_d60_imbTrue_assocFalse_signalTrue,legacy_lr,0.85,0.15,861,0.13704994192799072,0.011614401858304297,1
n5_d60_imbTrue_assocFalse_signalTrue,legacy_lr,0.85,0.35,904,0.21128318584070796,0.017699115044247787,6
n5_d60_imbTrue_assocFalse_signalTrue,legacy_lr,0.95,0.001,857,0.0,0.0,0
n5_d60_imbTrue_assocFalse_signalTrue,legacy_lr,0.95,0.01,893,0.004479283314669653,0.0,0
n5_d60_imbTrue_assocFalse_signalTrue,legacy_lr,0.95,0.05,929,0.060279870828848225,0.001076426264800861,0
n5_d60_imbTrue_assocFalse_signalTrue,legacy_lr,0.95,0.15,884,0.14027149321266968,0.006787330316742082,3
n5_d60_imbTrue_assocFalse_signalTrue,legacy_lr,0.95,0.35,889,0.19122609673790777,0.043869516310461196,23
n5_d60_imbTrue_assocFalse_signalTrue,legacy_lr,0.99,0.001,868,0.0,0.0,0
n5_d60_imbTrue_assocFalse_signalTrue,legacy_lr,0.99,0.01,904,0.0,0.0,0
n5_d60_imbTrue_assocFalse_signalTrue,legacy_lr,0.99,0.05,921,0.02714440825190011,0.0,0
n5_d60_imbTrue_assocFalse_signalTrue,legacy_lr,0.99,0.15,870,0.059770114942528735,0.009195402298850575,3
n5_d60_imbTrue_assocFalse_signalTrue,legacy_lr,0.99,0.35,891,0.0718294051627385,0.024691358024691357,16
n5_d60_imbTrue_assocFalse_signalTrue,legacy_lr,0.999,0.001,896,0.0,0.0,0
n5_d60_imbTrue_assocFalse_signalTrue,legacy_lr,0.999,0.01,849,0.0,0.0,0
n5_d60_imbTrue_assocFalse_signalTrue,legacy_lr,0.999,0.05,852,0.004694835680751174,0.0,0
n5_d60_imbTrue_assocFalse_signalTrue,legacy_lr,0.999,0.15,913,0.0032858707557502738,0.0,0
n5_d60_imbTrue_assocFalse_signalTrue,legacy_lr,0.999,0.35,873,0.006872852233676976,0.0,0
n10_d20_imbTrue_assocFalse_signalFalse,bb_F,0.001,0.001,890,0.0,0.0,0
n10_d20_imbTrue_assocFalse_signalFalse,bb_F,0.001,0.01,925,0.0,0.0,0
n10_d20_imbTrue_assocFalse_signalFalse,bb_F,0.001,0.05,918,0.0,0.0,0
n10_d20_imbTrue_assocFalse_signalFalse,bb_F,0.001,0.15,947,0.0,0.0,0
n10_d20_imbTrue_assocFalse_signalFalse,bb_F,0.001,0.35,932,0.0,0.0,0
n10_d20_imbTrue_assocFalse_signalFalse,bb_F,0.01,0.001,864,0.027777777777777776,0.0,0
n10_d20_imbTrue_assocFalse_signalFalse,bb_F,0.01,0.01,905,0.030939226519337018,0.0,0
n10_d20_imbTrue_assocFalse_signalFalse,bb_F,0.01,0.05,918,0.027233115468409588,0.0,0
n10_d20_imbTrue_assocFalse_signalFalse,bb_F,0.01,0.15,884,0.021493212669683258,0.0,0
n10_d20_imbTrue_assocFalse_signalFalse,bb_F,0.01,0.35,915,0.007650273224043716,0.0,0
n10_d20_imbTrue_assocFalse_signalFalse,bb_F,0.05,0.001,918,0.026143790849673203,0.0,0
n10_d20_imbTrue_assocFalse_signalFalse,bb_F,0.05,0.01,863,0.01853997682502897,0.0,0
n10_d20_imbTrue_assocFalse_signalFalse,bb_F,0.05,0.05,932,0.055793991416309016,0.001072961373390558,0
n10_d20_imbTrue_assocFalse_signalFalse,bb_F,0.05,0.15,925,0.05405405405405406,0.002162162162162162,0
n10_d20_imbTrue_assocFalse_signalFalse,bb_F,0.05,0.35,905,0.07292817679558011,0.0011049723756906078,0
n10_d20_imbTrue_assocFalse_signalFalse,bb_F,0.15,0.001,936,0.024572649572649572,0.0,0
n10_d20_imbTrue_assocFalse_signalFalse,bb_F,0.15,0.01,939,0.024494142705005325,0.0,0
n10_d20_imbTrue_assocFalse_signalFalse,bb_F,0.15,0.05,888,0.05292792792792793,0.0,0
n10_d20_imbTrue_assocFalse_signalFalse,bb_F,0.15,0.15,951,0.050473186119873815,0.002103049421661409,0
n10_d20_imbTrue_assocFalse_signalFalse,bb_F,0.15,0.35,865,0.06011560693641618,0.0011560693641618498,0
n10_d20_imbTrue_assocFalse_signalFalse,bb_F,0.35,0.001,901,0.016648168701442843,0.0,0
n10_d20_imbTrue_assocFalse_signalFalse,bb_F,0.35,0.01,925,0.025945945945945945,0.0,0
n10_d20_imbTrue_assocFalse_signalFalse,bb_F,0.35,0.05,920,0.043478260869565216,0.0,0
n10_d20_imbTrue_assocFalse_signalFalse,bb_F,0.35,0.15,913,0.0624315443592552,0.0,0
n10_d20_imbTrue_assocFalse_signalFalse,bb_F,0.35,0.35,867,0.05651672433679354,0.002306805074971165,0
n10_d20_imbTrue_assocFalse_signalFalse,bb_F,0.5,0.001,893,0.025755879059350503,0.0,0
n10_d20_imbTrue_assocFalse_signalFalse,bb_F,0.5,0.01,890,0.024719101123595506,0.0,0
n10_d20_imbTrue_assocFalse_signalFalse,bb_F,0.5,0.05,895,0.06368715083798883,0.0,0
n10_d20_imbTrue_assocFalse_signalFalse,bb_F,0.5,0.15,899,0.08342602892102335,0.002224694104560623,0
n10_d20_imbTrue_assocFalse_signalFalse,bb_F,0.5,0.35,894,0.06263982102908278,0.0011185682326621924,0
n10_d20_imbTrue_assocFalse_signalFalse,bb_F,0.65,0.001,933,0.01607717041800643,0.0,0
n10_d20_imbTrue_assocFalse_signalFalse,bb_F,0.65,0.01,925,0.024864864864864864,0.0,0
n10_d20_imbTrue_assocFalse_signalFalse,bb_F,0.65,0.05,905,0.056353591160221,0.0,0
n10_d20_imbTrue_assocFalse_signalFalse,bb_F,0.65,0.15,894,0.06263982102908278,0.0,0
n10_d20_imbTrue_assocFalse_signalFalse,bb_F,0.65,0.35,929,0.062432723358449946,0.001076426264800861,0
n10_d20_imbTrue_assocFalse_signalFalse,bb_F,0.85,0.001,928,0.020474137931034482,0.0,0
n10_d20_imbTrue_assocFalse_signalFalse,bb_F,0.85,0.01,880,0.026136363636363635,0.0,0
n10_d20_imbTrue_assocFalse_signalFalse,bb_F,0.85,0.05,932,0.048283261802575105,0.0,0
n10_d20_imbTrue_assocFalse_signalFalse,bb_F,0.85,0.15,885,0.0576271186440678,0.0011299435028248588,0
n10_d20_imbTrue_assocFalse_signalFalse,bb_F,0.85,0.35,889,0.0686164229471316,0.0,0
n10_d20_imbTrue_assocFalse_signalFalse,bb_F,0.95,0.001,939,0.019169329073482427,0.0,0
n10_d20_imbTrue_assocFalse_signalFalse,bb_F,0.95,0.01,893,0.03135498320268757,0.0,0
n10_d20_imbTrue_assocFalse_signalFalse,bb_F,0.95,0.05,883,0.07021517553793885,0.0,0
n10_d20_imbTrue_assocFalse_signalFalse,bb_F,0.95,0.15,907,0.06174200661521499,0.0,0
n10_d20_imbTrue_assocFalse_signalFalse,bb_F,0.95,0.35,894,0.06599552572706935,0.0,0
n10_d20_imbTrue_assocFalse_signalFalse,bb_F,0.99,0.001,901,0.04328523862375139,0.0,0
n10_d20_imbTrue_assocFalse_signalFalse,bb_F,0.99,0.01,900,0.03333333333333333,0.0,0
n10_d20_imbTrue_assocFalse_signalFalse,bb_F,0.99,0.05,936,0.03739316239316239,0.0,0
n10_d20_imbTrue_assocFalse_signalFalse,bb_F,0.99,0.15,921,0.01520086862106406,0.0,0
n10_d20_imbTrue_assocFalse_signalFalse,bb_F,0.99,0.35,940,0.00851063829787234,0.0,0
n10_d20_imbTrue_assocFalse_signalFalse,bb_F,0.999,0.001,983,0.0,0.0,0
n10_d20_imbTrue_assocFalse_signalFalse,bb_F,0.999,0.01,903,0.0,0.0,0
n10_d20_imbTrue_assocFalse_signalFalse,bb_F,0.999,0.05,868,0.0,0.0,0
n10_d20_imbTrue_assocFalse_signalFalse,bb_F,0.999,0.15,923,0.0,0.0,0
n10_d20_imbTrue_assocFalse_signalFalse,bb_F,0.999,0.35,892,0.0,0.0,0
n10_d20_imbTrue_assocFalse_signalFalse,bb_chi2,0.001,0.001,890,0.0011235955056179776,0.0,0
n10_d20_imbTrue_assocFalse_signalFalse,bb_chi2,0.001,0.01,925,0.0,0.0,0
n10_d20_imbTrue_assocFalse_signalFalse,bb_chi2,0.001,0.05,918,0.0,0.0,0
n10_d20_imbTrue_assocFalse_signalFalse,bb_chi2,0.001,0.15,947,0.0,0.0,0
n10_d20_imbTrue_assocFalse_signalFalse,bb_chi2,0.001,0.35,932,0.0,0.0,0
n10_d20_imbTrue_assocFalse_signalFalse,bb_chi2,0.01,0.001,864,0.05555555555555555,0.0,0
n10_d20_imbTrue_assocFalse_signalFalse,bb_chi2,0.01,0.01,905,0.05414364640883978,0.0,0
n10_d20_imbTrue_assocFalse_signalFalse,bb_chi2,0.01,0.05,918,0.04357298474945534,0.0,0
n10_d20_imbTrue_assocFalse_signalFalse,bb_chi2,0.01,0.15,884,0.026018099547511313,0.0,0
n10_d20_imbTrue_assocFalse_signalFalse,bb_chi2,0.01,0.35,915,0.012021857923497269,0.0,0
n10_d20_imbTrue_assocFalse_signalFalse,bb_chi2,0.05,0.001,918,0.03159041394335512,0.0010893246187363835,0
n10_d20_imbTrue_assocFalse_signalFalse,bb_chi2,0.05,0.01,863,0.028968713789107765,0.002317497103128621,0
n10_d20_imbTrue_assocFalse_signalFalse,bb_chi2,0.05,0.05,932,0.07188841201716738,0.00536480686695279,0
n10_d20_imbTrue_assocFalse_signalFalse,bb_chi2,0.05,0.15,925,0.07675675675675675,0.005405405405405406,0
n10_d20_imbTrue_assocFalse_signalFalse,bb_chi2,0.05,0.35,905,0.08397790055248619,0.0022099447513812156,0
n10_d20_imbTrue_assocFalse_signalFalse,bb_chi2,0.15,0.001,936,0.029914529914529916,0.0010683760683760685,0
n10_d20_imbTrue_assocFalse_signalFalse,bb_chi2,0.15,0.01,939,0.03727369542066028,0.0010649627263045794,0
n10_d20_imbTrue_assocFalse_signalFalse,bb_chi2,0.15,0.05,888,0.07094594594594594,0.0045045045045045045,0
n10_d20_imbTrue_assocFalse_signalFalse,bb_chi2,0.15,0.15,951,0.06729758149316509,0.007360672975814932,1
n10_d20_imbTrue_assocFalse_signalFalse,bb_chi2,0.15,0.35,865,0.07167630057803469,0.005780346820809248,0
n10_d20_imbTrue_assocFalse_signalFalse,bb_chi2,0.35,0.001,901,0.0244173140954495,0.0,0
n10_d20_imbTrue_assocFalse_signalFalse,bb_chi2,0.35,0.01,925,0.03135135135135135,0.0,0
n10_d20_imbTrue_assocFalse_signalFalse,bb_chi2,0.35,0.05,920,0.06521739130434782,0.0010869565217391304,0
n10_d20_imbTrue_assocFalse_signalFalse,bb_chi2,0.35,0.15,913,0.07667031763417305,0.004381161007667032,0
n10_d20_imbTrue_assocFalse_signalFalse,bb_chi2,0.35,0.35,867,0.0784313725490196,0.006920415224913495,1
n10_d20_imbTrue_assocFalse_signalFalse,bb_chi2,0.5,0.001,893,0.03135498320268757,0.0011198208286674132,0
n10_d20_imbTrue_assocFalse_signalFalse,bb_chi2,0.5,0.01,890,0.033707865168539325,0.0022471910112359553,0
n10_d20_imbTrue_assocFalse_signalFalse,bb_chi2,0.5,0.05,895,0.07932960893854749,0.004469273743016759,0
n10_d20_imbTrue_assocFalse_signalFalse,bb_chi2,0.5,0.15,899,0.10233592880978866,0.012235817575083427,0
n10_d20_imbTrue_assocFalse_signalFalse,bb_chi2,0.5,0.35,894,0.07941834451901567,0.007829977628635347,0
n10_d20_imbTrue_assocFalse_signalFalse,bb_chi2,0.65,0.001,933,0.02465166130760986,0.0010718113612004287,0
n10_d20_imbTrue_assocFalse_signalFalse,bb_chi2,0.65,0.01,925,0.03567567567567568,0.0,0
n10_d20_imbTrue_assocFalse_signalFalse,bb_chi2,0.65,0.05,905,0.07624309392265194,0.0055248618784530384,0
n10_d20_imbTrue_assocFalse_signalFalse,bb_chi2,0.65,0.15,894,0.07829977628635347,0.005592841163310962,0
n10_d20_imbTrue_assocFalse_signalFalse,bb_chi2,0.65,0.35,929,0.08180839612486544,0.004305705059203444,1
n10_d20_imbTrue_assocFalse_signalFalse,bb_chi2,0.85,0.001,928,0.02478448275862069,0.0,0
n10_d20_imbTrue_assocFalse_signalFalse,bb_chi2,0.85,0.01,880,0.04090909090909091,0.0,0
n10_d20_imbTrue_assocFalse_signalFalse,bb_chi2,0.85,0.05,932,0.06974248927038626,0.002145922746781116,0
n10_d20_imbTrue_assocFalse_signalFalse,bb_chi2,0.85,0.15,885,0.07231638418079096,0.005649717514124294,0
n10_d20_imbTrue_assocFalse_signalFalse,bb_chi2,0.85,0.35,889,0.0843644544431946,0.0,0
n10_d20_imbTrue_assocFalse_signalFalse,bb_chi2,0.95,0.001,939,0.027689030883919063,0.0,0
n10_d20_imbTrue_assocFalse_signalFalse,bb_chi2,0.95,0.01,893,0.040313549832026875,0.0,0
n10_d20_imbTrue_assocFalse_signalFalse,bb_chi2,0.95,0.05,883,0.08493771234428087,0.0022650056625141564,0
n10_d20_imbTrue_assocFalse_signalFalse,bb_chi2,0.95,0.15,907,0.07717750826901874,0.002205071664829107,0
n10_d20_imbTrue_assocFalse_signalFalse,bb_chi2,0.95,0.35,894,0.07606263982102908,0.003355704697986577,0
n10_d20_imbTrue_assocFalse_signalFalse,bb_chi2,0.99,0.001,901,0.0732519422863485,0.0,0
n10_d20_imbTrue_assocFalse_signalFalse,bb_chi2,0.99,0.01,900,0.05555555555555555,0.0,0
n10_d20_imbTrue_assocFalse_signalFalse,bb_chi2,0.99,0.05,936,0.06303418803418803,0.0,0
n10_d20_imbTrue_assocFalse_signalFalse,bb_chi2,0.99,0.15,921,0.026058631921824105,0.0,0
n10_d20_imbTrue_assocFalse_signalFalse,bb_chi2,0.99,0.35,940,0.009574468085106383,0.0,0
n10_d20_imbTrue_assocFalse_signalFalse,bb_chi2,0.999,0.001,983,0.0,0.0,0
n10_d20_imbTrue_assocFalse_signalFalse,bb_chi2,0.999,0.01,903,0.0,0.0,0
n10_d20_imbTrue_assocFalse_signalFalse,bb_chi2,0.999,0.05,868,0.001152073732718894,0.0,0
n10_d20_imbTrue_assocFalse_signalFalse,bb_chi2,0.999,0.15,923,0.0,0.0,0
n10_d20_imbTrue_assocFalse_signalFalse,bb_chi2,0.999,0.35,892,0.0,0.0,0
n10_d20_imbTrue_assocFalse_signalFalse,legacy_lr,0.001,0.001,890,0.0,0.0,0
n10_d20_imbTrue_assocFalse_signalFalse,legacy_lr,0.001,0.01,925,0.0,0.0,0
n10_d20_imbTrue_assocFalse_signalFalse,legacy_lr,0.001,0.05,918,0.0,0.0,0
n10_d20_imbTrue_assocFalse_signalFalse,legacy_lr,0.001,0.15,947,0.006335797254487857,0.0,0
n10_d20_imbTrue_assocFalse_signalFalse,legacy_lr,0.001,0.35,932,0.011802575107296138,0.0,0
n10_d20_imbTrue_assocFalse_signalFalse,legacy_lr,0.01,0.001,864,0.0023148148148148147,0.0,0
n10_d20_imbTrue_assocFalse_signalFalse,legacy_lr,0.01,0.01,905,0.004419889502762431,0.0,0
n10_d20_imbTrue_assocFalse_signalFalse,legacy_lr,0.01,0.05,918,0.02505446623093682,0.0,0
n10_d20_imbTrue_assocFalse_signalFalse,legacy_lr,0.01,0.15,884,0.06787330316742081,0.0022624434389140274,0
n10_d20_imbTrue_assocFalse_signalFalse,legacy_lr,0.01,0.35,915,0.11584699453551912,0.024043715846994537,3
n10_d20_imbTrue_assocFalse_signalFalse,legacy_lr,0.05,0.001,918,0.02178649237472767,0.0,0
n10_d20_imbTrue_assocFalse_signalFalse,legacy_lr,0.05,0.01,863,0.0220162224797219,0.0,0
n10_d20_imbTrue_assocFalse_signalFalse,legacy_lr,0.05,0.05,932,0.0611587982832618,0.0,0
n10_d20_imbTrue_assocFalse_signalFalse,legacy_lr,0.05,0.15,925,0.11675675675675676,0.004324324324324324,0
n10_d20_imbTrue_assocFalse_signalFalse,legacy_lr,0.05,0.35,905,0.1878453038674033,0.030939226519337018,3
n10_d20_imbTrue_assocFalse_signalFalse,legacy_lr,0.15,0.001,936,0.019230769230769232,0.0,0
n10_d20_imbTrue_assocFalse_signalFalse,legacy_lr,0.15,0.01,939,0.022364217252396165,0.0,0
n10_d20_imbTrue_assocFalse_signalFalse,legacy_lr,0.15,0.05,888,0.05855855855855856,0.0022522522522522522,0
n10_d20_imbTrue_assocFalse_signalFalse,legacy_lr,0.15,0.15,951,0.11356466876971609,0.004206098843322818,0
n10_d20_imbTrue_assocFalse_signalFalse,legacy_lr,0.15,0.35,865,0.15260115606936417,0.009248554913294798,0
n10_d20_imbTrue_assocFalse_signalFalse,legacy_lr,0.35,0.001,901,0.014428412874583796,0.0,0
n10_d20_imbTrue_assocFalse_signalFalse,legacy_lr,0.35,0.01,925,0.03135135135135135,0.0,0
n10_d20_imbTrue_assocFalse_signalFalse,legacy_lr,0.35,0.05,920,0.05543478260869565,0.0,0
n10_d20_imbTrue_assocFalse_signalFalse,legacy_lr,0.35,0.15,913,0.10733844468784227,0.001095290251916758,0
n10_d20_imbTrue_assocFalse_signalFalse,legacy_lr,0.35,0.35,867,0.14763552479815456,0.012687427912341407,1
n10_d20_imbTrue_assocFalse_signalFalse,legacy_lr,0.5,0.001,893,0.0167973124300112,0.0,0
n10_d20_imbTrue_assocFalse_signalFalse,legacy_lr,0.5,0.01,890,0.02696629213483146,0.0,0
n10_d20_imbTrue_assocFalse_signalFalse,legacy_lr,0.5,0.05,895,0.06368715083798883,0.0011173184357541898,0
n10_d20_imbTrue_assocFalse_signalFalse,legacy_lr,0.5,0.15,899,0.10789766407119021,0.004449388209121246,0
n10_d20_imbTrue_assocFalse_signalFalse,legacy_lr,0.5,0.35,894,0.1331096196868009,0.010067114093959731,0
n10_d20_imbTrue_assocFalse_signalFalse,legacy_lr,0.65,0.001,933,0.011789924973204717,0.0,0
n10_d20_imbTrue_assocFalse_signalFalse,legacy_lr,0.65,0.01,925,0.024864864864864864,0.0,0
n10_d20_imbTrue_assocFalse_signalFalse,legacy_lr,0.65,0.05,905,0.06519337016574586,0.0,0
n10_d20_imbTrue_assocFalse_signalFalse,legacy_lr,0.65,0.15,894,0.10067114093959731,0.0011185682326621924,0
n10_d20_imbTrue_assocFalse_signalFalse,legacy_lr,0.65,0.35,929,0.1356297093649085,0.011840688912809472,1
n10_d20_imbTrue_assocFalse_signalFalse,legacy_lr,0.85,0.001,928,0.017241379310344827,0.0,0
n10_d20_imbTrue_assocFalse_signalFalse,legacy_lr,0.85,0.01,880,0.023863636363636365,0.0,0
n10_d20_imbTrue_assocFalse_signalFalse,legacy_lr,0.85,0.05,932,0.05793991416309013,0.001072961373390558,0
n10_d20_imbTrue_assocFalse_signalFalse,legacy_lr,0.85,0.15,885,0.08700564971751412,0.003389830508474576,0
n10_d20_imbTrue_assocFalse_signalFalse,legacy_lr,0.85,0.35,889,0.16647919010123735,0.012373453318335208,1
n10_d20_imbTrue_assocFalse_signalFalse,legacy_lr,0.95,0.001,939,0.01703940362087327,0.0,0
n10_d20_imbTrue_assocFalse_signalFalse,legacy_lr,0.95,0.01,893,0.022396416573348264,0.0,0
n10_d20_imbTrue_assocFalse_signalFalse,legacy_lr,0.95,0.05,883,0.072480181200453,0.0,0
n10_d20_imbTrue_assocFalse_signalFalse,legacy_lr,0.95,0.15,907,0.11576626240352811,0.0033076074972436605,0
n10_d20_imbTrue_assocFalse_signalFalse,legacy_lr,0.95,0.35,894,0.1789709172259508,0.03243847874720358,5
n10_d20_imbTrue_assocFalse_signalFalse,legacy_lr,0.99,0.001,901,0.0,0.0,0
n10_d20_imbTrue_assocFalse_signalFalse,legacy_lr,0.99,0.01,900,0.0033333333333333335,0.0,0
n10_d20_imbTrue_assocFalse_signalFalse,legacy_lr,0.99,0.05,936,0.027777777777777776,0.0,0
n10_d20_imbTrue_assocFalse_signalFalse,legacy_lr,0.99,0.15,921,0.06080347448425624,0.003257328990228013,0
n10_d20_imbTrue_assocFalse_signalFalse,legacy_lr,0.99,0.35,940,0.1074468085106383,0.01276595744680851,1
n10_d20_imbTrue_assocFalse_signalFalse,legacy_lr,0.999,0.001,983,0.0,0.0,0
n10_d20_imbTrue_assocFalse_signalFalse,legacy_lr,0.999,0.01,903,0.0,0.0,0
n10_d20_imbTrue_assocFalse_signalFalse,legacy_lr,0.999,0.05,868,0.002304147465437788,0.0,0
n10_d20_imbTrue_assocFalse_signalFalse,legacy_lr,0.999,0.15,923,0.0065005417118093175,0.0,0
n10_d20_imbTrue_assocFalse_signalFalse,legacy_lr,0.999,0.35,892,0.011210762331838564,0.002242152466367713,0
n10_d20_imbTrue_assocFalse_signalTrue,bb_F,0.001,0.001,921,0.0,0.0,0
n10_d20_imbTrue_assocFalse_signalTrue,bb_F,0.001,0.01,897,0.0,0.0,0
n10_d20_imbTrue_assocFalse_signalTrue,bb_F,0.001,0.05,872,0.0,0.0,0
n10_d20_imbTrue_assocFalse_signalTrue,bb_F,0.001,0.15,897,0.0,0.0,0
n10_d20_imbTrue_assocFalse_signalTrue,bb_F,0.001,0.35,933,0.0,0.0,0
n10_d20_imbTrue_assocFalse_signalTrue,bb_F,0.01,0.001,846,0.024822695035460994,0.0,0
n10_d20_imbTrue_assocFalse_signalTrue,bb_F,0.01,0.01,950,0.02736842105263158,0.0,0
n10_d20_imbTrue_assocFalse_signalTrue,bb_F,0.01,0.05,920,0.03152173913043478,0.0,0
n10_d20_imbTrue_assocFalse_signalTrue,bb_F,0.01,0.15,957,0.025078369905956112,0.0,0
n10_d20_imbTrue_assocFalse_signalTrue,bb_F,0.01,0.35,898,0.0066815144766146995,0.0,0
n10_d20_imbTrue_assocFalse_signalTrue,bb_F,0.05,0.001,872,0.027522935779816515,0.0011467889908256881,0
n10_d20_imbTrue_assocFalse_signalTrue,bb_F,0.05,0.01,872,0.04357798165137615,0.0,0
n10_d20_imbTrue_assocFalse_signalTrue,bb_F,0.05,0.05,899,0.047830923248053395,0.0011123470522803114,0
n10_d20_imbTrue_assocFalse_signalTrue,bb_F,0.05,0.15,903,0.05758582502768549,0.0022148394241417496,0
n10_d20_imbTrue_assocFalse_signalTrue,bb_F,0.05,0.35,940,0.0627659574468085,0.0,0
n10_d20_imbTrue_assocFalse_signalTrue,bb_F,0.15,0.001,879,0.034129692832764506,0.0,0
n10_d20_imbTrue_assocFalse_signalTrue,bb_F,0.15,0.01,874,0.04004576659038902,0.0,0
n10_d20_imbTrue_assocFalse_signalTrue,bb_F,0.15,0.05,956,0.038702928870292884,0.0020920502092050207,0
n10_d20_imbTrue_assocFalse_signalTrue,bb_F,0.15,0.15,865,0.06358381502890173,0.0,0
n10_d20_imbTrue_assocFalse_signalTrue,bb_F,0.15,0.35,944,0.05084745762711865,0.0,0
n10_d20_imbTrue_assocFalse_signalTrue,bb_F,0.35,0.001,886,0.04401805869074492,0.0,0
n10_d20_imbTrue_assocFalse_signalTrue,bb_F,0.35,0.01,929,0.04736275565123789,0.001076426264800861,0
n10_d20_imbTrue_assocFalse_signalTrue,bb_F,0.35,0.05,893,0.05263157894736842,0.0011198208286674132,0
n10_d20_imbTrue_assocFalse_signalTrue,bb_F,0.35,0.15,881,0.05788876276958002,0.004540295119182747,1
n10_d20_imbTrue_assocFalse_signalTrue,bb_F,0.35,0.35,876,0.05593607305936073,0.001141552511415525,0
n10_d20_imbTrue_assocFalse_signalTrue,bb_F,0.5,0.001,868,0.027649769585253458,0.0,0
n10_d20_imbTrue_assocFalse_signalTrue,bb_F,0.5,0.01,864,0.04398148148148148,0.0,0
n10_d20_imbTrue_assocFalse_signalTrue,bb_F,0.5,0.05,877,0.052451539338654506,0.0,0
n10_d20_imbTrue_assocFalse_signalTrue,bb_F,0.5,0.15,911,0.06695938529088913,0.0010976948408342481,0
n10_d20_imbTrue_assocFalse_signalTrue,bb_F,0.5,0.35,876,0.05365296803652968,0.00684931506849315,1
n10_d20_imbTrue_assocFalse_signalTrue,bb_F,0.65,0.001,900,0.02666666666666667,0.0,0
n10_d20_imbTrue_assocFalse_signalTrue,bb_F,0.65,0.01,989,0.03943377148634985,0.0,0
n10_d20_imbTrue_assocFalse_signalTrue,bb_F,0.65,0.05,954,0.03563941299790356,0.0,0
n10_d20_imbTrue_assocFalse_signalTrue,bb_F,0.65,0.15,930,0.07096774193548387,0.0,0
n10_d20_imbTrue_assocFalse_signalTrue,bb_F,0.65,0.35,896,0.07366071428571429,0.004464285714285714,0
n10_d20_imbTrue_assocFalse_signalTrue,bb_F,0.85,0.001,900,0.027777777777777776,0.0,0
n10_d20_imbTrue_assocFalse_signalTrue,bb_F,0.85,0.01,930,0.04408602150537634,0.002150537634408602,0
n10_d20_imbTrue_assocFalse_signalTrue,bb_F,0.85,0.05,906,0.04304635761589404,0.0011037527593818985,0
n10_d20_imbTrue_assocFalse_signalTrue,bb_F,0.85,0.15,898,0.060133630289532294,0.0,0
n10_d20_imbTrue_assocFalse_signalTrue,bb_F,0.85,0.35,915,0.06775956284153005,0.002185792349726776,0
n10_d20_imbTrue_assocFalse_signalTrue,bb_F,0.95,0.001,875,0.038857142857142854,0.0,0
n10_d20_imbTrue_assocFalse_signalTrue,bb_F,0.95,0.01,882,0.036281179138321996,0.0,0
n10_d20_imbTrue_assocFalse_signalTrue,bb_F,0.95,0.05,891,0.058361391694725026,0.002244668911335578,0
n10_d20_imbTrue_assocFalse_signalTrue,bb_F,0.95,0.15,857,0.045507584597432905,0.0011668611435239206,0
n10_d20_imbTrue_assocFalse_signalTrue,bb_F,0.95,0.35,911,0.0845225027442371,0.0,0
n10_d20_imbTrue_assocFalse_signalTrue,bb_F,0.99,0.001,869,0.03222094361334868,0.0,0
n10_d20_imbTrue_assocFalse_signalTrue,bb_F,0.99,0.01,876,0.03538812785388128,0.0,0
n10_d20_imbTrue_assocFalse_signalTrue,bb_F,0.99,0.05,949,0.029504741833508957,0.0,0
n10_d20_imbTrue_assocFalse_signalTrue,bb_F,0.99,0.15,875,0.017142857142857144,0.0,0
n10_d20_imbTrue_assocFalse_signalTrue,bb_F,0.99,0.35,892,0.007847533632286996,0.0,0
n10_d20_imbTrue_assocFalse_signalTrue,bb_F,0.999,0.001,890,0.0,0.0,0
n10_d20_imbTrue_assocFalse_signalTrue,bb_F,0.999,0.01,890,0.0011235955056179776,0.0,0
n10_d20_imbTrue_assocFalse_signalTrue,bb_F,0.999,0.05,860,0.0,0.0,0
n10_d20_imbTrue_assocFalse_signalTrue,bb_F,0.999,0.15,926,0.0,0.0,0
n10_d20_imbTrue_assocFalse_signalTrue,bb_F,0.999,0.35,879,0.0,0.0,0
n10_d20_imbTrue_assocFalse_signalTrue,bb_chi2,0.001,0.001,921,0.002171552660152009,0.0,0
n10_d20_imbTrue_assocFalse_signalTrue,bb_chi2,0.001,0.01,897,0.0,0.0,0
n10_d20_imbTrue_assocFalse_signalTrue,bb_chi2,0.001,0.05,872,0.0,0.0,0
n10_d20_imbTrue_assocFalse_signalTrue,bb_chi2,0.001,0.15,897,0.0,0.0,0
n10_d20_imbTrue_assocFalse_signalTrue,bb_chi2,0.001,0.35,933,0.0,0.0,0
n10_d20_imbTrue_assocFalse_signalTrue,bb_chi2,0.01,0.001,846,0.054373522458628844,0.0,0
n10_d20_imbTrue_assocFalse_signalTrue,bb_chi2,0.01,0.01,950,0.05263157894736842,0.0,0
n10_d20_imbTrue_assocFalse_signalTrue,bb_chi2,0.01,0.05,920,0.04565217391304348,0.0010869565217391304,0
n10_d20_imbTrue_assocFalse_signalTrue,bb_chi2,0.01,0.15,957,0.03134796238244514,0.0,0
n10_d20_imbTrue_assocFalse_signalTrue,bb_chi2,0.01,0.35,898,0.0066815144766146995,0.0,0
n10_d20_imbTrue_assocFalse_signalTrue,bb_chi2,0.05,0.001,872,0.04472477064220184,0.0022935779816513763,1
n10_d20_imbTrue_assocFalse_signalTrue,bb_chi2,0.05,0.01,872,0.0676605504587156,0.0022935779816513763,0
n10_d20_imbTrue_assocFalse_signalTrue,bb_chi2,0.05,0.05,899,0.06229143492769744,0.0055617352614015575,4
n10_d20_imbTrue_assocFalse_signalTrue,bb_chi2,0.05,0.15,903,0.07751937984496124,0.0022148394241417496,2
n10_d20_imbTrue_assocFalse_signalTrue,bb_chi2,0.05,0.35,940,0.07872340425531915,0.002127659574468085,0
n10_d20_imbTrue_assocFalse_signalTrue,bb_chi2,0.15,0.001,879,0.05005688282138794,0.0,0
n10_d20_imbTrue_assocFalse_signalTrue,bb_chi2,0.15,0.01,874,0.05491990846681922,0.0,0
n10_d20_imbTrue_assocFalse_signalTrue,bb_chi2,0.15,0.05,956,0.05543933054393305,0.005230125523012552,2
n10_d20_imbTrue_assocFalse_signalTrue,bb_chi2,0.15,0.15,865,0.08208092485549133,0.004624277456647399,1
n10_d20_imbTrue_assocFalse_signalTrue,bb_chi2,0.15,0.35,944,0.0635593220338983,0.00423728813559322,4
n10_d20_imbTrue_assocFalse_signalTrue,bb_chi2,0.35,0.001,886,0.055304740406320545,0.002257336343115124,0
n10_d20_imbTrue_assocFalse_signalTrue,bb_chi2,0.35,0.01,929,0.05489773950484392,0.004305705059203444,1
n10_d20_imbTrue_assocFalse_signalTrue,bb_chi2,0.35,0.05,893,0.07166853303471445,0.006718924972004479,4
n10_d20_imbTrue_assocFalse_signalTrue,bb_chi2,0.35,0.15,881,0.07150964812712826,0.004540295119182747,4
n10_d20_imbTrue_assocFalse_signalTrue,bb_chi2,0.35,0.35,876,0.0730593607305936,0.00684931506849315,3
n10_d20_imbTrue_assocFalse_signalTrue,bb_chi2,0.5,0.001,868,0.04032258064516129,0.0,0
n10_d20_imbTrue_assocFalse_signalTrue,bb_chi2,0.5,0.01,864,0.05439814814814815,0.0,0
n10_d20_imbTrue_assocFalse_signalTrue,bb_chi2,0.5,0.05,877,0.06727480045610035,0.0034207525655644243,2
n10_d20_imbTrue_assocFalse_signalTrue,bb_chi2,0.5,0.15,911,0.08232711306256861,0.007683863885839737,2
n10_d20_imbTrue_assocFalse_signalTrue,bb_chi2,0.5,0.35,876,0.06506849315068493,0.0136986301369863,8
n10_d20_imbTrue_assocFalse_signalTrue,bb_chi2,0.65,0.001,900,0.03777777777777778,0.0,0
n10_d20_imbTrue_assocFalse_signalTrue,bb_chi2,0.65,0.01,989,0.055611729019211326,0.0020222446916076846,0
n10_d20_imbTrue_assocFalse_signalTrue,bb_chi2,0.65,0.05,954,0.05345911949685535,0.0020964360587002098,0
n10_d20_imbTrue_assocFalse_signalTrue,bb_chi2,0.65,0.15,930,0.0956989247311828,0.002150537634408602,1
n10_d20_imbTrue_assocFalse_signalTrue,bb_chi2,0.65,0.35,896,0.08705357142857142,0.010044642857142858,5
n10_d20_imbTrue_assocFalse_signalTrue,bb_chi2,0.85,0.001,900,0.04111111111111111,0.0,0
n10_d20_imbTrue_assocFalse_signalTrue,bb_chi2,0.85,0.01,930,0.053763440860215055,0.002150537634408602,2
n10_d20_imbTrue_assocFalse_signalTrue,bb_chi2,0.85,0.05,906,0.05408388520971302,0.00772626931567329,2
n10_d20_imbTrue_assocFalse_signalTrue,bb_chi2,0.85,0.15,898,0.07683741648106904,0.004454342984409799,1
n10_d20_imbTrue_assocFalse_signalTrue,bb_chi2,0.85,0.35,915,0.07650273224043716,0.00546448087431694,3
n10_d20_imbTrue_assocFalse_signalTrue,bb_chi2,0.95,0.001,875,0.05142857142857143,0.0,0
n10_d20_imbTrue_assocFalse_signalTrue,bb_chi2,0.95,0.01,882,0.045351473922902494,0.0,0
n10_d20_imbTrue_assocFalse_signalTrue,bb_chi2,0.95,0.05,891,0.07744107744107744,0.005611672278338945,4
n10_d20_imbTrue_assocFalse_signalTrue,bb_chi2,0.95,0.15,857,0.06534422403733955,0.002333722287047841,1
n10_d20_imbTrue_assocFalse_signalTrue,bb_chi2,0.95,0.35,911,0.09659714599341383,0.005488474204171241,2
n10_d20_imbTrue_assocFalse_signalTrue,bb_chi2,0.99,0.001,869,0.06098964326812428,0.0,0
n10_d20_imbTrue_assocFalse_signalTrue,bb_chi2,0.99,0.01,876,0.06164383561643835,0.001141552511415525,0
n10_d20_imbTrue_assocFalse_signalTrue,bb_chi2,0.99,0.05,949,0.04741833508956796,0.0,0
n10_d20_imbTrue_assocFalse_signalTrue,bb_chi2,0.99,0.15,875,0.025142857142857144,0.0,0
n10_d20_imbTrue_assocFalse_signalTrue,bb_chi2,0.99,0.35,892,0.008968609865470852,0.0,0
n10_d20_imbTrue_assocFalse_signalTrue,bb_chi2,0.999,0.001,890,0.0,0.0,0
n10_d20_imbTrue_assocFalse_signalTrue,bb_chi2,0.999,0.01,890,0.0011235955056179776,0.0,0
n10_d20_imbTrue_assocFalse_signalTrue,bb_chi2,0.999,0.05,860,0.0011627906976744186,0.0,0
n10_d20_imbTrue_assocFalse_signalTrue,bb_chi2,0.999,0.15,926,0.0,0.0,0
n10_d20_imbTrue_assocFalse_signalTrue,bb_chi2,0.999,0.35,879,0.0,0.0,0
n10_d20_imbTrue_assocFalse_signalTrue,legacy_lr,0.001,0.001,921,0.0,0.0,0
n10_d20_imbTrue_assocFalse_signalTrue,legacy_lr,0.001,0.01,897,0.0,0.0,0
n10_d20_imbTrue_assocFalse_signalTrue,legacy_lr,0.001,0.05,872,0.0011467889908256881,0.0,0
n10_d20_imbTrue_assocFalse_signalTrue,legacy_lr,0.001,0.15,897,0.005574136008918618,0.0,0
n10_d20_imbTrue_assocFalse_signalTrue,legacy_lr,0.001,0.35,933,0.011789924973204717,0.0010718113612004287,1
n10_d20_imbTrue_assocFalse_signalTrue,legacy_lr,0.01,0.001,846,0.0,0.0,0
n10_d20_imbTrue_assocFalse_signalTrue,legacy_lr,0.01,0.01,950,0.0,0.0,0
n10_d20_imbTrue_assocFalse_signalTrue,legacy_lr,0.01,0.05,920,0.009782608695652175,0.0,0
n10_d20_imbTrue_assocFalse_signalTrue,legacy_lr,0.01,0.15,957,0.06060606060606061,0.0,0
n10_d20_imbTrue_assocFalse_signalTrue,legacy_lr,0.01,0.35,898,0.10133630289532294,0.013363028953229399,6
n10_d20_imbTrue_assocFalse_signalTrue,legacy_lr,0.05,0.001,872,0.0194954128440367,0.0,0
n10_d20_imbTrue_assocFalse_signalTrue,legacy_lr,0.05,0.01,872,0.022935779816513763,0.0,0
n10_d20_imbTrue_assocFalse_signalTrue,legacy_lr,0.05,0.05,899,0.06562847608453838,0.0,0
n10_d20_imbTrue_assocFalse_signalTrue,legacy_lr,0.05,0.15,903,0.1184939091915836,0.006644518272425249,2
n10_d20_imbTrue_assocFalse_signalTrue,legacy_lr,0.05,0.35,940,0.19042553191489361,0.029787234042553193,18
n10_d20_imbTrue_assocFalse_signalTrue,legacy_lr,0.15,0.001,879,0.013651877133105802,0.0,0
n10_d20_imbTrue_assocFalse_signalTrue,legacy_lr,0.15,0.01,874,0.021739130434782608,0.0,0
n10_d20_imbTrue_assocFalse_signalTrue,legacy_lr,0.15,0.05,956,0.04288702928870293,0.0010460251046025104,0
n10_d20_imbTrue_assocFalse_signalTrue,legacy_lr,0.15,0.15,865,0.11098265895953757,0.004624277456647399,0
n10_d20_imbTrue_assocFalse_signalTrue,legacy_lr,0.15,0.35,944,0.163135593220339,0.01059322033898305,4
n10_d20_imbTrue_assocFalse_signalTrue,legacy_lr,0.35,0.001,886,0.013544018058690745,0.0,0
n10_d20_imbTrue_assocFalse_signalTrue,legacy_lr,0.35,0.01,929,0.024757804090419805,0.0,0
n10_d20_imbTrue_assocFalse_signalTrue,legacy_lr,0.35,0.05,893,0.060470324748040316,0.0,0
n10_d20_imbTrue_assocFalse_signalTrue,legacy_lr,0.35,0.15,881,0.10442678774120318,0.00681044267877412,2
n10_d20_imbTrue_assocFalse_signalTrue,legacy_lr,0.35,0.35,876,0.15296803652968036,0.007990867579908675,0
n10_d20_imbTrue_assocFalse_signalTrue,legacy_lr,0.5,0.001,868,0.012672811059907835,0.0,0
n10_d20_imbTrue_assocFalse_signalTrue,legacy_lr,0.5,0.01,864,0.024305555555555556,0.0,0
n10_d20_imbTrue_assocFalse_signalTrue,legacy_lr,0.5,0.05,877,0.05131128848346636,0.0,0
n10_d20_imbTrue_assocFalse_signalTrue,legacy_lr,0.5,0.15,911,0.10757409440175632,0.0043907793633369925,2
n10_d20_imbTrue_assocFalse_signalTrue,legacy_lr,0.5,0.35,876,0.1358447488584475,0.012557077625570776,5
n10_d20_imbTrue_assocFalse_signalTrue,legacy_lr,0.65,0.001,900,0.013333333333333334,0.0,0
n10_d20_imbTrue_assocFalse_signalTrue,legacy_lr,0.65,0.01,989,0.019211324570273004,0.0,0
n10_d20_imbTrue_assocFalse_signalTrue,legacy_lr,0.65,0.05,954,0.04507337526205451,0.0,0
n10_d20_imbTrue_assocFalse_signalTrue,legacy_lr,0.65,0.15,930,0.1064516129032258,0.004301075268817204,0
n10_d20_imbTrue_assocFalse_signalTrue,legacy_lr,0.65,0.35,896,0.13169642857142858,0.011160714285714286,4
n10_d20_imbTrue_assocFalse_signalTrue,legacy_lr,0.85,0.001,900,0.014444444444444444,0.0,0
n10_d20_imbTrue_assocFalse_signalTrue,legacy_lr,0.85,0.01,930,0.02795698924731183,0.001075268817204301,0
n10_d20_imbTrue_assocFalse_signalTrue,legacy_lr,0.85,0.05,906,0.06291390728476821,0.0011037527593818985,0
n10_d20_imbTrue_assocFalse_signalTrue,legacy_lr,0.85,0.15,898,0.10356347438752785,0.0033407572383073497,0
n10_d20_imbTrue_assocFalse_signalTrue,legacy_lr,0.85,0.35,915,0.1628415300546448,0.014207650273224045,11
n10_d20_imbTrue_assocFalse_signalTrue,legacy_lr,0.95,0.001,875,0.02057142857142857,0.0,0
n10_d20_imbTrue_assocFalse_signalTrue,legacy_lr,0.95,0.01,882,0.018140589569160998,0.0,0
n10_d20_imbTrue_assocFalse_signalTrue,legacy_lr,0.95,0.05,891,0.06846240179573512,0.001122334455667789,0
n10_d20_imbTrue_assocFalse_signalTrue,legacy_lr,0.95,0.15,857,0.11201866977829639,0.002333722287047841,0
n10_d20_imbTrue_assocFalse_signalTrue,legacy_lr,0.95,0.35,911,0.21624588364434688,0.04171240395170143,21
n10_d20_imbTrue_assocFalse_signalTrue,legacy_lr,0.99,0.001,869,0.0011507479861910242,0.0,0
n10_d20_imbTrue_assocFalse_signalTrue,legacy_lr,0.99,0.01,876,0.003424657534246575,0.0,0
n10_d20_imbTrue_assocFalse_signalTrue,legacy_lr,0.99,0.05,949,0.02107481559536354,0.0,0
n10_d20_imbTrue_assocFalse_signalTrue,legacy_lr,0.99,0.15,875,0.06857142857142857,0.0034285714285714284,2
n10_d20_imbTrue_assocFalse_signalTrue,legacy_lr,0.99,0.35,892,0.11995515695067265,0.026905829596412557,15
n10_d20_imbTrue_assocFalse_signalTrue,legacy_lr,0.999,0.001,890,0.0,0.0,0
n10_d20_imbTrue_assocFalse_signalTrue,legacy_lr,0.999,0.01,890,0.0,0.0,0
n10_d20_imbTrue_assocFalse_signalTrue,legacy_lr,0.999,0.05,860,0.0,0.0,0
n10_d20_imbTrue_assocFalse_signalTrue,legacy_lr,0.999,0.15,926,0.005399568034557235,0.0,0
n10_d20_imbTrue_assocFalse_signalTrue,legacy_lr,0.999,0.35,879,0.010238907849829351,0.0,0
n5_d20_imbTrue_assocTrue_signalFalse,bb_F,0.001,0.35,4475,0.000893854748603352,0.0,0
n5_d20_imbTrue_assocTrue_signalFalse,bb_F,0.01,0.35,4457,0.01278887143818712,0.0002243661655822302,0
n5_d20_imbTrue_assocTrue_signalFalse,bb_F,0.05,0.005,4530,0.038410596026490065,0.0,0
n5_d20_imbTrue_assocTrue_signalFalse,bb_F,0.15,0.005,4735,0.027877507919746566,0.0,0
n5_d20_imbTrue_assocTrue_signalFalse,bb_F,0.35,0.005,4653,0.027294218783580487,0.0,0
n5_d20_imbTrue_assocTrue_signalFalse,bb_F,0.5,0.005,4635,0.02826321467098166,0.0,0
n5_d20_imbTrue_assocTrue_signalFalse,bb_F,0.65,0.005,4530,0.03068432671081678,0.0,0
n5_d20_imbTrue_assocTrue_signalFalse,bb_F,0.85,0.005,4351,0.029418524477131693,0.0,0
n5_d20_imbTrue_assocTrue_signalFalse,bb_F,0.95,0.005,4512,0.0398936170212766,0.0,0
n5_d20_imbTrue_assocTrue_signalFalse,bb_F,0.99,0.35,4550,0.014945054945054945,0.0,0
n5_d20_imbTrue_assocTrue_signalFalse,bb_F,0.999,0.35,4572,0.002405949256342957,0.0,0
n5_d20_imbTrue_assocTrue_signalFalse,bb_chi2,0.001,0.35,4475,0.0022346368715083797,0.0,0
n5_d20_imbTrue_assocTrue_signalFalse,bb_chi2,0.01,0.35,4457,0.027597038366614316,0.0013461969934933811,1
n5_d20_imbTrue_assocTrue_signalFalse,bb_chi2,0.05,0.005,4530,0.07417218543046358,0.0033112582781456954,0
n5_d20_imbTrue_assocTrue_signalFalse,bb_chi2,0.15,0.005,4735,0.058711721224920806,0.0038014783526927136,0
n5_d20_imbTrue_assocTrue_signalFalse,bb_chi2,0.35,0.005,4653,0.06447453255963895,0.002149151085321298,0
n5_d20_imbTrue_assocTrue_signalFalse,bb_chi2,0.5,0.005,4635,0.0645091693635383,0.0025889967637540453,0
n5_d20_imbTrue_assocTrue_signalFalse,bb_chi2,0.65,0.005,4530,0.06887417218543046,0.001986754966887417,0
n5_d20_imbTrue_assocTrue_signalFalse,bb_chi2,0.85,0.005,4351,0.06366352562629281,0.002757986669731096,1
n5_d20_imbTrue_assocTrue_signalFalse,bb_chi2,0.95,0.005,4512,0.08089539007092199,0.0024379432624113476,0
n5_d20_imbTrue_assocTrue_signalFalse,bb_chi2,0.99,0.35,4550,0.03164835164835165,0.0017582417582417582,0
n5_d20_imbTrue_assocTrue_signalFalse,bb_chi2,0.999,0.35,4572,0.004155730533683289,0.0,0
n5_d20_imbTrue_assocTrue_signalFalse,legacy_lr,0.001,0.35,4475,0.012737430167597765,0.005139664804469274,17
n5_d20_imbTrue_assocTrue_signalFalse,legacy_lr,0.01,0.35,4457,0.12385012340139107,0.03971281130805474,138
n5_d20_imbTrue_assocTrue_signalFalse,legacy_lr,0.05,0.005,4530,0.04812362030905077,0.0008830022075055188,2
n5_d20_imbTrue_assocTrue_signalFalse,legacy_lr,0.15,0.005,4735,0.032312565997888065,0.00021119324181626187,0
n5_d20_imbTrue_assocTrue_signalFalse,legacy_lr,0.35,0.005,4653,0.03438641736514077,0.0,0
n5_d20_imbTrue_assocTrue_signalFalse,legacy_lr,0.5,0.005,4635,0.03516720604099245,0.0,0
n5_d20_imbTrue_assocTrue_signalFalse,legacy_lr,0.65,0.005,4530,0.04061810154525387,0.0002207505518763797,0
n5_d20_imbTrue_assocTrue_signalFalse,legacy_lr,0.85,0.005,4351,0.034704665594116293,0.0004596644449551827,1
n5_d20_imbTrue_assocTrue_signalFalse,legacy_lr,0.95,0.005,4512,0.052526595744680854,0.0013297872340425532,1
n5_d20_imbTrue_assocTrue_signalFalse,legacy_lr,0.99,0.35,4550,0.13692307692307693,0.04417582417582418,161
n5_d20_imbTrue_assocTrue_signalFalse,legacy_lr,0.999,0.35,4572,0.018810148731408575,0.005249343832020997,22
n5_d20_imbTrue_assocTrue_signalTrue,bb_F,0.001,0.35,4430,0.0006772009029345372,0.0,0
n5_d20_imbTrue_assocTrue_signalTrue,bb_F,0.01,0.35,4556,0.014705882352941176,0.0,0
n5_d20_imbTrue_assocTrue_signalTrue,bb_F,0.05,0.005,4469,0.03692101141194898,0.0,0
n5_d20_imbTrue_assocTrue_signalTrue,bb_F,0.15,0.005,4556,0.03182616330114135,0.0,0
n5_d20_imbTrue_assocTrue_signalTrue,bb_F,0.35,0.005,4523,0.0289630776033606,0.0,0
n5_d20_imbTrue_assocTrue_signalTrue,bb_F,0.5,0.005,4488,0.030080213903743314,0.0,0
n5_d20_imbTrue_assocTrue_signalTrue,bb_F,0.65,0.005,4505,0.03218645948945616,0.0,0
n5_d20_imbTrue_assocTrue_signalTrue,bb_F,0.85,0.005,4534,0.0337450374944861,0.0,0
n5_d20_imbTrue_assocTrue_signalTrue,bb_F,0.95,0.005,4448,0.03709532374100719,0.0,0
n5_d20_imbTrue_assocTrue_signalTrue,bb_F,0.99,0.35,4468,0.009623992837958818,0.00022381378692927484,0
n5_d20_imbTrue_assocTrue_signalTrue,bb_F,0.999,0.35,4482,0.0015618027666220438,0.0,0
n5_d20_imbTrue_assocTrue_signalTrue,bb_chi2,0.001,0.35,4430,0.0006772009029345372,0.0,0
n5_d20_imbTrue_assocTrue_signalTrue,bb_chi2,0.01,0.35,4556,0.028094820017559263,0.0015364354697102723,4
n5_d20_imbTrue_assocTrue_signalTrue,bb_chi2,0.05,0.005,4469,0.07272320429626315,0.0013425822331617813,1
n5_d20_imbTrue_assocTrue_signalTrue,bb_chi2,0.15,0.005,4556,0.06584723441615452,0.0013169446883230904,1
n5_d20_imbTrue_assocTrue_signalTrue,bb_chi2,0.35,0.005,4523,0.06544328985186823,0.001989829759009507,1
n5_d20_imbTrue_assocTrue_signalTrue,bb_chi2,0.5,0.005,4488,0.0679590017825312,0.002896613190730838,0
n5_d20_imbTrue_assocTrue_signalTrue,bb_chi2,0.65,0.005,4505,0.06681465038845727,0.0017758046614872365,1
n5_d20_imbTrue_assocTrue_signalTrue,bb_chi2,0.85,0.005,4534,0.07035730039700044,0.0022055580061755625,0
n5_d20_imbTrue_assocTrue_signalTrue,bb_chi2,0.95,0.005,4448,0.07508992805755396,0.002922661870503597,1
n5_d20_imbTrue_assocTrue_signalTrue,bb_chi2,0.99,0.35,4468,0.01991942703670546,0.0008952551477170994,1
n5_d20_imbTrue_assocTrue_signalTrue,bb_chi2,0.999,0.35,4482,0.0022311468094600626,0.0,0
n5_d20_imbTrue_assocTrue_signalTrue,legacy_lr,0.001,0.35,4430,0.013544018058690745,0.003386004514672686,11
n5_d20_imbTrue_assocTrue_signalTrue,legacy_lr,0.01,0.35,4556,0.14266900790166814,0.04521510096575944,178
n5_d20_imbTrue_assocTrue_signalTrue,legacy_lr,0.05,0.005,4469,0.04766166927724323,0.0006712911165808906,3
n5_d20_imbTrue_assocTrue_signalTrue,legacy_lr,0.15,0.005,4556,0.03775241439859526,0.0,0
n5_d20_imbTrue_assocTrue_signalTrue,legacy_lr,0.35,0.005,4523,0.03670130444395313,0.0,0
n5_d20_imbTrue_assocTrue_signalTrue,legacy_lr,0.5,0.005,4488,0.037210338680926915,0.0,0
n5_d20_imbTrue_assocTrue_signalTrue,legacy_lr,0.65,0.005,4505,0.037513873473917866,0.0,0
n5_d20_imbTrue_assocTrue_signalTrue,legacy_lr,0.85,0.005,4534,0.040361711513012793,0.0,0
n5_d20_imbTrue_assocTrue_signalTrue,legacy_lr,0.95,0.005,4448,0.048785971223021585,0.0013489208633093526,2
n5_d20_imbTrue_assocTrue_signalTrue,legacy_lr,0.99,0.35,4468,0.1192927484333035,0.03513876454789615,142
n5_d20_imbTrue_assocTrue_signalTrue,legacy_lr,0.999,0.35,4482,0.015394912985274432,0.005131637661758144,21
