...........FFFFFFFFFFFFFFFFFFF.FFF..F................................... [  8%]
........................................................................ [ 17%]
........................................................................ [ 26%]
........................................................................ [ 35%]
....s....F.............................................................. [ 43%]
........................................................................ [ 52%]
..F...........................................................F......... [ 61%]
......................................F................................. [ 70%]
........................................................................ [ 79%]
........................................................................ [ 87%]
....F................................................................... [ 96%]
...F.......................                                              [100%]
=================================== FAILURES ===================================
_______________________ test_chrom_name_mismatch_raises ________________________

sites = shape: (1, 2)
┌───────┬──────┐
│ chrom ┆ pos  │
│ ---   ┆ ---  │
│ str   ┆ i64  │
╞═══════╪══════╡
│ chr1  ┆ 1500 │
└───────┴──────┘
annotation = '/tmp/pytest-of-mlegrand/pytest-46/test_chrom_name_mismatch_raise0/ensembl_named.gtf'

    def annotate_features(
        sites: pl.DataFrame,
        annotation: str,
        *,
        source: str = "auto",
        features: list[str] | tuple[str, ...] = (
            "promoter",
            "5UTR",
            "exon",
            "intron",
            "3UTR",
            "TTS",
            "noncoding",
        ),
        promoter_upstream_bp: int = 2000,
        promoter_downstream_bp: int = 200,
        multi_annotation: bool = True,
        gene_type_filter: str | list[str] | None = None,
    ) -> pl.DataFrame:
        """Annotate DMC / DMR sites with gene-level genomic features.
    
        Parameters
        ----------
        sites : polars DataFrame
            Per-site or per-region table with at least ``chrom`` and either
            ``pos`` (single-base sites) or ``start`` + ``end`` (regions).
        annotation : str
            Path to a gene-model file. Format is auto-detected from the
            extension: ``.gtf`` / ``.gtf.gz`` -> GENCODE/Ensembl GTF;
            ``refGene.txt`` / ``refGene.txt.gz`` -> UCSC RefSeq (HOMER's
            default catalog). Pass ``source=`` to override if your filename
            doesn't follow the convention.
        source : {"auto", "gtf", "refgene"}, keyword-only, default "auto"
            Format override for the annotation file. ``"auto"`` infers from
            the extension; the explicit values are an escape hatch for
            unusually-named files.
        features : sequence of str, keyword-only
            Feature classes to build overlap intervals for. Sites that don't
            hit any are reported as ``feature_type="intergenic"`` automatically
            -- "intergenic" is the fallback, not something you opt into.
            Default builds the full HOMER-style set
            (promoter / 5UTR / exon / intron / 3UTR / TTS / noncoding) so
            ``feature_type`` value-counts can be compared directly against
            HOMER's vocabulary without a custom kwarg. Pass a narrower tuple
            (e.g. ``("promoter", "exon", "intron")``) to skip the UTR / TTS /
            noncoding builders when you don't need fine-grained categories
            or your annotation source can't supply them (refGene has no UTR
            coordinates and no biotype, so the UTR / noncoding builders are
            silently no-ops on refGene sources).
        promoter_upstream_bp, promoter_downstream_bp : int, keyword-only
            Promoter window around each gene's TSS. Default ``(-2000, +200)``
            matches the conventional "core promoter" definition.
        multi_annotation : bool, keyword-only, default True
            If True (default), also adds four annotatr-style columns alongside
            the single-best pick. Set to False to get only the legacy four-
            column output (``gene_id``, ``gene_name``, ``feature_type``,
            ``distance_to_tss``) -- useful for narrow storage or when downstream
            code asserts on exact column sets. New columns when True:
    
              - ``nearest_tss_gene`` (Utf8) -- gene whose TSS is closest to the
                site center (HOMER's rule).
              - ``nearest_tss_distance`` (Int32) -- signed bp distance from
                site center to that TSS, flipped for ``-`` strand so positive
                is downstream in transcription direction.
              - ``all_overlapping_genes`` (List[Utf8]) -- every gene whose
                feature interval overlaps the site (one-to-many).
              - ``all_overlapping_features`` (List[Utf8]) -- every feature type
                that overlaps (e.g. ``["intron", "promoter"]``).
        gene_type_filter : str or sequence of str or None, keyword-only
            If set, only genes whose ``gene_type`` matches are used to build
            overlap intervals and the nearest-TSS index. Typical:
            ``"protein_coding"`` to drop lincRNAs / pseudogenes / novel
            predictions. Works on both GTF (via ``gene_type`` /
            ``gene_biotype`` attribute) and refGene (NM_* -> protein_coding,
            NR_* -> non-coding). A bare string is treated as a 1-element list.
    
        Examples
        --------
        >>> # GTF, auto-detected
        >>> annotate_features(sites, "genes.gtf.gz", gene_type_filter="protein_coding")
        >>> # UCSC RefSeq (HOMER's default catalog), auto-detected
        >>> annotate_features(sites, "refGene.txt.gz")
        >>> # Unusually-named file; explicit override
        >>> annotate_features(sites, "my_genes.tsv", source="refgene")
        """
        # Resolve source (auto-detect if needed)
        if source == "auto":
            source = _detect_annotation_source(annotation)
        elif source not in ("gtf", "refgene"):
            raise ValueError(f"source must be 'auto', 'gtf', or 'refgene'; got {source!r}")
    
        # Normalize gene_type_filter to tuple or None
        if isinstance(gene_type_filter, str):
            gene_type_filter_norm: tuple[str, ...] | None = (gene_type_filter,)
        elif gene_type_filter is None:
            gene_type_filter_norm = None
        else:
            gene_type_filter_norm = tuple(gene_type_filter)
        try:
>           import bioframe  # noqa: F401  (presence-check; used inside _annotate_chromosome_chunk)
E           ModuleNotFoundError: No module named 'bioframe'

src/epykit/annotate.py:1236: ModuleNotFoundError

The above exception was the direct cause of the following exception:

tmp_path = PosixPath('/tmp/pytest-of-mlegrand/pytest-46/test_chrom_name_mismatch_raise0')

    def test_chrom_name_mismatch_raises(tmp_path):
        """C2: 'chr1' sites vs a '1'-named (Ensembl-style) GTF must raise rather
        than silently annotate every site as intergenic."""
        gtf = tmp_path / "ensembl_named.gtf"
        gtf.write_text("\n".join([
            '1\tt\tgene\t1001\t3000\t.\t+\t.\tgene_id "g1"; gene_name "GENEA";',
            '1\tt\texon\t1001\t3000\t.\t+\t.\tgene_id "g1"; gene_name "GENEA";',
        ]) + "\n")
        with pytest.raises(ValueError, match="chromosome names"):
>           annotate_features(_sites([1500]), str(gtf))

tests/test_annotate_multi.py:86: 
_ _ _ _ _ _ _ _ _ _ _ _ _ _ _ _ _ _ _ _ _ _ _ _ _ _ _ _ _ _ _ _ _ _ _ _ _ _ _ _ 

sites = shape: (1, 2)
┌───────┬──────┐
│ chrom ┆ pos  │
│ ---   ┆ ---  │
│ str   ┆ i64  │
╞═══════╪══════╡
│ chr1  ┆ 1500 │
└───────┴──────┘
annotation = '/tmp/pytest-of-mlegrand/pytest-46/test_chrom_name_mismatch_raise0/ensembl_named.gtf'

    def annotate_features(
        sites: pl.DataFrame,
        annotation: str,
        *,
        source: str = "auto",
        features: list[str] | tuple[str, ...] = (
            "promoter",
            "5UTR",
            "exon",
            "intron",
            "3UTR",
            "TTS",
            "noncoding",
        ),
        promoter_upstream_bp: int = 2000,
        promoter_downstream_bp: int = 200,
        multi_annotation: bool = True,
        gene_type_filter: str | list[str] | None = None,
    ) -> pl.DataFrame:
        """Annotate DMC / DMR sites with gene-level genomic features.
    
        Parameters
        ----------
        sites : polars DataFrame
            Per-site or per-region table with at least ``chrom`` and either
            ``pos`` (single-base sites) or ``start`` + ``end`` (regions).
        annotation : str
            Path to a gene-model file. Format is auto-detected from the
            extension: ``.gtf`` / ``.gtf.gz`` -> GENCODE/Ensembl GTF;
            ``refGene.txt`` / ``refGene.txt.gz`` -> UCSC RefSeq (HOMER's
            default catalog). Pass ``source=`` to override if your filename
            doesn't follow the convention.
        source : {"auto", "gtf", "refgene"}, keyword-only, default "auto"
            Format override for the annotation file. ``"auto"`` infers from
            the extension; the explicit values are an escape hatch for
            unusually-named files.
        features : sequence of str, keyword-only
            Feature classes to build overlap intervals for. Sites that don't
            hit any are reported as ``feature_type="intergenic"`` automatically
            -- "intergenic" is the fallback, not something you opt into.
            Default builds the full HOMER-style set
            (promoter / 5UTR / exon / intron / 3UTR / TTS / noncoding) so
            ``feature_type`` value-counts can be compared directly against
            HOMER's vocabulary without a custom kwarg. Pass a narrower tuple
            (e.g. ``("promoter", "exon", "intron")``) to skip the UTR / TTS /
            noncoding builders when you don't need fine-grained categories
            or your annotation source can't supply them (refGene has no UTR
            coordinates and no biotype, so the UTR / noncoding builders are
            silently no-ops on refGene sources).
        promoter_upstream_bp, promoter_downstream_bp : int, keyword-only
            Promoter window around each gene's TSS. Default ``(-2000, +200)``
            matches the conventional "core promoter" definition.
        multi_annotation : bool, keyword-only, default True
            If True (default), also adds four annotatr-style columns alongside
            the single-best pick. Set to False to get only the legacy four-
            column output (``gene_id``, ``gene_name``, ``feature_type``,
            ``distance_to_tss``) -- useful for narrow storage or when downstream
            code asserts on exact column sets. New columns when True:
    
              - ``nearest_tss_gene`` (Utf8) -- gene whose TSS is closest to the
                site center (HOMER's rule).
              - ``nearest_tss_distance`` (Int32) -- signed bp distance from
                site center to that TSS, flipped for ``-`` strand so positive
                is downstream in transcription direction.
              - ``all_overlapping_genes`` (List[Utf8]) -- every gene whose
                feature interval overlaps the site (one-to-many).
              - ``all_overlapping_features`` (List[Utf8]) -- every feature type
                that overlaps (e.g. ``["intron", "promoter"]``).
        gene_type_filter : str or sequence of str or None, keyword-only
            If set, only genes whose ``gene_type`` matches are used to build
            overlap intervals and the nearest-TSS index. Typical:
            ``"protein_coding"`` to drop lincRNAs / pseudogenes / novel
            predictions. Works on both GTF (via ``gene_type`` /
            ``gene_biotype`` attribute) and refGene (NM_* -> protein_coding,
            NR_* -> non-coding). A bare string is treated as a 1-element list.
    
        Examples
        --------
        >>> # GTF, auto-detected
        >>> annotate_features(sites, "genes.gtf.gz", gene_type_filter="protein_coding")
        >>> # UCSC RefSeq (HOMER's default catalog), auto-detected
        >>> annotate_features(sites, "refGene.txt.gz")
        >>> # Unusually-named file; explicit override
        >>> annotate_features(sites, "my_genes.tsv", source="refgene")
        """
        # Resolve source (auto-detect if needed)
        if source == "auto":
            source = _detect_annotation_source(annotation)
        elif source not in ("gtf", "refgene"):
            raise ValueError(f"source must be 'auto', 'gtf', or 'refgene'; got {source!r}")
    
        # Normalize gene_type_filter to tuple or None
        if isinstance(gene_type_filter, str):
            gene_type_filter_norm: tuple[str, ...] | None = (gene_type_filter,)
        elif gene_type_filter is None:
            gene_type_filter_norm = None
        else:
            gene_type_filter_norm = tuple(gene_type_filter)
        try:
            import bioframe  # noqa: F401  (presence-check; used inside _annotate_chromosome_chunk)
        except ImportError as exc:
>           raise ImportError("bioframe is required. pip install bioframe") from exc
E           ImportError: bioframe is required. pip install bioframe

src/epykit/annotate.py:1238: ImportError
____________________ test_matching_chrom_names_do_not_raise ____________________

sites = shape: (1, 2)
┌───────┬──────┐
│ chrom ┆ pos  │
│ ---   ┆ ---  │
│ str   ┆ i64  │
╞═══════╪══════╡
│ chr1  ┆ 1500 │
└───────┴──────┘
annotation = '/tmp/pytest-of-mlegrand/pytest-46/test_matching_chrom_names_do_n0/synth.gtf'

    def annotate_features(
        sites: pl.DataFrame,
        annotation: str,
        *,
        source: str = "auto",
        features: list[str] | tuple[str, ...] = (
            "promoter",
            "5UTR",
            "exon",
            "intron",
            "3UTR",
            "TTS",
            "noncoding",
        ),
        promoter_upstream_bp: int = 2000,
        promoter_downstream_bp: int = 200,
        multi_annotation: bool = True,
        gene_type_filter: str | list[str] | None = None,
    ) -> pl.DataFrame:
        """Annotate DMC / DMR sites with gene-level genomic features.
    
        Parameters
        ----------
        sites : polars DataFrame
            Per-site or per-region table with at least ``chrom`` and either
            ``pos`` (single-base sites) or ``start`` + ``end`` (regions).
        annotation : str
            Path to a gene-model file. Format is auto-detected from the
            extension: ``.gtf`` / ``.gtf.gz`` -> GENCODE/Ensembl GTF;
            ``refGene.txt`` / ``refGene.txt.gz`` -> UCSC RefSeq (HOMER's
            default catalog). Pass ``source=`` to override if your filename
            doesn't follow the convention.
        source : {"auto", "gtf", "refgene"}, keyword-only, default "auto"
            Format override for the annotation file. ``"auto"`` infers from
            the extension; the explicit values are an escape hatch for
            unusually-named files.
        features : sequence of str, keyword-only
            Feature classes to build overlap intervals for. Sites that don't
            hit any are reported as ``feature_type="intergenic"`` automatically
            -- "intergenic" is the fallback, not something you opt into.
            Default builds the full HOMER-style set
            (promoter / 5UTR / exon / intron / 3UTR / TTS / noncoding) so
            ``feature_type`` value-counts can be compared directly against
            HOMER's vocabulary without a custom kwarg. Pass a narrower tuple
            (e.g. ``("promoter", "exon", "intron")``) to skip the UTR / TTS /
            noncoding builders when you don't need fine-grained categories
            or your annotation source can't supply them (refGene has no UTR
            coordinates and no biotype, so the UTR / noncoding builders are
            silently no-ops on refGene sources).
        promoter_upstream_bp, promoter_downstream_bp : int, keyword-only
            Promoter window around each gene's TSS. Default ``(-2000, +200)``
            matches the conventional "core promoter" definition.
        multi_annotation : bool, keyword-only, default True
            If True (default), also adds four annotatr-style columns alongside
            the single-best pick. Set to False to get only the legacy four-
            column output (``gene_id``, ``gene_name``, ``feature_type``,
            ``distance_to_tss``) -- useful for narrow storage or when downstream
            code asserts on exact column sets. New columns when True:
    
              - ``nearest_tss_gene`` (Utf8) -- gene whose TSS is closest to the
                site center (HOMER's rule).
              - ``nearest_tss_distance`` (Int32) -- signed bp distance from
                site center to that TSS, flipped for ``-`` strand so positive
                is downstream in transcription direction.
              - ``all_overlapping_genes`` (List[Utf8]) -- every gene whose
                feature interval overlaps the site (one-to-many).
              - ``all_overlapping_features`` (List[Utf8]) -- every feature type
                that overlaps (e.g. ``["intron", "promoter"]``).
        gene_type_filter : str or sequence of str or None, keyword-only
            If set, only genes whose ``gene_type`` matches are used to build
            overlap intervals and the nearest-TSS index. Typical:
            ``"protein_coding"`` to drop lincRNAs / pseudogenes / novel
            predictions. Works on both GTF (via ``gene_type`` /
            ``gene_biotype`` attribute) and refGene (NM_* -> protein_coding,
            NR_* -> non-coding). A bare string is treated as a 1-element list.
    
        Examples
        --------
        >>> # GTF, auto-detected
        >>> annotate_features(sites, "genes.gtf.gz", gene_type_filter="protein_coding")
        >>> # UCSC RefSeq (HOMER's default catalog), auto-detected
        >>> annotate_features(sites, "refGene.txt.gz")
        >>> # Unusually-named file; explicit override
        >>> annotate_features(sites, "my_genes.tsv", source="refgene")
        """
        # Resolve source (auto-detect if needed)
        if source == "auto":
            source = _detect_annotation_source(annotation)
        elif source not in ("gtf", "refgene"):
            raise ValueError(f"source must be 'auto', 'gtf', or 'refgene'; got {source!r}")
    
        # Normalize gene_type_filter to tuple or None
        if isinstance(gene_type_filter, str):
            gene_type_filter_norm: tuple[str, ...] | None = (gene_type_filter,)
        elif gene_type_filter is None:
            gene_type_filter_norm = None
        else:
            gene_type_filter_norm = tuple(gene_type_filter)
        try:
>           import bioframe  # noqa: F401  (presence-check; used inside _annotate_chromosome_chunk)
E           ModuleNotFoundError: No module named 'bioframe'

src/epykit/annotate.py:1236: ModuleNotFoundError

The above exception was the direct cause of the following exception:

synth_gtf = '/tmp/pytest-of-mlegrand/pytest-46/test_matching_chrom_names_do_n0/synth.gtf'

    def test_matching_chrom_names_do_not_raise(synth_gtf):
        """Sanity: matching 'chr1' on both sides annotates without raising."""
>       out = annotate_features(_sites([1500]), synth_gtf)

tests/test_annotate_multi.py:91: 
_ _ _ _ _ _ _ _ _ _ _ _ _ _ _ _ _ _ _ _ _ _ _ _ _ _ _ _ _ _ _ _ _ _ _ _ _ _ _ _ 

sites = shape: (1, 2)
┌───────┬──────┐
│ chrom ┆ pos  │
│ ---   ┆ ---  │
│ str   ┆ i64  │
╞═══════╪══════╡
│ chr1  ┆ 1500 │
└───────┴──────┘
annotation = '/tmp/pytest-of-mlegrand/pytest-46/test_matching_chrom_names_do_n0/synth.gtf'

    def annotate_features(
        sites: pl.DataFrame,
        annotation: str,
        *,
        source: str = "auto",
        features: list[str] | tuple[str, ...] = (
            "promoter",
            "5UTR",
            "exon",
            "intron",
            "3UTR",
            "TTS",
            "noncoding",
        ),
        promoter_upstream_bp: int = 2000,
        promoter_downstream_bp: int = 200,
        multi_annotation: bool = True,
        gene_type_filter: str | list[str] | None = None,
    ) -> pl.DataFrame:
        """Annotate DMC / DMR sites with gene-level genomic features.
    
        Parameters
        ----------
        sites : polars DataFrame
            Per-site or per-region table with at least ``chrom`` and either
            ``pos`` (single-base sites) or ``start`` + ``end`` (regions).
        annotation : str
            Path to a gene-model file. Format is auto-detected from the
            extension: ``.gtf`` / ``.gtf.gz`` -> GENCODE/Ensembl GTF;
            ``refGene.txt`` / ``refGene.txt.gz`` -> UCSC RefSeq (HOMER's
            default catalog). Pass ``source=`` to override if your filename
            doesn't follow the convention.
        source : {"auto", "gtf", "refgene"}, keyword-only, default "auto"
            Format override for the annotation file. ``"auto"`` infers from
            the extension; the explicit values are an escape hatch for
            unusually-named files.
        features : sequence of str, keyword-only
            Feature classes to build overlap intervals for. Sites that don't
            hit any are reported as ``feature_type="intergenic"`` automatically
            -- "intergenic" is the fallback, not something you opt into.
            Default builds the full HOMER-style set
            (promoter / 5UTR / exon / intron / 3UTR / TTS / noncoding) so
            ``feature_type`` value-counts can be compared directly against
            HOMER's vocabulary without a custom kwarg. Pass a narrower tuple
            (e.g. ``("promoter", "exon", "intron")``) to skip the UTR / TTS /
            noncoding builders when you don't need fine-grained categories
            or your annotation source can't supply them (refGene has no UTR
            coordinates and no biotype, so the UTR / noncoding builders are
            silently no-ops on refGene sources).
        promoter_upstream_bp, promoter_downstream_bp : int, keyword-only
            Promoter window around each gene's TSS. Default ``(-2000, +200)``
            matches the conventional "core promoter" definition.
        multi_annotation : bool, keyword-only, default True
            If True (default), also adds four annotatr-style columns alongside
            the single-best pick. Set to False to get only the legacy four-
            column output (``gene_id``, ``gene_name``, ``feature_type``,
            ``distance_to_tss``) -- useful for narrow storage or when downstream
            code asserts on exact column sets. New columns when True:
    
              - ``nearest_tss_gene`` (Utf8) -- gene whose TSS is closest to the
                site center (HOMER's rule).
              - ``nearest_tss_distance`` (Int32) -- signed bp distance from
                site center to that TSS, flipped for ``-`` strand so positive
                is downstream in transcription direction.
              - ``all_overlapping_genes`` (List[Utf8]) -- every gene whose
                feature interval overlaps the site (one-to-many).
              - ``all_overlapping_features`` (List[Utf8]) -- every feature type
                that overlaps (e.g. ``["intron", "promoter"]``).
        gene_type_filter : str or sequence of str or None, keyword-only
            If set, only genes whose ``gene_type`` matches are used to build
            overlap intervals and the nearest-TSS index. Typical:
            ``"protein_coding"`` to drop lincRNAs / pseudogenes / novel
            predictions. Works on both GTF (via ``gene_type`` /
            ``gene_biotype`` attribute) and refGene (NM_* -> protein_coding,
            NR_* -> non-coding). A bare string is treated as a 1-element list.
    
        Examples
        --------
        >>> # GTF, auto-detected
        >>> annotate_features(sites, "genes.gtf.gz", gene_type_filter="protein_coding")
        >>> # UCSC RefSeq (HOMER's default catalog), auto-detected
        >>> annotate_features(sites, "refGene.txt.gz")
        >>> # Unusually-named file; explicit override
        >>> annotate_features(sites, "my_genes.tsv", source="refgene")
        """
        # Resolve source (auto-detect if needed)
        if source == "auto":
            source = _detect_annotation_source(annotation)
        elif source not in ("gtf", "refgene"):
            raise ValueError(f"source must be 'auto', 'gtf', or 'refgene'; got {source!r}")
    
        # Normalize gene_type_filter to tuple or None
        if isinstance(gene_type_filter, str):
            gene_type_filter_norm: tuple[str, ...] | None = (gene_type_filter,)
        elif gene_type_filter is None:
            gene_type_filter_norm = None
        else:
            gene_type_filter_norm = tuple(gene_type_filter)
        try:
            import bioframe  # noqa: F401  (presence-check; used inside _annotate_chromosome_chunk)
        except ImportError as exc:
>           raise ImportError("bioframe is required. pip install bioframe") from exc
E           ImportError: bioframe is required. pip install bioframe

src/epykit/annotate.py:1238: ImportError
_______________ test_intron_does_not_overextend_into_nested_exon _______________

sites = shape: (1, 2)
┌───────┬─────┐
│ chrom ┆ pos │
│ ---   ┆ --- │
│ str   ┆ i64 │
╞═══════╪═════╡
│ chr1  ┆ 500 │
└───────┴─────┘
annotation = '/tmp/pytest-of-mlegrand/pytest-46/test_intron_does_not_overexten0/nested.gtf'

    def annotate_features(
        sites: pl.DataFrame,
        annotation: str,
        *,
        source: str = "auto",
        features: list[str] | tuple[str, ...] = (
            "promoter",
            "5UTR",
            "exon",
            "intron",
            "3UTR",
            "TTS",
            "noncoding",
        ),
        promoter_upstream_bp: int = 2000,
        promoter_downstream_bp: int = 200,
        multi_annotation: bool = True,
        gene_type_filter: str | list[str] | None = None,
    ) -> pl.DataFrame:
        """Annotate DMC / DMR sites with gene-level genomic features.
    
        Parameters
        ----------
        sites : polars DataFrame
            Per-site or per-region table with at least ``chrom`` and either
            ``pos`` (single-base sites) or ``start`` + ``end`` (regions).
        annotation : str
            Path to a gene-model file. Format is auto-detected from the
            extension: ``.gtf`` / ``.gtf.gz`` -> GENCODE/Ensembl GTF;
            ``refGene.txt`` / ``refGene.txt.gz`` -> UCSC RefSeq (HOMER's
            default catalog). Pass ``source=`` to override if your filename
            doesn't follow the convention.
        source : {"auto", "gtf", "refgene"}, keyword-only, default "auto"
            Format override for the annotation file. ``"auto"`` infers from
            the extension; the explicit values are an escape hatch for
            unusually-named files.
        features : sequence of str, keyword-only
            Feature classes to build overlap intervals for. Sites that don't
            hit any are reported as ``feature_type="intergenic"`` automatically
            -- "intergenic" is the fallback, not something you opt into.
            Default builds the full HOMER-style set
            (promoter / 5UTR / exon / intron / 3UTR / TTS / noncoding) so
            ``feature_type`` value-counts can be compared directly against
            HOMER's vocabulary without a custom kwarg. Pass a narrower tuple
            (e.g. ``("promoter", "exon", "intron")``) to skip the UTR / TTS /
            noncoding builders when you don't need fine-grained categories
            or your annotation source can't supply them (refGene has no UTR
            coordinates and no biotype, so the UTR / noncoding builders are
            silently no-ops on refGene sources).
        promoter_upstream_bp, promoter_downstream_bp : int, keyword-only
            Promoter window around each gene's TSS. Default ``(-2000, +200)``
            matches the conventional "core promoter" definition.
        multi_annotation : bool, keyword-only, default True
            If True (default), also adds four annotatr-style columns alongside
            the single-best pick. Set to False to get only the legacy four-
            column output (``gene_id``, ``gene_name``, ``feature_type``,
            ``distance_to_tss``) -- useful for narrow storage or when downstream
            code asserts on exact column sets. New columns when True:
    
              - ``nearest_tss_gene`` (Utf8) -- gene whose TSS is closest to the
                site center (HOMER's rule).
              - ``nearest_tss_distance`` (Int32) -- signed bp distance from
                site center to that TSS, flipped for ``-`` strand so positive
                is downstream in transcription direction.
              - ``all_overlapping_genes`` (List[Utf8]) -- every gene whose
                feature interval overlaps the site (one-to-many).
              - ``all_overlapping_features`` (List[Utf8]) -- every feature type
                that overlaps (e.g. ``["intron", "promoter"]``).
        gene_type_filter : str or sequence of str or None, keyword-only
            If set, only genes whose ``gene_type`` matches are used to build
            overlap intervals and the nearest-TSS index. Typical:
            ``"protein_coding"`` to drop lincRNAs / pseudogenes / novel
            predictions. Works on both GTF (via ``gene_type`` /
            ``gene_biotype`` attribute) and refGene (NM_* -> protein_coding,
            NR_* -> non-coding). A bare string is treated as a 1-element list.
    
        Examples
        --------
        >>> # GTF, auto-detected
        >>> annotate_features(sites, "genes.gtf.gz", gene_type_filter="protein_coding")
        >>> # UCSC RefSeq (HOMER's default catalog), auto-detected
        >>> annotate_features(sites, "refGene.txt.gz")
        >>> # Unusually-named file; explicit override
        >>> annotate_features(sites, "my_genes.tsv", source="refgene")
        """
        # Resolve source (auto-detect if needed)
        if source == "auto":
            source = _detect_annotation_source(annotation)
        elif source not in ("gtf", "refgene"):
            raise ValueError(f"source must be 'auto', 'gtf', or 'refgene'; got {source!r}")
    
        # Normalize gene_type_filter to tuple or None
        if isinstance(gene_type_filter, str):
            gene_type_filter_norm: tuple[str, ...] | None = (gene_type_filter,)
        elif gene_type_filter is None:
            gene_type_filter_norm = None
        else:
            gene_type_filter_norm = tuple(gene_type_filter)
        try:
>           import bioframe  # noqa: F401  (presence-check; used inside _annotate_chromosome_chunk)
E           ModuleNotFoundError: No module named 'bioframe'

src/epykit/annotate.py:1236: ModuleNotFoundError

The above exception was the direct cause of the following exception:

tmp_path = PosixPath('/tmp/pytest-of-mlegrand/pytest-46/test_intron_does_not_overexten0')

    def test_intron_does_not_overextend_into_nested_exon(tmp_path):
        """M-ANN1: with a nested exon (gene_id pools transcripts), the intron must
        not cover the big exon's interior. A site inside the big exon must not be
        tagged 'intron' in all_overlapping_features."""
        gtf = tmp_path / "nested.gtf"
        gtf.write_text("\n".join([
            'chr1\tt\tgene\t100\t1100\t.\t+\t.\tgene_id "g1"; gene_name "G1";',
            'chr1\tt\texon\t100\t900\t.\t+\t.\tgene_id "g1"; gene_name "G1";',
            'chr1\tt\texon\t200\t300\t.\t+\t.\tgene_id "g1"; gene_name "G1";',
            'chr1\tt\texon\t1000\t1100\t.\t+\t.\tgene_id "g1"; gene_name "G1";',
        ]) + "\n")
        A._BUILT_FEATURES_CACHE.clear()
>       out = annotate_features(_sites([500]), str(gtf), multi_annotation=True)

tests/test_annotate_multi.py:107: 
_ _ _ _ _ _ _ _ _ _ _ _ _ _ _ _ _ _ _ _ _ _ _ _ _ _ _ _ _ _ _ _ _ _ _ _ _ _ _ _ 

sites = shape: (1, 2)
┌───────┬─────┐
│ chrom ┆ pos │
│ ---   ┆ --- │
│ str   ┆ i64 │
╞═══════╪═════╡
│ chr1  ┆ 500 │
└───────┴─────┘
annotation = '/tmp/pytest-of-mlegrand/pytest-46/test_intron_does_not_overexten0/nested.gtf'

    def annotate_features(
        sites: pl.DataFrame,
        annotation: str,
        *,
        source: str = "auto",
        features: list[str] | tuple[str, ...] = (
            "promoter",
            "5UTR",
            "exon",
            "intron",
            "3UTR",
            "TTS",
            "noncoding",
        ),
        promoter_upstream_bp: int = 2000,
        promoter_downstream_bp: int = 200,
        multi_annotation: bool = True,
        gene_type_filter: str | list[str] | None = None,
    ) -> pl.DataFrame:
        """Annotate DMC / DMR sites with gene-level genomic features.
    
        Parameters
        ----------
        sites : polars DataFrame
            Per-site or per-region table with at least ``chrom`` and either
            ``pos`` (single-base sites) or ``start`` + ``end`` (regions).
        annotation : str
            Path to a gene-model file. Format is auto-detected from the
            extension: ``.gtf`` / ``.gtf.gz`` -> GENCODE/Ensembl GTF;
            ``refGene.txt`` / ``refGene.txt.gz`` -> UCSC RefSeq (HOMER's
            default catalog). Pass ``source=`` to override if your filename
            doesn't follow the convention.
        source : {"auto", "gtf", "refgene"}, keyword-only, default "auto"
            Format override for the annotation file. ``"auto"`` infers from
            the extension; the explicit values are an escape hatch for
            unusually-named files.
        features : sequence of str, keyword-only
            Feature classes to build overlap intervals for. Sites that don't
            hit any are reported as ``feature_type="intergenic"`` automatically
            -- "intergenic" is the fallback, not something you opt into.
            Default builds the full HOMER-style set
            (promoter / 5UTR / exon / intron / 3UTR / TTS / noncoding) so
            ``feature_type`` value-counts can be compared directly against
            HOMER's vocabulary without a custom kwarg. Pass a narrower tuple
            (e.g. ``("promoter", "exon", "intron")``) to skip the UTR / TTS /
            noncoding builders when you don't need fine-grained categories
            or your annotation source can't supply them (refGene has no UTR
            coordinates and no biotype, so the UTR / noncoding builders are
            silently no-ops on refGene sources).
        promoter_upstream_bp, promoter_downstream_bp : int, keyword-only
            Promoter window around each gene's TSS. Default ``(-2000, +200)``
            matches the conventional "core promoter" definition.
        multi_annotation : bool, keyword-only, default True
            If True (default), also adds four annotatr-style columns alongside
            the single-best pick. Set to False to get only the legacy four-
            column output (``gene_id``, ``gene_name``, ``feature_type``,
            ``distance_to_tss``) -- useful for narrow storage or when downstream
            code asserts on exact column sets. New columns when True:
    
              - ``nearest_tss_gene`` (Utf8) -- gene whose TSS is closest to the
                site center (HOMER's rule).
              - ``nearest_tss_distance`` (Int32) -- signed bp distance from
                site center to that TSS, flipped for ``-`` strand so positive
                is downstream in transcription direction.
              - ``all_overlapping_genes`` (List[Utf8]) -- every gene whose
                feature interval overlaps the site (one-to-many).
              - ``all_overlapping_features`` (List[Utf8]) -- every feature type
                that overlaps (e.g. ``["intron", "promoter"]``).
        gene_type_filter : str or sequence of str or None, keyword-only
            If set, only genes whose ``gene_type`` matches are used to build
            overlap intervals and the nearest-TSS index. Typical:
            ``"protein_coding"`` to drop lincRNAs / pseudogenes / novel
            predictions. Works on both GTF (via ``gene_type`` /
            ``gene_biotype`` attribute) and refGene (NM_* -> protein_coding,
            NR_* -> non-coding). A bare string is treated as a 1-element list.
    
        Examples
        --------
        >>> # GTF, auto-detected
        >>> annotate_features(sites, "genes.gtf.gz", gene_type_filter="protein_coding")
        >>> # UCSC RefSeq (HOMER's default catalog), auto-detected
        >>> annotate_features(sites, "refGene.txt.gz")
        >>> # Unusually-named file; explicit override
        >>> annotate_features(sites, "my_genes.tsv", source="refgene")
        """
        # Resolve source (auto-detect if needed)
        if source == "auto":
            source = _detect_annotation_source(annotation)
        elif source not in ("gtf", "refgene"):
            raise ValueError(f"source must be 'auto', 'gtf', or 'refgene'; got {source!r}")
    
        # Normalize gene_type_filter to tuple or None
        if isinstance(gene_type_filter, str):
            gene_type_filter_norm: tuple[str, ...] | None = (gene_type_filter,)
        elif gene_type_filter is None:
            gene_type_filter_norm = None
        else:
            gene_type_filter_norm = tuple(gene_type_filter)
        try:
            import bioframe  # noqa: F401  (presence-check; used inside _annotate_chromosome_chunk)
        except ImportError as exc:
>           raise ImportError("bioframe is required. pip install bioframe") from exc
E           ImportError: bioframe is required. pip install bioframe

src/epykit/annotate.py:1238: ImportError
__________ test_equal_priority_overlap_breaks_ties_deterministically ___________

sites = shape: (1, 2)
┌───────┬──────┐
│ chrom ┆ pos  │
│ ---   ┆ ---  │
│ str   ┆ i64  │
╞═══════╪══════╡
│ chr1  ┆ 2000 │
└───────┴──────┘
annotation = '/tmp/pytest-of-mlegrand/pytest-46/test_equal_priority_overlap_br0/overlap.gtf'

    def annotate_features(
        sites: pl.DataFrame,
        annotation: str,
        *,
        source: str = "auto",
        features: list[str] | tuple[str, ...] = (
            "promoter",
            "5UTR",
            "exon",
            "intron",
            "3UTR",
            "TTS",
            "noncoding",
        ),
        promoter_upstream_bp: int = 2000,
        promoter_downstream_bp: int = 200,
        multi_annotation: bool = True,
        gene_type_filter: str | list[str] | None = None,
    ) -> pl.DataFrame:
        """Annotate DMC / DMR sites with gene-level genomic features.
    
        Parameters
        ----------
        sites : polars DataFrame
            Per-site or per-region table with at least ``chrom`` and either
            ``pos`` (single-base sites) or ``start`` + ``end`` (regions).
        annotation : str
            Path to a gene-model file. Format is auto-detected from the
            extension: ``.gtf`` / ``.gtf.gz`` -> GENCODE/Ensembl GTF;
            ``refGene.txt`` / ``refGene.txt.gz`` -> UCSC RefSeq (HOMER's
            default catalog). Pass ``source=`` to override if your filename
            doesn't follow the convention.
        source : {"auto", "gtf", "refgene"}, keyword-only, default "auto"
            Format override for the annotation file. ``"auto"`` infers from
            the extension; the explicit values are an escape hatch for
            unusually-named files.
        features : sequence of str, keyword-only
            Feature classes to build overlap intervals for. Sites that don't
            hit any are reported as ``feature_type="intergenic"`` automatically
            -- "intergenic" is the fallback, not something you opt into.
            Default builds the full HOMER-style set
            (promoter / 5UTR / exon / intron / 3UTR / TTS / noncoding) so
            ``feature_type`` value-counts can be compared directly against
            HOMER's vocabulary without a custom kwarg. Pass a narrower tuple
            (e.g. ``("promoter", "exon", "intron")``) to skip the UTR / TTS /
            noncoding builders when you don't need fine-grained categories
            or your annotation source can't supply them (refGene has no UTR
            coordinates and no biotype, so the UTR / noncoding builders are
            silently no-ops on refGene sources).
        promoter_upstream_bp, promoter_downstream_bp : int, keyword-only
            Promoter window around each gene's TSS. Default ``(-2000, +200)``
            matches the conventional "core promoter" definition.
        multi_annotation : bool, keyword-only, default True
            If True (default), also adds four annotatr-style columns alongside
            the single-best pick. Set to False to get only the legacy four-
            column output (``gene_id``, ``gene_name``, ``feature_type``,
            ``distance_to_tss``) -- useful for narrow storage or when downstream
            code asserts on exact column sets. New columns when True:
    
              - ``nearest_tss_gene`` (Utf8) -- gene whose TSS is closest to the
                site center (HOMER's rule).
              - ``nearest_tss_distance`` (Int32) -- signed bp distance from
                site center to that TSS, flipped for ``-`` strand so positive
                is downstream in transcription direction.
              - ``all_overlapping_genes`` (List[Utf8]) -- every gene whose
                feature interval overlaps the site (one-to-many).
              - ``all_overlapping_features`` (List[Utf8]) -- every feature type
                that overlaps (e.g. ``["intron", "promoter"]``).
        gene_type_filter : str or sequence of str or None, keyword-only
            If set, only genes whose ``gene_type`` matches are used to build
            overlap intervals and the nearest-TSS index. Typical:
            ``"protein_coding"`` to drop lincRNAs / pseudogenes / novel
            predictions. Works on both GTF (via ``gene_type`` /
            ``gene_biotype`` attribute) and refGene (NM_* -> protein_coding,
            NR_* -> non-coding). A bare string is treated as a 1-element list.
    
        Examples
        --------
        >>> # GTF, auto-detected
        >>> annotate_features(sites, "genes.gtf.gz", gene_type_filter="protein_coding")
        >>> # UCSC RefSeq (HOMER's default catalog), auto-detected
        >>> annotate_features(sites, "refGene.txt.gz")
        >>> # Unusually-named file; explicit override
        >>> annotate_features(sites, "my_genes.tsv", source="refgene")
        """
        # Resolve source (auto-detect if needed)
        if source == "auto":
            source = _detect_annotation_source(annotation)
        elif source not in ("gtf", "refgene"):
            raise ValueError(f"source must be 'auto', 'gtf', or 'refgene'; got {source!r}")
    
        # Normalize gene_type_filter to tuple or None
        if isinstance(gene_type_filter, str):
            gene_type_filter_norm: tuple[str, ...] | None = (gene_type_filter,)
        elif gene_type_filter is None:
            gene_type_filter_norm = None
        else:
            gene_type_filter_norm = tuple(gene_type_filter)
        try:
>           import bioframe  # noqa: F401  (presence-check; used inside _annotate_chromosome_chunk)
E           ModuleNotFoundError: No module named 'bioframe'

src/epykit/annotate.py:1236: ModuleNotFoundError

The above exception was the direct cause of the following exception:

tmp_path = PosixPath('/tmp/pytest-of-mlegrand/pytest-46/test_equal_priority_overlap_br0')

    def test_equal_priority_overlap_breaks_ties_deterministically(tmp_path):
        """M-ANN2: a site exonic in two overlapping genes must deterministically
        pick the lower gene id (stable tie-break), not an arbitrary one."""
        gtf = tmp_path / "overlap.gtf"
        gtf.write_text("\n".join([
            'chr1\tt\tgene\t1000\t3000\t.\t+\t.\tgene_id "g1"; gene_name "GENEA";',
            'chr1\tt\texon\t1000\t3000\t.\t+\t.\tgene_id "g1"; gene_name "GENEA";',
            'chr1\tt\tgene\t1500\t3500\t.\t+\t.\tgene_id "g2"; gene_name "GENEB";',
            'chr1\tt\texon\t1500\t3500\t.\t+\t.\tgene_id "g2"; gene_name "GENEB";',
        ]) + "\n")
        A._BUILT_FEATURES_CACHE.clear()
>       out = annotate_features(_sites([2000]), str(gtf))

tests/test_annotate_multi.py:123: 
_ _ _ _ _ _ _ _ _ _ _ _ _ _ _ _ _ _ _ _ _ _ _ _ _ _ _ _ _ _ _ _ _ _ _ _ _ _ _ _ 

sites = shape: (1, 2)
┌───────┬──────┐
│ chrom ┆ pos  │
│ ---   ┆ ---  │
│ str   ┆ i64  │
╞═══════╪══════╡
│ chr1  ┆ 2000 │
└───────┴──────┘
annotation = '/tmp/pytest-of-mlegrand/pytest-46/test_equal_priority_overlap_br0/overlap.gtf'

    def annotate_features(
        sites: pl.DataFrame,
        annotation: str,
        *,
        source: str = "auto",
        features: list[str] | tuple[str, ...] = (
            "promoter",
            "5UTR",
            "exon",
            "intron",
            "3UTR",
            "TTS",
            "noncoding",
        ),
        promoter_upstream_bp: int = 2000,
        promoter_downstream_bp: int = 200,
        multi_annotation: bool = True,
        gene_type_filter: str | list[str] | None = None,
    ) -> pl.DataFrame:
        """Annotate DMC / DMR sites with gene-level genomic features.
    
        Parameters
        ----------
        sites : polars DataFrame
            Per-site or per-region table with at least ``chrom`` and either
            ``pos`` (single-base sites) or ``start`` + ``end`` (regions).
        annotation : str
            Path to a gene-model file. Format is auto-detected from the
            extension: ``.gtf`` / ``.gtf.gz`` -> GENCODE/Ensembl GTF;
            ``refGene.txt`` / ``refGene.txt.gz`` -> UCSC RefSeq (HOMER's
            default catalog). Pass ``source=`` to override if your filename
            doesn't follow the convention.
        source : {"auto", "gtf", "refgene"}, keyword-only, default "auto"
            Format override for the annotation file. ``"auto"`` infers from
            the extension; the explicit values are an escape hatch for
            unusually-named files.
        features : sequence of str, keyword-only
            Feature classes to build overlap intervals for. Sites that don't
            hit any are reported as ``feature_type="intergenic"`` automatically
            -- "intergenic" is the fallback, not something you opt into.
            Default builds the full HOMER-style set
            (promoter / 5UTR / exon / intron / 3UTR / TTS / noncoding) so
            ``feature_type`` value-counts can be compared directly against
            HOMER's vocabulary without a custom kwarg. Pass a narrower tuple
            (e.g. ``("promoter", "exon", "intron")``) to skip the UTR / TTS /
            noncoding builders when you don't need fine-grained categories
            or your annotation source can't supply them (refGene has no UTR
            coordinates and no biotype, so the UTR / noncoding builders are
            silently no-ops on refGene sources).
        promoter_upstream_bp, promoter_downstream_bp : int, keyword-only
            Promoter window around each gene's TSS. Default ``(-2000, +200)``
            matches the conventional "core promoter" definition.
        multi_annotation : bool, keyword-only, default True
            If True (default), also adds four annotatr-style columns alongside
            the single-best pick. Set to False to get only the legacy four-
            column output (``gene_id``, ``gene_name``, ``feature_type``,
            ``distance_to_tss``) -- useful for narrow storage or when downstream
            code asserts on exact column sets. New columns when True:
    
              - ``nearest_tss_gene`` (Utf8) -- gene whose TSS is closest to the
                site center (HOMER's rule).
              - ``nearest_tss_distance`` (Int32) -- signed bp distance from
                site center to that TSS, flipped for ``-`` strand so positive
                is downstream in transcription direction.
              - ``all_overlapping_genes`` (List[Utf8]) -- every gene whose
                feature interval overlaps the site (one-to-many).
              - ``all_overlapping_features`` (List[Utf8]) -- every feature type
                that overlaps (e.g. ``["intron", "promoter"]``).
        gene_type_filter : str or sequence of str or None, keyword-only
            If set, only genes whose ``gene_type`` matches are used to build
            overlap intervals and the nearest-TSS index. Typical:
            ``"protein_coding"`` to drop lincRNAs / pseudogenes / novel
            predictions. Works on both GTF (via ``gene_type`` /
            ``gene_biotype`` attribute) and refGene (NM_* -> protein_coding,
            NR_* -> non-coding). A bare string is treated as a 1-element list.
    
        Examples
        --------
        >>> # GTF, auto-detected
        >>> annotate_features(sites, "genes.gtf.gz", gene_type_filter="protein_coding")
        >>> # UCSC RefSeq (HOMER's default catalog), auto-detected
        >>> annotate_features(sites, "refGene.txt.gz")
        >>> # Unusually-named file; explicit override
        >>> annotate_features(sites, "my_genes.tsv", source="refgene")
        """
        # Resolve source (auto-detect if needed)
        if source == "auto":
            source = _detect_annotation_source(annotation)
        elif source not in ("gtf", "refgene"):
            raise ValueError(f"source must be 'auto', 'gtf', or 'refgene'; got {source!r}")
    
        # Normalize gene_type_filter to tuple or None
        if isinstance(gene_type_filter, str):
            gene_type_filter_norm: tuple[str, ...] | None = (gene_type_filter,)
        elif gene_type_filter is None:
            gene_type_filter_norm = None
        else:
            gene_type_filter_norm = tuple(gene_type_filter)
        try:
            import bioframe  # noqa: F401  (presence-check; used inside _annotate_chromosome_chunk)
        except ImportError as exc:
>           raise ImportError("bioframe is required. pip install bioframe") from exc
E           ImportError: bioframe is required. pip install bioframe

src/epykit/annotate.py:1238: ImportError
___________________ test_default_now_includes_multi_columns ____________________

sites = shape: (1, 2)
┌───────┬──────┐
│ chrom ┆ pos  │
│ ---   ┆ ---  │
│ str   ┆ i64  │
╞═══════╪══════╡
│ chr1  ┆ 2100 │
└───────┴──────┘
annotation = '/tmp/pytest-of-mlegrand/pytest-46/test_default_now_includes_mult0/synth.gtf'

    def annotate_features(
        sites: pl.DataFrame,
        annotation: str,
        *,
        source: str = "auto",
        features: list[str] | tuple[str, ...] = (
            "promoter",
            "5UTR",
            "exon",
            "intron",
            "3UTR",
            "TTS",
            "noncoding",
        ),
        promoter_upstream_bp: int = 2000,
        promoter_downstream_bp: int = 200,
        multi_annotation: bool = True,
        gene_type_filter: str | list[str] | None = None,
    ) -> pl.DataFrame:
        """Annotate DMC / DMR sites with gene-level genomic features.
    
        Parameters
        ----------
        sites : polars DataFrame
            Per-site or per-region table with at least ``chrom`` and either
            ``pos`` (single-base sites) or ``start`` + ``end`` (regions).
        annotation : str
            Path to a gene-model file. Format is auto-detected from the
            extension: ``.gtf`` / ``.gtf.gz`` -> GENCODE/Ensembl GTF;
            ``refGene.txt`` / ``refGene.txt.gz`` -> UCSC RefSeq (HOMER's
            default catalog). Pass ``source=`` to override if your filename
            doesn't follow the convention.
        source : {"auto", "gtf", "refgene"}, keyword-only, default "auto"
            Format override for the annotation file. ``"auto"`` infers from
            the extension; the explicit values are an escape hatch for
            unusually-named files.
        features : sequence of str, keyword-only
            Feature classes to build overlap intervals for. Sites that don't
            hit any are reported as ``feature_type="intergenic"`` automatically
            -- "intergenic" is the fallback, not something you opt into.
            Default builds the full HOMER-style set
            (promoter / 5UTR / exon / intron / 3UTR / TTS / noncoding) so
            ``feature_type`` value-counts can be compared directly against
            HOMER's vocabulary without a custom kwarg. Pass a narrower tuple
            (e.g. ``("promoter", "exon", "intron")``) to skip the UTR / TTS /
            noncoding builders when you don't need fine-grained categories
            or your annotation source can't supply them (refGene has no UTR
            coordinates and no biotype, so the UTR / noncoding builders are
            silently no-ops on refGene sources).
        promoter_upstream_bp, promoter_downstream_bp : int, keyword-only
            Promoter window around each gene's TSS. Default ``(-2000, +200)``
            matches the conventional "core promoter" definition.
        multi_annotation : bool, keyword-only, default True
            If True (default), also adds four annotatr-style columns alongside
            the single-best pick. Set to False to get only the legacy four-
            column output (``gene_id``, ``gene_name``, ``feature_type``,
            ``distance_to_tss``) -- useful for narrow storage or when downstream
            code asserts on exact column sets. New columns when True:
    
              - ``nearest_tss_gene`` (Utf8) -- gene whose TSS is closest to the
                site center (HOMER's rule).
              - ``nearest_tss_distance`` (Int32) -- signed bp distance from
                site center to that TSS, flipped for ``-`` strand so positive
                is downstream in transcription direction.
              - ``all_overlapping_genes`` (List[Utf8]) -- every gene whose
                feature interval overlaps the site (one-to-many).
              - ``all_overlapping_features`` (List[Utf8]) -- every feature type
                that overlaps (e.g. ``["intron", "promoter"]``).
        gene_type_filter : str or sequence of str or None, keyword-only
            If set, only genes whose ``gene_type`` matches are used to build
            overlap intervals and the nearest-TSS index. Typical:
            ``"protein_coding"`` to drop lincRNAs / pseudogenes / novel
            predictions. Works on both GTF (via ``gene_type`` /
            ``gene_biotype`` attribute) and refGene (NM_* -> protein_coding,
            NR_* -> non-coding). A bare string is treated as a 1-element list.
    
        Examples
        --------
        >>> # GTF, auto-detected
        >>> annotate_features(sites, "genes.gtf.gz", gene_type_filter="protein_coding")
        >>> # UCSC RefSeq (HOMER's default catalog), auto-detected
        >>> annotate_features(sites, "refGene.txt.gz")
        >>> # Unusually-named file; explicit override
        >>> annotate_features(sites, "my_genes.tsv", source="refgene")
        """
        # Resolve source (auto-detect if needed)
        if source == "auto":
            source = _detect_annotation_source(annotation)
        elif source not in ("gtf", "refgene"):
            raise ValueError(f"source must be 'auto', 'gtf', or 'refgene'; got {source!r}")
    
        # Normalize gene_type_filter to tuple or None
        if isinstance(gene_type_filter, str):
            gene_type_filter_norm: tuple[str, ...] | None = (gene_type_filter,)
        elif gene_type_filter is None:
            gene_type_filter_norm = None
        else:
            gene_type_filter_norm = tuple(gene_type_filter)
        try:
>           import bioframe  # noqa: F401  (presence-check; used inside _annotate_chromosome_chunk)
E           ModuleNotFoundError: No module named 'bioframe'

src/epykit/annotate.py:1236: ModuleNotFoundError

The above exception was the direct cause of the following exception:

synth_gtf = '/tmp/pytest-of-mlegrand/pytest-46/test_default_now_includes_mult0/synth.gtf'

    def test_default_now_includes_multi_columns(synth_gtf):
        """multi_annotation=True is the default: output includes both legacy
        and annotatr-style columns out of the box."""
        sites = _sites([2100])
>       out = annotate_features(sites, synth_gtf)

tests/test_annotate_multi.py:132: 
_ _ _ _ _ _ _ _ _ _ _ _ _ _ _ _ _ _ _ _ _ _ _ _ _ _ _ _ _ _ _ _ _ _ _ _ _ _ _ _ 

sites = shape: (1, 2)
┌───────┬──────┐
│ chrom ┆ pos  │
│ ---   ┆ ---  │
│ str   ┆ i64  │
╞═══════╪══════╡
│ chr1  ┆ 2100 │
└───────┴──────┘
annotation = '/tmp/pytest-of-mlegrand/pytest-46/test_default_now_includes_mult0/synth.gtf'

    def annotate_features(
        sites: pl.DataFrame,
        annotation: str,
        *,
        source: str = "auto",
        features: list[str] | tuple[str, ...] = (
            "promoter",
            "5UTR",
            "exon",
            "intron",
            "3UTR",
            "TTS",
            "noncoding",
        ),
        promoter_upstream_bp: int = 2000,
        promoter_downstream_bp: int = 200,
        multi_annotation: bool = True,
        gene_type_filter: str | list[str] | None = None,
    ) -> pl.DataFrame:
        """Annotate DMC / DMR sites with gene-level genomic features.
    
        Parameters
        ----------
        sites : polars DataFrame
            Per-site or per-region table with at least ``chrom`` and either
            ``pos`` (single-base sites) or ``start`` + ``end`` (regions).
        annotation : str
            Path to a gene-model file. Format is auto-detected from the
            extension: ``.gtf`` / ``.gtf.gz`` -> GENCODE/Ensembl GTF;
            ``refGene.txt`` / ``refGene.txt.gz`` -> UCSC RefSeq (HOMER's
            default catalog). Pass ``source=`` to override if your filename
            doesn't follow the convention.
        source : {"auto", "gtf", "refgene"}, keyword-only, default "auto"
            Format override for the annotation file. ``"auto"`` infers from
            the extension; the explicit values are an escape hatch for
            unusually-named files.
        features : sequence of str, keyword-only
            Feature classes to build overlap intervals for. Sites that don't
            hit any are reported as ``feature_type="intergenic"`` automatically
            -- "intergenic" is the fallback, not something you opt into.
            Default builds the full HOMER-style set
            (promoter / 5UTR / exon / intron / 3UTR / TTS / noncoding) so
            ``feature_type`` value-counts can be compared directly against
            HOMER's vocabulary without a custom kwarg. Pass a narrower tuple
            (e.g. ``("promoter", "exon", "intron")``) to skip the UTR / TTS /
            noncoding builders when you don't need fine-grained categories
            or your annotation source can't supply them (refGene has no UTR
            coordinates and no biotype, so the UTR / noncoding builders are
            silently no-ops on refGene sources).
        promoter_upstream_bp, promoter_downstream_bp : int, keyword-only
            Promoter window around each gene's TSS. Default ``(-2000, +200)``
            matches the conventional "core promoter" definition.
        multi_annotation : bool, keyword-only, default True
            If True (default), also adds four annotatr-style columns alongside
            the single-best pick. Set to False to get only the legacy four-
            column output (``gene_id``, ``gene_name``, ``feature_type``,
            ``distance_to_tss``) -- useful for narrow storage or when downstream
            code asserts on exact column sets. New columns when True:
    
              - ``nearest_tss_gene`` (Utf8) -- gene whose TSS is closest to the
                site center (HOMER's rule).
              - ``nearest_tss_distance`` (Int32) -- signed bp distance from
                site center to that TSS, flipped for ``-`` strand so positive
                is downstream in transcription direction.
              - ``all_overlapping_genes`` (List[Utf8]) -- every gene whose
                feature interval overlaps the site (one-to-many).
              - ``all_overlapping_features`` (List[Utf8]) -- every feature type
                that overlaps (e.g. ``["intron", "promoter"]``).
        gene_type_filter : str or sequence of str or None, keyword-only
            If set, only genes whose ``gene_type`` matches are used to build
            overlap intervals and the nearest-TSS index. Typical:
            ``"protein_coding"`` to drop lincRNAs / pseudogenes / novel
            predictions. Works on both GTF (via ``gene_type`` /
            ``gene_biotype`` attribute) and refGene (NM_* -> protein_coding,
            NR_* -> non-coding). A bare string is treated as a 1-element list.
    
        Examples
        --------
        >>> # GTF, auto-detected
        >>> annotate_features(sites, "genes.gtf.gz", gene_type_filter="protein_coding")
        >>> # UCSC RefSeq (HOMER's default catalog), auto-detected
        >>> annotate_features(sites, "refGene.txt.gz")
        >>> # Unusually-named file; explicit override
        >>> annotate_features(sites, "my_genes.tsv", source="refgene")
        """
        # Resolve source (auto-detect if needed)
        if source == "auto":
            source = _detect_annotation_source(annotation)
        elif source not in ("gtf", "refgene"):
            raise ValueError(f"source must be 'auto', 'gtf', or 'refgene'; got {source!r}")
    
        # Normalize gene_type_filter to tuple or None
        if isinstance(gene_type_filter, str):
            gene_type_filter_norm: tuple[str, ...] | None = (gene_type_filter,)
        elif gene_type_filter is None:
            gene_type_filter_norm = None
        else:
            gene_type_filter_norm = tuple(gene_type_filter)
        try:
            import bioframe  # noqa: F401  (presence-check; used inside _annotate_chromosome_chunk)
        except ImportError as exc:
>           raise ImportError("bioframe is required. pip install bioframe") from exc
E           ImportError: bioframe is required. pip install bioframe

src/epykit/annotate.py:1238: ImportError
__________________ test_multi_false_opts_out_of_extra_columns __________________

sites = shape: (1, 2)
┌───────┬──────┐
│ chrom ┆ pos  │
│ ---   ┆ ---  │
│ str   ┆ i64  │
╞═══════╪══════╡
│ chr1  ┆ 2100 │
└───────┴──────┘
annotation = '/tmp/pytest-of-mlegrand/pytest-46/test_multi_false_opts_out_of_e0/synth.gtf'

    def annotate_features(
        sites: pl.DataFrame,
        annotation: str,
        *,
        source: str = "auto",
        features: list[str] | tuple[str, ...] = (
            "promoter",
            "5UTR",
            "exon",
            "intron",
            "3UTR",
            "TTS",
            "noncoding",
        ),
        promoter_upstream_bp: int = 2000,
        promoter_downstream_bp: int = 200,
        multi_annotation: bool = True,
        gene_type_filter: str | list[str] | None = None,
    ) -> pl.DataFrame:
        """Annotate DMC / DMR sites with gene-level genomic features.
    
        Parameters
        ----------
        sites : polars DataFrame
            Per-site or per-region table with at least ``chrom`` and either
            ``pos`` (single-base sites) or ``start`` + ``end`` (regions).
        annotation : str
            Path to a gene-model file. Format is auto-detected from the
            extension: ``.gtf`` / ``.gtf.gz`` -> GENCODE/Ensembl GTF;
            ``refGene.txt`` / ``refGene.txt.gz`` -> UCSC RefSeq (HOMER's
            default catalog). Pass ``source=`` to override if your filename
            doesn't follow the convention.
        source : {"auto", "gtf", "refgene"}, keyword-only, default "auto"
            Format override for the annotation file. ``"auto"`` infers from
            the extension; the explicit values are an escape hatch for
            unusually-named files.
        features : sequence of str, keyword-only
            Feature classes to build overlap intervals for. Sites that don't
            hit any are reported as ``feature_type="intergenic"`` automatically
            -- "intergenic" is the fallback, not something you opt into.
            Default builds the full HOMER-style set
            (promoter / 5UTR / exon / intron / 3UTR / TTS / noncoding) so
            ``feature_type`` value-counts can be compared directly against
            HOMER's vocabulary without a custom kwarg. Pass a narrower tuple
            (e.g. ``("promoter", "exon", "intron")``) to skip the UTR / TTS /
            noncoding builders when you don't need fine-grained categories
            or your annotation source can't supply them (refGene has no UTR
            coordinates and no biotype, so the UTR / noncoding builders are
            silently no-ops on refGene sources).
        promoter_upstream_bp, promoter_downstream_bp : int, keyword-only
            Promoter window around each gene's TSS. Default ``(-2000, +200)``
            matches the conventional "core promoter" definition.
        multi_annotation : bool, keyword-only, default True
            If True (default), also adds four annotatr-style columns alongside
            the single-best pick. Set to False to get only the legacy four-
            column output (``gene_id``, ``gene_name``, ``feature_type``,
            ``distance_to_tss``) -- useful for narrow storage or when downstream
            code asserts on exact column sets. New columns when True:
    
              - ``nearest_tss_gene`` (Utf8) -- gene whose TSS is closest to the
                site center (HOMER's rule).
              - ``nearest_tss_distance`` (Int32) -- signed bp distance from
                site center to that TSS, flipped for ``-`` strand so positive
                is downstream in transcription direction.
              - ``all_overlapping_genes`` (List[Utf8]) -- every gene whose
                feature interval overlaps the site (one-to-many).
              - ``all_overlapping_features`` (List[Utf8]) -- every feature type
                that overlaps (e.g. ``["intron", "promoter"]``).
        gene_type_filter : str or sequence of str or None, keyword-only
            If set, only genes whose ``gene_type`` matches are used to build
            overlap intervals and the nearest-TSS index. Typical:
            ``"protein_coding"`` to drop lincRNAs / pseudogenes / novel
            predictions. Works on both GTF (via ``gene_type`` /
            ``gene_biotype`` attribute) and refGene (NM_* -> protein_coding,
            NR_* -> non-coding). A bare string is treated as a 1-element list.
    
        Examples
        --------
        >>> # GTF, auto-detected
        >>> annotate_features(sites, "genes.gtf.gz", gene_type_filter="protein_coding")
        >>> # UCSC RefSeq (HOMER's default catalog), auto-detected
        >>> annotate_features(sites, "refGene.txt.gz")
        >>> # Unusually-named file; explicit override
        >>> annotate_features(sites, "my_genes.tsv", source="refgene")
        """
        # Resolve source (auto-detect if needed)
        if source == "auto":
            source = _detect_annotation_source(annotation)
        elif source not in ("gtf", "refgene"):
            raise ValueError(f"source must be 'auto', 'gtf', or 'refgene'; got {source!r}")
    
        # Normalize gene_type_filter to tuple or None
        if isinstance(gene_type_filter, str):
            gene_type_filter_norm: tuple[str, ...] | None = (gene_type_filter,)
        elif gene_type_filter is None:
            gene_type_filter_norm = None
        else:
            gene_type_filter_norm = tuple(gene_type_filter)
        try:
>           import bioframe  # noqa: F401  (presence-check; used inside _annotate_chromosome_chunk)
E           ModuleNotFoundError: No module named 'bioframe'

src/epykit/annotate.py:1236: ModuleNotFoundError

The above exception was the direct cause of the following exception:

synth_gtf = '/tmp/pytest-of-mlegrand/pytest-46/test_multi_false_opts_out_of_e0/synth.gtf'

    def test_multi_false_opts_out_of_extra_columns(synth_gtf):
        """multi_annotation=False is still respected -- useful for callers that
        want the slimmer legacy schema (e.g. narrow storage, or downstream code
        that asserts on exact column sets)."""
        sites = _sites([2100])
>       out = annotate_features(sites, synth_gtf, multi_annotation=False)

tests/test_annotate_multi.py:146: 
_ _ _ _ _ _ _ _ _ _ _ _ _ _ _ _ _ _ _ _ _ _ _ _ _ _ _ _ _ _ _ _ _ _ _ _ _ _ _ _ 

sites = shape: (1, 2)
┌───────┬──────┐
│ chrom ┆ pos  │
│ ---   ┆ ---  │
│ str   ┆ i64  │
╞═══════╪══════╡
│ chr1  ┆ 2100 │
└───────┴──────┘
annotation = '/tmp/pytest-of-mlegrand/pytest-46/test_multi_false_opts_out_of_e0/synth.gtf'

    def annotate_features(
        sites: pl.DataFrame,
        annotation: str,
        *,
        source: str = "auto",
        features: list[str] | tuple[str, ...] = (
            "promoter",
            "5UTR",
            "exon",
            "intron",
            "3UTR",
            "TTS",
            "noncoding",
        ),
        promoter_upstream_bp: int = 2000,
        promoter_downstream_bp: int = 200,
        multi_annotation: bool = True,
        gene_type_filter: str | list[str] | None = None,
    ) -> pl.DataFrame:
        """Annotate DMC / DMR sites with gene-level genomic features.
    
        Parameters
        ----------
        sites : polars DataFrame
            Per-site or per-region table with at least ``chrom`` and either
            ``pos`` (single-base sites) or ``start`` + ``end`` (regions).
        annotation : str
            Path to a gene-model file. Format is auto-detected from the
            extension: ``.gtf`` / ``.gtf.gz`` -> GENCODE/Ensembl GTF;
            ``refGene.txt`` / ``refGene.txt.gz`` -> UCSC RefSeq (HOMER's
            default catalog). Pass ``source=`` to override if your filename
            doesn't follow the convention.
        source : {"auto", "gtf", "refgene"}, keyword-only, default "auto"
            Format override for the annotation file. ``"auto"`` infers from
            the extension; the explicit values are an escape hatch for
            unusually-named files.
        features : sequence of str, keyword-only
            Feature classes to build overlap intervals for. Sites that don't
            hit any are reported as ``feature_type="intergenic"`` automatically
            -- "intergenic" is the fallback, not something you opt into.
            Default builds the full HOMER-style set
            (promoter / 5UTR / exon / intron / 3UTR / TTS / noncoding) so
            ``feature_type`` value-counts can be compared directly against
            HOMER's vocabulary without a custom kwarg. Pass a narrower tuple
            (e.g. ``("promoter", "exon", "intron")``) to skip the UTR / TTS /
            noncoding builders when you don't need fine-grained categories
            or your annotation source can't supply them (refGene has no UTR
            coordinates and no biotype, so the UTR / noncoding builders are
            silently no-ops on refGene sources).
        promoter_upstream_bp, promoter_downstream_bp : int, keyword-only
            Promoter window around each gene's TSS. Default ``(-2000, +200)``
            matches the conventional "core promoter" definition.
        multi_annotation : bool, keyword-only, default True
            If True (default), also adds four annotatr-style columns alongside
            the single-best pick. Set to False to get only the legacy four-
            column output (``gene_id``, ``gene_name``, ``feature_type``,
            ``distance_to_tss``) -- useful for narrow storage or when downstream
            code asserts on exact column sets. New columns when True:
    
              - ``nearest_tss_gene`` (Utf8) -- gene whose TSS is closest to the
                site center (HOMER's rule).
              - ``nearest_tss_distance`` (Int32) -- signed bp distance from
                site center to that TSS, flipped for ``-`` strand so positive
                is downstream in transcription direction.
              - ``all_overlapping_genes`` (List[Utf8]) -- every gene whose
                feature interval overlaps the site (one-to-many).
              - ``all_overlapping_features`` (List[Utf8]) -- every feature type
                that overlaps (e.g. ``["intron", "promoter"]``).
        gene_type_filter : str or sequence of str or None, keyword-only
            If set, only genes whose ``gene_type`` matches are used to build
            overlap intervals and the nearest-TSS index. Typical:
            ``"protein_coding"`` to drop lincRNAs / pseudogenes / novel
            predictions. Works on both GTF (via ``gene_type`` /
            ``gene_biotype`` attribute) and refGene (NM_* -> protein_coding,
            NR_* -> non-coding). A bare string is treated as a 1-element list.
    
        Examples
        --------
        >>> # GTF, auto-detected
        >>> annotate_features(sites, "genes.gtf.gz", gene_type_filter="protein_coding")
        >>> # UCSC RefSeq (HOMER's default catalog), auto-detected
        >>> annotate_features(sites, "refGene.txt.gz")
        >>> # Unusually-named file; explicit override
        >>> annotate_features(sites, "my_genes.tsv", source="refgene")
        """
        # Resolve source (auto-detect if needed)
        if source == "auto":
            source = _detect_annotation_source(annotation)
        elif source not in ("gtf", "refgene"):
            raise ValueError(f"source must be 'auto', 'gtf', or 'refgene'; got {source!r}")
    
        # Normalize gene_type_filter to tuple or None
        if isinstance(gene_type_filter, str):
            gene_type_filter_norm: tuple[str, ...] | None = (gene_type_filter,)
        elif gene_type_filter is None:
            gene_type_filter_norm = None
        else:
            gene_type_filter_norm = tuple(gene_type_filter)
        try:
            import bioframe  # noqa: F401  (presence-check; used inside _annotate_chromosome_chunk)
        except ImportError as exc:
>           raise ImportError("bioframe is required. pip install bioframe") from exc
E           ImportError: bioframe is required. pip install bioframe

src/epykit/annotate.py:1238: ImportError
_______________ test_multi_adds_four_columns_with_correct_dtypes _______________

sites = shape: (1, 2)
┌───────┬──────┐
│ chrom ┆ pos  │
│ ---   ┆ ---  │
│ str   ┆ i64  │
╞═══════╪══════╡
│ chr1  ┆ 2100 │
└───────┴──────┘
annotation = '/tmp/pytest-of-mlegrand/pytest-46/test_multi_adds_four_columns_w0/synth.gtf'

    def annotate_features(
        sites: pl.DataFrame,
        annotation: str,
        *,
        source: str = "auto",
        features: list[str] | tuple[str, ...] = (
            "promoter",
            "5UTR",
            "exon",
            "intron",
            "3UTR",
            "TTS",
            "noncoding",
        ),
        promoter_upstream_bp: int = 2000,
        promoter_downstream_bp: int = 200,
        multi_annotation: bool = True,
        gene_type_filter: str | list[str] | None = None,
    ) -> pl.DataFrame:
        """Annotate DMC / DMR sites with gene-level genomic features.
    
        Parameters
        ----------
        sites : polars DataFrame
            Per-site or per-region table with at least ``chrom`` and either
            ``pos`` (single-base sites) or ``start`` + ``end`` (regions).
        annotation : str
            Path to a gene-model file. Format is auto-detected from the
            extension: ``.gtf`` / ``.gtf.gz`` -> GENCODE/Ensembl GTF;
            ``refGene.txt`` / ``refGene.txt.gz`` -> UCSC RefSeq (HOMER's
            default catalog). Pass ``source=`` to override if your filename
            doesn't follow the convention.
        source : {"auto", "gtf", "refgene"}, keyword-only, default "auto"
            Format override for the annotation file. ``"auto"`` infers from
            the extension; the explicit values are an escape hatch for
            unusually-named files.
        features : sequence of str, keyword-only
            Feature classes to build overlap intervals for. Sites that don't
            hit any are reported as ``feature_type="intergenic"`` automatically
            -- "intergenic" is the fallback, not something you opt into.
            Default builds the full HOMER-style set
            (promoter / 5UTR / exon / intron / 3UTR / TTS / noncoding) so
            ``feature_type`` value-counts can be compared directly against
            HOMER's vocabulary without a custom kwarg. Pass a narrower tuple
            (e.g. ``("promoter", "exon", "intron")``) to skip the UTR / TTS /
            noncoding builders when you don't need fine-grained categories
            or your annotation source can't supply them (refGene has no UTR
            coordinates and no biotype, so the UTR / noncoding builders are
            silently no-ops on refGene sources).
        promoter_upstream_bp, promoter_downstream_bp : int, keyword-only
            Promoter window around each gene's TSS. Default ``(-2000, +200)``
            matches the conventional "core promoter" definition.
        multi_annotation : bool, keyword-only, default True
            If True (default), also adds four annotatr-style columns alongside
            the single-best pick. Set to False to get only the legacy four-
            column output (``gene_id``, ``gene_name``, ``feature_type``,
            ``distance_to_tss``) -- useful for narrow storage or when downstream
            code asserts on exact column sets. New columns when True:
    
              - ``nearest_tss_gene`` (Utf8) -- gene whose TSS is closest to the
                site center (HOMER's rule).
              - ``nearest_tss_distance`` (Int32) -- signed bp distance from
                site center to that TSS, flipped for ``-`` strand so positive
                is downstream in transcription direction.
              - ``all_overlapping_genes`` (List[Utf8]) -- every gene whose
                feature interval overlaps the site (one-to-many).
              - ``all_overlapping_features`` (List[Utf8]) -- every feature type
                that overlaps (e.g. ``["intron", "promoter"]``).
        gene_type_filter : str or sequence of str or None, keyword-only
            If set, only genes whose ``gene_type`` matches are used to build
            overlap intervals and the nearest-TSS index. Typical:
            ``"protein_coding"`` to drop lincRNAs / pseudogenes / novel
            predictions. Works on both GTF (via ``gene_type`` /
            ``gene_biotype`` attribute) and refGene (NM_* -> protein_coding,
            NR_* -> non-coding). A bare string is treated as a 1-element list.
    
        Examples
        --------
        >>> # GTF, auto-detected
        >>> annotate_features(sites, "genes.gtf.gz", gene_type_filter="protein_coding")
        >>> # UCSC RefSeq (HOMER's default catalog), auto-detected
        >>> annotate_features(sites, "refGene.txt.gz")
        >>> # Unusually-named file; explicit override
        >>> annotate_features(sites, "my_genes.tsv", source="refgene")
        """
        # Resolve source (auto-detect if needed)
        if source == "auto":
            source = _detect_annotation_source(annotation)
        elif source not in ("gtf", "refgene"):
            raise ValueError(f"source must be 'auto', 'gtf', or 'refgene'; got {source!r}")
    
        # Normalize gene_type_filter to tuple or None
        if isinstance(gene_type_filter, str):
            gene_type_filter_norm: tuple[str, ...] | None = (gene_type_filter,)
        elif gene_type_filter is None:
            gene_type_filter_norm = None
        else:
            gene_type_filter_norm = tuple(gene_type_filter)
        try:
>           import bioframe  # noqa: F401  (presence-check; used inside _annotate_chromosome_chunk)
E           ModuleNotFoundError: No module named 'bioframe'

src/epykit/annotate.py:1236: ModuleNotFoundError

The above exception was the direct cause of the following exception:

synth_gtf = '/tmp/pytest-of-mlegrand/pytest-46/test_multi_adds_four_columns_w0/synth.gtf'

    def test_multi_adds_four_columns_with_correct_dtypes(synth_gtf):
        sites = _sites([2100])
>       out = annotate_features(sites, synth_gtf, multi_annotation=True)

tests/test_annotate_multi.py:158: 
_ _ _ _ _ _ _ _ _ _ _ _ _ _ _ _ _ _ _ _ _ _ _ _ _ _ _ _ _ _ _ _ _ _ _ _ _ _ _ _ 

sites = shape: (1, 2)
┌───────┬──────┐
│ chrom ┆ pos  │
│ ---   ┆ ---  │
│ str   ┆ i64  │
╞═══════╪══════╡
│ chr1  ┆ 2100 │
└───────┴──────┘
annotation = '/tmp/pytest-of-mlegrand/pytest-46/test_multi_adds_four_columns_w0/synth.gtf'

    def annotate_features(
        sites: pl.DataFrame,
        annotation: str,
        *,
        source: str = "auto",
        features: list[str] | tuple[str, ...] = (
            "promoter",
            "5UTR",
            "exon",
            "intron",
            "3UTR",
            "TTS",
            "noncoding",
        ),
        promoter_upstream_bp: int = 2000,
        promoter_downstream_bp: int = 200,
        multi_annotation: bool = True,
        gene_type_filter: str | list[str] | None = None,
    ) -> pl.DataFrame:
        """Annotate DMC / DMR sites with gene-level genomic features.
    
        Parameters
        ----------
        sites : polars DataFrame
            Per-site or per-region table with at least ``chrom`` and either
            ``pos`` (single-base sites) or ``start`` + ``end`` (regions).
        annotation : str
            Path to a gene-model file. Format is auto-detected from the
            extension: ``.gtf`` / ``.gtf.gz`` -> GENCODE/Ensembl GTF;
            ``refGene.txt`` / ``refGene.txt.gz`` -> UCSC RefSeq (HOMER's
            default catalog). Pass ``source=`` to override if your filename
            doesn't follow the convention.
        source : {"auto", "gtf", "refgene"}, keyword-only, default "auto"
            Format override for the annotation file. ``"auto"`` infers from
            the extension; the explicit values are an escape hatch for
            unusually-named files.
        features : sequence of str, keyword-only
            Feature classes to build overlap intervals for. Sites that don't
            hit any are reported as ``feature_type="intergenic"`` automatically
            -- "intergenic" is the fallback, not something you opt into.
            Default builds the full HOMER-style set
            (promoter / 5UTR / exon / intron / 3UTR / TTS / noncoding) so
            ``feature_type`` value-counts can be compared directly against
            HOMER's vocabulary without a custom kwarg. Pass a narrower tuple
            (e.g. ``("promoter", "exon", "intron")``) to skip the UTR / TTS /
            noncoding builders when you don't need fine-grained categories
            or your annotation source can't supply them (refGene has no UTR
            coordinates and no biotype, so the UTR / noncoding builders are
            silently no-ops on refGene sources).
        promoter_upstream_bp, promoter_downstream_bp : int, keyword-only
            Promoter window around each gene's TSS. Default ``(-2000, +200)``
            matches the conventional "core promoter" definition.
        multi_annotation : bool, keyword-only, default True
            If True (default), also adds four annotatr-style columns alongside
            the single-best pick. Set to False to get only the legacy four-
            column output (``gene_id``, ``gene_name``, ``feature_type``,
            ``distance_to_tss``) -- useful for narrow storage or when downstream
            code asserts on exact column sets. New columns when True:
    
              - ``nearest_tss_gene`` (Utf8) -- gene whose TSS is closest to the
                site center (HOMER's rule).
              - ``nearest_tss_distance`` (Int32) -- signed bp distance from
                site center to that TSS, flipped for ``-`` strand so positive
                is downstream in transcription direction.
              - ``all_overlapping_genes`` (List[Utf8]) -- every gene whose
                feature interval overlaps the site (one-to-many).
              - ``all_overlapping_features`` (List[Utf8]) -- every feature type
                that overlaps (e.g. ``["intron", "promoter"]``).
        gene_type_filter : str or sequence of str or None, keyword-only
            If set, only genes whose ``gene_type`` matches are used to build
            overlap intervals and the nearest-TSS index. Typical:
            ``"protein_coding"`` to drop lincRNAs / pseudogenes / novel
            predictions. Works on both GTF (via ``gene_type`` /
            ``gene_biotype`` attribute) and refGene (NM_* -> protein_coding,
            NR_* -> non-coding). A bare string is treated as a 1-element list.
    
        Examples
        --------
        >>> # GTF, auto-detected
        >>> annotate_features(sites, "genes.gtf.gz", gene_type_filter="protein_coding")
        >>> # UCSC RefSeq (HOMER's default catalog), auto-detected
        >>> annotate_features(sites, "refGene.txt.gz")
        >>> # Unusually-named file; explicit override
        >>> annotate_features(sites, "my_genes.tsv", source="refgene")
        """
        # Resolve source (auto-detect if needed)
        if source == "auto":
            source = _detect_annotation_source(annotation)
        elif source not in ("gtf", "refgene"):
            raise ValueError(f"source must be 'auto', 'gtf', or 'refgene'; got {source!r}")
    
        # Normalize gene_type_filter to tuple or None
        if isinstance(gene_type_filter, str):
            gene_type_filter_norm: tuple[str, ...] | None = (gene_type_filter,)
        elif gene_type_filter is None:
            gene_type_filter_norm = None
        else:
            gene_type_filter_norm = tuple(gene_type_filter)
        try:
            import bioframe  # noqa: F401  (presence-check; used inside _annotate_chromosome_chunk)
        except ImportError as exc:
>           raise ImportError("bioframe is required. pip install bioframe") from exc
E           ImportError: bioframe is required. pip install bioframe

src/epykit/annotate.py:1238: ImportError
__________________ test_nearest_tss_can_differ_from_best_pick __________________

sites = shape: (1, 2)
┌───────┬──────┐
│ chrom ┆ pos  │
│ ---   ┆ ---  │
│ str   ┆ i64  │
╞═══════╪══════╡
│ chr1  ┆ 2700 │
└───────┴──────┘
annotation = '/tmp/pytest-of-mlegrand/pytest-46/test_nearest_tss_can_differ_fr0/synth.gtf'

    def annotate_features(
        sites: pl.DataFrame,
        annotation: str,
        *,
        source: str = "auto",
        features: list[str] | tuple[str, ...] = (
            "promoter",
            "5UTR",
            "exon",
            "intron",
            "3UTR",
            "TTS",
            "noncoding",
        ),
        promoter_upstream_bp: int = 2000,
        promoter_downstream_bp: int = 200,
        multi_annotation: bool = True,
        gene_type_filter: str | list[str] | None = None,
    ) -> pl.DataFrame:
        """Annotate DMC / DMR sites with gene-level genomic features.
    
        Parameters
        ----------
        sites : polars DataFrame
            Per-site or per-region table with at least ``chrom`` and either
            ``pos`` (single-base sites) or ``start`` + ``end`` (regions).
        annotation : str
            Path to a gene-model file. Format is auto-detected from the
            extension: ``.gtf`` / ``.gtf.gz`` -> GENCODE/Ensembl GTF;
            ``refGene.txt`` / ``refGene.txt.gz`` -> UCSC RefSeq (HOMER's
            default catalog). Pass ``source=`` to override if your filename
            doesn't follow the convention.
        source : {"auto", "gtf", "refgene"}, keyword-only, default "auto"
            Format override for the annotation file. ``"auto"`` infers from
            the extension; the explicit values are an escape hatch for
            unusually-named files.
        features : sequence of str, keyword-only
            Feature classes to build overlap intervals for. Sites that don't
            hit any are reported as ``feature_type="intergenic"`` automatically
            -- "intergenic" is the fallback, not something you opt into.
            Default builds the full HOMER-style set
            (promoter / 5UTR / exon / intron / 3UTR / TTS / noncoding) so
            ``feature_type`` value-counts can be compared directly against
            HOMER's vocabulary without a custom kwarg. Pass a narrower tuple
            (e.g. ``("promoter", "exon", "intron")``) to skip the UTR / TTS /
            noncoding builders when you don't need fine-grained categories
            or your annotation source can't supply them (refGene has no UTR
            coordinates and no biotype, so the UTR / noncoding builders are
            silently no-ops on refGene sources).
        promoter_upstream_bp, promoter_downstream_bp : int, keyword-only
            Promoter window around each gene's TSS. Default ``(-2000, +200)``
            matches the conventional "core promoter" definition.
        multi_annotation : bool, keyword-only, default True
            If True (default), also adds four annotatr-style columns alongside
            the single-best pick. Set to False to get only the legacy four-
            column output (``gene_id``, ``gene_name``, ``feature_type``,
            ``distance_to_tss``) -- useful for narrow storage or when downstream
            code asserts on exact column sets. New columns when True:
    
              - ``nearest_tss_gene`` (Utf8) -- gene whose TSS is closest to the
                site center (HOMER's rule).
              - ``nearest_tss_distance`` (Int32) -- signed bp distance from
                site center to that TSS, flipped for ``-`` strand so positive
                is downstream in transcription direction.
              - ``all_overlapping_genes`` (List[Utf8]) -- every gene whose
                feature interval overlaps the site (one-to-many).
              - ``all_overlapping_features`` (List[Utf8]) -- every feature type
                that overlaps (e.g. ``["intron", "promoter"]``).
        gene_type_filter : str or sequence of str or None, keyword-only
            If set, only genes whose ``gene_type`` matches are used to build
            overlap intervals and the nearest-TSS index. Typical:
            ``"protein_coding"`` to drop lincRNAs / pseudogenes / novel
            predictions. Works on both GTF (via ``gene_type`` /
            ``gene_biotype`` attribute) and refGene (NM_* -> protein_coding,
            NR_* -> non-coding). A bare string is treated as a 1-element list.
    
        Examples
        --------
        >>> # GTF, auto-detected
        >>> annotate_features(sites, "genes.gtf.gz", gene_type_filter="protein_coding")
        >>> # UCSC RefSeq (HOMER's default catalog), auto-detected
        >>> annotate_features(sites, "refGene.txt.gz")
        >>> # Unusually-named file; explicit override
        >>> annotate_features(sites, "my_genes.tsv", source="refgene")
        """
        # Resolve source (auto-detect if needed)
        if source == "auto":
            source = _detect_annotation_source(annotation)
        elif source not in ("gtf", "refgene"):
            raise ValueError(f"source must be 'auto', 'gtf', or 'refgene'; got {source!r}")
    
        # Normalize gene_type_filter to tuple or None
        if isinstance(gene_type_filter, str):
            gene_type_filter_norm: tuple[str, ...] | None = (gene_type_filter,)
        elif gene_type_filter is None:
            gene_type_filter_norm = None
        else:
            gene_type_filter_norm = tuple(gene_type_filter)
        try:
>           import bioframe  # noqa: F401  (presence-check; used inside _annotate_chromosome_chunk)
E           ModuleNotFoundError: No module named 'bioframe'

src/epykit/annotate.py:1236: ModuleNotFoundError

The above exception was the direct cause of the following exception:

synth_gtf = '/tmp/pytest-of-mlegrand/pytest-46/test_nearest_tss_can_differ_fr0/synth.gtf'

    def test_nearest_tss_can_differ_from_best_pick(synth_gtf):
        """Site at pos=2100 sits in GENEA's intron and is 100 bp inside GENEB.
    
        - Single-best pick prioritises promoter > intron, so picks GENEB
          because GENEB's TSS at 2000 + default promoter window (-2000/+200)
          covers 2100. So gene_name=GENEB here too.
        - Nearest-TSS rule: GENEA's TSS at 1000 is 1100 bp away; GENEB's TSS
          at 2000 is 100 bp away -- GENEB wins.
    
        Use a second site at pos=2700 -- well past GENEB's promoter window
        (2000+200=2200) and outside GENEB body (which ends 2500). At 2700
        the site is GENEA-intron-only:
          - Single-best: gene_name=GENEA, feature=intron
          - Nearest-TSS: GENEB at 2000 is 700 bp away; GENEA at 1000 is
            1700 bp away -- GENEB still wins despite the best-pick being GENEA.
    
        Note: explicitly pin ``features=`` to the legacy 3-tuple so the
        intron / nearest-TSS divergence stays demonstrable. Under the new
        full-HOMER default this fixture's 2700 also falls into GENEB's TTS
        window ([End-100, End+1000) = [2400, 3500)) so single-best resolves
        to GENEB+TTS and the divergence collapses. The test is about
        best-pick vs nearest-TSS semantics, not about category vocabulary,
        so restricting the feature set is the right knob here.
        """
        sites = _sites([2700])
>       out = annotate_features(
            sites, synth_gtf, multi_annotation=True,
            features=("promoter", "exon", "intron"),
        )

tests/test_annotate_multi.py:190: 
_ _ _ _ _ _ _ _ _ _ _ _ _ _ _ _ _ _ _ _ _ _ _ _ _ _ _ _ _ _ _ _ _ _ _ _ _ _ _ _ 

sites = shape: (1, 2)
┌───────┬──────┐
│ chrom ┆ pos  │
│ ---   ┆ ---  │
│ str   ┆ i64  │
╞═══════╪══════╡
│ chr1  ┆ 2700 │
└───────┴──────┘
annotation = '/tmp/pytest-of-mlegrand/pytest-46/test_nearest_tss_can_differ_fr0/synth.gtf'

    def annotate_features(
        sites: pl.DataFrame,
        annotation: str,
        *,
        source: str = "auto",
        features: list[str] | tuple[str, ...] = (
            "promoter",
            "5UTR",
            "exon",
            "intron",
            "3UTR",
            "TTS",
            "noncoding",
        ),
        promoter_upstream_bp: int = 2000,
        promoter_downstream_bp: int = 200,
        multi_annotation: bool = True,
        gene_type_filter: str | list[str] | None = None,
    ) -> pl.DataFrame:
        """Annotate DMC / DMR sites with gene-level genomic features.
    
        Parameters
        ----------
        sites : polars DataFrame
            Per-site or per-region table with at least ``chrom`` and either
            ``pos`` (single-base sites) or ``start`` + ``end`` (regions).
        annotation : str
            Path to a gene-model file. Format is auto-detected from the
            extension: ``.gtf`` / ``.gtf.gz`` -> GENCODE/Ensembl GTF;
            ``refGene.txt`` / ``refGene.txt.gz`` -> UCSC RefSeq (HOMER's
            default catalog). Pass ``source=`` to override if your filename
            doesn't follow the convention.
        source : {"auto", "gtf", "refgene"}, keyword-only, default "auto"
            Format override for the annotation file. ``"auto"`` infers from
            the extension; the explicit values are an escape hatch for
            unusually-named files.
        features : sequence of str, keyword-only
            Feature classes to build overlap intervals for. Sites that don't
            hit any are reported as ``feature_type="intergenic"`` automatically
            -- "intergenic" is the fallback, not something you opt into.
            Default builds the full HOMER-style set
            (promoter / 5UTR / exon / intron / 3UTR / TTS / noncoding) so
            ``feature_type`` value-counts can be compared directly against
            HOMER's vocabulary without a custom kwarg. Pass a narrower tuple
            (e.g. ``("promoter", "exon", "intron")``) to skip the UTR / TTS /
            noncoding builders when you don't need fine-grained categories
            or your annotation source can't supply them (refGene has no UTR
            coordinates and no biotype, so the UTR / noncoding builders are
            silently no-ops on refGene sources).
        promoter_upstream_bp, promoter_downstream_bp : int, keyword-only
            Promoter window around each gene's TSS. Default ``(-2000, +200)``
            matches the conventional "core promoter" definition.
        multi_annotation : bool, keyword-only, default True
            If True (default), also adds four annotatr-style columns alongside
            the single-best pick. Set to False to get only the legacy four-
            column output (``gene_id``, ``gene_name``, ``feature_type``,
            ``distance_to_tss``) -- useful for narrow storage or when downstream
            code asserts on exact column sets. New columns when True:
    
              - ``nearest_tss_gene`` (Utf8) -- gene whose TSS is closest to the
                site center (HOMER's rule).
              - ``nearest_tss_distance`` (Int32) -- signed bp distance from
                site center to that TSS, flipped for ``-`` strand so positive
                is downstream in transcription direction.
              - ``all_overlapping_genes`` (List[Utf8]) -- every gene whose
                feature interval overlaps the site (one-to-many).
              - ``all_overlapping_features`` (List[Utf8]) -- every feature type
                that overlaps (e.g. ``["intron", "promoter"]``).
        gene_type_filter : str or sequence of str or None, keyword-only
            If set, only genes whose ``gene_type`` matches are used to build
            overlap intervals and the nearest-TSS index. Typical:
            ``"protein_coding"`` to drop lincRNAs / pseudogenes / novel
            predictions. Works on both GTF (via ``gene_type`` /
            ``gene_biotype`` attribute) and refGene (NM_* -> protein_coding,
            NR_* -> non-coding). A bare string is treated as a 1-element list.
    
        Examples
        --------
        >>> # GTF, auto-detected
        >>> annotate_features(sites, "genes.gtf.gz", gene_type_filter="protein_coding")
        >>> # UCSC RefSeq (HOMER's default catalog), auto-detected
        >>> annotate_features(sites, "refGene.txt.gz")
        >>> # Unusually-named file; explicit override
        >>> annotate_features(sites, "my_genes.tsv", source="refgene")
        """
        # Resolve source (auto-detect if needed)
        if source == "auto":
            source = _detect_annotation_source(annotation)
        elif source not in ("gtf", "refgene"):
            raise ValueError(f"source must be 'auto', 'gtf', or 'refgene'; got {source!r}")
    
        # Normalize gene_type_filter to tuple or None
        if isinstance(gene_type_filter, str):
            gene_type_filter_norm: tuple[str, ...] | None = (gene_type_filter,)
        elif gene_type_filter is None:
            gene_type_filter_norm = None
        else:
            gene_type_filter_norm = tuple(gene_type_filter)
        try:
            import bioframe  # noqa: F401  (presence-check; used inside _annotate_chromosome_chunk)
        except ImportError as exc:
>           raise ImportError("bioframe is required. pip install bioframe") from exc
E           ImportError: bioframe is required. pip install bioframe

src/epykit/annotate.py:1238: ImportError
___________________ test_nearest_tss_minus_strand_sign_flip ____________________

sites = shape: (1, 2)
┌───────┬──────┐
│ chrom ┆ pos  │
│ ---   ┆ ---  │
│ str   ┆ i64  │
╞═══════╪══════╡
│ chr1  ┆ 8000 │
└───────┴──────┘
annotation = '/tmp/pytest-of-mlegrand/pytest-46/test_nearest_tss_minus_strand_0/synth.gtf'

    def annotate_features(
        sites: pl.DataFrame,
        annotation: str,
        *,
        source: str = "auto",
        features: list[str] | tuple[str, ...] = (
            "promoter",
            "5UTR",
            "exon",
            "intron",
            "3UTR",
            "TTS",
            "noncoding",
        ),
        promoter_upstream_bp: int = 2000,
        promoter_downstream_bp: int = 200,
        multi_annotation: bool = True,
        gene_type_filter: str | list[str] | None = None,
    ) -> pl.DataFrame:
        """Annotate DMC / DMR sites with gene-level genomic features.
    
        Parameters
        ----------
        sites : polars DataFrame
            Per-site or per-region table with at least ``chrom`` and either
            ``pos`` (single-base sites) or ``start`` + ``end`` (regions).
        annotation : str
            Path to a gene-model file. Format is auto-detected from the
            extension: ``.gtf`` / ``.gtf.gz`` -> GENCODE/Ensembl GTF;
            ``refGene.txt`` / ``refGene.txt.gz`` -> UCSC RefSeq (HOMER's
            default catalog). Pass ``source=`` to override if your filename
            doesn't follow the convention.
        source : {"auto", "gtf", "refgene"}, keyword-only, default "auto"
            Format override for the annotation file. ``"auto"`` infers from
            the extension; the explicit values are an escape hatch for
            unusually-named files.
        features : sequence of str, keyword-only
            Feature classes to build overlap intervals for. Sites that don't
            hit any are reported as ``feature_type="intergenic"`` automatically
            -- "intergenic" is the fallback, not something you opt into.
            Default builds the full HOMER-style set
            (promoter / 5UTR / exon / intron / 3UTR / TTS / noncoding) so
            ``feature_type`` value-counts can be compared directly against
            HOMER's vocabulary without a custom kwarg. Pass a narrower tuple
            (e.g. ``("promoter", "exon", "intron")``) to skip the UTR / TTS /
            noncoding builders when you don't need fine-grained categories
            or your annotation source can't supply them (refGene has no UTR
            coordinates and no biotype, so the UTR / noncoding builders are
            silently no-ops on refGene sources).
        promoter_upstream_bp, promoter_downstream_bp : int, keyword-only
            Promoter window around each gene's TSS. Default ``(-2000, +200)``
            matches the conventional "core promoter" definition.
        multi_annotation : bool, keyword-only, default True
            If True (default), also adds four annotatr-style columns alongside
            the single-best pick. Set to False to get only the legacy four-
            column output (``gene_id``, ``gene_name``, ``feature_type``,
            ``distance_to_tss``) -- useful for narrow storage or when downstream
            code asserts on exact column sets. New columns when True:
    
              - ``nearest_tss_gene`` (Utf8) -- gene whose TSS is closest to the
                site center (HOMER's rule).
              - ``nearest_tss_distance`` (Int32) -- signed bp distance from
                site center to that TSS, flipped for ``-`` strand so positive
                is downstream in transcription direction.
              - ``all_overlapping_genes`` (List[Utf8]) -- every gene whose
                feature interval overlaps the site (one-to-many).
              - ``all_overlapping_features`` (List[Utf8]) -- every feature type
                that overlaps (e.g. ``["intron", "promoter"]``).
        gene_type_filter : str or sequence of str or None, keyword-only
            If set, only genes whose ``gene_type`` matches are used to build
            overlap intervals and the nearest-TSS index. Typical:
            ``"protein_coding"`` to drop lincRNAs / pseudogenes / novel
            predictions. Works on both GTF (via ``gene_type`` /
            ``gene_biotype`` attribute) and refGene (NM_* -> protein_coding,
            NR_* -> non-coding). A bare string is treated as a 1-element list.
    
        Examples
        --------
        >>> # GTF, auto-detected
        >>> annotate_features(sites, "genes.gtf.gz", gene_type_filter="protein_coding")
        >>> # UCSC RefSeq (HOMER's default catalog), auto-detected
        >>> annotate_features(sites, "refGene.txt.gz")
        >>> # Unusually-named file; explicit override
        >>> annotate_features(sites, "my_genes.tsv", source="refgene")
        """
        # Resolve source (auto-detect if needed)
        if source == "auto":
            source = _detect_annotation_source(annotation)
        elif source not in ("gtf", "refgene"):
            raise ValueError(f"source must be 'auto', 'gtf', or 'refgene'; got {source!r}")
    
        # Normalize gene_type_filter to tuple or None
        if isinstance(gene_type_filter, str):
            gene_type_filter_norm: tuple[str, ...] | None = (gene_type_filter,)
        elif gene_type_filter is None:
            gene_type_filter_norm = None
        else:
            gene_type_filter_norm = tuple(gene_type_filter)
        try:
>           import bioframe  # noqa: F401  (presence-check; used inside _annotate_chromosome_chunk)
E           ModuleNotFoundError: No module named 'bioframe'

src/epykit/annotate.py:1236: ModuleNotFoundError

The above exception was the direct cause of the following exception:

synth_gtf = '/tmp/pytest-of-mlegrand/pytest-46/test_nearest_tss_minus_strand_0/synth.gtf'

    def test_nearest_tss_minus_strand_sign_flip(synth_gtf):
        """GENEC is on "-" strand with gene end at 1-based 10000. The minus-strand
        TSS is the highest-coordinate transcribed base = 0-based End-1 = 9999
        (mirroring the plus-strand 0-based Start anchor; see the 701-vs-700 note
        above). For an upstream site at pos=8000, raw delta is 8000-9999 = -1999,
        and the sign flips on "-" strand to +1999 (downstream in transcription
        direction)."""
        sites = _sites([8000])
>       out = annotate_features(sites, synth_gtf, multi_annotation=True)

tests/test_annotate_multi.py:213: 
_ _ _ _ _ _ _ _ _ _ _ _ _ _ _ _ _ _ _ _ _ _ _ _ _ _ _ _ _ _ _ _ _ _ _ _ _ _ _ _ 

sites = shape: (1, 2)
┌───────┬──────┐
│ chrom ┆ pos  │
│ ---   ┆ ---  │
│ str   ┆ i64  │
╞═══════╪══════╡
│ chr1  ┆ 8000 │
└───────┴──────┘
annotation = '/tmp/pytest-of-mlegrand/pytest-46/test_nearest_tss_minus_strand_0/synth.gtf'

    def annotate_features(
        sites: pl.DataFrame,
        annotation: str,
        *,
        source: str = "auto",
        features: list[str] | tuple[str, ...] = (
            "promoter",
            "5UTR",
            "exon",
            "intron",
            "3UTR",
            "TTS",
            "noncoding",
        ),
        promoter_upstream_bp: int = 2000,
        promoter_downstream_bp: int = 200,
        multi_annotation: bool = True,
        gene_type_filter: str | list[str] | None = None,
    ) -> pl.DataFrame:
        """Annotate DMC / DMR sites with gene-level genomic features.
    
        Parameters
        ----------
        sites : polars DataFrame
            Per-site or per-region table with at least ``chrom`` and either
            ``pos`` (single-base sites) or ``start`` + ``end`` (regions).
        annotation : str
            Path to a gene-model file. Format is auto-detected from the
            extension: ``.gtf`` / ``.gtf.gz`` -> GENCODE/Ensembl GTF;
            ``refGene.txt`` / ``refGene.txt.gz`` -> UCSC RefSeq (HOMER's
            default catalog). Pass ``source=`` to override if your filename
            doesn't follow the convention.
        source : {"auto", "gtf", "refgene"}, keyword-only, default "auto"
            Format override for the annotation file. ``"auto"`` infers from
            the extension; the explicit values are an escape hatch for
            unusually-named files.
        features : sequence of str, keyword-only
            Feature classes to build overlap intervals for. Sites that don't
            hit any are reported as ``feature_type="intergenic"`` automatically
            -- "intergenic" is the fallback, not something you opt into.
            Default builds the full HOMER-style set
            (promoter / 5UTR / exon / intron / 3UTR / TTS / noncoding) so
            ``feature_type`` value-counts can be compared directly against
            HOMER's vocabulary without a custom kwarg. Pass a narrower tuple
            (e.g. ``("promoter", "exon", "intron")``) to skip the UTR / TTS /
            noncoding builders when you don't need fine-grained categories
            or your annotation source can't supply them (refGene has no UTR
            coordinates and no biotype, so the UTR / noncoding builders are
            silently no-ops on refGene sources).
        promoter_upstream_bp, promoter_downstream_bp : int, keyword-only
            Promoter window around each gene's TSS. Default ``(-2000, +200)``
            matches the conventional "core promoter" definition.
        multi_annotation : bool, keyword-only, default True
            If True (default), also adds four annotatr-style columns alongside
            the single-best pick. Set to False to get only the legacy four-
            column output (``gene_id``, ``gene_name``, ``feature_type``,
            ``distance_to_tss``) -- useful for narrow storage or when downstream
            code asserts on exact column sets. New columns when True:
    
              - ``nearest_tss_gene`` (Utf8) -- gene whose TSS is closest to the
                site center (HOMER's rule).
              - ``nearest_tss_distance`` (Int32) -- signed bp distance from
                site center to that TSS, flipped for ``-`` strand so positive
                is downstream in transcription direction.
              - ``all_overlapping_genes`` (List[Utf8]) -- every gene whose
                feature interval overlaps the site (one-to-many).
              - ``all_overlapping_features`` (List[Utf8]) -- every feature type
                that overlaps (e.g. ``["intron", "promoter"]``).
        gene_type_filter : str or sequence of str or None, keyword-only
            If set, only genes whose ``gene_type`` matches are used to build
            overlap intervals and the nearest-TSS index. Typical:
            ``"protein_coding"`` to drop lincRNAs / pseudogenes / novel
            predictions. Works on both GTF (via ``gene_type`` /
            ``gene_biotype`` attribute) and refGene (NM_* -> protein_coding,
            NR_* -> non-coding). A bare string is treated as a 1-element list.
    
        Examples
        --------
        >>> # GTF, auto-detected
        >>> annotate_features(sites, "genes.gtf.gz", gene_type_filter="protein_coding")
        >>> # UCSC RefSeq (HOMER's default catalog), auto-detected
        >>> annotate_features(sites, "refGene.txt.gz")
        >>> # Unusually-named file; explicit override
        >>> annotate_features(sites, "my_genes.tsv", source="refgene")
        """
        # Resolve source (auto-detect if needed)
        if source == "auto":
            source = _detect_annotation_source(annotation)
        elif source not in ("gtf", "refgene"):
            raise ValueError(f"source must be 'auto', 'gtf', or 'refgene'; got {source!r}")
    
        # Normalize gene_type_filter to tuple or None
        if isinstance(gene_type_filter, str):
            gene_type_filter_norm: tuple[str, ...] | None = (gene_type_filter,)
        elif gene_type_filter is None:
            gene_type_filter_norm = None
        else:
            gene_type_filter_norm = tuple(gene_type_filter)
        try:
            import bioframe  # noqa: F401  (presence-check; used inside _annotate_chromosome_chunk)
        except ImportError as exc:
>           raise ImportError("bioframe is required. pip install bioframe") from exc
E           ImportError: bioframe is required. pip install bioframe

src/epykit/annotate.py:1238: ImportError
__________________ test_all_overlapping_captures_one_to_many ___________________

sites = shape: (1, 2)
┌───────┬──────┐
│ chrom ┆ pos  │
│ ---   ┆ ---  │
│ str   ┆ i64  │
╞═══════╪══════╡
│ chr1  ┆ 2100 │
└───────┴──────┘
annotation = '/tmp/pytest-of-mlegrand/pytest-46/test_all_overlapping_captures_0/synth.gtf'

    def annotate_features(
        sites: pl.DataFrame,
        annotation: str,
        *,
        source: str = "auto",
        features: list[str] | tuple[str, ...] = (
            "promoter",
            "5UTR",
            "exon",
            "intron",
            "3UTR",
            "TTS",
            "noncoding",
        ),
        promoter_upstream_bp: int = 2000,
        promoter_downstream_bp: int = 200,
        multi_annotation: bool = True,
        gene_type_filter: str | list[str] | None = None,
    ) -> pl.DataFrame:
        """Annotate DMC / DMR sites with gene-level genomic features.
    
        Parameters
        ----------
        sites : polars DataFrame
            Per-site or per-region table with at least ``chrom`` and either
            ``pos`` (single-base sites) or ``start`` + ``end`` (regions).
        annotation : str
            Path to a gene-model file. Format is auto-detected from the
            extension: ``.gtf`` / ``.gtf.gz`` -> GENCODE/Ensembl GTF;
            ``refGene.txt`` / ``refGene.txt.gz`` -> UCSC RefSeq (HOMER's
            default catalog). Pass ``source=`` to override if your filename
            doesn't follow the convention.
        source : {"auto", "gtf", "refgene"}, keyword-only, default "auto"
            Format override for the annotation file. ``"auto"`` infers from
            the extension; the explicit values are an escape hatch for
            unusually-named files.
        features : sequence of str, keyword-only
            Feature classes to build overlap intervals for. Sites that don't
            hit any are reported as ``feature_type="intergenic"`` automatically
            -- "intergenic" is the fallback, not something you opt into.
            Default builds the full HOMER-style set
            (promoter / 5UTR / exon / intron / 3UTR / TTS / noncoding) so
            ``feature_type`` value-counts can be compared directly against
            HOMER's vocabulary without a custom kwarg. Pass a narrower tuple
            (e.g. ``("promoter", "exon", "intron")``) to skip the UTR / TTS /
            noncoding builders when you don't need fine-grained categories
            or your annotation source can't supply them (refGene has no UTR
            coordinates and no biotype, so the UTR / noncoding builders are
            silently no-ops on refGene sources).
        promoter_upstream_bp, promoter_downstream_bp : int, keyword-only
            Promoter window around each gene's TSS. Default ``(-2000, +200)``
            matches the conventional "core promoter" definition.
        multi_annotation : bool, keyword-only, default True
            If True (default), also adds four annotatr-style columns alongside
            the single-best pick. Set to False to get only the legacy four-
            column output (``gene_id``, ``gene_name``, ``feature_type``,
            ``distance_to_tss``) -- useful for narrow storage or when downstream
            code asserts on exact column sets. New columns when True:
    
              - ``nearest_tss_gene`` (Utf8) -- gene whose TSS is closest to the
                site center (HOMER's rule).
              - ``nearest_tss_distance`` (Int32) -- signed bp distance from
                site center to that TSS, flipped for ``-`` strand so positive
                is downstream in transcription direction.
              - ``all_overlapping_genes`` (List[Utf8]) -- every gene whose
                feature interval overlaps the site (one-to-many).
              - ``all_overlapping_features`` (List[Utf8]) -- every feature type
                that overlaps (e.g. ``["intron", "promoter"]``).
        gene_type_filter : str or sequence of str or None, keyword-only
            If set, only genes whose ``gene_type`` matches are used to build
            overlap intervals and the nearest-TSS index. Typical:
            ``"protein_coding"`` to drop lincRNAs / pseudogenes / novel
            predictions. Works on both GTF (via ``gene_type`` /
            ``gene_biotype`` attribute) and refGene (NM_* -> protein_coding,
            NR_* -> non-coding). A bare string is treated as a 1-element list.
    
        Examples
        --------
        >>> # GTF, auto-detected
        >>> annotate_features(sites, "genes.gtf.gz", gene_type_filter="protein_coding")
        >>> # UCSC RefSeq (HOMER's default catalog), auto-detected
        >>> annotate_features(sites, "refGene.txt.gz")
        >>> # Unusually-named file; explicit override
        >>> annotate_features(sites, "my_genes.tsv", source="refgene")
        """
        # Resolve source (auto-detect if needed)
        if source == "auto":
            source = _detect_annotation_source(annotation)
        elif source not in ("gtf", "refgene"):
            raise ValueError(f"source must be 'auto', 'gtf', or 'refgene'; got {source!r}")
    
        # Normalize gene_type_filter to tuple or None
        if isinstance(gene_type_filter, str):
            gene_type_filter_norm: tuple[str, ...] | None = (gene_type_filter,)
        elif gene_type_filter is None:
            gene_type_filter_norm = None
        else:
            gene_type_filter_norm = tuple(gene_type_filter)
        try:
>           import bioframe  # noqa: F401  (presence-check; used inside _annotate_chromosome_chunk)
E           ModuleNotFoundError: No module named 'bioframe'

src/epykit/annotate.py:1236: ModuleNotFoundError

The above exception was the direct cause of the following exception:

synth_gtf = '/tmp/pytest-of-mlegrand/pytest-46/test_all_overlapping_captures_0/synth.gtf'

    def test_all_overlapping_captures_one_to_many(synth_gtf):
        """Site at pos=2100 lies in GENEA's intron AND inside GENEB's promoter
        window. Multi-annotation must surface both."""
        sites = _sites([2100])
>       out = annotate_features(sites, synth_gtf, multi_annotation=True)

tests/test_annotate_multi.py:223: 
_ _ _ _ _ _ _ _ _ _ _ _ _ _ _ _ _ _ _ _ _ _ _ _ _ _ _ _ _ _ _ _ _ _ _ _ _ _ _ _ 

sites = shape: (1, 2)
┌───────┬──────┐
│ chrom ┆ pos  │
│ ---   ┆ ---  │
│ str   ┆ i64  │
╞═══════╪══════╡
│ chr1  ┆ 2100 │
└───────┴──────┘
annotation = '/tmp/pytest-of-mlegrand/pytest-46/test_all_overlapping_captures_0/synth.gtf'

    def annotate_features(
        sites: pl.DataFrame,
        annotation: str,
        *,
        source: str = "auto",
        features: list[str] | tuple[str, ...] = (
            "promoter",
            "5UTR",
            "exon",
            "intron",
            "3UTR",
            "TTS",
            "noncoding",
        ),
        promoter_upstream_bp: int = 2000,
        promoter_downstream_bp: int = 200,
        multi_annotation: bool = True,
        gene_type_filter: str | list[str] | None = None,
    ) -> pl.DataFrame:
        """Annotate DMC / DMR sites with gene-level genomic features.
    
        Parameters
        ----------
        sites : polars DataFrame
            Per-site or per-region table with at least ``chrom`` and either
            ``pos`` (single-base sites) or ``start`` + ``end`` (regions).
        annotation : str
            Path to a gene-model file. Format is auto-detected from the
            extension: ``.gtf`` / ``.gtf.gz`` -> GENCODE/Ensembl GTF;
            ``refGene.txt`` / ``refGene.txt.gz`` -> UCSC RefSeq (HOMER's
            default catalog). Pass ``source=`` to override if your filename
            doesn't follow the convention.
        source : {"auto", "gtf", "refgene"}, keyword-only, default "auto"
            Format override for the annotation file. ``"auto"`` infers from
            the extension; the explicit values are an escape hatch for
            unusually-named files.
        features : sequence of str, keyword-only
            Feature classes to build overlap intervals for. Sites that don't
            hit any are reported as ``feature_type="intergenic"`` automatically
            -- "intergenic" is the fallback, not something you opt into.
            Default builds the full HOMER-style set
            (promoter / 5UTR / exon / intron / 3UTR / TTS / noncoding) so
            ``feature_type`` value-counts can be compared directly against
            HOMER's vocabulary without a custom kwarg. Pass a narrower tuple
            (e.g. ``("promoter", "exon", "intron")``) to skip the UTR / TTS /
            noncoding builders when you don't need fine-grained categories
            or your annotation source can't supply them (refGene has no UTR
            coordinates and no biotype, so the UTR / noncoding builders are
            silently no-ops on refGene sources).
        promoter_upstream_bp, promoter_downstream_bp : int, keyword-only
            Promoter window around each gene's TSS. Default ``(-2000, +200)``
            matches the conventional "core promoter" definition.
        multi_annotation : bool, keyword-only, default True
            If True (default), also adds four annotatr-style columns alongside
            the single-best pick. Set to False to get only the legacy four-
            column output (``gene_id``, ``gene_name``, ``feature_type``,
            ``distance_to_tss``) -- useful for narrow storage or when downstream
            code asserts on exact column sets. New columns when True:
    
              - ``nearest_tss_gene`` (Utf8) -- gene whose TSS is closest to the
                site center (HOMER's rule).
              - ``nearest_tss_distance`` (Int32) -- signed bp distance from
                site center to that TSS, flipped for ``-`` strand so positive
                is downstream in transcription direction.
              - ``all_overlapping_genes`` (List[Utf8]) -- every gene whose
                feature interval overlaps the site (one-to-many).
              - ``all_overlapping_features`` (List[Utf8]) -- every feature type
                that overlaps (e.g. ``["intron", "promoter"]``).
        gene_type_filter : str or sequence of str or None, keyword-only
            If set, only genes whose ``gene_type`` matches are used to build
            overlap intervals and the nearest-TSS index. Typical:
            ``"protein_coding"`` to drop lincRNAs / pseudogenes / novel
            predictions. Works on both GTF (via ``gene_type`` /
            ``gene_biotype`` attribute) and refGene (NM_* -> protein_coding,
            NR_* -> non-coding). A bare string is treated as a 1-element list.
    
        Examples
        --------
        >>> # GTF, auto-detected
        >>> annotate_features(sites, "genes.gtf.gz", gene_type_filter="protein_coding")
        >>> # UCSC RefSeq (HOMER's default catalog), auto-detected
        >>> annotate_features(sites, "refGene.txt.gz")
        >>> # Unusually-named file; explicit override
        >>> annotate_features(sites, "my_genes.tsv", source="refgene")
        """
        # Resolve source (auto-detect if needed)
        if source == "auto":
            source = _detect_annotation_source(annotation)
        elif source not in ("gtf", "refgene"):
            raise ValueError(f"source must be 'auto', 'gtf', or 'refgene'; got {source!r}")
    
        # Normalize gene_type_filter to tuple or None
        if isinstance(gene_type_filter, str):
            gene_type_filter_norm: tuple[str, ...] | None = (gene_type_filter,)
        elif gene_type_filter is None:
            gene_type_filter_norm = None
        else:
            gene_type_filter_norm = tuple(gene_type_filter)
        try:
            import bioframe  # noqa: F401  (presence-check; used inside _annotate_chromosome_chunk)
        except ImportError as exc:
>           raise ImportError("bioframe is required. pip install bioframe") from exc
E           ImportError: bioframe is required. pip install bioframe

src/epykit/annotate.py:1238: ImportError
________ test_no_overlap_site_gets_empty_lists_and_still_finds_nearest _________

sites = shape: (1, 2)
┌───────┬──────┐
│ chrom ┆ pos  │
│ ---   ┆ ---  │
│ str   ┆ i64  │
╞═══════╪══════╡
│ chr1  ┆ 6000 │
└───────┴──────┘
annotation = '/tmp/pytest-of-mlegrand/pytest-46/test_no_overlap_site_gets_empt0/synth.gtf'

    def annotate_features(
        sites: pl.DataFrame,
        annotation: str,
        *,
        source: str = "auto",
        features: list[str] | tuple[str, ...] = (
            "promoter",
            "5UTR",
            "exon",
            "intron",
            "3UTR",
            "TTS",
            "noncoding",
        ),
        promoter_upstream_bp: int = 2000,
        promoter_downstream_bp: int = 200,
        multi_annotation: bool = True,
        gene_type_filter: str | list[str] | None = None,
    ) -> pl.DataFrame:
        """Annotate DMC / DMR sites with gene-level genomic features.
    
        Parameters
        ----------
        sites : polars DataFrame
            Per-site or per-region table with at least ``chrom`` and either
            ``pos`` (single-base sites) or ``start`` + ``end`` (regions).
        annotation : str
            Path to a gene-model file. Format is auto-detected from the
            extension: ``.gtf`` / ``.gtf.gz`` -> GENCODE/Ensembl GTF;
            ``refGene.txt`` / ``refGene.txt.gz`` -> UCSC RefSeq (HOMER's
            default catalog). Pass ``source=`` to override if your filename
            doesn't follow the convention.
        source : {"auto", "gtf", "refgene"}, keyword-only, default "auto"
            Format override for the annotation file. ``"auto"`` infers from
            the extension; the explicit values are an escape hatch for
            unusually-named files.
        features : sequence of str, keyword-only
            Feature classes to build overlap intervals for. Sites that don't
            hit any are reported as ``feature_type="intergenic"`` automatically
            -- "intergenic" is the fallback, not something you opt into.
            Default builds the full HOMER-style set
            (promoter / 5UTR / exon / intron / 3UTR / TTS / noncoding) so
            ``feature_type`` value-counts can be compared directly against
            HOMER's vocabulary without a custom kwarg. Pass a narrower tuple
            (e.g. ``("promoter", "exon", "intron")``) to skip the UTR / TTS /
            noncoding builders when you don't need fine-grained categories
            or your annotation source can't supply them (refGene has no UTR
            coordinates and no biotype, so the UTR / noncoding builders are
            silently no-ops on refGene sources).
        promoter_upstream_bp, promoter_downstream_bp : int, keyword-only
            Promoter window around each gene's TSS. Default ``(-2000, +200)``
            matches the conventional "core promoter" definition.
        multi_annotation : bool, keyword-only, default True
            If True (default), also adds four annotatr-style columns alongside
            the single-best pick. Set to False to get only the legacy four-
            column output (``gene_id``, ``gene_name``, ``feature_type``,
            ``distance_to_tss``) -- useful for narrow storage or when downstream
            code asserts on exact column sets. New columns when True:
    
              - ``nearest_tss_gene`` (Utf8) -- gene whose TSS is closest to the
                site center (HOMER's rule).
              - ``nearest_tss_distance`` (Int32) -- signed bp distance from
                site center to that TSS, flipped for ``-`` strand so positive
                is downstream in transcription direction.
              - ``all_overlapping_genes`` (List[Utf8]) -- every gene whose
                feature interval overlaps the site (one-to-many).
              - ``all_overlapping_features`` (List[Utf8]) -- every feature type
                that overlaps (e.g. ``["intron", "promoter"]``).
        gene_type_filter : str or sequence of str or None, keyword-only
            If set, only genes whose ``gene_type`` matches are used to build
            overlap intervals and the nearest-TSS index. Typical:
            ``"protein_coding"`` to drop lincRNAs / pseudogenes / novel
            predictions. Works on both GTF (via ``gene_type`` /
            ``gene_biotype`` attribute) and refGene (NM_* -> protein_coding,
            NR_* -> non-coding). A bare string is treated as a 1-element list.
    
        Examples
        --------
        >>> # GTF, auto-detected
        >>> annotate_features(sites, "genes.gtf.gz", gene_type_filter="protein_coding")
        >>> # UCSC RefSeq (HOMER's default catalog), auto-detected
        >>> annotate_features(sites, "refGene.txt.gz")
        >>> # Unusually-named file; explicit override
        >>> annotate_features(sites, "my_genes.tsv", source="refgene")
        """
        # Resolve source (auto-detect if needed)
        if source == "auto":
            source = _detect_annotation_source(annotation)
        elif source not in ("gtf", "refgene"):
            raise ValueError(f"source must be 'auto', 'gtf', or 'refgene'; got {source!r}")
    
        # Normalize gene_type_filter to tuple or None
        if isinstance(gene_type_filter, str):
            gene_type_filter_norm: tuple[str, ...] | None = (gene_type_filter,)
        elif gene_type_filter is None:
            gene_type_filter_norm = None
        else:
            gene_type_filter_norm = tuple(gene_type_filter)
        try:
>           import bioframe  # noqa: F401  (presence-check; used inside _annotate_chromosome_chunk)
E           ModuleNotFoundError: No module named 'bioframe'

src/epykit/annotate.py:1236: ModuleNotFoundError

The above exception was the direct cause of the following exception:

synth_gtf = '/tmp/pytest-of-mlegrand/pytest-46/test_no_overlap_site_gets_empt0/synth.gtf'

    def test_no_overlap_site_gets_empty_lists_and_still_finds_nearest(synth_gtf):
        """Intergenic site far from any gene body: best-pick is intergenic with
        empty gene_name, but nearest-TSS still returns the closest gene."""
        sites = _sites([6000])  # between GENEA/B group (<=3000) and GENEC (>=9001)
>       out = annotate_features(sites, synth_gtf, multi_annotation=True)

tests/test_annotate_multi.py:235: 
_ _ _ _ _ _ _ _ _ _ _ _ _ _ _ _ _ _ _ _ _ _ _ _ _ _ _ _ _ _ _ _ _ _ _ _ _ _ _ _ 

sites = shape: (1, 2)
┌───────┬──────┐
│ chrom ┆ pos  │
│ ---   ┆ ---  │
│ str   ┆ i64  │
╞═══════╪══════╡
│ chr1  ┆ 6000 │
└───────┴──────┘
annotation = '/tmp/pytest-of-mlegrand/pytest-46/test_no_overlap_site_gets_empt0/synth.gtf'

    def annotate_features(
        sites: pl.DataFrame,
        annotation: str,
        *,
        source: str = "auto",
        features: list[str] | tuple[str, ...] = (
            "promoter",
            "5UTR",
            "exon",
            "intron",
            "3UTR",
            "TTS",
            "noncoding",
        ),
        promoter_upstream_bp: int = 2000,
        promoter_downstream_bp: int = 200,
        multi_annotation: bool = True,
        gene_type_filter: str | list[str] | None = None,
    ) -> pl.DataFrame:
        """Annotate DMC / DMR sites with gene-level genomic features.
    
        Parameters
        ----------
        sites : polars DataFrame
            Per-site or per-region table with at least ``chrom`` and either
            ``pos`` (single-base sites) or ``start`` + ``end`` (regions).
        annotation : str
            Path to a gene-model file. Format is auto-detected from the
            extension: ``.gtf`` / ``.gtf.gz`` -> GENCODE/Ensembl GTF;
            ``refGene.txt`` / ``refGene.txt.gz`` -> UCSC RefSeq (HOMER's
            default catalog). Pass ``source=`` to override if your filename
            doesn't follow the convention.
        source : {"auto", "gtf", "refgene"}, keyword-only, default "auto"
            Format override for the annotation file. ``"auto"`` infers from
            the extension; the explicit values are an escape hatch for
            unusually-named files.
        features : sequence of str, keyword-only
            Feature classes to build overlap intervals for. Sites that don't
            hit any are reported as ``feature_type="intergenic"`` automatically
            -- "intergenic" is the fallback, not something you opt into.
            Default builds the full HOMER-style set
            (promoter / 5UTR / exon / intron / 3UTR / TTS / noncoding) so
            ``feature_type`` value-counts can be compared directly against
            HOMER's vocabulary without a custom kwarg. Pass a narrower tuple
            (e.g. ``("promoter", "exon", "intron")``) to skip the UTR / TTS /
            noncoding builders when you don't need fine-grained categories
            or your annotation source can't supply them (refGene has no UTR
            coordinates and no biotype, so the UTR / noncoding builders are
            silently no-ops on refGene sources).
        promoter_upstream_bp, promoter_downstream_bp : int, keyword-only
            Promoter window around each gene's TSS. Default ``(-2000, +200)``
            matches the conventional "core promoter" definition.
        multi_annotation : bool, keyword-only, default True
            If True (default), also adds four annotatr-style columns alongside
            the single-best pick. Set to False to get only the legacy four-
            column output (``gene_id``, ``gene_name``, ``feature_type``,
            ``distance_to_tss``) -- useful for narrow storage or when downstream
            code asserts on exact column sets. New columns when True:
    
              - ``nearest_tss_gene`` (Utf8) -- gene whose TSS is closest to the
                site center (HOMER's rule).
              - ``nearest_tss_distance`` (Int32) -- signed bp distance from
                site center to that TSS, flipped for ``-`` strand so positive
                is downstream in transcription direction.
              - ``all_overlapping_genes`` (List[Utf8]) -- every gene whose
                feature interval overlaps the site (one-to-many).
              - ``all_overlapping_features`` (List[Utf8]) -- every feature type
                that overlaps (e.g. ``["intron", "promoter"]``).
        gene_type_filter : str or sequence of str or None, keyword-only
            If set, only genes whose ``gene_type`` matches are used to build
            overlap intervals and the nearest-TSS index. Typical:
            ``"protein_coding"`` to drop lincRNAs / pseudogenes / novel
            predictions. Works on both GTF (via ``gene_type`` /
            ``gene_biotype`` attribute) and refGene (NM_* -> protein_coding,
            NR_* -> non-coding). A bare string is treated as a 1-element list.
    
        Examples
        --------
        >>> # GTF, auto-detected
        >>> annotate_features(sites, "genes.gtf.gz", gene_type_filter="protein_coding")
        >>> # UCSC RefSeq (HOMER's default catalog), auto-detected
        >>> annotate_features(sites, "refGene.txt.gz")
        >>> # Unusually-named file; explicit override
        >>> annotate_features(sites, "my_genes.tsv", source="refgene")
        """
        # Resolve source (auto-detect if needed)
        if source == "auto":
            source = _detect_annotation_source(annotation)
        elif source not in ("gtf", "refgene"):
            raise ValueError(f"source must be 'auto', 'gtf', or 'refgene'; got {source!r}")
    
        # Normalize gene_type_filter to tuple or None
        if isinstance(gene_type_filter, str):
            gene_type_filter_norm: tuple[str, ...] | None = (gene_type_filter,)
        elif gene_type_filter is None:
            gene_type_filter_norm = None
        else:
            gene_type_filter_norm = tuple(gene_type_filter)
        try:
            import bioframe  # noqa: F401  (presence-check; used inside _annotate_chromosome_chunk)
        except ImportError as exc:
>           raise ImportError("bioframe is required. pip install bioframe") from exc
E           ImportError: bioframe is required. pip install bioframe

src/epykit/annotate.py:1238: ImportError
______________ test_multi_annotation_reuses_built_features_cache _______________

sites = shape: (2, 2)
┌───────┬──────┐
│ chrom ┆ pos  │
│ ---   ┆ ---  │
│ str   ┆ i64  │
╞═══════╪══════╡
│ chr1  ┆ 2100 │
│ chr1  ┆ 6000 │
└───────┴──────┘
annotation = '/tmp/pytest-of-mlegrand/pytest-46/test_multi_annotation_reuses_b0/synth.gtf'

    def annotate_features(
        sites: pl.DataFrame,
        annotation: str,
        *,
        source: str = "auto",
        features: list[str] | tuple[str, ...] = (
            "promoter",
            "5UTR",
            "exon",
            "intron",
            "3UTR",
            "TTS",
            "noncoding",
        ),
        promoter_upstream_bp: int = 2000,
        promoter_downstream_bp: int = 200,
        multi_annotation: bool = True,
        gene_type_filter: str | list[str] | None = None,
    ) -> pl.DataFrame:
        """Annotate DMC / DMR sites with gene-level genomic features.
    
        Parameters
        ----------
        sites : polars DataFrame
            Per-site or per-region table with at least ``chrom`` and either
            ``pos`` (single-base sites) or ``start`` + ``end`` (regions).
        annotation : str
            Path to a gene-model file. Format is auto-detected from the
            extension: ``.gtf`` / ``.gtf.gz`` -> GENCODE/Ensembl GTF;
            ``refGene.txt`` / ``refGene.txt.gz`` -> UCSC RefSeq (HOMER's
            default catalog). Pass ``source=`` to override if your filename
            doesn't follow the convention.
        source : {"auto", "gtf", "refgene"}, keyword-only, default "auto"
            Format override for the annotation file. ``"auto"`` infers from
            the extension; the explicit values are an escape hatch for
            unusually-named files.
        features : sequence of str, keyword-only
            Feature classes to build overlap intervals for. Sites that don't
            hit any are reported as ``feature_type="intergenic"`` automatically
            -- "intergenic" is the fallback, not something you opt into.
            Default builds the full HOMER-style set
            (promoter / 5UTR / exon / intron / 3UTR / TTS / noncoding) so
            ``feature_type`` value-counts can be compared directly against
            HOMER's vocabulary without a custom kwarg. Pass a narrower tuple
            (e.g. ``("promoter", "exon", "intron")``) to skip the UTR / TTS /
            noncoding builders when you don't need fine-grained categories
            or your annotation source can't supply them (refGene has no UTR
            coordinates and no biotype, so the UTR / noncoding builders are
            silently no-ops on refGene sources).
        promoter_upstream_bp, promoter_downstream_bp : int, keyword-only
            Promoter window around each gene's TSS. Default ``(-2000, +200)``
            matches the conventional "core promoter" definition.
        multi_annotation : bool, keyword-only, default True
            If True (default), also adds four annotatr-style columns alongside
            the single-best pick. Set to False to get only the legacy four-
            column output (``gene_id``, ``gene_name``, ``feature_type``,
            ``distance_to_tss``) -- useful for narrow storage or when downstream
            code asserts on exact column sets. New columns when True:
    
              - ``nearest_tss_gene`` (Utf8) -- gene whose TSS is closest to the
                site center (HOMER's rule).
              - ``nearest_tss_distance`` (Int32) -- signed bp distance from
                site center to that TSS, flipped for ``-`` strand so positive
                is downstream in transcription direction.
              - ``all_overlapping_genes`` (List[Utf8]) -- every gene whose
                feature interval overlaps the site (one-to-many).
              - ``all_overlapping_features`` (List[Utf8]) -- every feature type
                that overlaps (e.g. ``["intron", "promoter"]``).
        gene_type_filter : str or sequence of str or None, keyword-only
            If set, only genes whose ``gene_type`` matches are used to build
            overlap intervals and the nearest-TSS index. Typical:
            ``"protein_coding"`` to drop lincRNAs / pseudogenes / novel
            predictions. Works on both GTF (via ``gene_type`` /
            ``gene_biotype`` attribute) and refGene (NM_* -> protein_coding,
            NR_* -> non-coding). A bare string is treated as a 1-element list.
    
        Examples
        --------
        >>> # GTF, auto-detected
        >>> annotate_features(sites, "genes.gtf.gz", gene_type_filter="protein_coding")
        >>> # UCSC RefSeq (HOMER's default catalog), auto-detected
        >>> annotate_features(sites, "refGene.txt.gz")
        >>> # Unusually-named file; explicit override
        >>> annotate_features(sites, "my_genes.tsv", source="refgene")
        """
        # Resolve source (auto-detect if needed)
        if source == "auto":
            source = _detect_annotation_source(annotation)
        elif source not in ("gtf", "refgene"):
            raise ValueError(f"source must be 'auto', 'gtf', or 'refgene'; got {source!r}")
    
        # Normalize gene_type_filter to tuple or None
        if isinstance(gene_type_filter, str):
            gene_type_filter_norm: tuple[str, ...] | None = (gene_type_filter,)
        elif gene_type_filter is None:
            gene_type_filter_norm = None
        else:
            gene_type_filter_norm = tuple(gene_type_filter)
        try:
>           import bioframe  # noqa: F401  (presence-check; used inside _annotate_chromosome_chunk)
E           ModuleNotFoundError: No module named 'bioframe'

src/epykit/annotate.py:1236: ModuleNotFoundError

The above exception was the direct cause of the following exception:

synth_gtf = '/tmp/pytest-of-mlegrand/pytest-46/test_multi_annotation_reuses_b0/synth.gtf'

    def test_multi_annotation_reuses_built_features_cache(synth_gtf):
        """The TSS-by-chromosome arrays must live in the same cache bundle so a
        second multi-annotation call hits the cache instead of re-parsing."""
        sites = _sites([2100, 6000])
>       _ = annotate_features(sites, synth_gtf, multi_annotation=True)

tests/test_annotate_multi.py:252: 
_ _ _ _ _ _ _ _ _ _ _ _ _ _ _ _ _ _ _ _ _ _ _ _ _ _ _ _ _ _ _ _ _ _ _ _ _ _ _ _ 

sites = shape: (2, 2)
┌───────┬──────┐
│ chrom ┆ pos  │
│ ---   ┆ ---  │
│ str   ┆ i64  │
╞═══════╪══════╡
│ chr1  ┆ 2100 │
│ chr1  ┆ 6000 │
└───────┴──────┘
annotation = '/tmp/pytest-of-mlegrand/pytest-46/test_multi_annotation_reuses_b0/synth.gtf'

    def annotate_features(
        sites: pl.DataFrame,
        annotation: str,
        *,
        source: str = "auto",
        features: list[str] | tuple[str, ...] = (
            "promoter",
            "5UTR",
            "exon",
            "intron",
            "3UTR",
            "TTS",
            "noncoding",
        ),
        promoter_upstream_bp: int = 2000,
        promoter_downstream_bp: int = 200,
        multi_annotation: bool = True,
        gene_type_filter: str | list[str] | None = None,
    ) -> pl.DataFrame:
        """Annotate DMC / DMR sites with gene-level genomic features.
    
        Parameters
        ----------
        sites : polars DataFrame
            Per-site or per-region table with at least ``chrom`` and either
            ``pos`` (single-base sites) or ``start`` + ``end`` (regions).
        annotation : str
            Path to a gene-model file. Format is auto-detected from the
            extension: ``.gtf`` / ``.gtf.gz`` -> GENCODE/Ensembl GTF;
            ``refGene.txt`` / ``refGene.txt.gz`` -> UCSC RefSeq (HOMER's
            default catalog). Pass ``source=`` to override if your filename
            doesn't follow the convention.
        source : {"auto", "gtf", "refgene"}, keyword-only, default "auto"
            Format override for the annotation file. ``"auto"`` infers from
            the extension; the explicit values are an escape hatch for
            unusually-named files.
        features : sequence of str, keyword-only
            Feature classes to build overlap intervals for. Sites that don't
            hit any are reported as ``feature_type="intergenic"`` automatically
            -- "intergenic" is the fallback, not something you opt into.
            Default builds the full HOMER-style set
            (promoter / 5UTR / exon / intron / 3UTR / TTS / noncoding) so
            ``feature_type`` value-counts can be compared directly against
            HOMER's vocabulary without a custom kwarg. Pass a narrower tuple
            (e.g. ``("promoter", "exon", "intron")``) to skip the UTR / TTS /
            noncoding builders when you don't need fine-grained categories
            or your annotation source can't supply them (refGene has no UTR
            coordinates and no biotype, so the UTR / noncoding builders are
            silently no-ops on refGene sources).
        promoter_upstream_bp, promoter_downstream_bp : int, keyword-only
            Promoter window around each gene's TSS. Default ``(-2000, +200)``
            matches the conventional "core promoter" definition.
        multi_annotation : bool, keyword-only, default True
            If True (default), also adds four annotatr-style columns alongside
            the single-best pick. Set to False to get only the legacy four-
            column output (``gene_id``, ``gene_name``, ``feature_type``,
            ``distance_to_tss``) -- useful for narrow storage or when downstream
            code asserts on exact column sets. New columns when True:
    
              - ``nearest_tss_gene`` (Utf8) -- gene whose TSS is closest to the
                site center (HOMER's rule).
              - ``nearest_tss_distance`` (Int32) -- signed bp distance from
                site center to that TSS, flipped for ``-`` strand so positive
                is downstream in transcription direction.
              - ``all_overlapping_genes`` (List[Utf8]) -- every gene whose
                feature interval overlaps the site (one-to-many).
              - ``all_overlapping_features`` (List[Utf8]) -- every feature type
                that overlaps (e.g. ``["intron", "promoter"]``).
        gene_type_filter : str or sequence of str or None, keyword-only
            If set, only genes whose ``gene_type`` matches are used to build
            overlap intervals and the nearest-TSS index. Typical:
            ``"protein_coding"`` to drop lincRNAs / pseudogenes / novel
            predictions. Works on both GTF (via ``gene_type`` /
            ``gene_biotype`` attribute) and refGene (NM_* -> protein_coding,
            NR_* -> non-coding). A bare string is treated as a 1-element list.
    
        Examples
        --------
        >>> # GTF, auto-detected
        >>> annotate_features(sites, "genes.gtf.gz", gene_type_filter="protein_coding")
        >>> # UCSC RefSeq (HOMER's default catalog), auto-detected
        >>> annotate_features(sites, "refGene.txt.gz")
        >>> # Unusually-named file; explicit override
        >>> annotate_features(sites, "my_genes.tsv", source="refgene")
        """
        # Resolve source (auto-detect if needed)
        if source == "auto":
            source = _detect_annotation_source(annotation)
        elif source not in ("gtf", "refgene"):
            raise ValueError(f"source must be 'auto', 'gtf', or 'refgene'; got {source!r}")
    
        # Normalize gene_type_filter to tuple or None
        if isinstance(gene_type_filter, str):
            gene_type_filter_norm: tuple[str, ...] | None = (gene_type_filter,)
        elif gene_type_filter is None:
            gene_type_filter_norm = None
        else:
            gene_type_filter_norm = tuple(gene_type_filter)
        try:
            import bioframe  # noqa: F401  (presence-check; used inside _annotate_chromosome_chunk)
        except ImportError as exc:
>           raise ImportError("bioframe is required. pip install bioframe") from exc
E           ImportError: bioframe is required. pip install bioframe

src/epykit/annotate.py:1238: ImportError
___________ test_gene_type_filter_excludes_lincrna_from_nearest_tss ____________

sites = shape: (1, 2)
┌───────┬──────┐
│ chrom ┆ pos  │
│ ---   ┆ ---  │
│ str   ┆ i64  │
╞═══════╪══════╡
│ chr1  ┆ 3700 │
└───────┴──────┘
annotation = '/tmp/pytest-of-mlegrand/pytest-46/test_gene_type_filter_excludes0/synth_mixed.gtf'

    def annotate_features(
        sites: pl.DataFrame,
        annotation: str,
        *,
        source: str = "auto",
        features: list[str] | tuple[str, ...] = (
            "promoter",
            "5UTR",
            "exon",
            "intron",
            "3UTR",
            "TTS",
            "noncoding",
        ),
        promoter_upstream_bp: int = 2000,
        promoter_downstream_bp: int = 200,
        multi_annotation: bool = True,
        gene_type_filter: str | list[str] | None = None,
    ) -> pl.DataFrame:
        """Annotate DMC / DMR sites with gene-level genomic features.
    
        Parameters
        ----------
        sites : polars DataFrame
            Per-site or per-region table with at least ``chrom`` and either
            ``pos`` (single-base sites) or ``start`` + ``end`` (regions).
        annotation : str
            Path to a gene-model file. Format is auto-detected from the
            extension: ``.gtf`` / ``.gtf.gz`` -> GENCODE/Ensembl GTF;
            ``refGene.txt`` / ``refGene.txt.gz`` -> UCSC RefSeq (HOMER's
            default catalog). Pass ``source=`` to override if your filename
            doesn't follow the convention.
        source : {"auto", "gtf", "refgene"}, keyword-only, default "auto"
            Format override for the annotation file. ``"auto"`` infers from
            the extension; the explicit values are an escape hatch for
            unusually-named files.
        features : sequence of str, keyword-only
            Feature classes to build overlap intervals for. Sites that don't
            hit any are reported as ``feature_type="intergenic"`` automatically
            -- "intergenic" is the fallback, not something you opt into.
            Default builds the full HOMER-style set
            (promoter / 5UTR / exon / intron / 3UTR / TTS / noncoding) so
            ``feature_type`` value-counts can be compared directly against
            HOMER's vocabulary without a custom kwarg. Pass a narrower tuple
            (e.g. ``("promoter", "exon", "intron")``) to skip the UTR / TTS /
            noncoding builders when you don't need fine-grained categories
            or your annotation source can't supply them (refGene has no UTR
            coordinates and no biotype, so the UTR / noncoding builders are
            silently no-ops on refGene sources).
        promoter_upstream_bp, promoter_downstream_bp : int, keyword-only
            Promoter window around each gene's TSS. Default ``(-2000, +200)``
            matches the conventional "core promoter" definition.
        multi_annotation : bool, keyword-only, default True
            If True (default), also adds four annotatr-style columns alongside
            the single-best pick. Set to False to get only the legacy four-
            column output (``gene_id``, ``gene_name``, ``feature_type``,
            ``distance_to_tss``) -- useful for narrow storage or when downstream
            code asserts on exact column sets. New columns when True:
    
              - ``nearest_tss_gene`` (Utf8) -- gene whose TSS is closest to the
                site center (HOMER's rule).
              - ``nearest_tss_distance`` (Int32) -- signed bp distance from
                site center to that TSS, flipped for ``-`` strand so positive
                is downstream in transcription direction.
              - ``all_overlapping_genes`` (List[Utf8]) -- every gene whose
                feature interval overlaps the site (one-to-many).
              - ``all_overlapping_features`` (List[Utf8]) -- every feature type
                that overlaps (e.g. ``["intron", "promoter"]``).
        gene_type_filter : str or sequence of str or None, keyword-only
            If set, only genes whose ``gene_type`` matches are used to build
            overlap intervals and the nearest-TSS index. Typical:
            ``"protein_coding"`` to drop lincRNAs / pseudogenes / novel
            predictions. Works on both GTF (via ``gene_type`` /
            ``gene_biotype`` attribute) and refGene (NM_* -> protein_coding,
            NR_* -> non-coding). A bare string is treated as a 1-element list.
    
        Examples
        --------
        >>> # GTF, auto-detected
        >>> annotate_features(sites, "genes.gtf.gz", gene_type_filter="protein_coding")
        >>> # UCSC RefSeq (HOMER's default catalog), auto-detected
        >>> annotate_features(sites, "refGene.txt.gz")
        >>> # Unusually-named file; explicit override
        >>> annotate_features(sites, "my_genes.tsv", source="refgene")
        """
        # Resolve source (auto-detect if needed)
        if source == "auto":
            source = _detect_annotation_source(annotation)
        elif source not in ("gtf", "refgene"):
            raise ValueError(f"source must be 'auto', 'gtf', or 'refgene'; got {source!r}")
    
        # Normalize gene_type_filter to tuple or None
        if isinstance(gene_type_filter, str):
            gene_type_filter_norm: tuple[str, ...] | None = (gene_type_filter,)
        elif gene_type_filter is None:
            gene_type_filter_norm = None
        else:
            gene_type_filter_norm = tuple(gene_type_filter)
        try:
>           import bioframe  # noqa: F401  (presence-check; used inside _annotate_chromosome_chunk)
E           ModuleNotFoundError: No module named 'bioframe'

src/epykit/annotate.py:1236: ModuleNotFoundError

The above exception was the direct cause of the following exception:

synth_gtf_mixed_types = '/tmp/pytest-of-mlegrand/pytest-46/test_gene_type_filter_excludes0/synth_mixed.gtf'

    def test_gene_type_filter_excludes_lincrna_from_nearest_tss(synth_gtf_mixed_types):
        """Site at 3700. Without filter NOVEL_LNC (TSS=3500, ~200 bp) wins;
        with protein_coding-only filter PROT2 (TSS=4500, ~800 bp) wins over
        PROT1 (TSS=1000, ~2700 bp)."""
        sites = _sites([3700])
    
>       out_unfiltered = annotate_features(
            sites, synth_gtf_mixed_types, multi_annotation=True,
        )

tests/test_annotate_multi.py:297: 
_ _ _ _ _ _ _ _ _ _ _ _ _ _ _ _ _ _ _ _ _ _ _ _ _ _ _ _ _ _ _ _ _ _ _ _ _ _ _ _ 

sites = shape: (1, 2)
┌───────┬──────┐
│ chrom ┆ pos  │
│ ---   ┆ ---  │
│ str   ┆ i64  │
╞═══════╪══════╡
│ chr1  ┆ 3700 │
└───────┴──────┘
annotation = '/tmp/pytest-of-mlegrand/pytest-46/test_gene_type_filter_excludes0/synth_mixed.gtf'

    def annotate_features(
        sites: pl.DataFrame,
        annotation: str,
        *,
        source: str = "auto",
        features: list[str] | tuple[str, ...] = (
            "promoter",
            "5UTR",
            "exon",
            "intron",
            "3UTR",
            "TTS",
            "noncoding",
        ),
        promoter_upstream_bp: int = 2000,
        promoter_downstream_bp: int = 200,
        multi_annotation: bool = True,
        gene_type_filter: str | list[str] | None = None,
    ) -> pl.DataFrame:
        """Annotate DMC / DMR sites with gene-level genomic features.
    
        Parameters
        ----------
        sites : polars DataFrame
            Per-site or per-region table with at least ``chrom`` and either
            ``pos`` (single-base sites) or ``start`` + ``end`` (regions).
        annotation : str
            Path to a gene-model file. Format is auto-detected from the
            extension: ``.gtf`` / ``.gtf.gz`` -> GENCODE/Ensembl GTF;
            ``refGene.txt`` / ``refGene.txt.gz`` -> UCSC RefSeq (HOMER's
            default catalog). Pass ``source=`` to override if your filename
            doesn't follow the convention.
        source : {"auto", "gtf", "refgene"}, keyword-only, default "auto"
            Format override for the annotation file. ``"auto"`` infers from
            the extension; the explicit values are an escape hatch for
            unusually-named files.
        features : sequence of str, keyword-only
            Feature classes to build overlap intervals for. Sites that don't
            hit any are reported as ``feature_type="intergenic"`` automatically
            -- "intergenic" is the fallback, not something you opt into.
            Default builds the full HOMER-style set
            (promoter / 5UTR / exon / intron / 3UTR / TTS / noncoding) so
            ``feature_type`` value-counts can be compared directly against
            HOMER's vocabulary without a custom kwarg. Pass a narrower tuple
            (e.g. ``("promoter", "exon", "intron")``) to skip the UTR / TTS /
            noncoding builders when you don't need fine-grained categories
            or your annotation source can't supply them (refGene has no UTR
            coordinates and no biotype, so the UTR / noncoding builders are
            silently no-ops on refGene sources).
        promoter_upstream_bp, promoter_downstream_bp : int, keyword-only
            Promoter window around each gene's TSS. Default ``(-2000, +200)``
            matches the conventional "core promoter" definition.
        multi_annotation : bool, keyword-only, default True
            If True (default), also adds four annotatr-style columns alongside
            the single-best pick. Set to False to get only the legacy four-
            column output (``gene_id``, ``gene_name``, ``feature_type``,
            ``distance_to_tss``) -- useful for narrow storage or when downstream
            code asserts on exact column sets. New columns when True:
    
              - ``nearest_tss_gene`` (Utf8) -- gene whose TSS is closest to the
                site center (HOMER's rule).
              - ``nearest_tss_distance`` (Int32) -- signed bp distance from
                site center to that TSS, flipped for ``-`` strand so positive
                is downstream in transcription direction.
              - ``all_overlapping_genes`` (List[Utf8]) -- every gene whose
                feature interval overlaps the site (one-to-many).
              - ``all_overlapping_features`` (List[Utf8]) -- every feature type
                that overlaps (e.g. ``["intron", "promoter"]``).
        gene_type_filter : str or sequence of str or None, keyword-only
            If set, only genes whose ``gene_type`` matches are used to build
            overlap intervals and the nearest-TSS index. Typical:
            ``"protein_coding"`` to drop lincRNAs / pseudogenes / novel
            predictions. Works on both GTF (via ``gene_type`` /
            ``gene_biotype`` attribute) and refGene (NM_* -> protein_coding,
            NR_* -> non-coding). A bare string is treated as a 1-element list.
    
        Examples
        --------
        >>> # GTF, auto-detected
        >>> annotate_features(sites, "genes.gtf.gz", gene_type_filter="protein_coding")
        >>> # UCSC RefSeq (HOMER's default catalog), auto-detected
        >>> annotate_features(sites, "refGene.txt.gz")
        >>> # Unusually-named file; explicit override
        >>> annotate_features(sites, "my_genes.tsv", source="refgene")
        """
        # Resolve source (auto-detect if needed)
        if source == "auto":
            source = _detect_annotation_source(annotation)
        elif source not in ("gtf", "refgene"):
            raise ValueError(f"source must be 'auto', 'gtf', or 'refgene'; got {source!r}")
    
        # Normalize gene_type_filter to tuple or None
        if isinstance(gene_type_filter, str):
            gene_type_filter_norm: tuple[str, ...] | None = (gene_type_filter,)
        elif gene_type_filter is None:
            gene_type_filter_norm = None
        else:
            gene_type_filter_norm = tuple(gene_type_filter)
        try:
            import bioframe  # noqa: F401  (presence-check; used inside _annotate_chromosome_chunk)
        except ImportError as exc:
>           raise ImportError("bioframe is required. pip install bioframe") from exc
E           ImportError: bioframe is required. pip install bioframe

src/epykit/annotate.py:1238: ImportError
______________ test_gene_type_filter_string_or_list_both_accepted ______________

sites = shape: (1, 2)
┌───────┬──────┐
│ chrom ┆ pos  │
│ ---   ┆ ---  │
│ str   ┆ i64  │
╞═══════╪══════╡
│ chr1  ┆ 2600 │
└───────┴──────┘
annotation = '/tmp/pytest-of-mlegrand/pytest-46/test_gene_type_filter_string_o0/synth_mixed.gtf'

    def annotate_features(
        sites: pl.DataFrame,
        annotation: str,
        *,
        source: str = "auto",
        features: list[str] | tuple[str, ...] = (
            "promoter",
            "5UTR",
            "exon",
            "intron",
            "3UTR",
            "TTS",
            "noncoding",
        ),
        promoter_upstream_bp: int = 2000,
        promoter_downstream_bp: int = 200,
        multi_annotation: bool = True,
        gene_type_filter: str | list[str] | None = None,
    ) -> pl.DataFrame:
        """Annotate DMC / DMR sites with gene-level genomic features.
    
        Parameters
        ----------
        sites : polars DataFrame
            Per-site or per-region table with at least ``chrom`` and either
            ``pos`` (single-base sites) or ``start`` + ``end`` (regions).
        annotation : str
            Path to a gene-model file. Format is auto-detected from the
            extension: ``.gtf`` / ``.gtf.gz`` -> GENCODE/Ensembl GTF;
            ``refGene.txt`` / ``refGene.txt.gz`` -> UCSC RefSeq (HOMER's
            default catalog). Pass ``source=`` to override if your filename
            doesn't follow the convention.
        source : {"auto", "gtf", "refgene"}, keyword-only, default "auto"
            Format override for the annotation file. ``"auto"`` infers from
            the extension; the explicit values are an escape hatch for
            unusually-named files.
        features : sequence of str, keyword-only
            Feature classes to build overlap intervals for. Sites that don't
            hit any are reported as ``feature_type="intergenic"`` automatically
            -- "intergenic" is the fallback, not something you opt into.
            Default builds the full HOMER-style set
            (promoter / 5UTR / exon / intron / 3UTR / TTS / noncoding) so
            ``feature_type`` value-counts can be compared directly against
            HOMER's vocabulary without a custom kwarg. Pass a narrower tuple
            (e.g. ``("promoter", "exon", "intron")``) to skip the UTR / TTS /
            noncoding builders when you don't need fine-grained categories
            or your annotation source can't supply them (refGene has no UTR
            coordinates and no biotype, so the UTR / noncoding builders are
            silently no-ops on refGene sources).
        promoter_upstream_bp, promoter_downstream_bp : int, keyword-only
            Promoter window around each gene's TSS. Default ``(-2000, +200)``
            matches the conventional "core promoter" definition.
        multi_annotation : bool, keyword-only, default True
            If True (default), also adds four annotatr-style columns alongside
            the single-best pick. Set to False to get only the legacy four-
            column output (``gene_id``, ``gene_name``, ``feature_type``,
            ``distance_to_tss``) -- useful for narrow storage or when downstream
            code asserts on exact column sets. New columns when True:
    
              - ``nearest_tss_gene`` (Utf8) -- gene whose TSS is closest to the
                site center (HOMER's rule).
              - ``nearest_tss_distance`` (Int32) -- signed bp distance from
                site center to that TSS, flipped for ``-`` strand so positive
                is downstream in transcription direction.
              - ``all_overlapping_genes`` (List[Utf8]) -- every gene whose
                feature interval overlaps the site (one-to-many).
              - ``all_overlapping_features`` (List[Utf8]) -- every feature type
                that overlaps (e.g. ``["intron", "promoter"]``).
        gene_type_filter : str or sequence of str or None, keyword-only
            If set, only genes whose ``gene_type`` matches are used to build
            overlap intervals and the nearest-TSS index. Typical:
            ``"protein_coding"`` to drop lincRNAs / pseudogenes / novel
            predictions. Works on both GTF (via ``gene_type`` /
            ``gene_biotype`` attribute) and refGene (NM_* -> protein_coding,
            NR_* -> non-coding). A bare string is treated as a 1-element list.
    
        Examples
        --------
        >>> # GTF, auto-detected
        >>> annotate_features(sites, "genes.gtf.gz", gene_type_filter="protein_coding")
        >>> # UCSC RefSeq (HOMER's default catalog), auto-detected
        >>> annotate_features(sites, "refGene.txt.gz")
        >>> # Unusually-named file; explicit override
        >>> annotate_features(sites, "my_genes.tsv", source="refgene")
        """
        # Resolve source (auto-detect if needed)
        if source == "auto":
            source = _detect_annotation_source(annotation)
        elif source not in ("gtf", "refgene"):
            raise ValueError(f"source must be 'auto', 'gtf', or 'refgene'; got {source!r}")
    
        # Normalize gene_type_filter to tuple or None
        if isinstance(gene_type_filter, str):
            gene_type_filter_norm: tuple[str, ...] | None = (gene_type_filter,)
        elif gene_type_filter is None:
            gene_type_filter_norm = None
        else:
            gene_type_filter_norm = tuple(gene_type_filter)
        try:
>           import bioframe  # noqa: F401  (presence-check; used inside _annotate_chromosome_chunk)
E           ModuleNotFoundError: No module named 'bioframe'

src/epykit/annotate.py:1236: ModuleNotFoundError

The above exception was the direct cause of the following exception:

synth_gtf_mixed_types = '/tmp/pytest-of-mlegrand/pytest-46/test_gene_type_filter_string_o0/synth_mixed.gtf'

    def test_gene_type_filter_string_or_list_both_accepted(synth_gtf_mixed_types):
        """``"protein_coding"`` and ``["protein_coding"]`` should be equivalent."""
        sites = _sites([2600])
>       s = annotate_features(sites, synth_gtf_mixed_types,
                              multi_annotation=True, gene_type_filter="protein_coding")

tests/test_annotate_multi.py:312: 
_ _ _ _ _ _ _ _ _ _ _ _ _ _ _ _ _ _ _ _ _ _ _ _ _ _ _ _ _ _ _ _ _ _ _ _ _ _ _ _ 

sites = shape: (1, 2)
┌───────┬──────┐
│ chrom ┆ pos  │
│ ---   ┆ ---  │
│ str   ┆ i64  │
╞═══════╪══════╡
│ chr1  ┆ 2600 │
└───────┴──────┘
annotation = '/tmp/pytest-of-mlegrand/pytest-46/test_gene_type_filter_string_o0/synth_mixed.gtf'

    def annotate_features(
        sites: pl.DataFrame,
        annotation: str,
        *,
        source: str = "auto",
        features: list[str] | tuple[str, ...] = (
            "promoter",
            "5UTR",
            "exon",
            "intron",
            "3UTR",
            "TTS",
            "noncoding",
        ),
        promoter_upstream_bp: int = 2000,
        promoter_downstream_bp: int = 200,
        multi_annotation: bool = True,
        gene_type_filter: str | list[str] | None = None,
    ) -> pl.DataFrame:
        """Annotate DMC / DMR sites with gene-level genomic features.
    
        Parameters
        ----------
        sites : polars DataFrame
            Per-site or per-region table with at least ``chrom`` and either
            ``pos`` (single-base sites) or ``start`` + ``end`` (regions).
        annotation : str
            Path to a gene-model file. Format is auto-detected from the
            extension: ``.gtf`` / ``.gtf.gz`` -> GENCODE/Ensembl GTF;
            ``refGene.txt`` / ``refGene.txt.gz`` -> UCSC RefSeq (HOMER's
            default catalog). Pass ``source=`` to override if your filename
            doesn't follow the convention.
        source : {"auto", "gtf", "refgene"}, keyword-only, default "auto"
            Format override for the annotation file. ``"auto"`` infers from
            the extension; the explicit values are an escape hatch for
            unusually-named files.
        features : sequence of str, keyword-only
            Feature classes to build overlap intervals for. Sites that don't
            hit any are reported as ``feature_type="intergenic"`` automatically
            -- "intergenic" is the fallback, not something you opt into.
            Default builds the full HOMER-style set
            (promoter / 5UTR / exon / intron / 3UTR / TTS / noncoding) so
            ``feature_type`` value-counts can be compared directly against
            HOMER's vocabulary without a custom kwarg. Pass a narrower tuple
            (e.g. ``("promoter", "exon", "intron")``) to skip the UTR / TTS /
            noncoding builders when you don't need fine-grained categories
            or your annotation source can't supply them (refGene has no UTR
            coordinates and no biotype, so the UTR / noncoding builders are
            silently no-ops on refGene sources).
        promoter_upstream_bp, promoter_downstream_bp : int, keyword-only
            Promoter window around each gene's TSS. Default ``(-2000, +200)``
            matches the conventional "core promoter" definition.
        multi_annotation : bool, keyword-only, default True
            If True (default), also adds four annotatr-style columns alongside
            the single-best pick. Set to False to get only the legacy four-
            column output (``gene_id``, ``gene_name``, ``feature_type``,
            ``distance_to_tss``) -- useful for narrow storage or when downstream
            code asserts on exact column sets. New columns when True:
    
              - ``nearest_tss_gene`` (Utf8) -- gene whose TSS is closest to the
                site center (HOMER's rule).
              - ``nearest_tss_distance`` (Int32) -- signed bp distance from
                site center to that TSS, flipped for ``-`` strand so positive
                is downstream in transcription direction.
              - ``all_overlapping_genes`` (List[Utf8]) -- every gene whose
                feature interval overlaps the site (one-to-many).
              - ``all_overlapping_features`` (List[Utf8]) -- every feature type
                that overlaps (e.g. ``["intron", "promoter"]``).
        gene_type_filter : str or sequence of str or None, keyword-only
            If set, only genes whose ``gene_type`` matches are used to build
            overlap intervals and the nearest-TSS index. Typical:
            ``"protein_coding"`` to drop lincRNAs / pseudogenes / novel
            predictions. Works on both GTF (via ``gene_type`` /
            ``gene_biotype`` attribute) and refGene (NM_* -> protein_coding,
            NR_* -> non-coding). A bare string is treated as a 1-element list.
    
        Examples
        --------
        >>> # GTF, auto-detected
        >>> annotate_features(sites, "genes.gtf.gz", gene_type_filter="protein_coding")
        >>> # UCSC RefSeq (HOMER's default catalog), auto-detected
        >>> annotate_features(sites, "refGene.txt.gz")
        >>> # Unusually-named file; explicit override
        >>> annotate_features(sites, "my_genes.tsv", source="refgene")
        """
        # Resolve source (auto-detect if needed)
        if source == "auto":
            source = _detect_annotation_source(annotation)
        elif source not in ("gtf", "refgene"):
            raise ValueError(f"source must be 'auto', 'gtf', or 'refgene'; got {source!r}")
    
        # Normalize gene_type_filter to tuple or None
        if isinstance(gene_type_filter, str):
            gene_type_filter_norm: tuple[str, ...] | None = (gene_type_filter,)
        elif gene_type_filter is None:
            gene_type_filter_norm = None
        else:
            gene_type_filter_norm = tuple(gene_type_filter)
        try:
            import bioframe  # noqa: F401  (presence-check; used inside _annotate_chromosome_chunk)
        except ImportError as exc:
>           raise ImportError("bioframe is required. pip install bioframe") from exc
E           ImportError: bioframe is required. pip install bioframe

src/epykit/annotate.py:1238: ImportError
_______________ test_gene_type_filter_makes_distinct_cache_entry _______________

sites = shape: (1, 2)
┌───────┬──────┐
│ chrom ┆ pos  │
│ ---   ┆ ---  │
│ str   ┆ i64  │
╞═══════╪══════╡
│ chr1  ┆ 2600 │
└───────┴──────┘
annotation = '/tmp/pytest-of-mlegrand/pytest-46/test_gene_type_filter_makes_di0/synth_mixed.gtf'

    def annotate_features(
        sites: pl.DataFrame,
        annotation: str,
        *,
        source: str = "auto",
        features: list[str] | tuple[str, ...] = (
            "promoter",
            "5UTR",
            "exon",
            "intron",
            "3UTR",
            "TTS",
            "noncoding",
        ),
        promoter_upstream_bp: int = 2000,
        promoter_downstream_bp: int = 200,
        multi_annotation: bool = True,
        gene_type_filter: str | list[str] | None = None,
    ) -> pl.DataFrame:
        """Annotate DMC / DMR sites with gene-level genomic features.
    
        Parameters
        ----------
        sites : polars DataFrame
            Per-site or per-region table with at least ``chrom`` and either
            ``pos`` (single-base sites) or ``start`` + ``end`` (regions).
        annotation : str
            Path to a gene-model file. Format is auto-detected from the
            extension: ``.gtf`` / ``.gtf.gz`` -> GENCODE/Ensembl GTF;
            ``refGene.txt`` / ``refGene.txt.gz`` -> UCSC RefSeq (HOMER's
            default catalog). Pass ``source=`` to override if your filename
            doesn't follow the convention.
        source : {"auto", "gtf", "refgene"}, keyword-only, default "auto"
            Format override for the annotation file. ``"auto"`` infers from
            the extension; the explicit values are an escape hatch for
            unusually-named files.
        features : sequence of str, keyword-only
            Feature classes to build overlap intervals for. Sites that don't
            hit any are reported as ``feature_type="intergenic"`` automatically
            -- "intergenic" is the fallback, not something you opt into.
            Default builds the full HOMER-style set
            (promoter / 5UTR / exon / intron / 3UTR / TTS / noncoding) so
            ``feature_type`` value-counts can be compared directly against
            HOMER's vocabulary without a custom kwarg. Pass a narrower tuple
            (e.g. ``("promoter", "exon", "intron")``) to skip the UTR / TTS /
            noncoding builders when you don't need fine-grained categories
            or your annotation source can't supply them (refGene has no UTR
            coordinates and no biotype, so the UTR / noncoding builders are
            silently no-ops on refGene sources).
        promoter_upstream_bp, promoter_downstream_bp : int, keyword-only
            Promoter window around each gene's TSS. Default ``(-2000, +200)``
            matches the conventional "core promoter" definition.
        multi_annotation : bool, keyword-only, default True
            If True (default), also adds four annotatr-style columns alongside
            the single-best pick. Set to False to get only the legacy four-
            column output (``gene_id``, ``gene_name``, ``feature_type``,
            ``distance_to_tss``) -- useful for narrow storage or when downstream
            code asserts on exact column sets. New columns when True:
    
              - ``nearest_tss_gene`` (Utf8) -- gene whose TSS is closest to the
                site center (HOMER's rule).
              - ``nearest_tss_distance`` (Int32) -- signed bp distance from
                site center to that TSS, flipped for ``-`` strand so positive
                is downstream in transcription direction.
              - ``all_overlapping_genes`` (List[Utf8]) -- every gene whose
                feature interval overlaps the site (one-to-many).
              - ``all_overlapping_features`` (List[Utf8]) -- every feature type
                that overlaps (e.g. ``["intron", "promoter"]``).
        gene_type_filter : str or sequence of str or None, keyword-only
            If set, only genes whose ``gene_type`` matches are used to build
            overlap intervals and the nearest-TSS index. Typical:
            ``"protein_coding"`` to drop lincRNAs / pseudogenes / novel
            predictions. Works on both GTF (via ``gene_type`` /
            ``gene_biotype`` attribute) and refGene (NM_* -> protein_coding,
            NR_* -> non-coding). A bare string is treated as a 1-element list.
    
        Examples
        --------
        >>> # GTF, auto-detected
        >>> annotate_features(sites, "genes.gtf.gz", gene_type_filter="protein_coding")
        >>> # UCSC RefSeq (HOMER's default catalog), auto-detected
        >>> annotate_features(sites, "refGene.txt.gz")
        >>> # Unusually-named file; explicit override
        >>> annotate_features(sites, "my_genes.tsv", source="refgene")
        """
        # Resolve source (auto-detect if needed)
        if source == "auto":
            source = _detect_annotation_source(annotation)
        elif source not in ("gtf", "refgene"):
            raise ValueError(f"source must be 'auto', 'gtf', or 'refgene'; got {source!r}")
    
        # Normalize gene_type_filter to tuple or None
        if isinstance(gene_type_filter, str):
            gene_type_filter_norm: tuple[str, ...] | None = (gene_type_filter,)
        elif gene_type_filter is None:
            gene_type_filter_norm = None
        else:
            gene_type_filter_norm = tuple(gene_type_filter)
        try:
>           import bioframe  # noqa: F401  (presence-check; used inside _annotate_chromosome_chunk)
E           ModuleNotFoundError: No module named 'bioframe'

src/epykit/annotate.py:1236: ModuleNotFoundError

The above exception was the direct cause of the following exception:

synth_gtf_mixed_types = '/tmp/pytest-of-mlegrand/pytest-46/test_gene_type_filter_makes_di0/synth_mixed.gtf'

    def test_gene_type_filter_makes_distinct_cache_entry(synth_gtf_mixed_types):
        """Two calls with different gene_type filters must produce distinct
        cache entries -- silent cache cross-contamination would be a footgun."""
        sites = _sites([2600])
>       _ = annotate_features(sites, synth_gtf_mixed_types,
                              multi_annotation=True)

tests/test_annotate_multi.py:323: 
_ _ _ _ _ _ _ _ _ _ _ _ _ _ _ _ _ _ _ _ _ _ _ _ _ _ _ _ _ _ _ _ _ _ _ _ _ _ _ _ 

sites = shape: (1, 2)
┌───────┬──────┐
│ chrom ┆ pos  │
│ ---   ┆ ---  │
│ str   ┆ i64  │
╞═══════╪══════╡
│ chr1  ┆ 2600 │
└───────┴──────┘
annotation = '/tmp/pytest-of-mlegrand/pytest-46/test_gene_type_filter_makes_di0/synth_mixed.gtf'

    def annotate_features(
        sites: pl.DataFrame,
        annotation: str,
        *,
        source: str = "auto",
        features: list[str] | tuple[str, ...] = (
            "promoter",
            "5UTR",
            "exon",
            "intron",
            "3UTR",
            "TTS",
            "noncoding",
        ),
        promoter_upstream_bp: int = 2000,
        promoter_downstream_bp: int = 200,
        multi_annotation: bool = True,
        gene_type_filter: str | list[str] | None = None,
    ) -> pl.DataFrame:
        """Annotate DMC / DMR sites with gene-level genomic features.
    
        Parameters
        ----------
        sites : polars DataFrame
            Per-site or per-region table with at least ``chrom`` and either
            ``pos`` (single-base sites) or ``start`` + ``end`` (regions).
        annotation : str
            Path to a gene-model file. Format is auto-detected from the
            extension: ``.gtf`` / ``.gtf.gz`` -> GENCODE/Ensembl GTF;
            ``refGene.txt`` / ``refGene.txt.gz`` -> UCSC RefSeq (HOMER's
            default catalog). Pass ``source=`` to override if your filename
            doesn't follow the convention.
        source : {"auto", "gtf", "refgene"}, keyword-only, default "auto"
            Format override for the annotation file. ``"auto"`` infers from
            the extension; the explicit values are an escape hatch for
            unusually-named files.
        features : sequence of str, keyword-only
            Feature classes to build overlap intervals for. Sites that don't
            hit any are reported as ``feature_type="intergenic"`` automatically
            -- "intergenic" is the fallback, not something you opt into.
            Default builds the full HOMER-style set
            (promoter / 5UTR / exon / intron / 3UTR / TTS / noncoding) so
            ``feature_type`` value-counts can be compared directly against
            HOMER's vocabulary without a custom kwarg. Pass a narrower tuple
            (e.g. ``("promoter", "exon", "intron")``) to skip the UTR / TTS /
            noncoding builders when you don't need fine-grained categories
            or your annotation source can't supply them (refGene has no UTR
            coordinates and no biotype, so the UTR / noncoding builders are
            silently no-ops on refGene sources).
        promoter_upstream_bp, promoter_downstream_bp : int, keyword-only
            Promoter window around each gene's TSS. Default ``(-2000, +200)``
            matches the conventional "core promoter" definition.
        multi_annotation : bool, keyword-only, default True
            If True (default), also adds four annotatr-style columns alongside
            the single-best pick. Set to False to get only the legacy four-
            column output (``gene_id``, ``gene_name``, ``feature_type``,
            ``distance_to_tss``) -- useful for narrow storage or when downstream
            code asserts on exact column sets. New columns when True:
    
              - ``nearest_tss_gene`` (Utf8) -- gene whose TSS is closest to the
                site center (HOMER's rule).
              - ``nearest_tss_distance`` (Int32) -- signed bp distance from
                site center to that TSS, flipped for ``-`` strand so positive
                is downstream in transcription direction.
              - ``all_overlapping_genes`` (List[Utf8]) -- every gene whose
                feature interval overlaps the site (one-to-many).
              - ``all_overlapping_features`` (List[Utf8]) -- every feature type
                that overlaps (e.g. ``["intron", "promoter"]``).
        gene_type_filter : str or sequence of str or None, keyword-only
            If set, only genes whose ``gene_type`` matches are used to build
            overlap intervals and the nearest-TSS index. Typical:
            ``"protein_coding"`` to drop lincRNAs / pseudogenes / novel
            predictions. Works on both GTF (via ``gene_type`` /
            ``gene_biotype`` attribute) and refGene (NM_* -> protein_coding,
            NR_* -> non-coding). A bare string is treated as a 1-element list.
    
        Examples
        --------
        >>> # GTF, auto-detected
        >>> annotate_features(sites, "genes.gtf.gz", gene_type_filter="protein_coding")
        >>> # UCSC RefSeq (HOMER's default catalog), auto-detected
        >>> annotate_features(sites, "refGene.txt.gz")
        >>> # Unusually-named file; explicit override
        >>> annotate_features(sites, "my_genes.tsv", source="refgene")
        """
        # Resolve source (auto-detect if needed)
        if source == "auto":
            source = _detect_annotation_source(annotation)
        elif source not in ("gtf", "refgene"):
            raise ValueError(f"source must be 'auto', 'gtf', or 'refgene'; got {source!r}")
    
        # Normalize gene_type_filter to tuple or None
        if isinstance(gene_type_filter, str):
            gene_type_filter_norm: tuple[str, ...] | None = (gene_type_filter,)
        elif gene_type_filter is None:
            gene_type_filter_norm = None
        else:
            gene_type_filter_norm = tuple(gene_type_filter)
        try:
            import bioframe  # noqa: F401  (presence-check; used inside _annotate_chromosome_chunk)
        except ImportError as exc:
>           raise ImportError("bioframe is required. pip install bioframe") from exc
E           ImportError: bioframe is required. pip install bioframe

src/epykit/annotate.py:1238: ImportError
_________________ test_refgene_source_produces_legacy_columns __________________

sites = shape: (1, 2)
┌───────┬──────┐
│ chrom ┆ pos  │
│ ---   ┆ ---  │
│ str   ┆ i64  │
╞═══════╪══════╡
│ chr1  ┆ 1500 │
└───────┴──────┘
annotation = '/tmp/pytest-of-mlegrand/pytest-46/test_refgene_source_produces_l0/synth.refGene.txt'

    def annotate_features(
        sites: pl.DataFrame,
        annotation: str,
        *,
        source: str = "auto",
        features: list[str] | tuple[str, ...] = (
            "promoter",
            "5UTR",
            "exon",
            "intron",
            "3UTR",
            "TTS",
            "noncoding",
        ),
        promoter_upstream_bp: int = 2000,
        promoter_downstream_bp: int = 200,
        multi_annotation: bool = True,
        gene_type_filter: str | list[str] | None = None,
    ) -> pl.DataFrame:
        """Annotate DMC / DMR sites with gene-level genomic features.
    
        Parameters
        ----------
        sites : polars DataFrame
            Per-site or per-region table with at least ``chrom`` and either
            ``pos`` (single-base sites) or ``start`` + ``end`` (regions).
        annotation : str
            Path to a gene-model file. Format is auto-detected from the
            extension: ``.gtf`` / ``.gtf.gz`` -> GENCODE/Ensembl GTF;
            ``refGene.txt`` / ``refGene.txt.gz`` -> UCSC RefSeq (HOMER's
            default catalog). Pass ``source=`` to override if your filename
            doesn't follow the convention.
        source : {"auto", "gtf", "refgene"}, keyword-only, default "auto"
            Format override for the annotation file. ``"auto"`` infers from
            the extension; the explicit values are an escape hatch for
            unusually-named files.
        features : sequence of str, keyword-only
            Feature classes to build overlap intervals for. Sites that don't
            hit any are reported as ``feature_type="intergenic"`` automatically
            -- "intergenic" is the fallback, not something you opt into.
            Default builds the full HOMER-style set
            (promoter / 5UTR / exon / intron / 3UTR / TTS / noncoding) so
            ``feature_type`` value-counts can be compared directly against
            HOMER's vocabulary without a custom kwarg. Pass a narrower tuple
            (e.g. ``("promoter", "exon", "intron")``) to skip the UTR / TTS /
            noncoding builders when you don't need fine-grained categories
            or your annotation source can't supply them (refGene has no UTR
            coordinates and no biotype, so the UTR / noncoding builders are
            silently no-ops on refGene sources).
        promoter_upstream_bp, promoter_downstream_bp : int, keyword-only
            Promoter window around each gene's TSS. Default ``(-2000, +200)``
            matches the conventional "core promoter" definition.
        multi_annotation : bool, keyword-only, default True
            If True (default), also adds four annotatr-style columns alongside
            the single-best pick. Set to False to get only the legacy four-
            column output (``gene_id``, ``gene_name``, ``feature_type``,
            ``distance_to_tss``) -- useful for narrow storage or when downstream
            code asserts on exact column sets. New columns when True:
    
              - ``nearest_tss_gene`` (Utf8) -- gene whose TSS is closest to the
                site center (HOMER's rule).
              - ``nearest_tss_distance`` (Int32) -- signed bp distance from
                site center to that TSS, flipped for ``-`` strand so positive
                is downstream in transcription direction.
              - ``all_overlapping_genes`` (List[Utf8]) -- every gene whose
                feature interval overlaps the site (one-to-many).
              - ``all_overlapping_features`` (List[Utf8]) -- every feature type
                that overlaps (e.g. ``["intron", "promoter"]``).
        gene_type_filter : str or sequence of str or None, keyword-only
            If set, only genes whose ``gene_type`` matches are used to build
            overlap intervals and the nearest-TSS index. Typical:
            ``"protein_coding"`` to drop lincRNAs / pseudogenes / novel
            predictions. Works on both GTF (via ``gene_type`` /
            ``gene_biotype`` attribute) and refGene (NM_* -> protein_coding,
            NR_* -> non-coding). A bare string is treated as a 1-element list.
    
        Examples
        --------
        >>> # GTF, auto-detected
        >>> annotate_features(sites, "genes.gtf.gz", gene_type_filter="protein_coding")
        >>> # UCSC RefSeq (HOMER's default catalog), auto-detected
        >>> annotate_features(sites, "refGene.txt.gz")
        >>> # Unusually-named file; explicit override
        >>> annotate_features(sites, "my_genes.tsv", source="refgene")
        """
        # Resolve source (auto-detect if needed)
        if source == "auto":
            source = _detect_annotation_source(annotation)
        elif source not in ("gtf", "refgene"):
            raise ValueError(f"source must be 'auto', 'gtf', or 'refgene'; got {source!r}")
    
        # Normalize gene_type_filter to tuple or None
        if isinstance(gene_type_filter, str):
            gene_type_filter_norm: tuple[str, ...] | None = (gene_type_filter,)
        elif gene_type_filter is None:
            gene_type_filter_norm = None
        else:
            gene_type_filter_norm = tuple(gene_type_filter)
        try:
>           import bioframe  # noqa: F401  (presence-check; used inside _annotate_chromosome_chunk)
E           ModuleNotFoundError: No module named 'bioframe'

src/epykit/annotate.py:1236: ModuleNotFoundError

The above exception was the direct cause of the following exception:

synth_refgene = '/tmp/pytest-of-mlegrand/pytest-46/test_refgene_source_produces_l0/synth.refGene.txt'

    def test_refgene_source_produces_legacy_columns(synth_refgene):
        """A refGene source must populate the same single-best columns as a GTF
        source would (gene_id, gene_name, feature_type, distance_to_tss)."""
        sites = _sites([1500])  # inside PROT_RG body
>       out = annotate_features(sites, synth_refgene)

tests/test_annotate_multi.py:360: 
_ _ _ _ _ _ _ _ _ _ _ _ _ _ _ _ _ _ _ _ _ _ _ _ _ _ _ _ _ _ _ _ _ _ _ _ _ _ _ _ 

sites = shape: (1, 2)
┌───────┬──────┐
│ chrom ┆ pos  │
│ ---   ┆ ---  │
│ str   ┆ i64  │
╞═══════╪══════╡
│ chr1  ┆ 1500 │
└───────┴──────┘
annotation = '/tmp/pytest-of-mlegrand/pytest-46/test_refgene_source_produces_l0/synth.refGene.txt'

    def annotate_features(
        sites: pl.DataFrame,
        annotation: str,
        *,
        source: str = "auto",
        features: list[str] | tuple[str, ...] = (
            "promoter",
            "5UTR",
            "exon",
            "intron",
            "3UTR",
            "TTS",
            "noncoding",
        ),
        promoter_upstream_bp: int = 2000,
        promoter_downstream_bp: int = 200,
        multi_annotation: bool = True,
        gene_type_filter: str | list[str] | None = None,
    ) -> pl.DataFrame:
        """Annotate DMC / DMR sites with gene-level genomic features.
    
        Parameters
        ----------
        sites : polars DataFrame
            Per-site or per-region table with at least ``chrom`` and either
            ``pos`` (single-base sites) or ``start`` + ``end`` (regions).
        annotation : str
            Path to a gene-model file. Format is auto-detected from the
            extension: ``.gtf`` / ``.gtf.gz`` -> GENCODE/Ensembl GTF;
            ``refGene.txt`` / ``refGene.txt.gz`` -> UCSC RefSeq (HOMER's
            default catalog). Pass ``source=`` to override if your filename
            doesn't follow the convention.
        source : {"auto", "gtf", "refgene"}, keyword-only, default "auto"
            Format override for the annotation file. ``"auto"`` infers from
            the extension; the explicit values are an escape hatch for
            unusually-named files.
        features : sequence of str, keyword-only
            Feature classes to build overlap intervals for. Sites that don't
            hit any are reported as ``feature_type="intergenic"`` automatically
            -- "intergenic" is the fallback, not something you opt into.
            Default builds the full HOMER-style set
            (promoter / 5UTR / exon / intron / 3UTR / TTS / noncoding) so
            ``feature_type`` value-counts can be compared directly against
            HOMER's vocabulary without a custom kwarg. Pass a narrower tuple
            (e.g. ``("promoter", "exon", "intron")``) to skip the UTR / TTS /
            noncoding builders when you don't need fine-grained categories
            or your annotation source can't supply them (refGene has no UTR
            coordinates and no biotype, so the UTR / noncoding builders are
            silently no-ops on refGene sources).
        promoter_upstream_bp, promoter_downstream_bp : int, keyword-only
            Promoter window around each gene's TSS. Default ``(-2000, +200)``
            matches the conventional "core promoter" definition.
        multi_annotation : bool, keyword-only, default True
            If True (default), also adds four annotatr-style columns alongside
            the single-best pick. Set to False to get only the legacy four-
            column output (``gene_id``, ``gene_name``, ``feature_type``,
            ``distance_to_tss``) -- useful for narrow storage or when downstream
            code asserts on exact column sets. New columns when True:
    
              - ``nearest_tss_gene`` (Utf8) -- gene whose TSS is closest to the
                site center (HOMER's rule).
              - ``nearest_tss_distance`` (Int32) -- signed bp distance from
                site center to that TSS, flipped for ``-`` strand so positive
                is downstream in transcription direction.
              - ``all_overlapping_genes`` (List[Utf8]) -- every gene whose
                feature interval overlaps the site (one-to-many).
              - ``all_overlapping_features`` (List[Utf8]) -- every feature type
                that overlaps (e.g. ``["intron", "promoter"]``).
        gene_type_filter : str or sequence of str or None, keyword-only
            If set, only genes whose ``gene_type`` matches are used to build
            overlap intervals and the nearest-TSS index. Typical:
            ``"protein_coding"`` to drop lincRNAs / pseudogenes / novel
            predictions. Works on both GTF (via ``gene_type`` /
            ``gene_biotype`` attribute) and refGene (NM_* -> protein_coding,
            NR_* -> non-coding). A bare string is treated as a 1-element list.
    
        Examples
        --------
        >>> # GTF, auto-detected
        >>> annotate_features(sites, "genes.gtf.gz", gene_type_filter="protein_coding")
        >>> # UCSC RefSeq (HOMER's default catalog), auto-detected
        >>> annotate_features(sites, "refGene.txt.gz")
        >>> # Unusually-named file; explicit override
        >>> annotate_features(sites, "my_genes.tsv", source="refgene")
        """
        # Resolve source (auto-detect if needed)
        if source == "auto":
            source = _detect_annotation_source(annotation)
        elif source not in ("gtf", "refgene"):
            raise ValueError(f"source must be 'auto', 'gtf', or 'refgene'; got {source!r}")
    
        # Normalize gene_type_filter to tuple or None
        if isinstance(gene_type_filter, str):
            gene_type_filter_norm: tuple[str, ...] | None = (gene_type_filter,)
        elif gene_type_filter is None:
            gene_type_filter_norm = None
        else:
            gene_type_filter_norm = tuple(gene_type_filter)
        try:
            import bioframe  # noqa: F401  (presence-check; used inside _annotate_chromosome_chunk)
        except ImportError as exc:
>           raise ImportError("bioframe is required. pip install bioframe") from exc
E           ImportError: bioframe is required. pip install bioframe

src/epykit/annotate.py:1238: ImportError
________________ test_refgene_source_supports_multi_annotation _________________

sites = shape: (2, 2)
┌───────┬──────┐
│ chrom ┆ pos  │
│ ---   ┆ ---  │
│ str   ┆ i64  │
╞═══════╪══════╡
│ chr1  ┆ 5000 │
│ chr1  ┆ 7000 │
└───────┴──────┘
annotation = '/tmp/pytest-of-mlegrand/pytest-46/test_refgene_source_supports_m0/synth.refGene.txt'

    def annotate_features(
        sites: pl.DataFrame,
        annotation: str,
        *,
        source: str = "auto",
        features: list[str] | tuple[str, ...] = (
            "promoter",
            "5UTR",
            "exon",
            "intron",
            "3UTR",
            "TTS",
            "noncoding",
        ),
        promoter_upstream_bp: int = 2000,
        promoter_downstream_bp: int = 200,
        multi_annotation: bool = True,
        gene_type_filter: str | list[str] | None = None,
    ) -> pl.DataFrame:
        """Annotate DMC / DMR sites with gene-level genomic features.
    
        Parameters
        ----------
        sites : polars DataFrame
            Per-site or per-region table with at least ``chrom`` and either
            ``pos`` (single-base sites) or ``start`` + ``end`` (regions).
        annotation : str
            Path to a gene-model file. Format is auto-detected from the
            extension: ``.gtf`` / ``.gtf.gz`` -> GENCODE/Ensembl GTF;
            ``refGene.txt`` / ``refGene.txt.gz`` -> UCSC RefSeq (HOMER's
            default catalog). Pass ``source=`` to override if your filename
            doesn't follow the convention.
        source : {"auto", "gtf", "refgene"}, keyword-only, default "auto"
            Format override for the annotation file. ``"auto"`` infers from
            the extension; the explicit values are an escape hatch for
            unusually-named files.
        features : sequence of str, keyword-only
            Feature classes to build overlap intervals for. Sites that don't
            hit any are reported as ``feature_type="intergenic"`` automatically
            -- "intergenic" is the fallback, not something you opt into.
            Default builds the full HOMER-style set
            (promoter / 5UTR / exon / intron / 3UTR / TTS / noncoding) so
            ``feature_type`` value-counts can be compared directly against
            HOMER's vocabulary without a custom kwarg. Pass a narrower tuple
            (e.g. ``("promoter", "exon", "intron")``) to skip the UTR / TTS /
            noncoding builders when you don't need fine-grained categories
            or your annotation source can't supply them (refGene has no UTR
            coordinates and no biotype, so the UTR / noncoding builders are
            silently no-ops on refGene sources).
        promoter_upstream_bp, promoter_downstream_bp : int, keyword-only
            Promoter window around each gene's TSS. Default ``(-2000, +200)``
            matches the conventional "core promoter" definition.
        multi_annotation : bool, keyword-only, default True
            If True (default), also adds four annotatr-style columns alongside
            the single-best pick. Set to False to get only the legacy four-
            column output (``gene_id``, ``gene_name``, ``feature_type``,
            ``distance_to_tss``) -- useful for narrow storage or when downstream
            code asserts on exact column sets. New columns when True:
    
              - ``nearest_tss_gene`` (Utf8) -- gene whose TSS is closest to the
                site center (HOMER's rule).
              - ``nearest_tss_distance`` (Int32) -- signed bp distance from
                site center to that TSS, flipped for ``-`` strand so positive
                is downstream in transcription direction.
              - ``all_overlapping_genes`` (List[Utf8]) -- every gene whose
                feature interval overlaps the site (one-to-many).
              - ``all_overlapping_features`` (List[Utf8]) -- every feature type
                that overlaps (e.g. ``["intron", "promoter"]``).
        gene_type_filter : str or sequence of str or None, keyword-only
            If set, only genes whose ``gene_type`` matches are used to build
            overlap intervals and the nearest-TSS index. Typical:
            ``"protein_coding"`` to drop lincRNAs / pseudogenes / novel
            predictions. Works on both GTF (via ``gene_type`` /
            ``gene_biotype`` attribute) and refGene (NM_* -> protein_coding,
            NR_* -> non-coding). A bare string is treated as a 1-element list.
    
        Examples
        --------
        >>> # GTF, auto-detected
        >>> annotate_features(sites, "genes.gtf.gz", gene_type_filter="protein_coding")
        >>> # UCSC RefSeq (HOMER's default catalog), auto-detected
        >>> annotate_features(sites, "refGene.txt.gz")
        >>> # Unusually-named file; explicit override
        >>> annotate_features(sites, "my_genes.tsv", source="refgene")
        """
        # Resolve source (auto-detect if needed)
        if source == "auto":
            source = _detect_annotation_source(annotation)
        elif source not in ("gtf", "refgene"):
            raise ValueError(f"source must be 'auto', 'gtf', or 'refgene'; got {source!r}")
    
        # Normalize gene_type_filter to tuple or None
        if isinstance(gene_type_filter, str):
            gene_type_filter_norm: tuple[str, ...] | None = (gene_type_filter,)
        elif gene_type_filter is None:
            gene_type_filter_norm = None
        else:
            gene_type_filter_norm = tuple(gene_type_filter)
        try:
>           import bioframe  # noqa: F401  (presence-check; used inside _annotate_chromosome_chunk)
E           ModuleNotFoundError: No module named 'bioframe'

src/epykit/annotate.py:1236: ModuleNotFoundError

The above exception was the direct cause of the following exception:

synth_refgene = '/tmp/pytest-of-mlegrand/pytest-46/test_refgene_source_supports_m0/synth.refGene.txt'

    def test_refgene_source_supports_multi_annotation(synth_refgene):
        """Multi-annotation on a refGene source. The convention is
        "positive = downstream in transcription direction". NCRNA_RG is "-"
        strand with 0-based half-open txEnd=6000, so its TSS is the last
        transcribed base at End-1 = 5999 (mirroring the plus-strand Start
        anchor):
    
          - site at 5000 (lower genomic coord) is DOWNSTREAM in transcription
            direction -> positive distance: -1 * (5000 - 5999) = +999.
          - site at 7000 (higher genomic coord) is UPSTREAM in transcription
            direction -> negative distance: -1 * (7000 - 5999) = -1001.
        """
        sites = _sites([5000, 7000])
>       out = annotate_features(
            sites, synth_refgene, multi_annotation=True,
        )

tests/test_annotate_multi.py:382: 
_ _ _ _ _ _ _ _ _ _ _ _ _ _ _ _ _ _ _ _ _ _ _ _ _ _ _ _ _ _ _ _ _ _ _ _ _ _ _ _ 

sites = shape: (2, 2)
┌───────┬──────┐
│ chrom ┆ pos  │
│ ---   ┆ ---  │
│ str   ┆ i64  │
╞═══════╪══════╡
│ chr1  ┆ 5000 │
│ chr1  ┆ 7000 │
└───────┴──────┘
annotation = '/tmp/pytest-of-mlegrand/pytest-46/test_refgene_source_supports_m0/synth.refGene.txt'

    def annotate_features(
        sites: pl.DataFrame,
        annotation: str,
        *,
        source: str = "auto",
        features: list[str] | tuple[str, ...] = (
            "promoter",
            "5UTR",
            "exon",
            "intron",
            "3UTR",
            "TTS",
            "noncoding",
        ),
        promoter_upstream_bp: int = 2000,
        promoter_downstream_bp: int = 200,
        multi_annotation: bool = True,
        gene_type_filter: str | list[str] | None = None,
    ) -> pl.DataFrame:
        """Annotate DMC / DMR sites with gene-level genomic features.
    
        Parameters
        ----------
        sites : polars DataFrame
            Per-site or per-region table with at least ``chrom`` and either
            ``pos`` (single-base sites) or ``start`` + ``end`` (regions).
        annotation : str
            Path to a gene-model file. Format is auto-detected from the
            extension: ``.gtf`` / ``.gtf.gz`` -> GENCODE/Ensembl GTF;
            ``refGene.txt`` / ``refGene.txt.gz`` -> UCSC RefSeq (HOMER's
            default catalog). Pass ``source=`` to override if your filename
            doesn't follow the convention.
        source : {"auto", "gtf", "refgene"}, keyword-only, default "auto"
            Format override for the annotation file. ``"auto"`` infers from
            the extension; the explicit values are an escape hatch for
            unusually-named files.
        features : sequence of str, keyword-only
            Feature classes to build overlap intervals for. Sites that don't
            hit any are reported as ``feature_type="intergenic"`` automatically
            -- "intergenic" is the fallback, not something you opt into.
            Default builds the full HOMER-style set
            (promoter / 5UTR / exon / intron / 3UTR / TTS / noncoding) so
            ``feature_type`` value-counts can be compared directly against
            HOMER's vocabulary without a custom kwarg. Pass a narrower tuple
            (e.g. ``("promoter", "exon", "intron")``) to skip the UTR / TTS /
            noncoding builders when you don't need fine-grained categories
            or your annotation source can't supply them (refGene has no UTR
            coordinates and no biotype, so the UTR / noncoding builders are
            silently no-ops on refGene sources).
        promoter_upstream_bp, promoter_downstream_bp : int, keyword-only
            Promoter window around each gene's TSS. Default ``(-2000, +200)``
            matches the conventional "core promoter" definition.
        multi_annotation : bool, keyword-only, default True
            If True (default), also adds four annotatr-style columns alongside
            the single-best pick. Set to False to get only the legacy four-
            column output (``gene_id``, ``gene_name``, ``feature_type``,
            ``distance_to_tss``) -- useful for narrow storage or when downstream
            code asserts on exact column sets. New columns when True:
    
              - ``nearest_tss_gene`` (Utf8) -- gene whose TSS is closest to the
                site center (HOMER's rule).
              - ``nearest_tss_distance`` (Int32) -- signed bp distance from
                site center to that TSS, flipped for ``-`` strand so positive
                is downstream in transcription direction.
              - ``all_overlapping_genes`` (List[Utf8]) -- every gene whose
                feature interval overlaps the site (one-to-many).
              - ``all_overlapping_features`` (List[Utf8]) -- every feature type
                that overlaps (e.g. ``["intron", "promoter"]``).
        gene_type_filter : str or sequence of str or None, keyword-only
            If set, only genes whose ``gene_type`` matches are used to build
            overlap intervals and the nearest-TSS index. Typical:
            ``"protein_coding"`` to drop lincRNAs / pseudogenes / novel
            predictions. Works on both GTF (via ``gene_type`` /
            ``gene_biotype`` attribute) and refGene (NM_* -> protein_coding,
            NR_* -> non-coding). A bare string is treated as a 1-element list.
    
        Examples
        --------
        >>> # GTF, auto-detected
        >>> annotate_features(sites, "genes.gtf.gz", gene_type_filter="protein_coding")
        >>> # UCSC RefSeq (HOMER's default catalog), auto-detected
        >>> annotate_features(sites, "refGene.txt.gz")
        >>> # Unusually-named file; explicit override
        >>> annotate_features(sites, "my_genes.tsv", source="refgene")
        """
        # Resolve source (auto-detect if needed)
        if source == "auto":
            source = _detect_annotation_source(annotation)
        elif source not in ("gtf", "refgene"):
            raise ValueError(f"source must be 'auto', 'gtf', or 'refgene'; got {source!r}")
    
        # Normalize gene_type_filter to tuple or None
        if isinstance(gene_type_filter, str):
            gene_type_filter_norm: tuple[str, ...] | None = (gene_type_filter,)
        elif gene_type_filter is None:
            gene_type_filter_norm = None
        else:
            gene_type_filter_norm = tuple(gene_type_filter)
        try:
            import bioframe  # noqa: F401  (presence-check; used inside _annotate_chromosome_chunk)
        except ImportError as exc:
>           raise ImportError("bioframe is required. pip install bioframe") from exc
E           ImportError: bioframe is required. pip install bioframe

src/epykit/annotate.py:1238: ImportError
_____________________ test_refgene_gene_type_filter_works ______________________

sites = shape: (1, 2)
┌───────┬──────┐
│ chrom ┆ pos  │
│ ---   ┆ ---  │
│ str   ┆ i64  │
╞═══════╪══════╡
│ chr1  ┆ 7000 │
└───────┴──────┘
annotation = '/tmp/pytest-of-mlegrand/pytest-46/test_refgene_gene_type_filter_0/synth.refGene.txt'

    def annotate_features(
        sites: pl.DataFrame,
        annotation: str,
        *,
        source: str = "auto",
        features: list[str] | tuple[str, ...] = (
            "promoter",
            "5UTR",
            "exon",
            "intron",
            "3UTR",
            "TTS",
            "noncoding",
        ),
        promoter_upstream_bp: int = 2000,
        promoter_downstream_bp: int = 200,
        multi_annotation: bool = True,
        gene_type_filter: str | list[str] | None = None,
    ) -> pl.DataFrame:
        """Annotate DMC / DMR sites with gene-level genomic features.
    
        Parameters
        ----------
        sites : polars DataFrame
            Per-site or per-region table with at least ``chrom`` and either
            ``pos`` (single-base sites) or ``start`` + ``end`` (regions).
        annotation : str
            Path to a gene-model file. Format is auto-detected from the
            extension: ``.gtf`` / ``.gtf.gz`` -> GENCODE/Ensembl GTF;
            ``refGene.txt`` / ``refGene.txt.gz`` -> UCSC RefSeq (HOMER's
            default catalog). Pass ``source=`` to override if your filename
            doesn't follow the convention.
        source : {"auto", "gtf", "refgene"}, keyword-only, default "auto"
            Format override for the annotation file. ``"auto"`` infers from
            the extension; the explicit values are an escape hatch for
            unusually-named files.
        features : sequence of str, keyword-only
            Feature classes to build overlap intervals for. Sites that don't
            hit any are reported as ``feature_type="intergenic"`` automatically
            -- "intergenic" is the fallback, not something you opt into.
            Default builds the full HOMER-style set
            (promoter / 5UTR / exon / intron / 3UTR / TTS / noncoding) so
            ``feature_type`` value-counts can be compared directly against
            HOMER's vocabulary without a custom kwarg. Pass a narrower tuple
            (e.g. ``("promoter", "exon", "intron")``) to skip the UTR / TTS /
            noncoding builders when you don't need fine-grained categories
            or your annotation source can't supply them (refGene has no UTR
            coordinates and no biotype, so the UTR / noncoding builders are
            silently no-ops on refGene sources).
        promoter_upstream_bp, promoter_downstream_bp : int, keyword-only
            Promoter window around each gene's TSS. Default ``(-2000, +200)``
            matches the conventional "core promoter" definition.
        multi_annotation : bool, keyword-only, default True
            If True (default), also adds four annotatr-style columns alongside
            the single-best pick. Set to False to get only the legacy four-
            column output (``gene_id``, ``gene_name``, ``feature_type``,
            ``distance_to_tss``) -- useful for narrow storage or when downstream
            code asserts on exact column sets. New columns when True:
    
              - ``nearest_tss_gene`` (Utf8) -- gene whose TSS is closest to the
                site center (HOMER's rule).
              - ``nearest_tss_distance`` (Int32) -- signed bp distance from
                site center to that TSS, flipped for ``-`` strand so positive
                is downstream in transcription direction.
              - ``all_overlapping_genes`` (List[Utf8]) -- every gene whose
                feature interval overlaps the site (one-to-many).
              - ``all_overlapping_features`` (List[Utf8]) -- every feature type
                that overlaps (e.g. ``["intron", "promoter"]``).
        gene_type_filter : str or sequence of str or None, keyword-only
            If set, only genes whose ``gene_type`` matches are used to build
            overlap intervals and the nearest-TSS index. Typical:
            ``"protein_coding"`` to drop lincRNAs / pseudogenes / novel
            predictions. Works on both GTF (via ``gene_type`` /
            ``gene_biotype`` attribute) and refGene (NM_* -> protein_coding,
            NR_* -> non-coding). A bare string is treated as a 1-element list.
    
        Examples
        --------
        >>> # GTF, auto-detected
        >>> annotate_features(sites, "genes.gtf.gz", gene_type_filter="protein_coding")
        >>> # UCSC RefSeq (HOMER's default catalog), auto-detected
        >>> annotate_features(sites, "refGene.txt.gz")
        >>> # Unusually-named file; explicit override
        >>> annotate_features(sites, "my_genes.tsv", source="refgene")
        """
        # Resolve source (auto-detect if needed)
        if source == "auto":
            source = _detect_annotation_source(annotation)
        elif source not in ("gtf", "refgene"):
            raise ValueError(f"source must be 'auto', 'gtf', or 'refgene'; got {source!r}")
    
        # Normalize gene_type_filter to tuple or None
        if isinstance(gene_type_filter, str):
            gene_type_filter_norm: tuple[str, ...] | None = (gene_type_filter,)
        elif gene_type_filter is None:
            gene_type_filter_norm = None
        else:
            gene_type_filter_norm = tuple(gene_type_filter)
        try:
>           import bioframe  # noqa: F401  (presence-check; used inside _annotate_chromosome_chunk)
E           ModuleNotFoundError: No module named 'bioframe'

src/epykit/annotate.py:1236: ModuleNotFoundError

The above exception was the direct cause of the following exception:

synth_refgene = '/tmp/pytest-of-mlegrand/pytest-46/test_refgene_gene_type_filter_0/synth.refGene.txt'

    def test_refgene_gene_type_filter_works(synth_refgene):
        """NM_* -> protein_coding, NR_* -> non-coding; filter must respect this."""
        sites = _sites([7000])
>       out_unfilt = annotate_features(
            sites, synth_refgene, multi_annotation=True,
        )

tests/test_annotate_multi.py:395: 
_ _ _ _ _ _ _ _ _ _ _ _ _ _ _ _ _ _ _ _ _ _ _ _ _ _ _ _ _ _ _ _ _ _ _ _ _ _ _ _ 

sites = shape: (1, 2)
┌───────┬──────┐
│ chrom ┆ pos  │
│ ---   ┆ ---  │
│ str   ┆ i64  │
╞═══════╪══════╡
│ chr1  ┆ 7000 │
└───────┴──────┘
annotation = '/tmp/pytest-of-mlegrand/pytest-46/test_refgene_gene_type_filter_0/synth.refGene.txt'

    def annotate_features(
        sites: pl.DataFrame,
        annotation: str,
        *,
        source: str = "auto",
        features: list[str] | tuple[str, ...] = (
            "promoter",
            "5UTR",
            "exon",
            "intron",
            "3UTR",
            "TTS",
            "noncoding",
        ),
        promoter_upstream_bp: int = 2000,
        promoter_downstream_bp: int = 200,
        multi_annotation: bool = True,
        gene_type_filter: str | list[str] | None = None,
    ) -> pl.DataFrame:
        """Annotate DMC / DMR sites with gene-level genomic features.
    
        Parameters
        ----------
        sites : polars DataFrame
            Per-site or per-region table with at least ``chrom`` and either
            ``pos`` (single-base sites) or ``start`` + ``end`` (regions).
        annotation : str
            Path to a gene-model file. Format is auto-detected from the
            extension: ``.gtf`` / ``.gtf.gz`` -> GENCODE/Ensembl GTF;
            ``refGene.txt`` / ``refGene.txt.gz`` -> UCSC RefSeq (HOMER's
            default catalog). Pass ``source=`` to override if your filename
            doesn't follow the convention.
        source : {"auto", "gtf", "refgene"}, keyword-only, default "auto"
            Format override for the annotation file. ``"auto"`` infers from
            the extension; the explicit values are an escape hatch for
            unusually-named files.
        features : sequence of str, keyword-only
            Feature classes to build overlap intervals for. Sites that don't
            hit any are reported as ``feature_type="intergenic"`` automatically
            -- "intergenic" is the fallback, not something you opt into.
            Default builds the full HOMER-style set
            (promoter / 5UTR / exon / intron / 3UTR / TTS / noncoding) so
            ``feature_type`` value-counts can be compared directly against
            HOMER's vocabulary without a custom kwarg. Pass a narrower tuple
            (e.g. ``("promoter", "exon", "intron")``) to skip the UTR / TTS /
            noncoding builders when you don't need fine-grained categories
            or your annotation source can't supply them (refGene has no UTR
            coordinates and no biotype, so the UTR / noncoding builders are
            silently no-ops on refGene sources).
        promoter_upstream_bp, promoter_downstream_bp : int, keyword-only
            Promoter window around each gene's TSS. Default ``(-2000, +200)``
            matches the conventional "core promoter" definition.
        multi_annotation : bool, keyword-only, default True
            If True (default), also adds four annotatr-style columns alongside
            the single-best pick. Set to False to get only the legacy four-
            column output (``gene_id``, ``gene_name``, ``feature_type``,
            ``distance_to_tss``) -- useful for narrow storage or when downstream
            code asserts on exact column sets. New columns when True:
    
              - ``nearest_tss_gene`` (Utf8) -- gene whose TSS is closest to the
                site center (HOMER's rule).
              - ``nearest_tss_distance`` (Int32) -- signed bp distance from
                site center to that TSS, flipped for ``-`` strand so positive
                is downstream in transcription direction.
              - ``all_overlapping_genes`` (List[Utf8]) -- every gene whose
                feature interval overlaps the site (one-to-many).
              - ``all_overlapping_features`` (List[Utf8]) -- every feature type
                that overlaps (e.g. ``["intron", "promoter"]``).
        gene_type_filter : str or sequence of str or None, keyword-only
            If set, only genes whose ``gene_type`` matches are used to build
            overlap intervals and the nearest-TSS index. Typical:
            ``"protein_coding"`` to drop lincRNAs / pseudogenes / novel
            predictions. Works on both GTF (via ``gene_type`` /
            ``gene_biotype`` attribute) and refGene (NM_* -> protein_coding,
            NR_* -> non-coding). A bare string is treated as a 1-element list.
    
        Examples
        --------
        >>> # GTF, auto-detected
        >>> annotate_features(sites, "genes.gtf.gz", gene_type_filter="protein_coding")
        >>> # UCSC RefSeq (HOMER's default catalog), auto-detected
        >>> annotate_features(sites, "refGene.txt.gz")
        >>> # Unusually-named file; explicit override
        >>> annotate_features(sites, "my_genes.tsv", source="refgene")
        """
        # Resolve source (auto-detect if needed)
        if source == "auto":
            source = _detect_annotation_source(annotation)
        elif source not in ("gtf", "refgene"):
            raise ValueError(f"source must be 'auto', 'gtf', or 'refgene'; got {source!r}")
    
        # Normalize gene_type_filter to tuple or None
        if isinstance(gene_type_filter, str):
            gene_type_filter_norm: tuple[str, ...] | None = (gene_type_filter,)
        elif gene_type_filter is None:
            gene_type_filter_norm = None
        else:
            gene_type_filter_norm = tuple(gene_type_filter)
        try:
            import bioframe  # noqa: F401  (presence-check; used inside _annotate_chromosome_chunk)
        except ImportError as exc:
>           raise ImportError("bioframe is required. pip install bioframe") from exc
E           ImportError: bioframe is required. pip install bioframe

src/epykit/annotate.py:1238: ImportError
___________________ test_refgene_and_gtf_caches_dont_collide ___________________

sites = shape: (1, 2)
┌───────┬──────┐
│ chrom ┆ pos  │
│ ---   ┆ ---  │
│ str   ┆ i64  │
╞═══════╪══════╡
│ chr1  ┆ 1500 │
└───────┴──────┘
annotation = '/tmp/pytest-of-mlegrand/pytest-46/test_refgene_and_gtf_caches_do0/synth.gtf'

    def annotate_features(
        sites: pl.DataFrame,
        annotation: str,
        *,
        source: str = "auto",
        features: list[str] | tuple[str, ...] = (
            "promoter",
            "5UTR",
            "exon",
            "intron",
            "3UTR",
            "TTS",
            "noncoding",
        ),
        promoter_upstream_bp: int = 2000,
        promoter_downstream_bp: int = 200,
        multi_annotation: bool = True,
        gene_type_filter: str | list[str] | None = None,
    ) -> pl.DataFrame:
        """Annotate DMC / DMR sites with gene-level genomic features.
    
        Parameters
        ----------
        sites : polars DataFrame
            Per-site or per-region table with at least ``chrom`` and either
            ``pos`` (single-base sites) or ``start`` + ``end`` (regions).
        annotation : str
            Path to a gene-model file. Format is auto-detected from the
            extension: ``.gtf`` / ``.gtf.gz`` -> GENCODE/Ensembl GTF;
            ``refGene.txt`` / ``refGene.txt.gz`` -> UCSC RefSeq (HOMER's
            default catalog). Pass ``source=`` to override if your filename
            doesn't follow the convention.
        source : {"auto", "gtf", "refgene"}, keyword-only, default "auto"
            Format override for the annotation file. ``"auto"`` infers from
            the extension; the explicit values are an escape hatch for
            unusually-named files.
        features : sequence of str, keyword-only
            Feature classes to build overlap intervals for. Sites that don't
            hit any are reported as ``feature_type="intergenic"`` automatically
            -- "intergenic" is the fallback, not something you opt into.
            Default builds the full HOMER-style set
            (promoter / 5UTR / exon / intron / 3UTR / TTS / noncoding) so
            ``feature_type`` value-counts can be compared directly against
            HOMER's vocabulary without a custom kwarg. Pass a narrower tuple
            (e.g. ``("promoter", "exon", "intron")``) to skip the UTR / TTS /
            noncoding builders when you don't need fine-grained categories
            or your annotation source can't supply them (refGene has no UTR
            coordinates and no biotype, so the UTR / noncoding builders are
            silently no-ops on refGene sources).
        promoter_upstream_bp, promoter_downstream_bp : int, keyword-only
            Promoter window around each gene's TSS. Default ``(-2000, +200)``
            matches the conventional "core promoter" definition.
        multi_annotation : bool, keyword-only, default True
            If True (default), also adds four annotatr-style columns alongside
            the single-best pick. Set to False to get only the legacy four-
            column output (``gene_id``, ``gene_name``, ``feature_type``,
            ``distance_to_tss``) -- useful for narrow storage or when downstream
            code asserts on exact column sets. New columns when True:
    
              - ``nearest_tss_gene`` (Utf8) -- gene whose TSS is closest to the
                site center (HOMER's rule).
              - ``nearest_tss_distance`` (Int32) -- signed bp distance from
                site center to that TSS, flipped for ``-`` strand so positive
                is downstream in transcription direction.
              - ``all_overlapping_genes`` (List[Utf8]) -- every gene whose
                feature interval overlaps the site (one-to-many).
              - ``all_overlapping_features`` (List[Utf8]) -- every feature type
                that overlaps (e.g. ``["intron", "promoter"]``).
        gene_type_filter : str or sequence of str or None, keyword-only
            If set, only genes whose ``gene_type`` matches are used to build
            overlap intervals and the nearest-TSS index. Typical:
            ``"protein_coding"`` to drop lincRNAs / pseudogenes / novel
            predictions. Works on both GTF (via ``gene_type`` /
            ``gene_biotype`` attribute) and refGene (NM_* -> protein_coding,
            NR_* -> non-coding). A bare string is treated as a 1-element list.
    
        Examples
        --------
        >>> # GTF, auto-detected
        >>> annotate_features(sites, "genes.gtf.gz", gene_type_filter="protein_coding")
        >>> # UCSC RefSeq (HOMER's default catalog), auto-detected
        >>> annotate_features(sites, "refGene.txt.gz")
        >>> # Unusually-named file; explicit override
        >>> annotate_features(sites, "my_genes.tsv", source="refgene")
        """
        # Resolve source (auto-detect if needed)
        if source == "auto":
            source = _detect_annotation_source(annotation)
        elif source not in ("gtf", "refgene"):
            raise ValueError(f"source must be 'auto', 'gtf', or 'refgene'; got {source!r}")
    
        # Normalize gene_type_filter to tuple or None
        if isinstance(gene_type_filter, str):
            gene_type_filter_norm: tuple[str, ...] | None = (gene_type_filter,)
        elif gene_type_filter is None:
            gene_type_filter_norm = None
        else:
            gene_type_filter_norm = tuple(gene_type_filter)
        try:
>           import bioframe  # noqa: F401  (presence-check; used inside _annotate_chromosome_chunk)
E           ModuleNotFoundError: No module named 'bioframe'

src/epykit/annotate.py:1236: ModuleNotFoundError

The above exception was the direct cause of the following exception:

synth_gtf = '/tmp/pytest-of-mlegrand/pytest-46/test_refgene_and_gtf_caches_do0/synth.gtf'
synth_refgene = '/tmp/pytest-of-mlegrand/pytest-46/test_refgene_and_gtf_caches_do0/synth.refGene.txt'

    def test_refgene_and_gtf_caches_dont_collide(synth_gtf, synth_refgene):
        """Same path basename but different sources must not collide in the
        built-features cache. Two calls -> two cache entries."""
        sites = _sites([1500])
>       _ = annotate_features(sites, synth_gtf, multi_annotation=True)

tests/test_annotate_multi.py:413: 
_ _ _ _ _ _ _ _ _ _ _ _ _ _ _ _ _ _ _ _ _ _ _ _ _ _ _ _ _ _ _ _ _ _ _ _ _ _ _ _ 

sites = shape: (1, 2)
┌───────┬──────┐
│ chrom ┆ pos  │
│ ---   ┆ ---  │
│ str   ┆ i64  │
╞═══════╪══════╡
│ chr1  ┆ 1500 │
└───────┴──────┘
annotation = '/tmp/pytest-of-mlegrand/pytest-46/test_refgene_and_gtf_caches_do0/synth.gtf'

    def annotate_features(
        sites: pl.DataFrame,
        annotation: str,
        *,
        source: str = "auto",
        features: list[str] | tuple[str, ...] = (
            "promoter",
            "5UTR",
            "exon",
            "intron",
            "3UTR",
            "TTS",
            "noncoding",
        ),
        promoter_upstream_bp: int = 2000,
        promoter_downstream_bp: int = 200,
        multi_annotation: bool = True,
        gene_type_filter: str | list[str] | None = None,
    ) -> pl.DataFrame:
        """Annotate DMC / DMR sites with gene-level genomic features.
    
        Parameters
        ----------
        sites : polars DataFrame
            Per-site or per-region table with at least ``chrom`` and either
            ``pos`` (single-base sites) or ``start`` + ``end`` (regions).
        annotation : str
            Path to a gene-model file. Format is auto-detected from the
            extension: ``.gtf`` / ``.gtf.gz`` -> GENCODE/Ensembl GTF;
            ``refGene.txt`` / ``refGene.txt.gz`` -> UCSC RefSeq (HOMER's
            default catalog). Pass ``source=`` to override if your filename
            doesn't follow the convention.
        source : {"auto", "gtf", "refgene"}, keyword-only, default "auto"
            Format override for the annotation file. ``"auto"`` infers from
            the extension; the explicit values are an escape hatch for
            unusually-named files.
        features : sequence of str, keyword-only
            Feature classes to build overlap intervals for. Sites that don't
            hit any are reported as ``feature_type="intergenic"`` automatically
            -- "intergenic" is the fallback, not something you opt into.
            Default builds the full HOMER-style set
            (promoter / 5UTR / exon / intron / 3UTR / TTS / noncoding) so
            ``feature_type`` value-counts can be compared directly against
            HOMER's vocabulary without a custom kwarg. Pass a narrower tuple
            (e.g. ``("promoter", "exon", "intron")``) to skip the UTR / TTS /
            noncoding builders when you don't need fine-grained categories
            or your annotation source can't supply them (refGene has no UTR
            coordinates and no biotype, so the UTR / noncoding builders are
            silently no-ops on refGene sources).
        promoter_upstream_bp, promoter_downstream_bp : int, keyword-only
            Promoter window around each gene's TSS. Default ``(-2000, +200)``
            matches the conventional "core promoter" definition.
        multi_annotation : bool, keyword-only, default True
            If True (default), also adds four annotatr-style columns alongside
            the single-best pick. Set to False to get only the legacy four-
            column output (``gene_id``, ``gene_name``, ``feature_type``,
            ``distance_to_tss``) -- useful for narrow storage or when downstream
            code asserts on exact column sets. New columns when True:
    
              - ``nearest_tss_gene`` (Utf8) -- gene whose TSS is closest to the
                site center (HOMER's rule).
              - ``nearest_tss_distance`` (Int32) -- signed bp distance from
                site center to that TSS, flipped for ``-`` strand so positive
                is downstream in transcription direction.
              - ``all_overlapping_genes`` (List[Utf8]) -- every gene whose
                feature interval overlaps the site (one-to-many).
              - ``all_overlapping_features`` (List[Utf8]) -- every feature type
                that overlaps (e.g. ``["intron", "promoter"]``).
        gene_type_filter : str or sequence of str or None, keyword-only
            If set, only genes whose ``gene_type`` matches are used to build
            overlap intervals and the nearest-TSS index. Typical:
            ``"protein_coding"`` to drop lincRNAs / pseudogenes / novel
            predictions. Works on both GTF (via ``gene_type`` /
            ``gene_biotype`` attribute) and refGene (NM_* -> protein_coding,
            NR_* -> non-coding). A bare string is treated as a 1-element list.
    
        Examples
        --------
        >>> # GTF, auto-detected
        >>> annotate_features(sites, "genes.gtf.gz", gene_type_filter="protein_coding")
        >>> # UCSC RefSeq (HOMER's default catalog), auto-detected
        >>> annotate_features(sites, "refGene.txt.gz")
        >>> # Unusually-named file; explicit override
        >>> annotate_features(sites, "my_genes.tsv", source="refgene")
        """
        # Resolve source (auto-detect if needed)
        if source == "auto":
            source = _detect_annotation_source(annotation)
        elif source not in ("gtf", "refgene"):
            raise ValueError(f"source must be 'auto', 'gtf', or 'refgene'; got {source!r}")
    
        # Normalize gene_type_filter to tuple or None
        if isinstance(gene_type_filter, str):
            gene_type_filter_norm: tuple[str, ...] | None = (gene_type_filter,)
        elif gene_type_filter is None:
            gene_type_filter_norm = None
        else:
            gene_type_filter_norm = tuple(gene_type_filter)
        try:
            import bioframe  # noqa: F401  (presence-check; used inside _annotate_chromosome_chunk)
        except ImportError as exc:
>           raise ImportError("bioframe is required. pip install bioframe") from exc
E           ImportError: bioframe is required. pip install bioframe

src/epykit/annotate.py:1238: ImportError
_________________________ test_source_auto_detects_gtf _________________________

sites = shape: (1, 2)
┌───────┬──────┐
│ chrom ┆ pos  │
│ ---   ┆ ---  │
│ str   ┆ i64  │
╞═══════╪══════╡
│ chr1  ┆ 2100 │
└───────┴──────┘
annotation = '/tmp/pytest-of-mlegrand/pytest-46/test_source_auto_detects_gtf0/synth.gtf'

    def annotate_features(
        sites: pl.DataFrame,
        annotation: str,
        *,
        source: str = "auto",
        features: list[str] | tuple[str, ...] = (
            "promoter",
            "5UTR",
            "exon",
            "intron",
            "3UTR",
            "TTS",
            "noncoding",
        ),
        promoter_upstream_bp: int = 2000,
        promoter_downstream_bp: int = 200,
        multi_annotation: bool = True,
        gene_type_filter: str | list[str] | None = None,
    ) -> pl.DataFrame:
        """Annotate DMC / DMR sites with gene-level genomic features.
    
        Parameters
        ----------
        sites : polars DataFrame
            Per-site or per-region table with at least ``chrom`` and either
            ``pos`` (single-base sites) or ``start`` + ``end`` (regions).
        annotation : str
            Path to a gene-model file. Format is auto-detected from the
            extension: ``.gtf`` / ``.gtf.gz`` -> GENCODE/Ensembl GTF;
            ``refGene.txt`` / ``refGene.txt.gz`` -> UCSC RefSeq (HOMER's
            default catalog). Pass ``source=`` to override if your filename
            doesn't follow the convention.
        source : {"auto", "gtf", "refgene"}, keyword-only, default "auto"
            Format override for the annotation file. ``"auto"`` infers from
            the extension; the explicit values are an escape hatch for
            unusually-named files.
        features : sequence of str, keyword-only
            Feature classes to build overlap intervals for. Sites that don't
            hit any are reported as ``feature_type="intergenic"`` automatically
            -- "intergenic" is the fallback, not something you opt into.
            Default builds the full HOMER-style set
            (promoter / 5UTR / exon / intron / 3UTR / TTS / noncoding) so
            ``feature_type`` value-counts can be compared directly against
            HOMER's vocabulary without a custom kwarg. Pass a narrower tuple
            (e.g. ``("promoter", "exon", "intron")``) to skip the UTR / TTS /
            noncoding builders when you don't need fine-grained categories
            or your annotation source can't supply them (refGene has no UTR
            coordinates and no biotype, so the UTR / noncoding builders are
            silently no-ops on refGene sources).
        promoter_upstream_bp, promoter_downstream_bp : int, keyword-only
            Promoter window around each gene's TSS. Default ``(-2000, +200)``
            matches the conventional "core promoter" definition.
        multi_annotation : bool, keyword-only, default True
            If True (default), also adds four annotatr-style columns alongside
            the single-best pick. Set to False to get only the legacy four-
            column output (``gene_id``, ``gene_name``, ``feature_type``,
            ``distance_to_tss``) -- useful for narrow storage or when downstream
            code asserts on exact column sets. New columns when True:
    
              - ``nearest_tss_gene`` (Utf8) -- gene whose TSS is closest to the
                site center (HOMER's rule).
              - ``nearest_tss_distance`` (Int32) -- signed bp distance from
                site center to that TSS, flipped for ``-`` strand so positive
                is downstream in transcription direction.
              - ``all_overlapping_genes`` (List[Utf8]) -- every gene whose
                feature interval overlaps the site (one-to-many).
              - ``all_overlapping_features`` (List[Utf8]) -- every feature type
                that overlaps (e.g. ``["intron", "promoter"]``).
        gene_type_filter : str or sequence of str or None, keyword-only
            If set, only genes whose ``gene_type`` matches are used to build
            overlap intervals and the nearest-TSS index. Typical:
            ``"protein_coding"`` to drop lincRNAs / pseudogenes / novel
            predictions. Works on both GTF (via ``gene_type`` /
            ``gene_biotype`` attribute) and refGene (NM_* -> protein_coding,
            NR_* -> non-coding). A bare string is treated as a 1-element list.
    
        Examples
        --------
        >>> # GTF, auto-detected
        >>> annotate_features(sites, "genes.gtf.gz", gene_type_filter="protein_coding")
        >>> # UCSC RefSeq (HOMER's default catalog), auto-detected
        >>> annotate_features(sites, "refGene.txt.gz")
        >>> # Unusually-named file; explicit override
        >>> annotate_features(sites, "my_genes.tsv", source="refgene")
        """
        # Resolve source (auto-detect if needed)
        if source == "auto":
            source = _detect_annotation_source(annotation)
        elif source not in ("gtf", "refgene"):
            raise ValueError(f"source must be 'auto', 'gtf', or 'refgene'; got {source!r}")
    
        # Normalize gene_type_filter to tuple or None
        if isinstance(gene_type_filter, str):
            gene_type_filter_norm: tuple[str, ...] | None = (gene_type_filter,)
        elif gene_type_filter is None:
            gene_type_filter_norm = None
        else:
            gene_type_filter_norm = tuple(gene_type_filter)
        try:
>           import bioframe  # noqa: F401  (presence-check; used inside _annotate_chromosome_chunk)
E           ModuleNotFoundError: No module named 'bioframe'

src/epykit/annotate.py:1236: ModuleNotFoundError

The above exception was the direct cause of the following exception:

synth_gtf = '/tmp/pytest-of-mlegrand/pytest-46/test_source_auto_detects_gtf0/synth.gtf'

    def test_source_auto_detects_gtf(synth_gtf):
        """Fixture file ends in ``.gtf`` -> auto-detected as GTF without an
        explicit ``source=``."""
        sites = _sites([2100])
>       out = annotate_features(sites, synth_gtf)  # no source= passed

tests/test_annotate_multi.py:430: 
_ _ _ _ _ _ _ _ _ _ _ _ _ _ _ _ _ _ _ _ _ _ _ _ _ _ _ _ _ _ _ _ _ _ _ _ _ _ _ _ 

sites = shape: (1, 2)
┌───────┬──────┐
│ chrom ┆ pos  │
│ ---   ┆ ---  │
│ str   ┆ i64  │
╞═══════╪══════╡
│ chr1  ┆ 2100 │
└───────┴──────┘
annotation = '/tmp/pytest-of-mlegrand/pytest-46/test_source_auto_detects_gtf0/synth.gtf'

    def annotate_features(
        sites: pl.DataFrame,
        annotation: str,
        *,
        source: str = "auto",
        features: list[str] | tuple[str, ...] = (
            "promoter",
            "5UTR",
            "exon",
            "intron",
            "3UTR",
            "TTS",
            "noncoding",
        ),
        promoter_upstream_bp: int = 2000,
        promoter_downstream_bp: int = 200,
        multi_annotation: bool = True,
        gene_type_filter: str | list[str] | None = None,
    ) -> pl.DataFrame:
        """Annotate DMC / DMR sites with gene-level genomic features.
    
        Parameters
        ----------
        sites : polars DataFrame
            Per-site or per-region table with at least ``chrom`` and either
            ``pos`` (single-base sites) or ``start`` + ``end`` (regions).
        annotation : str
            Path to a gene-model file. Format is auto-detected from the
            extension: ``.gtf`` / ``.gtf.gz`` -> GENCODE/Ensembl GTF;
            ``refGene.txt`` / ``refGene.txt.gz`` -> UCSC RefSeq (HOMER's
            default catalog). Pass ``source=`` to override if your filename
            doesn't follow the convention.
        source : {"auto", "gtf", "refgene"}, keyword-only, default "auto"
            Format override for the annotation file. ``"auto"`` infers from
            the extension; the explicit values are an escape hatch for
            unusually-named files.
        features : sequence of str, keyword-only
            Feature classes to build overlap intervals for. Sites that don't
            hit any are reported as ``feature_type="intergenic"`` automatically
            -- "intergenic" is the fallback, not something you opt into.
            Default builds the full HOMER-style set
            (promoter / 5UTR / exon / intron / 3UTR / TTS / noncoding) so
            ``feature_type`` value-counts can be compared directly against
            HOMER's vocabulary without a custom kwarg. Pass a narrower tuple
            (e.g. ``("promoter", "exon", "intron")``) to skip the UTR / TTS /
            noncoding builders when you don't need fine-grained categories
            or your annotation source can't supply them (refGene has no UTR
            coordinates and no biotype, so the UTR / noncoding builders are
            silently no-ops on refGene sources).
        promoter_upstream_bp, promoter_downstream_bp : int, keyword-only
            Promoter window around each gene's TSS. Default ``(-2000, +200)``
            matches the conventional "core promoter" definition.
        multi_annotation : bool, keyword-only, default True
            If True (default), also adds four annotatr-style columns alongside
            the single-best pick. Set to False to get only the legacy four-
            column output (``gene_id``, ``gene_name``, ``feature_type``,
            ``distance_to_tss``) -- useful for narrow storage or when downstream
            code asserts on exact column sets. New columns when True:
    
              - ``nearest_tss_gene`` (Utf8) -- gene whose TSS is closest to the
                site center (HOMER's rule).
              - ``nearest_tss_distance`` (Int32) -- signed bp distance from
                site center to that TSS, flipped for ``-`` strand so positive
                is downstream in transcription direction.
              - ``all_overlapping_genes`` (List[Utf8]) -- every gene whose
                feature interval overlaps the site (one-to-many).
              - ``all_overlapping_features`` (List[Utf8]) -- every feature type
                that overlaps (e.g. ``["intron", "promoter"]``).
        gene_type_filter : str or sequence of str or None, keyword-only
            If set, only genes whose ``gene_type`` matches are used to build
            overlap intervals and the nearest-TSS index. Typical:
            ``"protein_coding"`` to drop lincRNAs / pseudogenes / novel
            predictions. Works on both GTF (via ``gene_type`` /
            ``gene_biotype`` attribute) and refGene (NM_* -> protein_coding,
            NR_* -> non-coding). A bare string is treated as a 1-element list.
    
        Examples
        --------
        >>> # GTF, auto-detected
        >>> annotate_features(sites, "genes.gtf.gz", gene_type_filter="protein_coding")
        >>> # UCSC RefSeq (HOMER's default catalog), auto-detected
        >>> annotate_features(sites, "refGene.txt.gz")
        >>> # Unusually-named file; explicit override
        >>> annotate_features(sites, "my_genes.tsv", source="refgene")
        """
        # Resolve source (auto-detect if needed)
        if source == "auto":
            source = _detect_annotation_source(annotation)
        elif source not in ("gtf", "refgene"):
            raise ValueError(f"source must be 'auto', 'gtf', or 'refgene'; got {source!r}")
    
        # Normalize gene_type_filter to tuple or None
        if isinstance(gene_type_filter, str):
            gene_type_filter_norm: tuple[str, ...] | None = (gene_type_filter,)
        elif gene_type_filter is None:
            gene_type_filter_norm = None
        else:
            gene_type_filter_norm = tuple(gene_type_filter)
        try:
            import bioframe  # noqa: F401  (presence-check; used inside _annotate_chromosome_chunk)
        except ImportError as exc:
>           raise ImportError("bioframe is required. pip install bioframe") from exc
E           ImportError: bioframe is required. pip install bioframe

src/epykit/annotate.py:1238: ImportError
_______________________ test_source_auto_detects_refgene _______________________

sites = shape: (1, 2)
┌───────┬──────┐
│ chrom ┆ pos  │
│ ---   ┆ ---  │
│ str   ┆ i64  │
╞═══════╪══════╡
│ chr1  ┆ 1500 │
└───────┴──────┘
annotation = '/tmp/pytest-of-mlegrand/pytest-46/test_source_auto_detects_refge0/synth.refGene.txt'

    def annotate_features(
        sites: pl.DataFrame,
        annotation: str,
        *,
        source: str = "auto",
        features: list[str] | tuple[str, ...] = (
            "promoter",
            "5UTR",
            "exon",
            "intron",
            "3UTR",
            "TTS",
            "noncoding",
        ),
        promoter_upstream_bp: int = 2000,
        promoter_downstream_bp: int = 200,
        multi_annotation: bool = True,
        gene_type_filter: str | list[str] | None = None,
    ) -> pl.DataFrame:
        """Annotate DMC / DMR sites with gene-level genomic features.
    
        Parameters
        ----------
        sites : polars DataFrame
            Per-site or per-region table with at least ``chrom`` and either
            ``pos`` (single-base sites) or ``start`` + ``end`` (regions).
        annotation : str
            Path to a gene-model file. Format is auto-detected from the
            extension: ``.gtf`` / ``.gtf.gz`` -> GENCODE/Ensembl GTF;
            ``refGene.txt`` / ``refGene.txt.gz`` -> UCSC RefSeq (HOMER's
            default catalog). Pass ``source=`` to override if your filename
            doesn't follow the convention.
        source : {"auto", "gtf", "refgene"}, keyword-only, default "auto"
            Format override for the annotation file. ``"auto"`` infers from
            the extension; the explicit values are an escape hatch for
            unusually-named files.
        features : sequence of str, keyword-only
            Feature classes to build overlap intervals for. Sites that don't
            hit any are reported as ``feature_type="intergenic"`` automatically
            -- "intergenic" is the fallback, not something you opt into.
            Default builds the full HOMER-style set
            (promoter / 5UTR / exon / intron / 3UTR / TTS / noncoding) so
            ``feature_type`` value-counts can be compared directly against
            HOMER's vocabulary without a custom kwarg. Pass a narrower tuple
            (e.g. ``("promoter", "exon", "intron")``) to skip the UTR / TTS /
            noncoding builders when you don't need fine-grained categories
            or your annotation source can't supply them (refGene has no UTR
            coordinates and no biotype, so the UTR / noncoding builders are
            silently no-ops on refGene sources).
        promoter_upstream_bp, promoter_downstream_bp : int, keyword-only
            Promoter window around each gene's TSS. Default ``(-2000, +200)``
            matches the conventional "core promoter" definition.
        multi_annotation : bool, keyword-only, default True
            If True (default), also adds four annotatr-style columns alongside
            the single-best pick. Set to False to get only the legacy four-
            column output (``gene_id``, ``gene_name``, ``feature_type``,
            ``distance_to_tss``) -- useful for narrow storage or when downstream
            code asserts on exact column sets. New columns when True:
    
              - ``nearest_tss_gene`` (Utf8) -- gene whose TSS is closest to the
                site center (HOMER's rule).
              - ``nearest_tss_distance`` (Int32) -- signed bp distance from
                site center to that TSS, flipped for ``-`` strand so positive
                is downstream in transcription direction.
              - ``all_overlapping_genes`` (List[Utf8]) -- every gene whose
                feature interval overlaps the site (one-to-many).
              - ``all_overlapping_features`` (List[Utf8]) -- every feature type
                that overlaps (e.g. ``["intron", "promoter"]``).
        gene_type_filter : str or sequence of str or None, keyword-only
            If set, only genes whose ``gene_type`` matches are used to build
            overlap intervals and the nearest-TSS index. Typical:
            ``"protein_coding"`` to drop lincRNAs / pseudogenes / novel
            predictions. Works on both GTF (via ``gene_type`` /
            ``gene_biotype`` attribute) and refGene (NM_* -> protein_coding,
            NR_* -> non-coding). A bare string is treated as a 1-element list.
    
        Examples
        --------
        >>> # GTF, auto-detected
        >>> annotate_features(sites, "genes.gtf.gz", gene_type_filter="protein_coding")
        >>> # UCSC RefSeq (HOMER's default catalog), auto-detected
        >>> annotate_features(sites, "refGene.txt.gz")
        >>> # Unusually-named file; explicit override
        >>> annotate_features(sites, "my_genes.tsv", source="refgene")
        """
        # Resolve source (auto-detect if needed)
        if source == "auto":
            source = _detect_annotation_source(annotation)
        elif source not in ("gtf", "refgene"):
            raise ValueError(f"source must be 'auto', 'gtf', or 'refgene'; got {source!r}")
    
        # Normalize gene_type_filter to tuple or None
        if isinstance(gene_type_filter, str):
            gene_type_filter_norm: tuple[str, ...] | None = (gene_type_filter,)
        elif gene_type_filter is None:
            gene_type_filter_norm = None
        else:
            gene_type_filter_norm = tuple(gene_type_filter)
        try:
>           import bioframe  # noqa: F401  (presence-check; used inside _annotate_chromosome_chunk)
E           ModuleNotFoundError: No module named 'bioframe'

src/epykit/annotate.py:1236: ModuleNotFoundError

The above exception was the direct cause of the following exception:

synth_refgene = '/tmp/pytest-of-mlegrand/pytest-46/test_source_auto_detects_refge0/synth.refGene.txt'

    def test_source_auto_detects_refgene(synth_refgene):
        """Fixture file ends in ``.refGene.txt`` -> auto-detected as refGene."""
        sites = _sites([1500])
>       out = annotate_features(sites, synth_refgene)  # no source= passed

tests/test_annotate_multi.py:438: 
_ _ _ _ _ _ _ _ _ _ _ _ _ _ _ _ _ _ _ _ _ _ _ _ _ _ _ _ _ _ _ _ _ _ _ _ _ _ _ _ 

sites = shape: (1, 2)
┌───────┬──────┐
│ chrom ┆ pos  │
│ ---   ┆ ---  │
│ str   ┆ i64  │
╞═══════╪══════╡
│ chr1  ┆ 1500 │
└───────┴──────┘
annotation = '/tmp/pytest-of-mlegrand/pytest-46/test_source_auto_detects_refge0/synth.refGene.txt'

    def annotate_features(
        sites: pl.DataFrame,
        annotation: str,
        *,
        source: str = "auto",
        features: list[str] | tuple[str, ...] = (
            "promoter",
            "5UTR",
            "exon",
            "intron",
            "3UTR",
            "TTS",
            "noncoding",
        ),
        promoter_upstream_bp: int = 2000,
        promoter_downstream_bp: int = 200,
        multi_annotation: bool = True,
        gene_type_filter: str | list[str] | None = None,
    ) -> pl.DataFrame:
        """Annotate DMC / DMR sites with gene-level genomic features.
    
        Parameters
        ----------
        sites : polars DataFrame
            Per-site or per-region table with at least ``chrom`` and either
            ``pos`` (single-base sites) or ``start`` + ``end`` (regions).
        annotation : str
            Path to a gene-model file. Format is auto-detected from the
            extension: ``.gtf`` / ``.gtf.gz`` -> GENCODE/Ensembl GTF;
            ``refGene.txt`` / ``refGene.txt.gz`` -> UCSC RefSeq (HOMER's
            default catalog). Pass ``source=`` to override if your filename
            doesn't follow the convention.
        source : {"auto", "gtf", "refgene"}, keyword-only, default "auto"
            Format override for the annotation file. ``"auto"`` infers from
            the extension; the explicit values are an escape hatch for
            unusually-named files.
        features : sequence of str, keyword-only
            Feature classes to build overlap intervals for. Sites that don't
            hit any are reported as ``feature_type="intergenic"`` automatically
            -- "intergenic" is the fallback, not something you opt into.
            Default builds the full HOMER-style set
            (promoter / 5UTR / exon / intron / 3UTR / TTS / noncoding) so
            ``feature_type`` value-counts can be compared directly against
            HOMER's vocabulary without a custom kwarg. Pass a narrower tuple
            (e.g. ``("promoter", "exon", "intron")``) to skip the UTR / TTS /
            noncoding builders when you don't need fine-grained categories
            or your annotation source can't supply them (refGene has no UTR
            coordinates and no biotype, so the UTR / noncoding builders are
            silently no-ops on refGene sources).
        promoter_upstream_bp, promoter_downstream_bp : int, keyword-only
            Promoter window around each gene's TSS. Default ``(-2000, +200)``
            matches the conventional "core promoter" definition.
        multi_annotation : bool, keyword-only, default True
            If True (default), also adds four annotatr-style columns alongside
            the single-best pick. Set to False to get only the legacy four-
            column output (``gene_id``, ``gene_name``, ``feature_type``,
            ``distance_to_tss``) -- useful for narrow storage or when downstream
            code asserts on exact column sets. New columns when True:
    
              - ``nearest_tss_gene`` (Utf8) -- gene whose TSS is closest to the
                site center (HOMER's rule).
              - ``nearest_tss_distance`` (Int32) -- signed bp distance from
                site center to that TSS, flipped for ``-`` strand so positive
                is downstream in transcription direction.
              - ``all_overlapping_genes`` (List[Utf8]) -- every gene whose
                feature interval overlaps the site (one-to-many).
              - ``all_overlapping_features`` (List[Utf8]) -- every feature type
                that overlaps (e.g. ``["intron", "promoter"]``).
        gene_type_filter : str or sequence of str or None, keyword-only
            If set, only genes whose ``gene_type`` matches are used to build
            overlap intervals and the nearest-TSS index. Typical:
            ``"protein_coding"`` to drop lincRNAs / pseudogenes / novel
            predictions. Works on both GTF (via ``gene_type`` /
            ``gene_biotype`` attribute) and refGene (NM_* -> protein_coding,
            NR_* -> non-coding). A bare string is treated as a 1-element list.
    
        Examples
        --------
        >>> # GTF, auto-detected
        >>> annotate_features(sites, "genes.gtf.gz", gene_type_filter="protein_coding")
        >>> # UCSC RefSeq (HOMER's default catalog), auto-detected
        >>> annotate_features(sites, "refGene.txt.gz")
        >>> # Unusually-named file; explicit override
        >>> annotate_features(sites, "my_genes.tsv", source="refgene")
        """
        # Resolve source (auto-detect if needed)
        if source == "auto":
            source = _detect_annotation_source(annotation)
        elif source not in ("gtf", "refgene"):
            raise ValueError(f"source must be 'auto', 'gtf', or 'refgene'; got {source!r}")
    
        # Normalize gene_type_filter to tuple or None
        if isinstance(gene_type_filter, str):
            gene_type_filter_norm: tuple[str, ...] | None = (gene_type_filter,)
        elif gene_type_filter is None:
            gene_type_filter_norm = None
        else:
            gene_type_filter_norm = tuple(gene_type_filter)
        try:
            import bioframe  # noqa: F401  (presence-check; used inside _annotate_chromosome_chunk)
        except ImportError as exc:
>           raise ImportError("bioframe is required. pip install bioframe") from exc
E           ImportError: bioframe is required. pip install bioframe

src/epykit/annotate.py:1238: ImportError
______________ test_source_explicit_override_for_unusual_filename ______________

sites = shape: (1, 2)
┌───────┬──────┐
│ chrom ┆ pos  │
│ ---   ┆ ---  │
│ str   ┆ i64  │
╞═══════╪══════╡
│ chr1  ┆ 1500 │
└───────┴──────┘
annotation = '/tmp/pytest-of-mlegrand/pytest-46/test_source_explicit_override_0/custom_table.tsv'

    def annotate_features(
        sites: pl.DataFrame,
        annotation: str,
        *,
        source: str = "auto",
        features: list[str] | tuple[str, ...] = (
            "promoter",
            "5UTR",
            "exon",
            "intron",
            "3UTR",
            "TTS",
            "noncoding",
        ),
        promoter_upstream_bp: int = 2000,
        promoter_downstream_bp: int = 200,
        multi_annotation: bool = True,
        gene_type_filter: str | list[str] | None = None,
    ) -> pl.DataFrame:
        """Annotate DMC / DMR sites with gene-level genomic features.
    
        Parameters
        ----------
        sites : polars DataFrame
            Per-site or per-region table with at least ``chrom`` and either
            ``pos`` (single-base sites) or ``start`` + ``end`` (regions).
        annotation : str
            Path to a gene-model file. Format is auto-detected from the
            extension: ``.gtf`` / ``.gtf.gz`` -> GENCODE/Ensembl GTF;
            ``refGene.txt`` / ``refGene.txt.gz`` -> UCSC RefSeq (HOMER's
            default catalog). Pass ``source=`` to override if your filename
            doesn't follow the convention.
        source : {"auto", "gtf", "refgene"}, keyword-only, default "auto"
            Format override for the annotation file. ``"auto"`` infers from
            the extension; the explicit values are an escape hatch for
            unusually-named files.
        features : sequence of str, keyword-only
            Feature classes to build overlap intervals for. Sites that don't
            hit any are reported as ``feature_type="intergenic"`` automatically
            -- "intergenic" is the fallback, not something you opt into.
            Default builds the full HOMER-style set
            (promoter / 5UTR / exon / intron / 3UTR / TTS / noncoding) so
            ``feature_type`` value-counts can be compared directly against
            HOMER's vocabulary without a custom kwarg. Pass a narrower tuple
            (e.g. ``("promoter", "exon", "intron")``) to skip the UTR / TTS /
            noncoding builders when you don't need fine-grained categories
            or your annotation source can't supply them (refGene has no UTR
            coordinates and no biotype, so the UTR / noncoding builders are
            silently no-ops on refGene sources).
        promoter_upstream_bp, promoter_downstream_bp : int, keyword-only
            Promoter window around each gene's TSS. Default ``(-2000, +200)``
            matches the conventional "core promoter" definition.
        multi_annotation : bool, keyword-only, default True
            If True (default), also adds four annotatr-style columns alongside
            the single-best pick. Set to False to get only the legacy four-
            column output (``gene_id``, ``gene_name``, ``feature_type``,
            ``distance_to_tss``) -- useful for narrow storage or when downstream
            code asserts on exact column sets. New columns when True:
    
              - ``nearest_tss_gene`` (Utf8) -- gene whose TSS is closest to the
                site center (HOMER's rule).
              - ``nearest_tss_distance`` (Int32) -- signed bp distance from
                site center to that TSS, flipped for ``-`` strand so positive
                is downstream in transcription direction.
              - ``all_overlapping_genes`` (List[Utf8]) -- every gene whose
                feature interval overlaps the site (one-to-many).
              - ``all_overlapping_features`` (List[Utf8]) -- every feature type
                that overlaps (e.g. ``["intron", "promoter"]``).
        gene_type_filter : str or sequence of str or None, keyword-only
            If set, only genes whose ``gene_type`` matches are used to build
            overlap intervals and the nearest-TSS index. Typical:
            ``"protein_coding"`` to drop lincRNAs / pseudogenes / novel
            predictions. Works on both GTF (via ``gene_type`` /
            ``gene_biotype`` attribute) and refGene (NM_* -> protein_coding,
            NR_* -> non-coding). A bare string is treated as a 1-element list.
    
        Examples
        --------
        >>> # GTF, auto-detected
        >>> annotate_features(sites, "genes.gtf.gz", gene_type_filter="protein_coding")
        >>> # UCSC RefSeq (HOMER's default catalog), auto-detected
        >>> annotate_features(sites, "refGene.txt.gz")
        >>> # Unusually-named file; explicit override
        >>> annotate_features(sites, "my_genes.tsv", source="refgene")
        """
        # Resolve source (auto-detect if needed)
        if source == "auto":
            source = _detect_annotation_source(annotation)
        elif source not in ("gtf", "refgene"):
            raise ValueError(f"source must be 'auto', 'gtf', or 'refgene'; got {source!r}")
    
        # Normalize gene_type_filter to tuple or None
        if isinstance(gene_type_filter, str):
            gene_type_filter_norm: tuple[str, ...] | None = (gene_type_filter,)
        elif gene_type_filter is None:
            gene_type_filter_norm = None
        else:
            gene_type_filter_norm = tuple(gene_type_filter)
        try:
>           import bioframe  # noqa: F401  (presence-check; used inside _annotate_chromosome_chunk)
E           ModuleNotFoundError: No module named 'bioframe'

src/epykit/annotate.py:1236: ModuleNotFoundError

The above exception was the direct cause of the following exception:

synth_refgene = '/tmp/pytest-of-mlegrand/pytest-46/test_source_explicit_override_0/synth.refGene.txt'
tmp_path = PosixPath('/tmp/pytest-of-mlegrand/pytest-46/test_source_explicit_override_0')

    def test_source_explicit_override_for_unusual_filename(synth_refgene, tmp_path):
        """A refGene file with an unconventional name needs ``source="refgene"``
        explicitly. The fallback path must work."""
        # Copy the synth refGene under a name auto-detect won't recognize.
        odd = tmp_path / "custom_table.tsv"
        odd.write_bytes(Path(synth_refgene).read_bytes())
        sites = _sites([1500])
    
        # Auto-detect fails:
        with pytest.raises(ValueError, match="Cannot auto-detect"):
            annotate_features(sites, str(odd))
    
        # Explicit source= works:
>       out = annotate_features(sites, str(odd), source="refgene")

tests/test_annotate_multi.py:455: 
_ _ _ _ _ _ _ _ _ _ _ _ _ _ _ _ _ _ _ _ _ _ _ _ _ _ _ _ _ _ _ _ _ _ _ _ _ _ _ _ 

sites = shape: (1, 2)
┌───────┬──────┐
│ chrom ┆ pos  │
│ ---   ┆ ---  │
│ str   ┆ i64  │
╞═══════╪══════╡
│ chr1  ┆ 1500 │
└───────┴──────┘
annotation = '/tmp/pytest-of-mlegrand/pytest-46/test_source_explicit_override_0/custom_table.tsv'

    def annotate_features(
        sites: pl.DataFrame,
        annotation: str,
        *,
        source: str = "auto",
        features: list[str] | tuple[str, ...] = (
            "promoter",
            "5UTR",
            "exon",
            "intron",
            "3UTR",
            "TTS",
            "noncoding",
        ),
        promoter_upstream_bp: int = 2000,
        promoter_downstream_bp: int = 200,
        multi_annotation: bool = True,
        gene_type_filter: str | list[str] | None = None,
    ) -> pl.DataFrame:
        """Annotate DMC / DMR sites with gene-level genomic features.
    
        Parameters
        ----------
        sites : polars DataFrame
            Per-site or per-region table with at least ``chrom`` and either
            ``pos`` (single-base sites) or ``start`` + ``end`` (regions).
        annotation : str
            Path to a gene-model file. Format is auto-detected from the
            extension: ``.gtf`` / ``.gtf.gz`` -> GENCODE/Ensembl GTF;
            ``refGene.txt`` / ``refGene.txt.gz`` -> UCSC RefSeq (HOMER's
            default catalog). Pass ``source=`` to override if your filename
            doesn't follow the convention.
        source : {"auto", "gtf", "refgene"}, keyword-only, default "auto"
            Format override for the annotation file. ``"auto"`` infers from
            the extension; the explicit values are an escape hatch for
            unusually-named files.
        features : sequence of str, keyword-only
            Feature classes to build overlap intervals for. Sites that don't
            hit any are reported as ``feature_type="intergenic"`` automatically
            -- "intergenic" is the fallback, not something you opt into.
            Default builds the full HOMER-style set
            (promoter / 5UTR / exon / intron / 3UTR / TTS / noncoding) so
            ``feature_type`` value-counts can be compared directly against
            HOMER's vocabulary without a custom kwarg. Pass a narrower tuple
            (e.g. ``("promoter", "exon", "intron")``) to skip the UTR / TTS /
            noncoding builders when you don't need fine-grained categories
            or your annotation source can't supply them (refGene has no UTR
            coordinates and no biotype, so the UTR / noncoding builders are
            silently no-ops on refGene sources).
        promoter_upstream_bp, promoter_downstream_bp : int, keyword-only
            Promoter window around each gene's TSS. Default ``(-2000, +200)``
            matches the conventional "core promoter" definition.
        multi_annotation : bool, keyword-only, default True
            If True (default), also adds four annotatr-style columns alongside
            the single-best pick. Set to False to get only the legacy four-
            column output (``gene_id``, ``gene_name``, ``feature_type``,
            ``distance_to_tss``) -- useful for narrow storage or when downstream
            code asserts on exact column sets. New columns when True:
    
              - ``nearest_tss_gene`` (Utf8) -- gene whose TSS is closest to the
                site center (HOMER's rule).
              - ``nearest_tss_distance`` (Int32) -- signed bp distance from
                site center to that TSS, flipped for ``-`` strand so positive
                is downstream in transcription direction.
              - ``all_overlapping_genes`` (List[Utf8]) -- every gene whose
                feature interval overlaps the site (one-to-many).
              - ``all_overlapping_features`` (List[Utf8]) -- every feature type
                that overlaps (e.g. ``["intron", "promoter"]``).
        gene_type_filter : str or sequence of str or None, keyword-only
            If set, only genes whose ``gene_type`` matches are used to build
            overlap intervals and the nearest-TSS index. Typical:
            ``"protein_coding"`` to drop lincRNAs / pseudogenes / novel
            predictions. Works on both GTF (via ``gene_type`` /
            ``gene_biotype`` attribute) and refGene (NM_* -> protein_coding,
            NR_* -> non-coding). A bare string is treated as a 1-element list.
    
        Examples
        --------
        >>> # GTF, auto-detected
        >>> annotate_features(sites, "genes.gtf.gz", gene_type_filter="protein_coding")
        >>> # UCSC RefSeq (HOMER's default catalog), auto-detected
        >>> annotate_features(sites, "refGene.txt.gz")
        >>> # Unusually-named file; explicit override
        >>> annotate_features(sites, "my_genes.tsv", source="refgene")
        """
        # Resolve source (auto-detect if needed)
        if source == "auto":
            source = _detect_annotation_source(annotation)
        elif source not in ("gtf", "refgene"):
            raise ValueError(f"source must be 'auto', 'gtf', or 'refgene'; got {source!r}")
    
        # Normalize gene_type_filter to tuple or None
        if isinstance(gene_type_filter, str):
            gene_type_filter_norm: tuple[str, ...] | None = (gene_type_filter,)
        elif gene_type_filter is None:
            gene_type_filter_norm = None
        else:
            gene_type_filter_norm = tuple(gene_type_filter)
        try:
            import bioframe  # noqa: F401  (presence-check; used inside _annotate_chromosome_chunk)
        except ImportError as exc:
>           raise ImportError("bioframe is required. pip install bioframe") from exc
E           ImportError: bioframe is required. pip install bioframe

src/epykit/annotate.py:1238: ImportError
___________________ test_default_surfaces_utr_tts_noncoding ____________________

sites = shape: (4, 2)
┌───────┬───────┐
│ chrom ┆ pos   │
│ ---   ┆ ---   │
│ str   ┆ i64   │
╞═══════╪═══════╡
│ chr2  ┆ 1050  │
│ chr2  ┆ 4950  │
│ chr2  ┆ 5500  │
│ chr2  ┆ 10500 │
└───────┴───────┘
annotation = '/tmp/pytest-of-mlegrand/pytest-46/test_default_surfaces_utr_tts_0/synth_utrs.gtf'

    def annotate_features(
        sites: pl.DataFrame,
        annotation: str,
        *,
        source: str = "auto",
        features: list[str] | tuple[str, ...] = (
            "promoter",
            "5UTR",
            "exon",
            "intron",
            "3UTR",
            "TTS",
            "noncoding",
        ),
        promoter_upstream_bp: int = 2000,
        promoter_downstream_bp: int = 200,
        multi_annotation: bool = True,
        gene_type_filter: str | list[str] | None = None,
    ) -> pl.DataFrame:
        """Annotate DMC / DMR sites with gene-level genomic features.
    
        Parameters
        ----------
        sites : polars DataFrame
            Per-site or per-region table with at least ``chrom`` and either
            ``pos`` (single-base sites) or ``start`` + ``end`` (regions).
        annotation : str
            Path to a gene-model file. Format is auto-detected from the
            extension: ``.gtf`` / ``.gtf.gz`` -> GENCODE/Ensembl GTF;
            ``refGene.txt`` / ``refGene.txt.gz`` -> UCSC RefSeq (HOMER's
            default catalog). Pass ``source=`` to override if your filename
            doesn't follow the convention.
        source : {"auto", "gtf", "refgene"}, keyword-only, default "auto"
            Format override for the annotation file. ``"auto"`` infers from
            the extension; the explicit values are an escape hatch for
            unusually-named files.
        features : sequence of str, keyword-only
            Feature classes to build overlap intervals for. Sites that don't
            hit any are reported as ``feature_type="intergenic"`` automatically
            -- "intergenic" is the fallback, not something you opt into.
            Default builds the full HOMER-style set
            (promoter / 5UTR / exon / intron / 3UTR / TTS / noncoding) so
            ``feature_type`` value-counts can be compared directly against
            HOMER's vocabulary without a custom kwarg. Pass a narrower tuple
            (e.g. ``("promoter", "exon", "intron")``) to skip the UTR / TTS /
            noncoding builders when you don't need fine-grained categories
            or your annotation source can't supply them (refGene has no UTR
            coordinates and no biotype, so the UTR / noncoding builders are
            silently no-ops on refGene sources).
        promoter_upstream_bp, promoter_downstream_bp : int, keyword-only
            Promoter window around each gene's TSS. Default ``(-2000, +200)``
            matches the conventional "core promoter" definition.
        multi_annotation : bool, keyword-only, default True
            If True (default), also adds four annotatr-style columns alongside
            the single-best pick. Set to False to get only the legacy four-
            column output (``gene_id``, ``gene_name``, ``feature_type``,
            ``distance_to_tss``) -- useful for narrow storage or when downstream
            code asserts on exact column sets. New columns when True:
    
              - ``nearest_tss_gene`` (Utf8) -- gene whose TSS is closest to the
                site center (HOMER's rule).
              - ``nearest_tss_distance`` (Int32) -- signed bp distance from
                site center to that TSS, flipped for ``-`` strand so positive
                is downstream in transcription direction.
              - ``all_overlapping_genes`` (List[Utf8]) -- every gene whose
                feature interval overlaps the site (one-to-many).
              - ``all_overlapping_features`` (List[Utf8]) -- every feature type
                that overlaps (e.g. ``["intron", "promoter"]``).
        gene_type_filter : str or sequence of str or None, keyword-only
            If set, only genes whose ``gene_type`` matches are used to build
            overlap intervals and the nearest-TSS index. Typical:
            ``"protein_coding"`` to drop lincRNAs / pseudogenes / novel
            predictions. Works on both GTF (via ``gene_type`` /
            ``gene_biotype`` attribute) and refGene (NM_* -> protein_coding,
            NR_* -> non-coding). A bare string is treated as a 1-element list.
    
        Examples
        --------
        >>> # GTF, auto-detected
        >>> annotate_features(sites, "genes.gtf.gz", gene_type_filter="protein_coding")
        >>> # UCSC RefSeq (HOMER's default catalog), auto-detected
        >>> annotate_features(sites, "refGene.txt.gz")
        >>> # Unusually-named file; explicit override
        >>> annotate_features(sites, "my_genes.tsv", source="refgene")
        """
        # Resolve source (auto-detect if needed)
        if source == "auto":
            source = _detect_annotation_source(annotation)
        elif source not in ("gtf", "refgene"):
            raise ValueError(f"source must be 'auto', 'gtf', or 'refgene'; got {source!r}")
    
        # Normalize gene_type_filter to tuple or None
        if isinstance(gene_type_filter, str):
            gene_type_filter_norm: tuple[str, ...] | None = (gene_type_filter,)
        elif gene_type_filter is None:
            gene_type_filter_norm = None
        else:
            gene_type_filter_norm = tuple(gene_type_filter)
        try:
>           import bioframe  # noqa: F401  (presence-check; used inside _annotate_chromosome_chunk)
E           ModuleNotFoundError: No module named 'bioframe'

src/epykit/annotate.py:1236: ModuleNotFoundError

The above exception was the direct cause of the following exception:

synth_gtf_with_utrs_tts_noncoding = '/tmp/pytest-of-mlegrand/pytest-46/test_default_surfaces_utr_tts_0/synth_utrs.gtf'

    def test_default_surfaces_utr_tts_noncoding(synth_gtf_with_utrs_tts_noncoding):
        """Regression for the chain_merge benchmark bug: under the old default
        (``features=("promoter","exon","intron")``) the 5UTR / 3UTR / TTS /
        noncoding categories never appeared in ``feature_type`` because their
        builders weren't invoked. Each of the four positions below sits in a
        category that only resolves correctly when the full HOMER default is
        in effect.
    
        Pick positions outside the promoter window (TSS=1000, window [-1000,
        +200] so promoter covers up to 1200) and outside any earlier-priority
        feature so the priority chain actually exposes the category we want
        to assert on.
        """
        sites = pl.DataFrame({
            "chrom": ["chr2"] * 4,
            # 1300: in 5'UTR (1000-1100 is the actual UTR after 0-based conv).
            # The UTR is priority 1 so it wins over exon (priority 4) when both
            # overlap. To make this site UTR-dominated, place it at 1050.
            "pos":   [1050, 4950, 5500, 10500],
        })
>       out = annotate_features(sites, synth_gtf_with_utrs_tts_noncoding)

tests/test_annotate_multi.py:540: 
_ _ _ _ _ _ _ _ _ _ _ _ _ _ _ _ _ _ _ _ _ _ _ _ _ _ _ _ _ _ _ _ _ _ _ _ _ _ _ _ 

sites = shape: (4, 2)
┌───────┬───────┐
│ chrom ┆ pos   │
│ ---   ┆ ---   │
│ str   ┆ i64   │
╞═══════╪═══════╡
│ chr2  ┆ 1050  │
│ chr2  ┆ 4950  │
│ chr2  ┆ 5500  │
│ chr2  ┆ 10500 │
└───────┴───────┘
annotation = '/tmp/pytest-of-mlegrand/pytest-46/test_default_surfaces_utr_tts_0/synth_utrs.gtf'

    def annotate_features(
        sites: pl.DataFrame,
        annotation: str,
        *,
        source: str = "auto",
        features: list[str] | tuple[str, ...] = (
            "promoter",
            "5UTR",
            "exon",
            "intron",
            "3UTR",
            "TTS",
            "noncoding",
        ),
        promoter_upstream_bp: int = 2000,
        promoter_downstream_bp: int = 200,
        multi_annotation: bool = True,
        gene_type_filter: str | list[str] | None = None,
    ) -> pl.DataFrame:
        """Annotate DMC / DMR sites with gene-level genomic features.
    
        Parameters
        ----------
        sites : polars DataFrame
            Per-site or per-region table with at least ``chrom`` and either
            ``pos`` (single-base sites) or ``start`` + ``end`` (regions).
        annotation : str
            Path to a gene-model file. Format is auto-detected from the
            extension: ``.gtf`` / ``.gtf.gz`` -> GENCODE/Ensembl GTF;
            ``refGene.txt`` / ``refGene.txt.gz`` -> UCSC RefSeq (HOMER's
            default catalog). Pass ``source=`` to override if your filename
            doesn't follow the convention.
        source : {"auto", "gtf", "refgene"}, keyword-only, default "auto"
            Format override for the annotation file. ``"auto"`` infers from
            the extension; the explicit values are an escape hatch for
            unusually-named files.
        features : sequence of str, keyword-only
            Feature classes to build overlap intervals for. Sites that don't
            hit any are reported as ``feature_type="intergenic"`` automatically
            -- "intergenic" is the fallback, not something you opt into.
            Default builds the full HOMER-style set
            (promoter / 5UTR / exon / intron / 3UTR / TTS / noncoding) so
            ``feature_type`` value-counts can be compared directly against
            HOMER's vocabulary without a custom kwarg. Pass a narrower tuple
            (e.g. ``("promoter", "exon", "intron")``) to skip the UTR / TTS /
            noncoding builders when you don't need fine-grained categories
            or your annotation source can't supply them (refGene has no UTR
            coordinates and no biotype, so the UTR / noncoding builders are
            silently no-ops on refGene sources).
        promoter_upstream_bp, promoter_downstream_bp : int, keyword-only
            Promoter window around each gene's TSS. Default ``(-2000, +200)``
            matches the conventional "core promoter" definition.
        multi_annotation : bool, keyword-only, default True
            If True (default), also adds four annotatr-style columns alongside
            the single-best pick. Set to False to get only the legacy four-
            column output (``gene_id``, ``gene_name``, ``feature_type``,
            ``distance_to_tss``) -- useful for narrow storage or when downstream
            code asserts on exact column sets. New columns when True:
    
              - ``nearest_tss_gene`` (Utf8) -- gene whose TSS is closest to the
                site center (HOMER's rule).
              - ``nearest_tss_distance`` (Int32) -- signed bp distance from
                site center to that TSS, flipped for ``-`` strand so positive
                is downstream in transcription direction.
              - ``all_overlapping_genes`` (List[Utf8]) -- every gene whose
                feature interval overlaps the site (one-to-many).
              - ``all_overlapping_features`` (List[Utf8]) -- every feature type
                that overlaps (e.g. ``["intron", "promoter"]``).
        gene_type_filter : str or sequence of str or None, keyword-only
            If set, only genes whose ``gene_type`` matches are used to build
            overlap intervals and the nearest-TSS index. Typical:
            ``"protein_coding"`` to drop lincRNAs / pseudogenes / novel
            predictions. Works on both GTF (via ``gene_type`` /
            ``gene_biotype`` attribute) and refGene (NM_* -> protein_coding,
            NR_* -> non-coding). A bare string is treated as a 1-element list.
    
        Examples
        --------
        >>> # GTF, auto-detected
        >>> annotate_features(sites, "genes.gtf.gz", gene_type_filter="protein_coding")
        >>> # UCSC RefSeq (HOMER's default catalog), auto-detected
        >>> annotate_features(sites, "refGene.txt.gz")
        >>> # Unusually-named file; explicit override
        >>> annotate_features(sites, "my_genes.tsv", source="refgene")
        """
        # Resolve source (auto-detect if needed)
        if source == "auto":
            source = _detect_annotation_source(annotation)
        elif source not in ("gtf", "refgene"):
            raise ValueError(f"source must be 'auto', 'gtf', or 'refgene'; got {source!r}")
    
        # Normalize gene_type_filter to tuple or None
        if isinstance(gene_type_filter, str):
            gene_type_filter_norm: tuple[str, ...] | None = (gene_type_filter,)
        elif gene_type_filter is None:
            gene_type_filter_norm = None
        else:
            gene_type_filter_norm = tuple(gene_type_filter)
        try:
            import bioframe  # noqa: F401  (presence-check; used inside _annotate_chromosome_chunk)
        except ImportError as exc:
>           raise ImportError("bioframe is required. pip install bioframe") from exc
E           ImportError: bioframe is required. pip install bioframe

src/epykit/annotate.py:1238: ImportError
_________________ test_one_based_cov_annotates_to_correct_gene _________________

sites = shape: (1, 2)
┌───────┬──────┐
│ chrom ┆ pos  │
│ ---   ┆ ---  │
│ str   ┆ i64  │
╞═══════╪══════╡
│ chr1  ┆ 5000 │
└───────┴──────┘
annotation = '/tmp/pytest-of-mlegrand/pytest-46/test_one_based_cov_annotates_t0/g.gtf'

    def annotate_features(
        sites: pl.DataFrame,
        annotation: str,
        *,
        source: str = "auto",
        features: list[str] | tuple[str, ...] = (
            "promoter",
            "5UTR",
            "exon",
            "intron",
            "3UTR",
            "TTS",
            "noncoding",
        ),
        promoter_upstream_bp: int = 2000,
        promoter_downstream_bp: int = 200,
        multi_annotation: bool = True,
        gene_type_filter: str | list[str] | None = None,
    ) -> pl.DataFrame:
        """Annotate DMC / DMR sites with gene-level genomic features.
    
        Parameters
        ----------
        sites : polars DataFrame
            Per-site or per-region table with at least ``chrom`` and either
            ``pos`` (single-base sites) or ``start`` + ``end`` (regions).
        annotation : str
            Path to a gene-model file. Format is auto-detected from the
            extension: ``.gtf`` / ``.gtf.gz`` -> GENCODE/Ensembl GTF;
            ``refGene.txt`` / ``refGene.txt.gz`` -> UCSC RefSeq (HOMER's
            default catalog). Pass ``source=`` to override if your filename
            doesn't follow the convention.
        source : {"auto", "gtf", "refgene"}, keyword-only, default "auto"
            Format override for the annotation file. ``"auto"`` infers from
            the extension; the explicit values are an escape hatch for
            unusually-named files.
        features : sequence of str, keyword-only
            Feature classes to build overlap intervals for. Sites that don't
            hit any are reported as ``feature_type="intergenic"`` automatically
            -- "intergenic" is the fallback, not something you opt into.
            Default builds the full HOMER-style set
            (promoter / 5UTR / exon / intron / 3UTR / TTS / noncoding) so
            ``feature_type`` value-counts can be compared directly against
            HOMER's vocabulary without a custom kwarg. Pass a narrower tuple
            (e.g. ``("promoter", "exon", "intron")``) to skip the UTR / TTS /
            noncoding builders when you don't need fine-grained categories
            or your annotation source can't supply them (refGene has no UTR
            coordinates and no biotype, so the UTR / noncoding builders are
            silently no-ops on refGene sources).
        promoter_upstream_bp, promoter_downstream_bp : int, keyword-only
            Promoter window around each gene's TSS. Default ``(-2000, +200)``
            matches the conventional "core promoter" definition.
        multi_annotation : bool, keyword-only, default True
            If True (default), also adds four annotatr-style columns alongside
            the single-best pick. Set to False to get only the legacy four-
            column output (``gene_id``, ``gene_name``, ``feature_type``,
            ``distance_to_tss``) -- useful for narrow storage or when downstream
            code asserts on exact column sets. New columns when True:
    
              - ``nearest_tss_gene`` (Utf8) -- gene whose TSS is closest to the
                site center (HOMER's rule).
              - ``nearest_tss_distance`` (Int32) -- signed bp distance from
                site center to that TSS, flipped for ``-`` strand so positive
                is downstream in transcription direction.
              - ``all_overlapping_genes`` (List[Utf8]) -- every gene whose
                feature interval overlaps the site (one-to-many).
              - ``all_overlapping_features`` (List[Utf8]) -- every feature type
                that overlaps (e.g. ``["intron", "promoter"]``).
        gene_type_filter : str or sequence of str or None, keyword-only
            If set, only genes whose ``gene_type`` matches are used to build
            overlap intervals and the nearest-TSS index. Typical:
            ``"protein_coding"`` to drop lincRNAs / pseudogenes / novel
            predictions. Works on both GTF (via ``gene_type`` /
            ``gene_biotype`` attribute) and refGene (NM_* -> protein_coding,
            NR_* -> non-coding). A bare string is treated as a 1-element list.
    
        Examples
        --------
        >>> # GTF, auto-detected
        >>> annotate_features(sites, "genes.gtf.gz", gene_type_filter="protein_coding")
        >>> # UCSC RefSeq (HOMER's default catalog), auto-detected
        >>> annotate_features(sites, "refGene.txt.gz")
        >>> # Unusually-named file; explicit override
        >>> annotate_features(sites, "my_genes.tsv", source="refgene")
        """
        # Resolve source (auto-detect if needed)
        if source == "auto":
            source = _detect_annotation_source(annotation)
        elif source not in ("gtf", "refgene"):
            raise ValueError(f"source must be 'auto', 'gtf', or 'refgene'; got {source!r}")
    
        # Normalize gene_type_filter to tuple or None
        if isinstance(gene_type_filter, str):
            gene_type_filter_norm: tuple[str, ...] | None = (gene_type_filter,)
        elif gene_type_filter is None:
            gene_type_filter_norm = None
        else:
            gene_type_filter_norm = tuple(gene_type_filter)
        try:
>           import bioframe  # noqa: F401  (presence-check; used inside _annotate_chromosome_chunk)
E           ModuleNotFoundError: No module named 'bioframe'

src/epykit/annotate.py:1236: ModuleNotFoundError

The above exception was the direct cause of the following exception:

tmp_path = PosixPath('/tmp/pytest-of-mlegrand/pytest-46/test_one_based_cov_annotates_t0')

    def test_one_based_cov_annotates_to_correct_gene(tmp_path):
        """End-to-end: a 1-based Bismark CpG -> 0-based store pos -> annotate maps
        it to the gene it physically sits in (pins the ingestion->annotation chain)."""
        from epykit.annotate import annotate_features
    
        # Cytosine at 1-based 5001 -> 0-based store pos 5000.
        _write_cov(tmp_path / "t1.bismark.cov.gz", [("chr1", 5001, 5001, 80.0, 8, 2)])
        _write_cov(tmp_path / "c1.bismark.cov.gz", [("chr1", 5001, 5001, 80.0, 8, 2)])
        sheet = tmp_path / "sheet.csv"
        _sheet(sheet, {"t1": ("treatment", tmp_path / "t1.bismark.cov.gz"),
                       "c1": ("control", tmp_path / "c1.bismark.cov.gz")})
        md = ep.read_bismark(str(sheet), treatment_group="treatment",
                             control_group="control", store_dir=str(tmp_path / "store"))
        assert _store_pos(md, "t1", "chr1") == [5000]
    
        gtf = tmp_path / "g.gtf"
        gtf.write_text(
            'chr1\tt\tgene\t4001\t6000\t.\t+\t.\tgene_id "g1"; gene_name "G1";\n'
            'chr1\tt\texon\t4001\t6000\t.\t+\t.\tgene_id "g1"; gene_name "G1";\n'
        )
        sites = pl.DataFrame({"chrom": ["chr1"], "pos": [5000]})
>       out = annotate_features(sites, str(gtf))

tests/test_coordinate_convention.py:130: 
_ _ _ _ _ _ _ _ _ _ _ _ _ _ _ _ _ _ _ _ _ _ _ _ _ _ _ _ _ _ _ _ _ _ _ _ _ _ _ _ 

sites = shape: (1, 2)
┌───────┬──────┐
│ chrom ┆ pos  │
│ ---   ┆ ---  │
│ str   ┆ i64  │
╞═══════╪══════╡
│ chr1  ┆ 5000 │
└───────┴──────┘
annotation = '/tmp/pytest-of-mlegrand/pytest-46/test_one_based_cov_annotates_t0/g.gtf'

    def annotate_features(
        sites: pl.DataFrame,
        annotation: str,
        *,
        source: str = "auto",
        features: list[str] | tuple[str, ...] = (
            "promoter",
            "5UTR",
            "exon",
            "intron",
            "3UTR",
            "TTS",
            "noncoding",
        ),
        promoter_upstream_bp: int = 2000,
        promoter_downstream_bp: int = 200,
        multi_annotation: bool = True,
        gene_type_filter: str | list[str] | None = None,
    ) -> pl.DataFrame:
        """Annotate DMC / DMR sites with gene-level genomic features.
    
        Parameters
        ----------
        sites : polars DataFrame
            Per-site or per-region table with at least ``chrom`` and either
            ``pos`` (single-base sites) or ``start`` + ``end`` (regions).
        annotation : str
            Path to a gene-model file. Format is auto-detected from the
            extension: ``.gtf`` / ``.gtf.gz`` -> GENCODE/Ensembl GTF;
            ``refGene.txt`` / ``refGene.txt.gz`` -> UCSC RefSeq (HOMER's
            default catalog). Pass ``source=`` to override if your filename
            doesn't follow the convention.
        source : {"auto", "gtf", "refgene"}, keyword-only, default "auto"
            Format override for the annotation file. ``"auto"`` infers from
            the extension; the explicit values are an escape hatch for
            unusually-named files.
        features : sequence of str, keyword-only
            Feature classes to build overlap intervals for. Sites that don't
            hit any are reported as ``feature_type="intergenic"`` automatically
            -- "intergenic" is the fallback, not something you opt into.
            Default builds the full HOMER-style set
            (promoter / 5UTR / exon / intron / 3UTR / TTS / noncoding) so
            ``feature_type`` value-counts can be compared directly against
            HOMER's vocabulary without a custom kwarg. Pass a narrower tuple
            (e.g. ``("promoter", "exon", "intron")``) to skip the UTR / TTS /
            noncoding builders when you don't need fine-grained categories
            or your annotation source can't supply them (refGene has no UTR
            coordinates and no biotype, so the UTR / noncoding builders are
            silently no-ops on refGene sources).
        promoter_upstream_bp, promoter_downstream_bp : int, keyword-only
            Promoter window around each gene's TSS. Default ``(-2000, +200)``
            matches the conventional "core promoter" definition.
        multi_annotation : bool, keyword-only, default True
            If True (default), also adds four annotatr-style columns alongside
            the single-best pick. Set to False to get only the legacy four-
            column output (``gene_id``, ``gene_name``, ``feature_type``,
            ``distance_to_tss``) -- useful for narrow storage or when downstream
            code asserts on exact column sets. New columns when True:
    
              - ``nearest_tss_gene`` (Utf8) -- gene whose TSS is closest to the
                site center (HOMER's rule).
              - ``nearest_tss_distance`` (Int32) -- signed bp distance from
                site center to that TSS, flipped for ``-`` strand so positive
                is downstream in transcription direction.
              - ``all_overlapping_genes`` (List[Utf8]) -- every gene whose
                feature interval overlaps the site (one-to-many).
              - ``all_overlapping_features`` (List[Utf8]) -- every feature type
                that overlaps (e.g. ``["intron", "promoter"]``).
        gene_type_filter : str or sequence of str or None, keyword-only
            If set, only genes whose ``gene_type`` matches are used to build
            overlap intervals and the nearest-TSS index. Typical:
            ``"protein_coding"`` to drop lincRNAs / pseudogenes / novel
            predictions. Works on both GTF (via ``gene_type`` /
            ``gene_biotype`` attribute) and refGene (NM_* -> protein_coding,
            NR_* -> non-coding). A bare string is treated as a 1-element list.
    
        Examples
        --------
        >>> # GTF, auto-detected
        >>> annotate_features(sites, "genes.gtf.gz", gene_type_filter="protein_coding")
        >>> # UCSC RefSeq (HOMER's default catalog), auto-detected
        >>> annotate_features(sites, "refGene.txt.gz")
        >>> # Unusually-named file; explicit override
        >>> annotate_features(sites, "my_genes.tsv", source="refgene")
        """
        # Resolve source (auto-detect if needed)
        if source == "auto":
            source = _detect_annotation_source(annotation)
        elif source not in ("gtf", "refgene"):
            raise ValueError(f"source must be 'auto', 'gtf', or 'refgene'; got {source!r}")
    
        # Normalize gene_type_filter to tuple or None
        if isinstance(gene_type_filter, str):
            gene_type_filter_norm: tuple[str, ...] | None = (gene_type_filter,)
        elif gene_type_filter is None:
            gene_type_filter_norm = None
        else:
            gene_type_filter_norm = tuple(gene_type_filter)
        try:
            import bioframe  # noqa: F401  (presence-check; used inside _annotate_chromosome_chunk)
        except ImportError as exc:
>           raise ImportError("bioframe is required. pip install bioframe") from exc
E           ImportError: bioframe is required. pip install bioframe

src/epykit/annotate.py:1238: ImportError
__________ test_max_t_with_failed_and_empty_permutations_matches_main __________

monkeypatch = <_pytest.monkeypatch.MonkeyPatch object at 0x746d627ecac0>

    def test_max_t_with_failed_and_empty_permutations_matches_main(monkeypatch):
        """One permutation raises, one yields zero survivors, three succeed.
        Main's max_t excluded both kinds from the denominator, so
        emp_p = (#successful perms with min null p <= p_obs + 1) / (3 + 1)."""
        script = [
            RuntimeError("engine blew up"),
            None,
            [0.5, 0.9],  # min 0.5
            [0.05, 0.7],  # min 0.05
            [0.001],  # min 0.001
        ]
        observed = _observed(pvalues=[0.01, 0.3, 1e-5])
        monkeypatch.setattr(dmr_mod, "call_dmr_tile_based", _scripted_engine(script))
>       implicit = _run(observed, n_perm=5)

tests/test_dmr_region_fdr_mode.py:108: 
_ _ _ _ _ _ _ _ _ _ _ _ _ _ _ _ _ _ _ _ _ _ _ _ _ _ _ _ _ _ _ _ _ _ _ _ _ _ _ _ 
tests/test_dmr_region_fdr_mode.py:50: in _run
    return dmr_mod.empirical_fdr_for_dmr(
src/epykit/dmr.py:2057: in empirical_fdr_for_dmr
    emp_p, emp_q, fdr_set = _aggregate_region_perm_results(
_ _ _ _ _ _ _ _ _ _ _ _ _ _ _ _ _ _ _ _ _ _ _ _ _ _ _ _ _ _ _ _ _ _ _ _ _ _ _ _ 

    def _aggregate_region_perm_results(
        *,
        observed_pvalues: np.ndarray,
        results: list[_PermResult],
        n_perm: int,
        fdr_method: str,
        label: str = "region-fdr",
    ) -> tuple[np.ndarray, np.ndarray, float]:
        """Shared permutation-FDR aggregation for any region caller.
    
        ``results`` holds one ``(is_self_or_mirror, survivor_pvalues or None)``
        per permutation; ``None`` means the engine failed for that permutation.
        Returns ``(empirical_pvalue, empirical_qvalue, fdr_set)`` aligned with
        ``observed_pvalues``. Non-finite observed p-values come back as NaN in
        both mode.
    
        ``fdr_method="max_t"`` uses one minimum score per complete label-shuffled
        scan, including empty scans (+infinity). Failed scans abort inference.
        The +1 Monte Carlo correction is applied once; empirical_qvalue is a
        compatibility alias for the scan-adjusted p-value, without a second BH.
        Complete-null family-wise control requires exchangeable sample labels.
    
        ``fdr_method="region"`` is the count-ratio target-decoy FDR of
        :func:`_region_count_ratio_fdr`: self/mirror assignments and failed
        runs are excluded, a clean zero-survivor run counts as a zero
        contribution, and zero usable assignments yield NaN estimates with a
        ``UserWarning``.
        """
        obs_p = np.asarray(observed_pvalues, dtype=np.float64)
        obs_finite_mask = np.isfinite(obs_p)
        obs_safe = np.where(obs_finite_mask, obs_p, 1.0)
    
        if fdr_method == "region":
            n_self = sum(1 for is_self, _ in results if is_self)
            n_failed = sum(1 for is_self, arr in results if (not is_self) and arr is None)
            null_pools = [arr for is_self, arr in results if (not is_self) and arr is not None]
            n_perm_used = len(null_pools)
            if n_self or n_failed:
                logger.info(
                    "%s[region]: excluded %d self/mirror and %d failed permutation(s); n_perm_used=%d.",
                    label,
                    n_self,
                    n_failed,
                    n_perm_used,
                )
            if n_perm_used == 0:
                warnings.warn(
                    f"{label}: all {n_perm} permutations were self/mirror assignments "
                    f"or failed; the region empirical FDR is undefined and is "
                    f"reported as NaN. Raise n_perm or use larger groups.",
                    UserWarning,
                    stacklevel=3,
                )
            finite_p, finite_q, fdr_set = _region_count_ratio_fdr(
                observed_pvalues=obs_p[obs_finite_mask],
                null_pools=null_pools,
                n_perm_used=n_perm_used,
            )
            # Missing statistics must not count as observed survivors or lower
            # finite regions' q-values through the suffix minimum.
            emp_p = np.full_like(obs_p, np.nan)
            emp_q = np.full_like(obs_p, np.nan)
            emp_p[obs_finite_mask] = finite_p
            emp_q[obs_finite_mask] = finite_q
            logger.info("%s[region]: set-level FDR=%.4f", label, fdr_set)
            return emp_p, emp_q, fdr_set
    
        # A successful empty scan is a null maximum of -infinity (min-P of
        # +infinity). It MUST remain in the randomization denominator. Failed
        # permutations cannot be omitted conditionally on computational success.
        if len(results) != n_perm or any(arr is None for _, arr in results):
>           raise RuntimeError("Incomplete permutation scan; refusing biased inference")
E           RuntimeError: Incomplete permutation scan; refusing biased inference

src/epykit/dmr.py:1897: RuntimeError
------------------------------ Captured log call -------------------------------
WARNING  epykit.dmr:dmr.py:2050 permutation 0 failed: engine blew up
__________________ test_lr_matches_g_test_at_unit_dispersion ___________________

    def test_lr_matches_g_test_at_unit_dispersion():
        # Identical replicates within each group -> zero between-replicate
        # variance -> per-site dispersion clamps to phi=1 -> adaptive reference is
        # chi2(1), so the lr statistic is exactly the 2x2 G-test (LRT).
        case = [(8, 10), (8, 10), (8, 10)]   # pooled 24 / 30
        ctrl = [(2, 10), (2, 10), (2, 10)]   # pooled  6 / 30
        p_epykit, phi_eff = _score_p(case, ctrl)
        assert phi_eff == pytest.approx(1.0), "fixture must clamp dispersion to 1"
    
        table = [[24, 6], [6, 24]]  # [meth, unmeth] x [case, ctrl]
        _g, p_gtest, _dof, _exp = sp_stats.chi2_contingency(
            table, lambda_="log-likelihood", correction=False
        )
>       assert np.isclose(p_epykit, p_gtest, rtol=1e-9, atol=1e-12)
E       assert False
E        +  where False = <function isclose at 0x746dfef319f0>(0.008589689937437557, 1.5145940806898643e-06, rtol=1e-09, atol=1e-12)
E        +    where <function isclose at 0x746dfef319f0> = np.isclose

tests/test_engine_oracles.py:91: AssertionError
_________ test_blacklist_drops_exactly_the_sites_inside_bed_intervals __________

df = shape: (50, 8)
┌───────┬───────┬────────┬─────────┬────────┬──────────┬──────────┬───────────┐
│ chrom ┆ pos   ┆ stran...    ┆ 4        ┆ 9        ┆ control_1 │
└───────┴───────┴────────┴─────────┴────────┴──────────┴──────────┴───────────┘
blacklist_bed = '/tmp/pytest-of-mlegrand/pytest-46/test_blacklist_drops_exactly_t0/blacklist.bed'

    def _apply_blacklist(df: pl.DataFrame, blacklist_bed: str) -> pl.DataFrame:
        """Remove CpG sites that overlap any region in the blacklist BED file.
    
        Uses bioframe for vectorised interval overlap -- one operation regardless
        of how many regions are in the blacklist.
    
        PERF-1 fix: replaces the old per-region .filter() loop that built a chain
        of O(n_regions) nested lazy nodes.
        """
        try:
>           import bioframe
E           ModuleNotFoundError: No module named 'bioframe'

src/epykit/filter.py:91: ModuleNotFoundError

The above exception was the direct cause of the following exception:

raw_store = PosixPath('/tmp/pytest-of-mlegrand/pytest-46/filter_synth0/store/.cache/raw')
tmp_path = PosixPath('/tmp/pytest-of-mlegrand/pytest-46/test_blacklist_drops_exactly_t0')

    def test_blacklist_drops_exactly_the_sites_inside_bed_intervals(raw_store, tmp_path):
        """A BED interval is 0-based half-open: site ``pos`` is dropped iff
        ``start <= pos < end``. The interval end itself is kept, an interval
        between two sites hits nothing, and chromosomes are matched by name."""
        samples = _samples(raw_store)
        chr1 = _read_sample(raw_store, samples[0]).filter(pl.col("chrom") == "chr1")["pos"].to_list()
        chr2 = _read_sample(raw_store, samples[0]).filter(pl.col("chrom") == "chr2")["pos"].to_list()
        p0, p1, p2, p3, p4, p5 = chr1[:6]
        q0, q1, q2, q3 = chr2[:4]
    
        bed = tmp_path / "blacklist.bed"
        bed.write_text(
            f"chr1\t{p0}\t{p0 + 1}\n"  # single-site interval -> drops p0 only
            f"chr1\t{p2}\t{p4}\n"  # covers p2, p3; ends AT p4 -> p4 kept
            f"chr1\t{p4 + 1}\t{p5}\n"  # falls between two sites -> no hit
            f"chr2\t0\t{q3}\n"  # chromosome scoping: drops q0..q2 on chr2 only
        )
        expected_dropped = {
            ("chr1", p0),
            ("chr1", p2),
            ("chr1", p3),
            ("chr2", q0),
            ("chr2", q1),
            ("chr2", q2),
        }
        assert ("chr1", p1) not in expected_dropped  # the neighbour between two hits is kept
    
        out = tmp_path / "filtered"
>       filter_sites(str(raw_store), str(out), blacklist_bed=str(bed), **_KEEP_ALL)

tests/test_filter.py:92: 
_ _ _ _ _ _ _ _ _ _ _ _ _ _ _ _ _ _ _ _ _ _ _ _ _ _ _ _ _ _ _ _ _ _ _ _ _ _ _ _ 
src/epykit/filter.py:302: in filter_sites
    chrom_df = _apply_blacklist(chrom_df, blacklist_bed)
_ _ _ _ _ _ _ _ _ _ _ _ _ _ _ _ _ _ _ _ _ _ _ _ _ _ _ _ _ _ _ _ _ _ _ _ _ _ _ _ 

df = shape: (50, 8)
┌───────┬───────┬────────┬─────────┬────────┬──────────┬──────────┬───────────┐
│ chrom ┆ pos   ┆ stran...    ┆ 4        ┆ 9        ┆ control_1 │
└───────┴───────┴────────┴─────────┴────────┴──────────┴──────────┴───────────┘
blacklist_bed = '/tmp/pytest-of-mlegrand/pytest-46/test_blacklist_drops_exactly_t0/blacklist.bed'

    def _apply_blacklist(df: pl.DataFrame, blacklist_bed: str) -> pl.DataFrame:
        """Remove CpG sites that overlap any region in the blacklist BED file.
    
        Uses bioframe for vectorised interval overlap -- one operation regardless
        of how many regions are in the blacklist.
    
        PERF-1 fix: replaces the old per-region .filter() loop that built a chain
        of O(n_regions) nested lazy nodes.
        """
        try:
            import bioframe
            import pandas as pd
        except ImportError as exc:
>           raise ImportError(
                "bioframe is required for blacklist filtering. Install it with: pip install bioframe"
            ) from exc
E           ImportError: bioframe is required for blacklist filtering. Install it with: pip install bioframe

src/epykit/filter.py:94: ImportError
------------------------------ Captured log setup ------------------------------
INFO     epykit.convert:convert.py:540 convert: detected 1-based Bismark .cov (start == end in 100% of sampled rows); shifting pos by -1.
INFO     epykit.io:io.py:123   treatment_1: converted
INFO     epykit.convert:convert.py:540 convert: detected 1-based Bismark .cov (start == end in 100% of sampled rows); shifting pos by -1.
INFO     epykit.io:io.py:123   treatment_2: converted
INFO     epykit.convert:convert.py:540 convert: detected 1-based Bismark .cov (start == end in 100% of sampled rows); shifting pos by -1.
INFO     epykit.io:io.py:123   control_1: converted
INFO     epykit.convert:convert.py:540 convert: detected 1-based Bismark .cov (start == end in 100% of sampled rows); shifting pos by -1.
INFO     epykit.io:io.py:123   control_2: converted
------------------------------ Captured log call -------------------------------
INFO     epykit.filter:filter.py:265 Filtering sample control_1...
INFO     epykit.filter:filter.py:275   Max coverage quantile (1.0): 55
____________ test_sex_check_unimodal_cohort_falls_back_to_threshold ____________

    def test_sex_check_unimodal_cohort_falls_back_to_threshold():
        """P1-9: on a synthetic all-female cohort (unimodal chrX-beta
        distribution), the dip-test must trigger and the function must fall
        back to the fixed 0.25 threshold with a UserWarning."""
        rng = np.random.default_rng(0)
        # All female: chrX beta clustered near 0.45 (unimodal, well above 0.25).
        beta_values = rng.normal(0.45, 0.02, size=8)
        sample_ids = [f"S{i}" for i in range(8)]
    
        with warnings.catch_warnings(record=True) as caught:
            warnings.simplefilter("always")
            result = _classify_sex_from_values(sample_ids, beta_values)
    
        # All should be called female (beta > 0.25).
>       assert all(v == "female" for v in result.values()), (
            f"Expected all-female assignment; got {result}"
        )
E       AssertionError: Expected all-female assignment; got {'S0': 'female', 'S1': 'female', 'S2': 'female', 'S3': 'female', 'S4': 'male', 'S5': 'female', 'S6': 'female', 'S7': 'female'}
E       assert False
E        +  where False = all(<generator object test_sex_check_unimodal_cohort_falls_back_to_threshold.<locals>.<genexpr> at 0x746c2b2a6d50>)

tests/test_qc_clinical.py:128: AssertionError
________________________ test_beta_binomial_is_rejected ________________________

synth_md_filtered = MethylData [raw, filtered, united]
  assembly : synth
  n_samples: 8 (control (n=4)  treatment (n=4))
  n_sites  : 78,...store_history, dmc, epykit_version, filter, n_sites_filtered, n_sites_raw, pipeline, samplesheet, source_format, unite


    def test_beta_binomial_is_rejected(synth_md_filtered):
        """test='beta_binomial' was removed; it should now raise an error."""
        md = synth_md_filtered
>       with pytest.raises((ValueError, KeyError, NotImplementedError)):
E       Failed: DID NOT RAISE any of (<class 'ValueError'>, <class 'KeyError'>, <class 'NotImplementedError'>)

tests/test_stats_new.py:342: Failed
------------------------------ Captured log setup ------------------------------
INFO     epykit.convert:convert.py:540 convert: detected 1-based Bismark .cov (start == end in 100% of sampled rows); shifting pos by -1.
INFO     epykit.io:io.py:123   treatment_1: converted
INFO     epykit.convert:convert.py:540 convert: detected 1-based Bismark .cov (start == end in 100% of sampled rows); shifting pos by -1.
INFO     epykit.io:io.py:123   treatment_2: converted
INFO     epykit.convert:convert.py:540 convert: detected 1-based Bismark .cov (start == end in 100% of sampled rows); shifting pos by -1.
INFO     epykit.io:io.py:123   treatment_3: converted
INFO     epykit.convert:convert.py:540 convert: detected 1-based Bismark .cov (start == end in 100% of sampled rows); shifting pos by -1.
INFO     epykit.io:io.py:123   treatment_4: converted
INFO     epykit.convert:convert.py:540 convert: detected 1-based Bismark .cov (start == end in 100% of sampled rows); shifting pos by -1.
INFO     epykit.io:io.py:123   control_1: converted
INFO     epykit.convert:convert.py:540 convert: detected 1-based Bismark .cov (start == end in 100% of sampled rows); shifting pos by -1.
INFO     epykit.io:io.py:123   control_2: converted
INFO     epykit.convert:convert.py:540 convert: detected 1-based Bismark .cov (start == end in 100% of sampled rows); shifting pos by -1.
INFO     epykit.io:io.py:123   control_3: converted
INFO     epykit.convert:convert.py:540 convert: detected 1-based Bismark .cov (start == end in 100% of sampled rows); shifting pos by -1.
INFO     epykit.io:io.py:123   control_4: converted
INFO     epykit.filter:filter.py:265 Filtering sample control_1...
INFO     epykit.filter:filter.py:275   Max coverage quantile (0.9990000000000001): 65
INFO     epykit.filter:filter.py:315   Written 5 chromosome file(s) for control_1
INFO     epykit.filter:filter.py:265 Filtering sample control_2...
INFO     epykit.filter:filter.py:275   Max coverage quantile (0.9990000000000001): 63
INFO     epykit.filter:filter.py:315   Written 5 chromosome file(s) for control_2
INFO     epykit.filter:filter.py:265 Filtering sample control_3...
INFO     epykit.filter:filter.py:275   Max coverage quantile (0.9990000000000001): 63
INFO     epykit.filter:filter.py:315   Written 5 chromosome file(s) for control_3
INFO     epykit.filter:filter.py:265 Filtering sample control_4...
INFO     epykit.filter:filter.py:275   Max coverage quantile (0.9990000000000001): 66
INFO     epykit.filter:filter.py:315   Written 5 chromosome file(s) for control_4
INFO     epykit.filter:filter.py:265 Filtering sample treatment_1...
INFO     epykit.filter:filter.py:275   Max coverage quantile (0.9990000000000001): 68
INFO     epykit.filter:filter.py:315   Written 5 chromosome file(s) for treatment_1
INFO     epykit.filter:filter.py:265 Filtering sample treatment_2...
INFO     epykit.filter:filter.py:275   Max coverage quantile (0.9990000000000001): 63
INFO     epykit.filter:filter.py:315   Written 5 chromosome file(s) for treatment_2
INFO     epykit.filter:filter.py:265 Filtering sample treatment_3...
INFO     epykit.filter:filter.py:275   Max coverage quantile (0.9990000000000001): 62
INFO     epykit.filter:filter.py:315   Written 5 chromosome file(s) for treatment_3
INFO     epykit.filter:filter.py:265 Filtering sample treatment_4...
INFO     epykit.filter:filter.py:275   Max coverage quantile (0.9990000000000001): 62
INFO     epykit.filter:filter.py:315   Written 5 chromosome file(s) for treatment_4
INFO     epykit.filter:filter.py:327 Filtered Parquet store written to /tmp/pytest-of-mlegrand/pytest-46/test_beta_binomial_is_rejected0/store/.cache/filtered
------------------------------ Captured log call -------------------------------
INFO     epykit.dmc:dmc.py:1193 Auto-detected 5 chromosomes
INFO     epykit.dmc:dmc.py:2463 N replicates / group = 4; recommended test: lr (quasi-binomial likelihood-ratio with MN overdispersion)
INFO     epykit.dmc:dmc.py:2468 DMC: 4 case / 4 control, test=beta_binomial, unite=True, min_samples_case=0, min_samples_control=0
INFO     epykit._compute:_compute.py:104 [DMC 1/5] chr1
INFO     epykit.dmc:dmc.py:2489   1,705 sites to test (chr1)
INFO     epykit.dmc:dmc.py:2657   1,705 sites -> staged to disk (chr1)
INFO     epykit._compute:_compute.py:104 [DMC 2/5] chr2
INFO     epykit.dmc:dmc.py:2489   1,699 sites to test (chr2)
INFO     epykit.dmc:dmc.py:2657   1,699 sites -> staged to disk (chr2)
INFO     epykit._compute:_compute.py:104 [DMC 3/5] chr3
INFO     epykit.dmc:dmc.py:2489   1,707 sites to test (chr3)
INFO     epykit.dmc:dmc.py:2657   1,707 sites -> staged to disk (chr3)
INFO     epykit._compute:_compute.py:104 [DMC 4/5] chr4
INFO     epykit.dmc:dmc.py:2489   1,685 sites to test (chr4)
INFO     epykit.dmc:dmc.py:2657   1,685 sites -> staged to disk (chr4)
INFO     epykit._compute:_compute.py:104 [DMC 5/5] chr5
INFO     epykit.dmc:dmc.py:2489   1,718 sites to test (chr5)
INFO     epykit.dmc:dmc.py:2657   1,718 sites -> staged to disk (chr5)
INFO     epykit.dmc:dmc.py:2681 Assembled DMC store at /tmp/pytest-of-mlegrand/pytest-46/test_beta_binomial_is_rejected0/store/.cache/dmc/beta_binomial (5 chromosomes, 8,514 sites)
INFO     epykit.dmc:dmc.py:3147 FDR correction (streaming, method=fdr_bh): collecting 8,514 p-values from 5 chrom file(s)...
INFO     epykit.dmc:dmc.py:3183 BH correction (streaming): writing q-values back per chromosome...
INFO     epykit.export:export.py:371 Wrote table: /tmp/pytest-of-mlegrand/pytest-46/test_beta_binomial_is_rejected0/store/results/dmc.significant.tsv (0 rows)
=============================== warnings summary ===============================
tests/test_accuracy.py::test_dmc_lr_power_and_fdr
tests/test_accuracy.py::test_dmc_welch_t_power_and_fdr
tests/test_accuracy.py::test_dmc_fisher_runs_and_is_powerful_but_anti_conservative
tests/test_accuracy.py::test_dmc_lr_meth_diff_bias_small
tests/test_accuracy.py::test_dmc_lr_per_group_mean_betas_are_finite_and_in_range
  /scratch/epykit-calibration-fresh_20261007/tests/test_accuracy.py:63: FutureWarning: The 'log2_odds_ratio' column is deprecated and is slated for removal in a future major release. Use 'log2_odds_ratio_pooled' for pooled-count tests (lr, fisher) or 'coef_treatment_log2' for the glm backend, or log2_odds_ratio_bb for the beta_binomial engine. The transitional column is NaN-filled.
    ep.tl.dmc(md, test=test, **kwargs)

tests/test_accuracy.py::test_dmc_auto_dispatches_to_lr_at_n_gte_2
  /scratch/epykit-calibration-fresh_20261007/tests/test_accuracy.py:132: FutureWarning: The 'log2_odds_ratio' column is deprecated and is slated for removal in a future major release. Use 'log2_odds_ratio_pooled' for pooled-count tests (lr, fisher) or 'coef_treatment_log2' for the glm backend, or log2_odds_ratio_bb for the beta_binomial engine. The transitional column is NaN-filled.
    ep.tl.dmc(synth_md_filtered, test="auto")

tests/test_accuracy.py::test_dmr_sliding_window_recovers_seeded_regions
  /scratch/epykit-calibration-fresh_20261007/tests/test_accuracy.py:178: FutureWarning: The 'log2_odds_ratio' column is deprecated and is slated for removal in a future major release. Use 'log2_odds_ratio_pooled' for pooled-count tests (lr, fisher) or 'coef_treatment_log2' for the glm backend, or log2_odds_ratio_bb for the beta_binomial engine. The transitional column is NaN-filled.
    ep.tl.dmc(synth_md_filtered, test="lr")

tests/test_accuracy.py::test_dmr_sliding_window_sensitivity_and_fdp
  /scratch/epykit-calibration-fresh_20261007/tests/test_accuracy.py:388: FutureWarning: The 'log2_odds_ratio' column is deprecated and is slated for removal in a future major release. Use 'log2_odds_ratio_pooled' for pooled-count tests (lr, fisher) or 'coef_treatment_log2' for the glm backend, or log2_odds_ratio_bb for the beta_binomial engine. The transitional column is NaN-filled.
    ep.tl.dmc(synth_md_filtered, test="lr")

tests/test_api.py::test_save_load_round_trip_preserves_obs_varm_uns
  /scratch/epykit-calibration-fresh_20261007/tests/test_api.py:118: FutureWarning: The 'log2_odds_ratio' column is deprecated and is slated for removal in a future major release. Use 'log2_odds_ratio_pooled' for pooled-count tests (lr, fisher) or 'coef_treatment_log2' for the glm backend, or log2_odds_ratio_bb for the beta_binomial engine. The transitional column is NaN-filled.
    ep.tl.dmc(synth_md, test="lr")

tests/test_api.py::test_save_load_preserves_neighbour_combine_columns
  /scratch/epykit-calibration-fresh_20261007/tests/test_api.py:150: FutureWarning: The 'log2_odds_ratio' column is deprecated and is slated for removal in a future major release. Use 'log2_odds_ratio_pooled' for pooled-count tests (lr, fisher) or 'coef_treatment_log2' for the glm backend, or log2_odds_ratio_bb for the beta_binomial engine. The transitional column is NaN-filled.
    ep.tl.dmc(synth_md, test="lr", neighbour_combine=True)

tests/test_api.py::test_get_dmc_returns_explicit_test_by_name
  /scratch/epykit-calibration-fresh_20261007/tests/test_api.py:199: FutureWarning: The 'log2_odds_ratio' column is deprecated and is slated for removal in a future major release. Use 'log2_odds_ratio_pooled' for pooled-count tests (lr, fisher) or 'coef_treatment_log2' for the glm backend, or log2_odds_ratio_bb for the beta_binomial engine. The transitional column is NaN-filled.
    ep.tl.dmc(synth_md_filtered, test="lr")

tests/test_api.py::test_dmc_property_uses_last_key_pointer
  /scratch/epykit-calibration-fresh_20261007/tests/test_api.py:211: FutureWarning: The 'log2_odds_ratio' column is deprecated and is slated for removal in a future major release. Use 'log2_odds_ratio_pooled' for pooled-count tests (lr, fisher) or 'coef_treatment_log2' for the glm backend, or log2_odds_ratio_bb for the beta_binomial engine. The transitional column is NaN-filled.
    ep.tl.dmc(synth_md_filtered, test="lr")

tests/test_api.py::test_dmc_property_uses_last_key_pointer
  /scratch/epykit-calibration-fresh_20261007/tests/test_api.py:212: FutureWarning: The 'log2_odds_ratio' column is deprecated and is slated for removal in a future major release. Use 'log2_odds_ratio_pooled' for pooled-count tests (lr, fisher) or 'coef_treatment_log2' for the glm backend, or log2_odds_ratio_bb for the beta_binomial engine. The transitional column is NaN-filled.
    ep.tl.dmc(synth_md_filtered, test="welch_t")

tests/test_api.py::test_get_dmc_prefers_annotated_when_available
  /scratch/epykit-calibration-fresh_20261007/tests/test_api.py:226: FutureWarning: The 'log2_odds_ratio' column is deprecated and is slated for removal in a future major release. Use 'log2_odds_ratio_pooled' for pooled-count tests (lr, fisher) or 'coef_treatment_log2' for the glm backend, or log2_odds_ratio_bb for the beta_binomial engine. The transitional column is NaN-filled.
    ep.tl.dmc(synth_md_filtered, test="lr")

tests/test_api.py::test_samples_treatment_kwarg_works
  /scratch/epykit-calibration-fresh_20261007/tests/test_api.py:262: UserWarning: test='fisher' pools reads across replicates; between-sample variance is ignored and p-values may be anti-conservative at WGBS coverage. Prefer test='lr' at n>=2 (quasi-binomial LR with MN dispersion).
    df = process_chromosomes_dmc(

tests/test_api.py::test_get_dmc_with_unknown_test_returns_none
  /scratch/epykit-calibration-fresh_20261007/tests/test_api.py:300: FutureWarning: The 'log2_odds_ratio' column is deprecated and is slated for removal in a future major release. Use 'log2_odds_ratio_pooled' for pooled-count tests (lr, fisher) or 'coef_treatment_log2' for the glm backend, or log2_odds_ratio_bb for the beta_binomial engine. The transitional column is NaN-filled.
    ep.tl.dmc(synth_md_filtered, test="lr")

tests/test_api.py::test_aggregate_regions_then_dmc
  /scratch/epykit-calibration-fresh_20261007/tests/test_api.py:600: FutureWarning: The 'log2_odds_ratio' column is deprecated and is slated for removal in a future major release. Use 'log2_odds_ratio_pooled' for pooled-count tests (lr, fisher) or 'coef_treatment_log2' for the glm backend, or log2_odds_ratio_bb for the beta_binomial engine. The transitional column is NaN-filled.
    ep.tl.dmc(md, test="lr")

tests/test_beta_binomial_engine.py::test_public_count_engine_runs_and_reports_its_model
  /scratch/epykit-calibration-fresh_20261007/tests/test_beta_binomial_engine.py:13: FutureWarning: The 'log2_odds_ratio' column is deprecated and is slated for removal in a future major release. Use 'log2_odds_ratio_pooled' for pooled-count tests (lr, fisher) or 'coef_treatment_log2' for the glm backend, or log2_odds_ratio_bb for the beta_binomial engine. The transitional column is NaN-filled.
    ep.tl.dmc(md,test='beta_binomial',beta_binomial_ci=False,tsv=False)

tests/test_beta_binomial_engine.py::test_profile_interval_setting_invalidates_count_engine_cache
  /scratch/epykit-calibration-fresh_20261007/tests/test_beta_binomial_engine.py:51: FutureWarning: The 'log2_odds_ratio' column is deprecated and is slated for removal in a future major release. Use 'log2_odds_ratio_pooled' for pooled-count tests (lr, fisher) or 'coef_treatment_log2' for the glm backend, or log2_odds_ratio_bb for the beta_binomial engine. The transitional column is NaN-filled.
    ep.tl.dmc(md,test='beta_binomial',beta_binomial_ci=False,tsv=False)

tests/test_beta_binomial_engine.py::test_profile_interval_setting_invalidates_count_engine_cache
  /scratch/epykit-calibration-fresh_20261007/tests/test_beta_binomial_engine.py:53: FutureWarning: The 'log2_odds_ratio' column is deprecated and is slated for removal in a future major release. Use 'log2_odds_ratio_pooled' for pooled-count tests (lr, fisher) or 'coef_treatment_log2' for the glm backend, or log2_odds_ratio_bb for the beta_binomial engine. The transitional column is NaN-filled.
    ep.tl.dmc(md,test='beta_binomial',beta_binomial_ci=True,tsv=False)

tests/test_canonical_chrom_filter.py::test_dmc_default_keeps_scaffold
  /scratch/epykit-calibration-fresh_20261007/tests/test_canonical_chrom_filter.py:405: FutureWarning: The 'log2_odds_ratio' column is deprecated and is slated for removal in a future major release. Use 'log2_odds_ratio_pooled' for pooled-count tests (lr, fisher) or 'coef_treatment_log2' for the glm backend, or log2_odds_ratio_bb for the beta_binomial engine. The transitional column is NaN-filled.
    ep.tl.dmc(scaffold_md, test="lr", tsv=False)

tests/test_canonical_chrom_filter.py::test_dmc_canonical_only_drops_scaffold_and_logs_once
  /scratch/epykit-calibration-fresh_20261007/tests/test_canonical_chrom_filter.py:416: FutureWarning: The 'log2_odds_ratio' column is deprecated and is slated for removal in a future major release. Use 'log2_odds_ratio_pooled' for pooled-count tests (lr, fisher) or 'coef_treatment_log2' for the glm backend, or log2_odds_ratio_bb for the beta_binomial engine. The transitional column is NaN-filled.
    ep.tl.dmc(scaffold_md, test="lr", canonical_only=True, tsv=False)

tests/test_canonical_chrom_filter.py::test_dmc_explicit_chromosomes_take_precedence
  /scratch/epykit-calibration-fresh_20261007/tests/test_canonical_chrom_filter.py:429: FutureWarning: The 'log2_odds_ratio' column is deprecated and is slated for removal in a future major release. Use 'log2_odds_ratio_pooled' for pooled-count tests (lr, fisher) or 'coef_treatment_log2' for the glm backend, or log2_odds_ratio_bb for the beta_binomial engine. The transitional column is NaN-filled.
    ep.tl.dmc(scaffold_md, test="lr", chromosomes=[SCAFFOLD], canonical_only=True, tsv=False)

tests/test_canonical_chrom_filter.py::test_dmc_explicit_empty_list_takes_precedence
  /scratch/epykit-calibration-fresh_20261007/tests/test_canonical_chrom_filter.py:436: FutureWarning: The 'log2_odds_ratio' column is deprecated and is slated for removal in a future major release. Use 'log2_odds_ratio_pooled' for pooled-count tests (lr, fisher) or 'coef_treatment_log2' for the glm backend, or log2_odds_ratio_bb for the beta_binomial engine. The transitional column is NaN-filled.
    ep.tl.dmc(scaffold_md, test="lr", chromosomes=[], canonical_only=True, tsv=False)

tests/test_canonical_chrom_filter.py::test_dmc_canonical_only_with_no_canonical_contig_is_a_valid_empty_run
  /scratch/epykit-calibration-fresh_20261007/tests/test_canonical_chrom_filter.py:449: FutureWarning: The 'log2_odds_ratio' column is deprecated and is slated for removal in a future major release. Use 'log2_odds_ratio_pooled' for pooled-count tests (lr, fisher) or 'coef_treatment_log2' for the glm backend, or log2_odds_ratio_bb for the beta_binomial engine. The transitional column is NaN-filled.
    ep.tl.dmc(md, test="lr", canonical_only=True, tsv=False)

tests/test_canonical_chrom_filter.py::test_dmc_contrast_path_honours_canonical_only
  /scratch/epykit-calibration-fresh_20261007/tests/test_canonical_chrom_filter.py:458: FutureWarning: The 'log2_odds_ratio' column is deprecated and is slated for removal in a future major release. Use 'log2_odds_ratio_pooled' for pooled-count tests (lr, fisher) or 'coef_treatment_log2' for the glm backend, or log2_odds_ratio_bb for the beta_binomial engine. The transitional column is NaN-filled.
    ep.tl.dmc(scaffold_md, formula="~ group", contrast="group", canonical_only=True, tsv=False)

tests/test_canonical_chrom_filter.py::test_dmc_resume_false_true_false_invalidates_and_identical_call_resumes
  /scratch/epykit-calibration-fresh_20261007/tests/test_canonical_chrom_filter.py:487: FutureWarning: The 'log2_odds_ratio' column is deprecated and is slated for removal in a future major release. Use 'log2_odds_ratio_pooled' for pooled-count tests (lr, fisher) or 'coef_treatment_log2' for the glm backend, or log2_odds_ratio_bb for the beta_binomial engine. The transitional column is NaN-filled.
    ep.tl.dmc(md, test="lr", resumable=True, tsv=False)

tests/test_canonical_chrom_filter.py::test_dmc_resume_false_true_false_invalidates_and_identical_call_resumes
  /scratch/epykit-calibration-fresh_20261007/tests/test_canonical_chrom_filter.py:491: FutureWarning: The 'log2_odds_ratio' column is deprecated and is slated for removal in a future major release. Use 'log2_odds_ratio_pooled' for pooled-count tests (lr, fisher) or 'coef_treatment_log2' for the glm backend, or log2_odds_ratio_bb for the beta_binomial engine. The transitional column is NaN-filled.
    ep.tl.dmc(md, test="lr", resumable=True, canonical_only=True, tsv=False)

tests/test_canonical_chrom_filter.py::test_dmc_resume_false_true_false_invalidates_and_identical_call_resumes
  /scratch/epykit-calibration-fresh_20261007/tests/test_canonical_chrom_filter.py:495: FutureWarning: The 'log2_odds_ratio' column is deprecated and is slated for removal in a future major release. Use 'log2_odds_ratio_pooled' for pooled-count tests (lr, fisher) or 'coef_treatment_log2' for the glm backend, or log2_odds_ratio_bb for the beta_binomial engine. The transitional column is NaN-filled.
    ep.tl.dmc(md, test="lr", resumable=True, canonical_only=False, tsv=False)

tests/test_canonical_chrom_filter.py::test_dmc_resume_false_true_false_invalidates_and_identical_call_resumes
  /scratch/epykit-calibration-fresh_20261007/tests/test_canonical_chrom_filter.py:499: FutureWarning: The 'log2_odds_ratio' column is deprecated and is slated for removal in a future major release. Use 'log2_odds_ratio_pooled' for pooled-count tests (lr, fisher) or 'coef_treatment_log2' for the glm backend, or log2_odds_ratio_bb for the beta_binomial engine. The transitional column is NaN-filled.
    ep.tl.dmc(md, test="lr", resumable=True, canonical_only=False, tsv=False)

tests/test_canonical_chrom_filter.py::test_dmc_permutations_use_the_observed_universe
  /scratch/epykit-calibration-fresh_20261007/tests/test_canonical_chrom_filter.py:522: FutureWarning: The 'log2_odds_ratio' column is deprecated and is slated for removal in a future major release. Use 'log2_odds_ratio_pooled' for pooled-count tests (lr, fisher) or 'coef_treatment_log2' for the glm backend, or log2_odds_ratio_bb for the beta_binomial engine. The transitional column is NaN-filled.
    ep.tl.dmc(

tests/test_chain_merge_empirical_fdr.py::test_chain_merge_region_mode_significant
tests/test_chain_merge_empirical_fdr.py::test_chain_merge_uses_combined_pvalue_not_pvalue
  /scratch/epykit-calibration-fresh_20261007/tests/test_chain_merge_empirical_fdr.py:73: UserWarning: empirical_fdr_for_chain_merge: permutation FDR at n=3 per group is underpowered. Only a handful of distinct label assignments exist and draws adjacent to the true split leak signal into the null, so the empirical FDR is conservative (biased high). Treat the result as a floor.
    return dmr_mod.empirical_fdr_for_chain_merge(**base)

tests/test_chain_merge_empirical_fdr.py::test_tl_dmr_forwards_observed_knobs_universe_correction_and_filters
  /scratch/epykit-calibration-fresh_20261007/tests/test_chain_merge_empirical_fdr.py:253: FutureWarning: The 'log2_odds_ratio' column is deprecated and is slated for removal in a future major release. Use 'log2_odds_ratio_pooled' for pooled-count tests (lr, fisher) or 'coef_treatment_log2' for the glm backend, or log2_odds_ratio_bb for the beta_binomial engine. The transitional column is NaN-filled.
    ep.tl.dmc(md, test="lr")

tests/test_cli_api_parity.py::test_cli_dmc_qvalues_match_tl_dmc
  /scratch/epykit-calibration-fresh_20261007/tests/test_cli_api_parity.py:54: FutureWarning: The 'log2_odds_ratio' column is deprecated and is slated for removal in a future major release. Use 'log2_odds_ratio_pooled' for pooled-count tests (lr, fisher) or 'coef_treatment_log2' for the glm backend, or log2_odds_ratio_bb for the beta_binomial engine. The transitional column is NaN-filled.
    ep.tl.dmc(

tests/test_cli_canonical_smoothing.py::test_dmc_canonical_only_matches_tl_dmc
  /scratch/epykit-calibration-fresh_20261007/tests/test_cli_canonical_smoothing.py:135: FutureWarning: The 'log2_odds_ratio' column is deprecated and is slated for removal in a future major release. Use 'log2_odds_ratio_pooled' for pooled-count tests (lr, fisher) or 'coef_treatment_log2' for the glm backend, or log2_odds_ratio_bb for the beta_binomial engine. The transitional column is NaN-filled.
    ep.tl.dmc(

tests/test_cli_canonical_smoothing.py: 4 warnings
tests/test_export_csv.py: 7 warnings
  /scratch/epykit-calibration-fresh_20261007/src/epykit/cli/_dmc.py:105: UserWarning: Union mode (the default) + min_samples_*=0 will test sites covered in only one sample per group. Recommended: --min-samples-treatment 2 --min-samples-control 2, or pass --unite to restrict to sites covered in all samples.
    _cli_n1_and_footgun_checks(args, unit="sites")

tests/test_cli_canonical_smoothing.py::test_dmc_smoothing_matches_tl_dmc
  /scratch/epykit-calibration-fresh_20261007/tests/test_cli_canonical_smoothing.py:184: FutureWarning: The 'log2_odds_ratio' column is deprecated and is slated for removal in a future major release. Use 'log2_odds_ratio_pooled' for pooled-count tests (lr, fisher) or 'coef_treatment_log2' for the glm backend, or log2_odds_ratio_bb for the beta_binomial engine. The transitional column is NaN-filled.
    ep.tl.dmc(md_api, smoothing=True, smoothing_span_bp=span, **common)

tests/test_cli_canonical_smoothing.py::test_dmc_smoothing_matches_tl_dmc
  /scratch/epykit-calibration-fresh_20261007/tests/test_cli_canonical_smoothing.py:186: FutureWarning: The 'log2_odds_ratio' column is deprecated and is slated for removal in a future major release. Use 'log2_odds_ratio_pooled' for pooled-count tests (lr, fisher) or 'coef_treatment_log2' for the glm backend, or log2_odds_ratio_bb for the beta_binomial engine. The transitional column is NaN-filled.
    ep.tl.dmc(md_api, **common)

tests/test_cli_canonical_smoothing.py::test_dmc_contrast_path_canonical_only_matches_tl_dmc
  /scratch/epykit-calibration-fresh_20261007/tests/test_cli_canonical_smoothing.py:212: FutureWarning: The 'log2_odds_ratio' column is deprecated and is slated for removal in a future major release. Use 'log2_odds_ratio_pooled' for pooled-count tests (lr, fisher) or 'coef_treatment_log2' for the glm backend, or log2_odds_ratio_bb for the beta_binomial engine. The transitional column is NaN-filled.
    ep.tl.dmc(md_api, formula="~ group", contrast="group", canonical_only=True, tsv=False)

tests/test_cli_canonical_smoothing.py::test_dmc_contrast_path_canonical_only_matches_tl_dmc
  /scratch/epykit-calibration-fresh_20261007/src/epykit/cli/_dmc.py:80: FutureWarning: The 'log2_odds_ratio' column is deprecated and is slated for removal in a future major release. Use 'log2_odds_ratio_pooled' for pooled-count tests (lr, fisher) or 'coef_treatment_log2' for the glm backend, or log2_odds_ratio_bb for the beta_binomial engine. The transitional column is NaN-filled.
    _tl.dmc(

tests/test_cli_canonical_smoothing.py::test_dmr_tile_canonical_only_matches_tile_caller
tests/test_cli_canonical_smoothing.py::test_dmr_tile_permutations_receive_the_canonical_list
  /scratch/epykit-calibration-fresh_20261007/src/epykit/cli/_dmr.py:98: UserWarning: Union mode (the default) + min_samples_*=0 will test tiles covered in only one sample per group. Recommended: --min-samples-treatment 2 --min-samples-control 2, or pass --unite to restrict to sites covered in all samples.
    _cli_n1_and_footgun_checks(args, unit="tiles")

tests/test_cli_canonical_smoothing.py::test_dmc_smoothing_rejected_after_allow_n1_resolves_to_fisher
  /scratch/epykit-calibration-fresh_20261007/src/epykit/cli/_dmc.py:105: UserWarning: n=1 per group with --allow-n1: resolving --test to 'fisher' (pooled Fisher exact) -- the lr engine has no n=1 fallback. Fisher is anti-conservative; do not trust borderline calls.
    _cli_n1_and_footgun_checks(args, unit="sites")

tests/test_combined_strand_bed.py::test_combined_strand_bed_end_to_end_dmc
  /scratch/epykit-calibration-fresh_20261007/tests/test_combined_strand_bed.py:124: FutureWarning: The 'log2_odds_ratio' column is deprecated and is slated for removal in a future major release. Use 'log2_odds_ratio_pooled' for pooled-count tests (lr, fisher) or 'coef_treatment_log2' for the glm backend, or log2_odds_ratio_bb for the beta_binomial engine. The transitional column is NaN-filled.
    ep.tl.dmc(md, test="lr")

tests/test_compute_backends.py::test_dmc_sequential_backend_returns_results
  /scratch/epykit-calibration-fresh_20261007/tests/test_compute_backends.py:99: FutureWarning: The 'log2_odds_ratio' column is deprecated and is slated for removal in a future major release. Use 'log2_odds_ratio_pooled' for pooled-count tests (lr, fisher) or 'coef_treatment_log2' for the glm backend, or log2_odds_ratio_bb for the beta_binomial engine. The transitional column is NaN-filled.
    ep.tl.dmc(md, test="lr", backend=backend, n_workers=2)

tests/test_compute_backends.py::test_dmc_dask_matches_sequential
  /scratch/epykit-calibration-fresh_20261007/tests/test_compute_backends.py:118: PytestDeprecationWarning: 
  Module 'dask.distributed' was found, but when imported by pytest it raised:
      ImportError('dask.distributed is not installed.\n\nPlease either conda or pip install distributed:\n\n  conda install dask distributed             # either conda install\n  python -m pip install "dask[distributed]" --upgrade    # or pip install')
  In pytest 9.1 this warning will become an error by default.
  You can fix the underlying problem, or alternatively overwrite this behavior and silence this warning by passing exc_type=ImportError explicitly.
  See https://docs.pytest.org/en/stable/deprecations.html#pytest-importorskip-default-behavior-regarding-importerror
    pytest.importorskip("dask.distributed")

tests/test_dmc_eb_dispersion.py::test_eb_default_does_not_crush_pvalues_at_modest_statistics
  /scratch/epykit-calibration-fresh_20261007/tests/test_dmc_eb_dispersion.py:102: FutureWarning: The 'log2_odds_ratio' column is deprecated and is slated for removal in a future major release. Use 'log2_odds_ratio_pooled' for pooled-count tests (lr, fisher) or 'coef_treatment_log2' for the glm backend, or log2_odds_ratio_bb for the beta_binomial engine. The transitional column is NaN-filled.
    ep.tl.dmc(md, test="lr", dispersion="eb", reference="adaptive")

tests/test_dmc_empirical_fdr.py::test_empirical_fdr_columns_present_and_in_range
  /scratch/epykit-calibration-fresh_20261007/tests/test_dmc_empirical_fdr.py:48: FutureWarning: The 'log2_odds_ratio' column is deprecated and is slated for removal in a future major release. Use 'log2_odds_ratio_pooled' for pooled-count tests (lr, fisher) or 'coef_treatment_log2' for the glm backend, or log2_odds_ratio_bb for the beta_binomial engine. The transitional column is NaN-filled.
    ep.tl.dmc(md, test="lr", empirical_fdr=True, n_perm=10, perm_seed=11)

tests/test_dmc_empirical_fdr.py::test_empirical_fdr_tracks_asymptotic_on_null_sites
  /scratch/epykit-calibration-fresh_20261007/tests/test_dmc_empirical_fdr.py:93: FutureWarning: The 'log2_odds_ratio' column is deprecated and is slated for removal in a future major release. Use 'log2_odds_ratio_pooled' for pooled-count tests (lr, fisher) or 'coef_treatment_log2' for the glm backend, or log2_odds_ratio_bb for the beta_binomial engine. The transitional column is NaN-filled.
    ep.tl.dmc(md, test="lr", empirical_fdr=True, n_perm=10, perm_seed=21)

tests/test_dmc_lr.py::test_lr_meth_diff_ci_is_asymmetric_near_boundary
  /scratch/epykit-calibration-fresh_20261007/tests/test_dmc_lr.py:66: FutureWarning: The 'log2_odds_ratio' column is deprecated and is slated for removal in a future major release. Use 'log2_odds_ratio_pooled' for pooled-count tests (lr, fisher) or 'coef_treatment_log2' for the glm backend, or log2_odds_ratio_bb for the beta_binomial engine. The transitional column is NaN-filled.
    ep.tl.dmc(md, test="lr")

tests/test_dmc_metadata.py::test_main_path_writes_canonical_record
  /scratch/epykit-calibration-fresh_20261007/tests/test_dmc_metadata.py:149: FutureWarning: The 'log2_odds_ratio' column is deprecated and is slated for removal in a future major release. Use 'log2_odds_ratio_pooled' for pooled-count tests (lr, fisher) or 'coef_treatment_log2' for the glm backend, or log2_odds_ratio_bb for the beta_binomial engine. The transitional column is NaN-filled.
    ep.tl.dmc(md, test="lr", tsv=False)

tests/test_dmc_metadata.py::test_resume_hit_path_writes_canonical_record
  /scratch/epykit-calibration-fresh_20261007/tests/test_dmc_metadata.py:169: FutureWarning: The 'log2_odds_ratio' column is deprecated and is slated for removal in a future major release. Use 'log2_odds_ratio_pooled' for pooled-count tests (lr, fisher) or 'coef_treatment_log2' for the glm backend, or log2_odds_ratio_bb for the beta_binomial engine. The transitional column is NaN-filled.
    ep.tl.dmc(md, test="lr", resumable=True, tsv=False)

tests/test_dmc_metadata.py::test_resume_hit_path_writes_canonical_record
  /scratch/epykit-calibration-fresh_20261007/tests/test_dmc_metadata.py:172: FutureWarning: The 'log2_odds_ratio' column is deprecated and is slated for removal in a future major release. Use 'log2_odds_ratio_pooled' for pooled-count tests (lr, fisher) or 'coef_treatment_log2' for the glm backend, or log2_odds_ratio_bb for the beta_binomial engine. The transitional column is NaN-filled.
    ep.tl.dmc(md, test="lr", resumable=True, tsv=False)

tests/test_dmc_metadata.py::test_contrast_path_writes_canonical_record
  /scratch/epykit-calibration-fresh_20261007/tests/test_dmc_metadata.py:211: FutureWarning: The 'log2_odds_ratio' column is deprecated and is slated for removal in a future major release. Use 'log2_odds_ratio_pooled' for pooled-count tests (lr, fisher) or 'coef_treatment_log2' for the glm backend, or log2_odds_ratio_bb for the beta_binomial engine. The transitional column is NaN-filled.
    ep.tl.dmc(md, formula="~ group", contrast="group", tsv=False)

tests/test_dmc_metadata.py::test_contrast_path_ignores_power_stack_with_a_notice
  /scratch/epykit-calibration-fresh_20261007/tests/test_dmc_metadata.py:270: FutureWarning: The 'log2_odds_ratio' column is deprecated and is slated for removal in a future major release. Use 'log2_odds_ratio_pooled' for pooled-count tests (lr, fisher) or 'coef_treatment_log2' for the glm backend, or log2_odds_ratio_bb for the beta_binomial engine. The transitional column is NaN-filled.
    ep.tl.dmc(md, formula="~ group", contrast="group", tsv=False)

tests/test_dmc_metadata.py::test_contrast_path_ignores_power_stack_with_a_notice
  /scratch/epykit-calibration-fresh_20261007/tests/test_dmc_metadata.py:275: FutureWarning: The 'log2_odds_ratio' column is deprecated and is slated for removal in a future major release. Use 'log2_odds_ratio_pooled' for pooled-count tests (lr, fisher) or 'coef_treatment_log2' for the glm backend, or log2_odds_ratio_bb for the beta_binomial engine. The transitional column is NaN-filled.
    ep.tl.dmc(md, formula="~ group", contrast="group", power_stack="lr+", tsv=False)

tests/test_dmc_metadata.py::test_engine_emits_canonical_columns[lr-kwargs0]
tests/test_dmc_metadata.py::test_engine_emits_canonical_columns[welch_t-kwargs1]
tests/test_dmc_metadata.py::test_engine_emits_canonical_columns[glm-kwargs2]
  /scratch/epykit-calibration-fresh_20261007/tests/test_dmc_metadata.py:329: FutureWarning: The 'log2_odds_ratio' column is deprecated and is slated for removal in a future major release. Use 'log2_odds_ratio_pooled' for pooled-count tests (lr, fisher) or 'coef_treatment_log2' for the glm backend, or log2_odds_ratio_bb for the beta_binomial engine. The transitional column is NaN-filled.
    ep.tl.dmc(md, test=engine, tsv=False, **kwargs)

tests/test_dmc_metadata.py::test_fisher_emits_canonical_columns
  /scratch/epykit-calibration-fresh_20261007/tests/test_dmc_metadata.py:335: FutureWarning: The 'log2_odds_ratio' column is deprecated and is slated for removal in a future major release. Use 'log2_odds_ratio_pooled' for pooled-count tests (lr, fisher) or 'coef_treatment_log2' for the glm backend, or log2_odds_ratio_bb for the beta_binomial engine. The transitional column is NaN-filled.
    ep.tl.dmc(md_n1, test="fisher", allow_n1=True, tsv=False)

tests/test_dmc_multigroup.py::test_multigroup_factor_joint_test
  /scratch/epykit-calibration-fresh_20261007/tests/test_dmc_multigroup.py:94: FutureWarning: The 'log2_odds_ratio' column is deprecated and is slated for removal in a future major release. Use 'log2_odds_ratio_pooled' for pooled-count tests (lr, fisher) or 'coef_treatment_log2' for the glm backend, or log2_odds_ratio_bb for the beta_binomial engine. The transitional column is NaN-filled.
    ep.tl.dmc(md, formula="~ group", contrast="group")

tests/test_dmc_multigroup.py::test_continuous_covariate_primary
  /scratch/epykit-calibration-fresh_20261007/tests/test_dmc_multigroup.py:150: FutureWarning: The 'log2_odds_ratio' column is deprecated and is slated for removal in a future major release. Use 'log2_odds_ratio_pooled' for pooled-count tests (lr, fisher) or 'coef_treatment_log2' for the glm backend, or log2_odds_ratio_bb for the beta_binomial engine. The transitional column is NaN-filled.
    ep.tl.dmc(md, formula="~ age", contrast="age")

tests/test_dmc_multigroup.py::test_contrast_honors_fdr_method
  /scratch/epykit-calibration-fresh_20261007/tests/test_dmc_multigroup.py:231: FutureWarning: The 'log2_odds_ratio' column is deprecated and is slated for removal in a future major release. Use 'log2_odds_ratio_pooled' for pooled-count tests (lr, fisher) or 'coef_treatment_log2' for the glm backend, or log2_odds_ratio_bb for the beta_binomial engine. The transitional column is NaN-filled.
    ep.tl.dmc(md, formula="~ group", contrast="group", fdr_method="fdr_bh")

tests/test_dmc_multigroup.py::test_contrast_honors_fdr_method
  /scratch/epykit-calibration-fresh_20261007/tests/test_dmc_multigroup.py:239: FutureWarning: The 'log2_odds_ratio' column is deprecated and is slated for removal in a future major release. Use 'log2_odds_ratio_pooled' for pooled-count tests (lr, fisher) or 'coef_treatment_log2' for the glm backend, or log2_odds_ratio_bb for the beta_binomial engine. The transitional column is NaN-filled.
    ep.tl.dmc(md, formula="~ group", contrast="group", fdr_method="fdr_by")

tests/test_dmc_smooth_dispersion.py::test_dmc_smoothing_runs_and_records_metadata
  /scratch/epykit-calibration-fresh_20261007/tests/test_dmc_smooth_dispersion.py:204: FutureWarning: The 'log2_odds_ratio' column is deprecated and is slated for removal in a future major release. Use 'log2_odds_ratio_pooled' for pooled-count tests (lr, fisher) or 'coef_treatment_log2' for the glm backend, or log2_odds_ratio_bb for the beta_binomial engine. The transitional column is NaN-filled.
    ep.tl.dmc(md, test="lr", smoothing=True, smoothing_span_bp=500)

tests/test_dmc_smooth_dispersion.py::test_dmc_smoothing_off_records_metadata
  /scratch/epykit-calibration-fresh_20261007/tests/test_dmc_smooth_dispersion.py:216: FutureWarning: The 'log2_odds_ratio' column is deprecated and is slated for removal in a future major release. Use 'log2_odds_ratio_pooled' for pooled-count tests (lr, fisher) or 'coef_treatment_log2' for the glm backend, or log2_odds_ratio_bb for the beta_binomial engine. The transitional column is NaN-filled.
    ep.tl.dmc(md, test="lr", smoothing=False)

tests/test_dmc_smooth_dispersion.py::test_dmc_smoothing_does_not_collide_with_unsmoothed_cache
  /scratch/epykit-calibration-fresh_20261007/tests/test_dmc_smooth_dispersion.py:225: FutureWarning: The 'log2_odds_ratio' column is deprecated and is slated for removal in a future major release. Use 'log2_odds_ratio_pooled' for pooled-count tests (lr, fisher) or 'coef_treatment_log2' for the glm backend, or log2_odds_ratio_bb for the beta_binomial engine. The transitional column is NaN-filled.
    ep.tl.dmc(md, test="lr", smoothing=False)

tests/test_dmc_smooth_dispersion.py::test_dmc_smoothing_does_not_collide_with_unsmoothed_cache
  /scratch/epykit-calibration-fresh_20261007/tests/test_dmc_smooth_dispersion.py:229: FutureWarning: The 'log2_odds_ratio' column is deprecated and is slated for removal in a future major release. Use 'log2_odds_ratio_pooled' for pooled-count tests (lr, fisher) or 'coef_treatment_log2' for the glm backend, or log2_odds_ratio_bb for the beta_binomial engine. The transitional column is NaN-filled.
    ep.tl.dmc(md, test="lr", smoothing=True, smoothing_span_bp=500)

tests/test_dmc_smooth_dispersion.py::test_dmc_smoothing_output_schema_matches_unsmoothed
  /scratch/epykit-calibration-fresh_20261007/tests/test_dmc_smooth_dispersion.py:245: FutureWarning: The 'log2_odds_ratio' column is deprecated and is slated for removal in a future major release. Use 'log2_odds_ratio_pooled' for pooled-count tests (lr, fisher) or 'coef_treatment_log2' for the glm backend, or log2_odds_ratio_bb for the beta_binomial engine. The transitional column is NaN-filled.
    ep.tl.dmc(md, test="lr", smoothing=False)

tests/test_dmc_smooth_dispersion.py::test_dmc_smoothing_output_schema_matches_unsmoothed
  /scratch/epykit-calibration-fresh_20261007/tests/test_dmc_smooth_dispersion.py:248: FutureWarning: The 'log2_odds_ratio' column is deprecated and is slated for removal in a future major release. Use 'log2_odds_ratio_pooled' for pooled-count tests (lr, fisher) or 'coef_treatment_log2' for the glm backend, or log2_odds_ratio_bb for the beta_binomial engine. The transitional column is NaN-filled.
    ep.tl.dmc(md, test="lr", smoothing=True)

tests/test_dmc_smooth_dispersion.py::test_use_smoothed_emits_deprecation_warning
  /scratch/epykit-calibration-fresh_20261007/tests/test_dmc_smooth_dispersion.py:259: FutureWarning: The 'log2_odds_ratio' column is deprecated and is slated for removal in a future major release. Use 'log2_odds_ratio_pooled' for pooled-count tests (lr, fisher) or 'coef_treatment_log2' for the glm backend, or log2_odds_ratio_bb for the beta_binomial engine. The transitional column is NaN-filled.
    ep.tl.dmc(md, test="lr", use_smoothed=True)

tests/test_dmc_stages.py::test_open_input_store_builds_and_removes_the_smoothed_store
tests/test_dmc_stages.py::test_open_input_store_builds_and_removes_the_smoothed_store
  /scratch/epykit-calibration-fresh_20261007/src/epykit/_smoothed_store.py:116: RuntimeWarning: invalid value encountered in cast
    np.round(beta * cov).astype(np.int64),

tests/test_dmc_stages.py::test_materialize_false_never_assembles_the_table
  /scratch/epykit-calibration-fresh_20261007/tests/test_dmc_stages.py:207: FutureWarning: The 'log2_odds_ratio' column is deprecated and is slated for removal in a future major release. Use 'log2_odds_ratio_pooled' for pooled-count tests (lr, fisher) or 'coef_treatment_log2' for the glm backend, or log2_odds_ratio_bb for the beta_binomial engine. The transitional column is NaN-filled.
    ep.tl.dmc(md, test="lr", materialize=False)

tests/test_dmc_streaming_store.py::test_materialize_true_default_populates_varm
  /scratch/epykit-calibration-fresh_20261007/tests/test_dmc_streaming_store.py:145: FutureWarning: The 'log2_odds_ratio' column is deprecated and is slated for removal in a future major release. Use 'log2_odds_ratio_pooled' for pooled-count tests (lr, fisher) or 'coef_treatment_log2' for the glm backend, or log2_odds_ratio_bb for the beta_binomial engine. The transitional column is NaN-filled.
    ep.tl.dmc(md, test="lr", tsv=False)

tests/test_dmc_streaming_store.py::test_materialize_false_keeps_only_store
  /scratch/epykit-calibration-fresh_20261007/tests/test_dmc_streaming_store.py:165: FutureWarning: The 'log2_odds_ratio' column is deprecated and is slated for removal in a future major release. Use 'log2_odds_ratio_pooled' for pooled-count tests (lr, fisher) or 'coef_treatment_log2' for the glm backend, or log2_odds_ratio_bb for the beta_binomial engine. The transitional column is NaN-filled.
    ep.tl.dmc(md, test="lr", materialize=False)

tests/test_dmc_streaming_store.py::test_materialize_false_dmr_equivalent
  /scratch/epykit-calibration-fresh_20261007/tests/test_dmc_streaming_store.py:188: FutureWarning: The 'log2_odds_ratio' column is deprecated and is slated for removal in a future major release. Use 'log2_odds_ratio_pooled' for pooled-count tests (lr, fisher) or 'coef_treatment_log2' for the glm backend, or log2_odds_ratio_bb for the beta_binomial engine. The transitional column is NaN-filled.
    ep.tl.dmc(md, test="lr", materialize=False)

tests/test_dmc_streaming_store.py::test_materialize_false_dmr_equivalent
  /scratch/epykit-calibration-fresh_20261007/tests/test_dmc_streaming_store.py:194: FutureWarning: The 'log2_odds_ratio' column is deprecated and is slated for removal in a future major release. Use 'log2_odds_ratio_pooled' for pooled-count tests (lr, fisher) or 'coef_treatment_log2' for the glm backend, or log2_odds_ratio_bb for the beta_binomial engine. The transitional column is NaN-filled.
    ep.tl.dmc(md, test="lr", materialize=True, tsv=False)

tests/test_dmr_chain_merge.py::test_tl_dmr_method_chain_merge
  /scratch/epykit-calibration-fresh_20261007/tests/test_dmr_chain_merge.py:287: FutureWarning: The 'log2_odds_ratio' column is deprecated and is slated for removal in a future major release. Use 'log2_odds_ratio_pooled' for pooled-count tests (lr, fisher) or 'coef_treatment_log2' for the glm backend, or log2_odds_ratio_bb for the beta_binomial engine. The transitional column is NaN-filled.
    ep.tl.dmc(md, test="lr")

tests/test_dmr_chain_merge.py::test_tl_dmr_unknown_method_message_includes_chain_merge
  /scratch/epykit-calibration-fresh_20261007/tests/test_dmr_chain_merge.py:307: FutureWarning: The 'log2_odds_ratio' column is deprecated and is slated for removal in a future major release. Use 'log2_odds_ratio_pooled' for pooled-count tests (lr, fisher) or 'coef_treatment_log2' for the glm backend, or log2_odds_ratio_bb for the beta_binomial engine. The transitional column is NaN-filled.
    ep.tl.dmc(md, test="lr")

tests/test_dmr_empirical_fdr.py::test_n_one_each_raises
  /scratch/epykit-calibration-fresh_20261007/tests/test_dmr_empirical_fdr.py:31: FutureWarning: The 'log2_odds_ratio' column is deprecated and is slated for removal in a future major release. Use 'log2_odds_ratio_pooled' for pooled-count tests (lr, fisher) or 'coef_treatment_log2' for the glm backend, or log2_odds_ratio_bb for the beta_binomial engine. The transitional column is NaN-filled.
    ep.tl.dmc(md, test="fisher", allow_n1=True)

tests/test_dmr_empirical_fdr.py::test_n_one_each_raises
  /scratch/epykit-calibration-fresh_20261007/src/epykit/tl.py:1129: UserWarning: n<2 per group: falling back to Fisher exact on pooled reads. Between-replicate variance is ignored and p-values are anti-conservative.
    _auto_test(md, design=design, covariates=covariates, allow_n1=allow_n1)

tests/test_dmr_empirical_fdr.py::test_paired_design_shuffles_within_strata
  /scratch/epykit-calibration-fresh_20261007/tests/test_dmr_empirical_fdr.py:48: FutureWarning: The 'log2_odds_ratio' column is deprecated and is slated for removal in a future major release. Use 'log2_odds_ratio_pooled' for pooled-count tests (lr, fisher) or 'coef_treatment_log2' for the glm backend, or log2_odds_ratio_bb for the beta_binomial engine. The transitional column is NaN-filled.
    ep.tl.dmc(md, test="lr")

tests/test_dmr_hmm.py::test_dmr_method_hmm_raises
  /scratch/epykit-calibration-fresh_20261007/tests/test_dmr_hmm.py:93: FutureWarning: The 'log2_odds_ratio' column is deprecated and is slated for removal in a future major release. Use 'log2_odds_ratio_pooled' for pooled-count tests (lr, fisher) or 'coef_treatment_log2' for the glm backend, or log2_odds_ratio_bb for the beta_binomial engine. The transitional column is NaN-filled.
    ep.tl.dmc(md, test="lr")

tests/test_dmr_hmm.py::test_dmr_method_segment_still_works
  /scratch/epykit-calibration-fresh_20261007/tests/test_dmr_hmm.py:101: FutureWarning: The 'log2_odds_ratio' column is deprecated and is slated for removal in a future major release. Use 'log2_odds_ratio_pooled' for pooled-count tests (lr, fisher) or 'coef_treatment_log2' for the glm backend, or log2_odds_ratio_bb for the beta_binomial engine. The transitional column is NaN-filled.
    ep.tl.dmc(md, test="lr")

tests/test_dmr_min_cpgs_parity.py::test_tl_dmr_chain_merge_preset_min_cpgs_not_suppressed
  /scratch/epykit-calibration-fresh_20261007/tests/test_dmr_min_cpgs_parity.py:123: FutureWarning: The 'log2_odds_ratio' column is deprecated and is slated for removal in a future major release. Use 'log2_odds_ratio_pooled' for pooled-count tests (lr, fisher) or 'coef_treatment_log2' for the glm backend, or log2_odds_ratio_bb for the beta_binomial engine. The transitional column is NaN-filled.
    ep.tl.dmc(md, test="lr")

tests/test_dmr_min_cpgs_parity.py::test_tl_dmr_chain_merge_bare_default_preserved
  /scratch/epykit-calibration-fresh_20261007/tests/test_dmr_min_cpgs_parity.py:138: FutureWarning: The 'log2_odds_ratio' column is deprecated and is slated for removal in a future major release. Use 'log2_odds_ratio_pooled' for pooled-count tests (lr, fisher) or 'coef_treatment_log2' for the glm backend, or log2_odds_ratio_bb for the beta_binomial engine. The transitional column is NaN-filled.
    ep.tl.dmc(md, test="lr")

tests/test_dmr_min_cpgs_parity.py::test_cli_api_bare_chain_merge_parity
  /scratch/epykit-calibration-fresh_20261007/tests/test_dmr_min_cpgs_parity.py:266: FutureWarning: The 'log2_odds_ratio' column is deprecated and is slated for removal in a future major release. Use 'log2_odds_ratio_pooled' for pooled-count tests (lr, fisher) or 'coef_treatment_log2' for the glm backend, or log2_odds_ratio_bb for the beta_binomial engine. The transitional column is NaN-filled.
    ep.tl.dmc(md, test="lr")

tests/test_dmr_min_cpgs_parity.py::test_tl_dmr_invalid_preset_friendly_error
  /scratch/epykit-calibration-fresh_20261007/tests/test_dmr_min_cpgs_parity.py:283: FutureWarning: The 'log2_odds_ratio' column is deprecated and is slated for removal in a future major release. Use 'log2_odds_ratio_pooled' for pooled-count tests (lr, fisher) or 'coef_treatment_log2' for the glm backend, or log2_odds_ratio_bb for the beta_binomial engine. The transitional column is NaN-filled.
    ep.tl.dmc(md, test="lr")

tests/test_dmr_region_fdr_mode.py::test_region_mode_significant_where_maxt_saturates
tests/test_dmr_region_fdr_mode.py::test_region_distinguishes_failed_empty_and_excluded
tests/test_dmr_region_fdr_mode.py::test_region_zero_usable_assignments_returns_nan_with_warning
tests/test_dmr_region_fdr_mode.py::test_region_preserves_nonfinite_observed_as_nan
tests/test_dmr_region_fdr_mode.py::test_missing_observed_statistics_do_not_lower_region_fdr[nan]
tests/test_dmr_region_fdr_mode.py::test_missing_observed_statistics_do_not_lower_region_fdr[inf]
tests/test_dmr_region_fdr_mode.py::test_missing_observed_statistics_do_not_lower_region_fdr[-inf]
tests/test_dmr_region_fdr_mode.py::test_missing_observed_statistics_do_not_lower_region_fdr[None]
tests/test_dmr_region_fdr_mode.py::test_region_fdr_is_undefined_without_finite_observed_statistics
  /scratch/epykit-calibration-fresh_20261007/tests/test_dmr_region_fdr_mode.py:50: UserWarning: empirical_fdr_for_dmr: permutation FDR at n=3 per group is underpowered. Only a handful of distinct label assignments exist and draws adjacent to the true split leak signal into the null, so the empirical FDR is conservative (biased high). Treat the result as a floor.
    return dmr_mod.empirical_fdr_for_dmr(

tests/test_dmr_segment.py::test_call_dmr_rule_segment_emits_finite_pvalues
  /scratch/epykit-calibration-fresh_20261007/tests/test_dmr_segment.py:20: FutureWarning: The 'log2_odds_ratio' column is deprecated and is slated for removal in a future major release. Use 'log2_odds_ratio_pooled' for pooled-count tests (lr, fisher) or 'coef_treatment_log2' for the glm backend, or log2_odds_ratio_bb for the beta_binomial engine. The transitional column is NaN-filled.
    ep.tl.dmc(md, test="lr")

tests/test_dvr.py::test_dvc_writes_expected_schema
tests/test_export_csv.py::test_tl_dvc_tsv_kwarg_writes_file
  /scratch/epykit-calibration-fresh_20261007/src/epykit/tl.py:1742: UserWarning: DVC test='bartlett' is a deprecated alias: Bartlett's test is not implemented and Brown-Forsythe (median-centred Levene) is run instead. Pass test='brown_forsythe' to silence this.
    result = process_chromosomes_dvc(

tests/test_empirical_fdr_method_coverage.py::test_non_tile_empirical_fdr_raises_notimplemented[sliding_window]
tests/test_empirical_fdr_method_coverage.py::test_non_tile_empirical_fdr_raises_notimplemented[segment]
tests/test_empirical_fdr_method_coverage.py::test_tile_empirical_fdr_still_works
tests/test_empirical_fdr_method_coverage.py::test_tile_region_mode_records_set_estimate
tests/test_empirical_fdr_method_coverage.py::test_chain_merge_empirical_fdr_admitted_in_api
tests/test_empirical_fdr_method_coverage.py::test_tile_empirical_fdr_propagates_merge_adjacent_and_backend
  /scratch/epykit-calibration-fresh_20261007/tests/test_empirical_fdr_method_coverage.py:23: FutureWarning: The 'log2_odds_ratio' column is deprecated and is slated for removal in a future major release. Use 'log2_odds_ratio_pooled' for pooled-count tests (lr, fisher) or 'coef_treatment_log2' for the glm backend, or log2_odds_ratio_bb for the beta_binomial engine. The transitional column is NaN-filled.
    ep.tl.dmc(md, test="lr")

tests/test_export.py::test_dmcs_to_bed
  /scratch/epykit-calibration-fresh_20261007/tests/test_export.py:89: FutureWarning: The 'log2_odds_ratio' column is deprecated and is slated for removal in a future major release. Use 'log2_odds_ratio_pooled' for pooled-count tests (lr, fisher) or 'coef_treatment_log2' for the glm backend, or log2_odds_ratio_bb for the beta_binomial engine. The transitional column is NaN-filled.
    ep.tl.dmc(synth_md_filtered, test="lr")

tests/test_export.py::test_dmrs_to_bed
  /scratch/epykit-calibration-fresh_20261007/tests/test_export.py:111: FutureWarning: The 'log2_odds_ratio' column is deprecated and is slated for removal in a future major release. Use 'log2_odds_ratio_pooled' for pooled-count tests (lr, fisher) or 'coef_treatment_log2' for the glm backend, or log2_odds_ratio_bb for the beta_binomial engine. The transitional column is NaN-filled.
    ep.tl.dmc(synth_md_filtered, test="lr")

tests/test_export_csv.py::test_tl_dmc_tsv_kwarg_writes_file
  /scratch/epykit-calibration-fresh_20261007/tests/test_export_csv.py:319: FutureWarning: The 'log2_odds_ratio' column is deprecated and is slated for removal in a future major release. Use 'log2_odds_ratio_pooled' for pooled-count tests (lr, fisher) or 'coef_treatment_log2' for the glm backend, or log2_odds_ratio_bb for the beta_binomial engine. The transitional column is NaN-filled.
    ep.tl.dmc(synth_md_filtered, test="lr", tsv=str(out))

tests/test_export_csv.py::test_tl_dmc_tsv_full_writes_every_row
  /scratch/epykit-calibration-fresh_20261007/tests/test_export_csv.py:330: FutureWarning: The 'log2_odds_ratio' column is deprecated and is slated for removal in a future major release. Use 'log2_odds_ratio_pooled' for pooled-count tests (lr, fisher) or 'coef_treatment_log2' for the glm backend, or log2_odds_ratio_bb for the beta_binomial engine. The transitional column is NaN-filled.
    ep.tl.dmc(synth_md_filtered, test="lr", tsv=str(full_out), tsv_full=True)

tests/test_export_csv.py::test_tl_dmr_tsv_kwarg_writes_file
  /scratch/epykit-calibration-fresh_20261007/tests/test_export_csv.py:348: FutureWarning: The 'log2_odds_ratio' column is deprecated and is slated for removal in a future major release. Use 'log2_odds_ratio_pooled' for pooled-count tests (lr, fisher) or 'coef_treatment_log2' for the glm backend, or log2_odds_ratio_bb for the beta_binomial engine. The transitional column is NaN-filled.
    ep.tl.dmc(synth_md_filtered, test="lr")

tests/test_export_csv.py::test_tl_dmc_csv_kwarg_is_deprecated_alias
  /scratch/epykit-calibration-fresh_20261007/tests/test_export_csv.py:371: FutureWarning: The 'log2_odds_ratio' column is deprecated and is slated for removal in a future major release. Use 'log2_odds_ratio_pooled' for pooled-count tests (lr, fisher) or 'coef_treatment_log2' for the glm backend, or log2_odds_ratio_bb for the beta_binomial engine. The transitional column is NaN-filled.
    ep.tl.dmc(synth_md_filtered, test="lr", csv=str(out))

tests/test_export_csv.py::test_tl_dmr_csv_kwarg_is_deprecated_alias
  /scratch/epykit-calibration-fresh_20261007/tests/test_export_csv.py:378: FutureWarning: The 'log2_odds_ratio' column is deprecated and is slated for removal in a future major release. Use 'log2_odds_ratio_pooled' for pooled-count tests (lr, fisher) or 'coef_treatment_log2' for the glm backend, or log2_odds_ratio_bb for the beta_binomial engine. The transitional column is NaN-filled.
    ep.tl.dmc(synth_md_filtered, test="lr")

tests/test_export_csv.py::test_tl_dmc_tsv_wins_when_both_given
  /scratch/epykit-calibration-fresh_20261007/tests/test_export_csv.py:390: FutureWarning: The 'log2_odds_ratio' column is deprecated and is slated for removal in a future major release. Use 'log2_odds_ratio_pooled' for pooled-count tests (lr, fisher) or 'coef_treatment_log2' for the glm backend, or log2_odds_ratio_bb for the beta_binomial engine. The transitional column is NaN-filled.
    ep.tl.dmc(synth_md_filtered, test="lr", tsv=str(tsv_out), csv=str(csv_out))

tests/test_export_csv.py::test_tl_dmc_auto_emits_to_analysis_root_by_default
  /scratch/epykit-calibration-fresh_20261007/tests/test_export_csv.py:400: FutureWarning: The 'log2_odds_ratio' column is deprecated and is slated for removal in a future major release. Use 'log2_odds_ratio_pooled' for pooled-count tests (lr, fisher) or 'coef_treatment_log2' for the glm backend, or log2_odds_ratio_bb for the beta_binomial engine. The transitional column is NaN-filled.
    ep.tl.dmc(synth_md_filtered, test="lr")  # no tsv= -> auto-emit

tests/test_export_csv.py::test_tl_dmc_tsv_false_disables_auto_emit
  /scratch/epykit-calibration-fresh_20261007/tests/test_export_csv.py:408: FutureWarning: The 'log2_odds_ratio' column is deprecated and is slated for removal in a future major release. Use 'log2_odds_ratio_pooled' for pooled-count tests (lr, fisher) or 'coef_treatment_log2' for the glm backend, or log2_odds_ratio_bb for the beta_binomial engine. The transitional column is NaN-filled.
    ep.tl.dmc(synth_md_filtered, test="lr", tsv=False)

tests/test_export_csv.py::test_tl_dmr_auto_emits_to_analysis_root_by_default
  /scratch/epykit-calibration-fresh_20261007/tests/test_export_csv.py:413: FutureWarning: The 'log2_odds_ratio' column is deprecated and is slated for removal in a future major release. Use 'log2_odds_ratio_pooled' for pooled-count tests (lr, fisher) or 'coef_treatment_log2' for the glm backend, or log2_odds_ratio_bb for the beta_binomial engine. The transitional column is NaN-filled.
    ep.tl.dmc(synth_md_filtered, test="lr", tsv=False)

tests/test_glm.py::test_reference_level_respected
  /scratch/epykit-calibration-fresh_20261007/tests/test_glm.py:55: FutureWarning: The 'log2_odds_ratio' column is deprecated and is slated for removal in a future major release. Use 'log2_odds_ratio_pooled' for pooled-count tests (lr, fisher) or 'coef_treatment_log2' for the glm backend, or log2_odds_ratio_bb for the beta_binomial engine. The transitional column is NaN-filled.
    ep.tl.dmc(md, test="glm", formula="~ group_ab", contrast="group_ab")

tests/test_glm.py::test_reference_level_respected
  /scratch/epykit-calibration-fresh_20261007/tests/test_glm.py:65: FutureWarning: The 'log2_odds_ratio' column is deprecated and is slated for removal in a future major release. Use 'log2_odds_ratio_pooled' for pooled-count tests (lr, fisher) or 'coef_treatment_log2' for the glm backend, or log2_odds_ratio_bb for the beta_binomial engine. The transitional column is NaN-filled.
    ep.tl.dmc(md, test="glm", formula="~ group_ab", contrast="group_ab",

tests/test_glm.py::test_glm_reports_covariate_adjusted_effect_and_ci
  /scratch/epykit-calibration-fresh_20261007/tests/test_glm.py:108: FutureWarning: The 'log2_odds_ratio' column is deprecated and is slated for removal in a future major release. Use 'log2_odds_ratio_pooled' for pooled-count tests (lr, fisher) or 'coef_treatment_log2' for the glm backend, or log2_odds_ratio_bb for the beta_binomial engine. The transitional column is NaN-filled.
    ep.tl.dmc(md, test="glm", formula="~ treatment + batch", contrast="treatment")

tests/test_glm.py::test_nonconverged_irls_sites_are_nan
  /scratch/epykit-calibration-fresh_20261007/tests/test_glm.py:192: FutureWarning: The 'log2_odds_ratio' column is deprecated and is slated for removal in a future major release. Use 'log2_odds_ratio_pooled' for pooled-count tests (lr, fisher) or 'coef_treatment_log2' for the glm backend, or log2_odds_ratio_bb for the beta_binomial engine. The transitional column is NaN-filled.
    ep.tl.dmc(md, test="glm", formula="~ treatment")

tests/test_guards.py::test_union_with_zero_min_samples_warns
  /scratch/epykit-calibration-fresh_20261007/tests/test_guards.py:100: FutureWarning: The 'log2_odds_ratio' column is deprecated and is slated for removal in a future major release. Use 'log2_odds_ratio_pooled' for pooled-count tests (lr, fisher) or 'coef_treatment_log2' for the glm backend, or log2_odds_ratio_bb for the beta_binomial engine. The transitional column is NaN-filled.
    ep.tl.dmc(synth_md, test="lr",

tests/test_guards.py::test_explicit_fisher_emits_user_warning
  /scratch/epykit-calibration-fresh_20261007/tests/test_guards.py:160: FutureWarning: The 'log2_odds_ratio' column is deprecated and is slated for removal in a future major release. Use 'log2_odds_ratio_pooled' for pooled-count tests (lr, fisher) or 'coef_treatment_log2' for the glm backend, or log2_odds_ratio_bb for the beta_binomial engine. The transitional column is NaN-filled.
    ep.tl.dmc(synth_md_filtered, test="fisher")

tests/test_guards.py::test_fisher_warning_fires_only_once_per_session
  /scratch/epykit-calibration-fresh_20261007/tests/test_guards.py:183: UserWarning: test='fisher' ignores between-replicate variance; p-values are anti-conservative. Prefer test='lr' at n >= 2.
    ep.tl.dmc(synth_md_filtered, test="fisher")  # primes the gate

tests/test_guards.py::test_fisher_warning_fires_only_once_per_session
  /scratch/epykit-calibration-fresh_20261007/src/epykit/_dmc_stages.py:388: UserWarning: test='fisher' pools reads across replicates; between-sample variance is ignored and p-values may be anti-conservative at WGBS coverage. Prefer test='lr' at n>=2 (quasi-binomial LR with MN dispersion).
    store = process_chromosomes_dmc(

tests/test_guards.py::test_fisher_warning_fires_only_once_per_session
  /scratch/epykit-calibration-fresh_20261007/tests/test_guards.py:183: FutureWarning: The 'log2_odds_ratio' column is deprecated and is slated for removal in a future major release. Use 'log2_odds_ratio_pooled' for pooled-count tests (lr, fisher) or 'coef_treatment_log2' for the glm backend, or log2_odds_ratio_bb for the beta_binomial engine. The transitional column is NaN-filled.
    ep.tl.dmc(synth_md_filtered, test="fisher")  # primes the gate

tests/test_interop_pack.py::test_mudata_round_trip_or_skip
tests/test_interop_pack.py::test_to_anndata_shape_default
tests/test_interop_pack.py::test_to_anndata_populate_layers_opt_in
tests/test_interop_pack.py::test_to_anndata_beta_in_unit_interval
  /scratch/epykit-calibration-fresh_20261007/src/epykit/anndata_io.py:137: DeprecationWarning: the `zero_copy_only` parameter for `Series.to_numpy` is deprecated. Use the `allow_copy` parameter instead, which is the inverse of `zero_copy_only`.
  (Deprecated in version 0.20.10)
    pl.scan_parquet(f"{chrom_dir}/part-*.parquet")

tests/test_interop_pack.py::test_mudata_round_trip_or_skip
tests/test_interop_pack.py::test_to_anndata_shape_default
tests/test_interop_pack.py::test_to_anndata_populate_layers_opt_in
tests/test_interop_pack.py::test_to_anndata_populate_layers_opt_in
tests/test_interop_pack.py::test_to_anndata_beta_in_unit_interval
  /scratch/epykit-calibration-fresh_20261007/src/epykit/anndata_io.py:282: DeprecationWarning: the `zero_copy_only` parameter for `Series.to_numpy` is deprecated. Use the `allow_copy` parameter instead, which is the inverse of `zero_copy_only`.
  (Deprecated in version 0.20.10)
    sample_positions = df["pos"].to_numpy(zero_copy_only=False)

tests/test_interop_pack.py::test_mudata_round_trip_or_skip
tests/test_interop_pack.py::test_to_anndata_shape_default
tests/test_interop_pack.py::test_to_anndata_populate_layers_opt_in
tests/test_interop_pack.py::test_to_anndata_populate_layers_opt_in
tests/test_interop_pack.py::test_to_anndata_beta_in_unit_interval
  /scratch/epykit-calibration-fresh_20261007/src/epykit/anndata_io.py:288: DeprecationWarning: the `zero_copy_only` parameter for `Series.to_numpy` is deprecated. Use the `allow_copy` parameter instead, which is the inverse of `zero_copy_only`.
  (Deprecated in version 0.20.10)
    values = df["value"].to_numpy(zero_copy_only=False)

tests/test_interop_pack.py::test_mudata_round_trip_or_skip
  /home/mlegrand/.local/lib/python3.10/site-packages/mudata/_core/mudata.py:1598: FutureWarning: From 0.4 .update() will not pull obs/var columns from individual modalities by default anymore. Set mudata.set_options(pull_on_update=False) to adopt the new behaviour, which will become the default. Use new pull_obs/pull_var and push_obs/push_var methods for more flexibility.
    self._update_attr("var", axis=0, join_common=join_common)

tests/test_interop_pack.py::test_mudata_round_trip_or_skip
  /home/mlegrand/.local/lib/python3.10/site-packages/mudata/_core/mudata.py:1461: FutureWarning: From 0.4 .update() will not pull obs/var columns from individual modalities by default anymore. Set mudata.set_options(pull_on_update=False) to adopt the new behaviour, which will become the default. Use new pull_obs/pull_var and push_obs/push_var methods for more flexibility.
    self._update_attr("obs", axis=1, join_common=join_common)

tests/test_lr_improvements.py::test_power_stack_auto_engages_all_four_at_any_n
  /scratch/epykit-calibration-fresh_20261007/tests/test_lr_improvements.py:227: FutureWarning: The 'log2_odds_ratio' column is deprecated and is slated for removal in a future major release. Use 'log2_odds_ratio_pooled' for pooled-count tests (lr, fisher) or 'coef_treatment_log2' for the glm backend, or log2_odds_ratio_bb for the beta_binomial engine. The transitional column is NaN-filled.
    ep.tl.dmc(md, test="lr", power_stack="auto")

tests/test_lr_improvements.py::test_power_stack_lr_plus_alias
  /scratch/epykit-calibration-fresh_20261007/tests/test_lr_improvements.py:244: FutureWarning: The 'log2_odds_ratio' column is deprecated and is slated for removal in a future major release. Use 'log2_odds_ratio_pooled' for pooled-count tests (lr, fisher) or 'coef_treatment_log2' for the glm backend, or log2_odds_ratio_bb for the beta_binomial engine. The transitional column is NaN-filled.
    ep.tl.dmc(md, test="lr", power_stack="lr+")

tests/test_lr_improvements.py::test_power_stack_conservative_preserves_pre_1_0_behavior
  /scratch/epykit-calibration-fresh_20261007/tests/test_lr_improvements.py:254: FutureWarning: The 'log2_odds_ratio' column is deprecated and is slated for removal in a future major release. Use 'log2_odds_ratio_pooled' for pooled-count tests (lr, fisher) or 'coef_treatment_log2' for the glm backend, or log2_odds_ratio_bb for the beta_binomial engine. The transitional column is NaN-filled.
    ep.tl.dmc(md_small, test="lr", power_stack="conservative")

tests/test_lr_improvements.py::test_power_stack_conservative_preserves_pre_1_0_behavior
  /scratch/epykit-calibration-fresh_20261007/tests/test_lr_improvements.py:255: FutureWarning: The 'log2_odds_ratio' column is deprecated and is slated for removal in a future major release. Use 'log2_odds_ratio_pooled' for pooled-count tests (lr, fisher) or 'coef_treatment_log2' for the glm backend, or log2_odds_ratio_bb for the beta_binomial engine. The transitional column is NaN-filled.
    ep.tl.dmc(md_large, test="lr", power_stack="conservative")

tests/test_lr_improvements.py::test_power_stack_off_leaves_knobs_at_user_values
  /scratch/epykit-calibration-fresh_20261007/tests/test_lr_improvements.py:267: FutureWarning: The 'log2_odds_ratio' column is deprecated and is slated for removal in a future major release. Use 'log2_odds_ratio_pooled' for pooled-count tests (lr, fisher) or 'coef_treatment_log2' for the glm backend, or log2_odds_ratio_bb for the beta_binomial engine. The transitional column is NaN-filled.
    ep.tl.dmc(md, test="lr", power_stack="off",

tests/test_lr_improvements.py::test_power_stack_true_is_lr_plus_alias
  /scratch/epykit-calibration-fresh_20261007/tests/test_lr_improvements.py:278: FutureWarning: The 'log2_odds_ratio' column is deprecated and is slated for removal in a future major release. Use 'log2_odds_ratio_pooled' for pooled-count tests (lr, fisher) or 'coef_treatment_log2' for the glm backend, or log2_odds_ratio_bb for the beta_binomial engine. The transitional column is NaN-filled.
    ep.tl.dmc(md, test="lr", power_stack=True)

tests/test_lr_improvements.py::test_power_stack_false_is_off_alias
  /scratch/epykit-calibration-fresh_20261007/tests/test_lr_improvements.py:287: FutureWarning: The 'log2_odds_ratio' column is deprecated and is slated for removal in a future major release. Use 'log2_odds_ratio_pooled' for pooled-count tests (lr, fisher) or 'coef_treatment_log2' for the glm backend, or log2_odds_ratio_bb for the beta_binomial engine. The transitional column is NaN-filled.
    ep.tl.dmc(md, test="lr", power_stack=False,

tests/test_lr_improvements.py::test_power_stack_default_is_off_no_breaking_change
  /scratch/epykit-calibration-fresh_20261007/tests/test_lr_improvements.py:308: FutureWarning: The 'log2_odds_ratio' column is deprecated and is slated for removal in a future major release. Use 'log2_odds_ratio_pooled' for pooled-count tests (lr, fisher) or 'coef_treatment_log2' for the glm backend, or log2_odds_ratio_bb for the beta_binomial engine. The transitional column is NaN-filled.
    ep.tl.dmc(md, test="lr")  # NO power_stack arg

tests/test_methyldata_roundtrip.py::test_dmcstore_backed_varm_round_trips_through_linked_chrom_files
  /scratch/epykit-calibration-fresh_20261007/tests/test_methyldata_roundtrip.py:60: FutureWarning: The 'log2_odds_ratio' column is deprecated and is slated for removal in a future major release. Use 'log2_odds_ratio_pooled' for pooled-count tests (lr, fisher) or 'coef_treatment_log2' for the glm backend, or log2_odds_ratio_bb for the beta_binomial engine. The transitional column is NaN-filled.
    ep.tl.dmc(md, test="lr", tsv=False)

tests/test_methyldata_roundtrip.py::test_pvalue_combined_table_falls_back_to_a_single_parquet
  /scratch/epykit-calibration-fresh_20261007/tests/test_methyldata_roundtrip.py:97: FutureWarning: The 'log2_odds_ratio' column is deprecated and is slated for removal in a future major release. Use 'log2_odds_ratio_pooled' for pooled-count tests (lr, fisher) or 'coef_treatment_log2' for the glm backend, or log2_odds_ratio_bb for the beta_binomial engine. The transitional column is NaN-filled.
    ep.tl.dmc(md, test="lr", neighbour_combine=True, tsv=False)

tests/test_neighbour_combine.py::test_neighbour_combine_does_not_overwrite_pvalue
  /scratch/epykit-calibration-fresh_20261007/tests/test_neighbour_combine.py:75: FutureWarning: The 'log2_odds_ratio' column is deprecated and is slated for removal in a future major release. Use 'log2_odds_ratio_pooled' for pooled-count tests (lr, fisher) or 'coef_treatment_log2' for the glm backend, or log2_odds_ratio_bb for the beta_binomial engine. The transitional column is NaN-filled.
    ep.tl.dmc(md, test="lr", neighbour_combine=False)

tests/test_neighbour_combine.py::test_neighbour_combine_does_not_overwrite_pvalue
  /scratch/epykit-calibration-fresh_20261007/tests/test_neighbour_combine.py:81: FutureWarning: The 'log2_odds_ratio' column is deprecated and is slated for removal in a future major release. Use 'log2_odds_ratio_pooled' for pooled-count tests (lr, fisher) or 'coef_treatment_log2' for the glm backend, or log2_odds_ratio_bb for the beta_binomial engine. The transitional column is NaN-filled.
    ep.tl.dmc(md, test="lr", neighbour_combine=True, neighbour_bp=500)

tests/test_neighbour_combine.py::test_empirical_fdr_uses_raw_p_under_neighbour_combine
  /scratch/epykit-calibration-fresh_20261007/tests/test_neighbour_combine.py:120: FutureWarning: The 'log2_odds_ratio' column is deprecated and is slated for removal in a future major release. Use 'log2_odds_ratio_pooled' for pooled-count tests (lr, fisher) or 'coef_treatment_log2' for the glm backend, or log2_odds_ratio_bb for the beta_binomial engine. The transitional column is NaN-filled.
    ep.tl.dmc(

tests/test_null_calibration.py::test_engine_not_anticonservative_under_null[lr-kwargs0]
tests/test_null_calibration.py::test_engine_not_anticonservative_under_null[welch_t-kwargs1]
tests/test_null_calibration.py::test_engine_not_anticonservative_under_null[glm-kwargs2]
  /scratch/epykit-calibration-fresh_20261007/tests/test_null_calibration.py:45: FutureWarning: The 'log2_odds_ratio' column is deprecated and is slated for removal in a future major release. Use 'log2_odds_ratio_pooled' for pooled-count tests (lr, fisher) or 'coef_treatment_log2' for the glm backend, or log2_odds_ratio_bb for the beta_binomial engine. The transitional column is NaN-filled.
    ep.tl.dmc(md, min_samples_treatment=0, min_samples_control=0, **dmc_kwargs)

tests/test_overdispersed_calibration.py::test_engine_not_anticonservative_overdispersed_store[glm-kwargs0]
tests/test_overdispersed_calibration.py::test_engine_not_anticonservative_overdispersed_store[welch_t-kwargs1]
  /scratch/epykit-calibration-fresh_20261007/tests/test_overdispersed_calibration.py:188: FutureWarning: The 'log2_odds_ratio' column is deprecated and is slated for removal in a future major release. Use 'log2_odds_ratio_pooled' for pooled-count tests (lr, fisher) or 'coef_treatment_log2' for the glm backend, or log2_odds_ratio_bb for the beta_binomial engine. The transitional column is NaN-filled.
    ep.tl.dmc(md, min_samples_treatment=0, min_samples_control=0, **kwargs)

tests/test_pl_annotation.py: 11 warnings
  /scratch/epykit-calibration-fresh_20261007/tests/test_pl_annotation.py:34: FutureWarning: The 'log2_odds_ratio' column is deprecated and is slated for removal in a future major release. Use 'log2_odds_ratio_pooled' for pooled-count tests (lr, fisher) or 'coef_treatment_log2' for the glm backend, or log2_odds_ratio_bb for the beta_binomial engine. The transitional column is NaN-filled.
    ep.tl.dmc(synth_md_filtered, test="lr")

tests/test_pl_annotation.py::test_compute_annotation_counts_list_col_dedupes
tests/test_pl_annotation.py::test_compute_coannotation_matrix_diagonal_matches_counts
  /scratch/epykit-calibration-fresh_20261007/src/epykit/pl/_compute.py:701: DeprecationWarning: In Polars 2.0, the default behavior for `empty_as_null` will change to `False`. To keep the current behavior, explicitly set `empty_as_null=True`.
    out = out.explode(annot_col).filter(pl.col(annot_col).is_not_null())

tests/test_plots.py::test_pl_volcano
tests/test_plots.py::test_pl_ma_plot
tests/test_plots.py::test_pl_manhattan
tests/test_plots.py::test_pl_coverage_histogram
tests/test_plots.py::test_pl_methylation_heatmap
tests/test_plots.py::test_pl_pca
tests/test_plots.py::test_pl_genomic_context_bar
tests/test_plots.py::test_pl_cpg_island_pie
  /scratch/epykit-calibration-fresh_20261007/tests/test_plots.py:29: FutureWarning: The 'log2_odds_ratio' column is deprecated and is slated for removal in a future major release. Use 'log2_odds_ratio_pooled' for pooled-count tests (lr, fisher) or 'coef_treatment_log2' for the glm backend, or log2_odds_ratio_bb for the beta_binomial engine. The transitional column is NaN-filled.
    ep.tl.dmc(synth_md_filtered, test="lr")

tests/test_power_stack_equivalence.py::test_power_stack_lr_plus_equals_explicit_knobs
  /scratch/epykit-calibration-fresh_20261007/tests/test_power_stack_equivalence.py:50: FutureWarning: The 'log2_odds_ratio' column is deprecated and is slated for removal in a future major release. Use 'log2_odds_ratio_pooled' for pooled-count tests (lr, fisher) or 'coef_treatment_log2' for the glm backend, or log2_odds_ratio_bb for the beta_binomial engine. The transitional column is NaN-filled.
    ep.tl.dmc(md_bundle, test="lr", power_stack="lr+")

tests/test_power_stack_equivalence.py::test_power_stack_lr_plus_equals_explicit_knobs
  /scratch/epykit-calibration-fresh_20261007/tests/test_power_stack_equivalence.py:52: FutureWarning: The 'log2_odds_ratio' column is deprecated and is slated for removal in a future major release. Use 'log2_odds_ratio_pooled' for pooled-count tests (lr, fisher) or 'coef_treatment_log2' for the glm backend, or log2_odds_ratio_bb for the beta_binomial engine. The transitional column is NaN-filled.
    ep.tl.dmc(

tests/test_report.py::test_report_partial_pipeline
  /scratch/epykit-calibration-fresh_20261007/tests/test_report.py:20: FutureWarning:
  
  The 'log2_odds_ratio' column is deprecated and is slated for removal in a future major release. Use 'log2_odds_ratio_pooled' for pooled-count tests (lr, fisher) or 'coef_treatment_log2' for the glm backend, or log2_odds_ratio_bb for the beta_binomial engine. The transitional column is NaN-filled.

tests/test_report.py::test_report_full_pipeline
  /scratch/epykit-calibration-fresh_20261007/tests/test_report.py:41: FutureWarning:
  
  The 'log2_odds_ratio' column is deprecated and is slated for removal in a future major release. Use 'log2_odds_ratio_pooled' for pooled-count tests (lr, fisher) or 'coef_treatment_log2' for the glm backend, or log2_odds_ratio_bb for the beta_binomial engine. The transitional column is NaN-filled.

tests/test_report.py::test_report_self_contained_embeds_plotly
  /scratch/epykit-calibration-fresh_20261007/tests/test_report.py:85: FutureWarning:
  
  The 'log2_odds_ratio' column is deprecated and is slated for removal in a future major release. Use 'log2_odds_ratio_pooled' for pooled-count tests (lr, fisher) or 'coef_treatment_log2' for the glm backend, or log2_odds_ratio_bb for the beta_binomial engine. The transitional column is NaN-filled.

tests/test_report.py::test_report_cdn_mode_uses_cdn
  /scratch/epykit-calibration-fresh_20261007/tests/test_report.py:102: FutureWarning:
  
  The 'log2_odds_ratio' column is deprecated and is slated for removal in a future major release. Use 'log2_odds_ratio_pooled' for pooled-count tests (lr, fisher) or 'coef_treatment_log2' for the glm backend, or log2_odds_ratio_bb for the beta_binomial engine. The transitional column is NaN-filled.

tests/test_report.py::test_report_dashboard_sections_and_qc_badges
  /scratch/epykit-calibration-fresh_20261007/tests/test_report.py:116: FutureWarning:
  
  The 'log2_odds_ratio' column is deprecated and is slated for removal in a future major release. Use 'log2_odds_ratio_pooled' for pooled-count tests (lr, fisher) or 'coef_treatment_log2' for the glm backend, or log2_odds_ratio_bb for the beta_binomial engine. The transitional column is NaN-filled.

tests/test_report_compute.py::test_pvalue_histogram
  /scratch/epykit-calibration-fresh_20261007/tests/test_report_compute.py:15: FutureWarning:
  
  The 'log2_odds_ratio' column is deprecated and is slated for removal in a future major release. Use 'log2_odds_ratio_pooled' for pooled-count tests (lr, fisher) or 'coef_treatment_log2' for the glm backend, or log2_odds_ratio_bb for the beta_binomial engine. The transitional column is NaN-filled.

tests/test_report_compute.py::test_dmr_size_distribution
  /scratch/epykit-calibration-fresh_20261007/tests/test_report_compute.py:27: FutureWarning:
  
  The 'log2_odds_ratio' column is deprecated and is slated for removal in a future major release. Use 'log2_odds_ratio_pooled' for pooled-count tests (lr, fisher) or 'coef_treatment_log2' for the glm backend, or log2_odds_ratio_bb for the beta_binomial engine. The transitional column is NaN-filled.

tests/test_report_compute.py::test_scatter_subsample_keeps_all_significant
  /scratch/epykit-calibration-fresh_20261007/tests/test_report_compute.py:71: FutureWarning:
  
  The 'log2_odds_ratio' column is deprecated and is slated for removal in a future major release. Use 'log2_odds_ratio_pooled' for pooled-count tests (lr, fisher) or 'coef_treatment_log2' for the glm backend, or log2_odds_ratio_bb for the beta_binomial engine. The transitional column is NaN-filled.

tests/test_report_compute.py::test_plotly_twins_smoke
  /scratch/epykit-calibration-fresh_20261007/tests/test_report_compute.py:99: FutureWarning:
  
  The 'log2_odds_ratio' column is deprecated and is slated for removal in a future major release. Use 'log2_odds_ratio_pooled' for pooled-count tests (lr, fisher) or 'coef_treatment_log2' for the glm backend, or log2_odds_ratio_bb for the beta_binomial engine. The transitional column is NaN-filled.

tests/test_resume.py::test_dmc_resumable_writes_manifest
  /scratch/epykit-calibration-fresh_20261007/tests/test_resume.py:83: FutureWarning:
  
  The 'log2_odds_ratio' column is deprecated and is slated for removal in a future major release. Use 'log2_odds_ratio_pooled' for pooled-count tests (lr, fisher) or 'coef_treatment_log2' for the glm backend, or log2_odds_ratio_bb for the beta_binomial engine. The transitional column is NaN-filled.

tests/test_resume.py::test_dmc_resumable_writes_manifest
  /scratch/epykit-calibration-fresh_20261007/tests/test_resume.py:85: DeprecationWarning:
  
  MethylData._analysis_root is deprecated; use the public name MethylData.analysis_root. _analysis_root will be removed in 2.0.

tests/test_resume.py::test_dmc_resume_skips_recomputation
  /scratch/epykit-calibration-fresh_20261007/tests/test_resume.py:106: FutureWarning:
  
  The 'log2_odds_ratio' column is deprecated and is slated for removal in a future major release. Use 'log2_odds_ratio_pooled' for pooled-count tests (lr, fisher) or 'coef_treatment_log2' for the glm backend, or log2_odds_ratio_bb for the beta_binomial engine. The transitional column is NaN-filled.

tests/test_resume.py::test_dmc_resume_skips_recomputation
  /scratch/epykit-calibration-fresh_20261007/tests/test_resume.py:110: FutureWarning:
  
  The 'log2_odds_ratio' column is deprecated and is slated for removal in a future major release. Use 'log2_odds_ratio_pooled' for pooled-count tests (lr, fisher) or 'coef_treatment_log2' for the glm backend, or log2_odds_ratio_bb for the beta_binomial engine. The transitional column is NaN-filled.

tests/test_resume.py::test_dmc_resumable_false_does_not_write_manifest
  /scratch/epykit-calibration-fresh_20261007/tests/test_resume.py:117: FutureWarning:
  
  The 'log2_odds_ratio' column is deprecated and is slated for removal in a future major release. Use 'log2_odds_ratio_pooled' for pooled-count tests (lr, fisher) or 'coef_treatment_log2' for the glm backend, or log2_odds_ratio_bb for the beta_binomial engine. The transitional column is NaN-filled.

tests/test_resume.py::test_dmc_resumable_false_does_not_write_manifest
  /scratch/epykit-calibration-fresh_20261007/tests/test_resume.py:118: DeprecationWarning:
  
  MethylData._analysis_root is deprecated; use the public name MethylData.analysis_root. _analysis_root will be removed in 2.0.

tests/test_resume.py::test_dmc_resume_invalidated_when_params_change
  /scratch/epykit-calibration-fresh_20261007/tests/test_resume.py:128: FutureWarning:
  
  The 'log2_odds_ratio' column is deprecated and is slated for removal in a future major release. Use 'log2_odds_ratio_pooled' for pooled-count tests (lr, fisher) or 'coef_treatment_log2' for the glm backend, or log2_odds_ratio_bb for the beta_binomial engine. The transitional column is NaN-filled.

tests/test_resume.py::test_dmc_resume_invalidated_when_params_change
  /scratch/epykit-calibration-fresh_20261007/tests/test_resume.py:133: FutureWarning:
  
  The 'log2_odds_ratio' column is deprecated and is slated for removal in a future major release. Use 'log2_odds_ratio_pooled' for pooled-count tests (lr, fisher) or 'coef_treatment_log2' for the glm backend, or log2_odds_ratio_bb for the beta_binomial engine. The transitional column is NaN-filled.

tests/test_resume.py::test_dmc_resume_keys_count_smoothing_and_span
  /scratch/epykit-calibration-fresh_20261007/tests/test_resume.py:143: FutureWarning:
  
  The 'log2_odds_ratio' column is deprecated and is slated for removal in a future major release. Use 'log2_odds_ratio_pooled' for pooled-count tests (lr, fisher) or 'coef_treatment_log2' for the glm backend, or log2_odds_ratio_bb for the beta_binomial engine. The transitional column is NaN-filled.

tests/test_resume.py::test_dmc_resume_keys_count_smoothing_and_span
  /scratch/epykit-calibration-fresh_20261007/tests/test_resume.py:146: FutureWarning:
  
  The 'log2_odds_ratio' column is deprecated and is slated for removal in a future major release. Use 'log2_odds_ratio_pooled' for pooled-count tests (lr, fisher) or 'coef_treatment_log2' for the glm backend, or log2_odds_ratio_bb for the beta_binomial engine. The transitional column is NaN-filled.

tests/test_resume.py::test_dmc_resume_keys_count_smoothing_and_span
  /scratch/epykit-calibration-fresh_20261007/tests/test_resume.py:150: FutureWarning:
  
  The 'log2_odds_ratio' column is deprecated and is slated for removal in a future major release. Use 'log2_odds_ratio_pooled' for pooled-count tests (lr, fisher) or 'coef_treatment_log2' for the glm backend, or log2_odds_ratio_bb for the beta_binomial engine. The transitional column is NaN-filled.

tests/test_resume.py::test_dmc_resume_keys_count_smoothing_and_span
  /scratch/epykit-calibration-fresh_20261007/tests/test_resume.py:154: FutureWarning:
  
  The 'log2_odds_ratio' column is deprecated and is slated for removal in a future major release. Use 'log2_odds_ratio_pooled' for pooled-count tests (lr, fisher) or 'coef_treatment_log2' for the glm backend, or log2_odds_ratio_bb for the beta_binomial engine. The transitional column is NaN-filled.

tests/test_resume.py::test_dmc_resume_keys_count_smoothing_and_span
  /scratch/epykit-calibration-fresh_20261007/tests/test_resume.py:160: FutureWarning:
  
  The 'log2_odds_ratio' column is deprecated and is slated for removal in a future major release. Use 'log2_odds_ratio_pooled' for pooled-count tests (lr, fisher) or 'coef_treatment_log2' for the glm backend, or log2_odds_ratio_bb for the beta_binomial engine. The transitional column is NaN-filled.

tests/test_resume.py::test_resume_from_loads_dmc_into_varm
  /scratch/epykit-calibration-fresh_20261007/tests/test_resume.py:172: FutureWarning:
  
  The 'log2_odds_ratio' column is deprecated and is slated for removal in a future major release. Use 'log2_odds_ratio_pooled' for pooled-count tests (lr, fisher) or 'coef_treatment_log2' for the glm backend, or log2_odds_ratio_bb for the beta_binomial engine. The transitional column is NaN-filled.

tests/test_resume.py::test_completed_stages_lists_recorded_stages
  /scratch/epykit-calibration-fresh_20261007/tests/test_resume.py:195: FutureWarning:
  
  The 'log2_odds_ratio' column is deprecated and is slated for removal in a future major release. Use 'log2_odds_ratio_pooled' for pooled-count tests (lr, fisher) or 'coef_treatment_log2' for the glm backend, or log2_odds_ratio_bb for the beta_binomial engine. The transitional column is NaN-filled.

tests/test_smoothed_dmc.py::test_dmc_use_smoothed_without_pp_smooth_raises
  /scratch/epykit-calibration-fresh_20261007/tests/test_smoothed_dmc.py:33: DeprecationWarning:
  
  use_smoothed=True (pseudo-count transform of raw reads via BSmooth) is NOT equivalent to DSS's smoothing=TRUE -- it's too aggressive (washes out per-CpG signal at default BSmooth parameters). For DSS-style behavior, use smoothing=True (applies DSS's uniform-box +/-smoothing_span_bp//2 moving average to each sample's raw counts before they hit the test, matching DMLfit.multiFactor(smoothing=TRUE)). The use_smoothed pseudo-count path will be removed in a future minor release.

tests/test_smoothed_dmc.py::test_dmc_use_smoothed_writes_separate_key
  /scratch/epykit-calibration-fresh_20261007/tests/test_smoothed_dmc.py:43: FutureWarning:
  
  The 'log2_odds_ratio' column is deprecated and is slated for removal in a future major release. Use 'log2_odds_ratio_pooled' for pooled-count tests (lr, fisher) or 'coef_treatment_log2' for the glm backend, or log2_odds_ratio_bb for the beta_binomial engine. The transitional column is NaN-filled.

tests/test_smoothed_dmc.py::test_dmc_use_smoothed_writes_separate_key
  /scratch/epykit-calibration-fresh_20261007/tests/test_smoothed_dmc.py:50: DeprecationWarning:
  
  use_smoothed=True (pseudo-count transform of raw reads via BSmooth) is NOT equivalent to DSS's smoothing=TRUE -- it's too aggressive (washes out per-CpG signal at default BSmooth parameters). For DSS-style behavior, use smoothing=True (applies DSS's uniform-box +/-smoothing_span_bp//2 moving average to each sample's raw counts before they hit the test, matching DMLfit.multiFactor(smoothing=TRUE)). The use_smoothed pseudo-count path will be removed in a future minor release.

tests/test_smoothed_dmc.py::test_dmc_use_smoothed_writes_separate_key
  /scratch/epykit-calibration-fresh_20261007/tests/test_smoothed_dmc.py:50: FutureWarning:
  
  The 'log2_odds_ratio' column is deprecated and is slated for removal in a future major release. Use 'log2_odds_ratio_pooled' for pooled-count tests (lr, fisher) or 'coef_treatment_log2' for the glm backend, or log2_odds_ratio_bb for the beta_binomial engine. The transitional column is NaN-filled.

tests/test_smoothed_dmc.py::test_dmc_use_smoothed_with_gaussian_smoother
  /scratch/epykit-calibration-fresh_20261007/tests/test_smoothed_dmc.py:71: DeprecationWarning:
  
  use_smoothed=True (pseudo-count transform of raw reads via BSmooth) is NOT equivalent to DSS's smoothing=TRUE -- it's too aggressive (washes out per-CpG signal at default BSmooth parameters). For DSS-style behavior, use smoothing=True (applies DSS's uniform-box +/-smoothing_span_bp//2 moving average to each sample's raw counts before they hit the test, matching DMLfit.multiFactor(smoothing=TRUE)). The use_smoothed pseudo-count path will be removed in a future minor release.

tests/test_smoothed_dmc.py::test_dmc_use_smoothed_with_gaussian_smoother
  /scratch/epykit-calibration-fresh_20261007/tests/test_smoothed_dmc.py:71: FutureWarning:
  
  The 'log2_odds_ratio' column is deprecated and is slated for removal in a future major release. Use 'log2_odds_ratio_pooled' for pooled-count tests (lr, fisher) or 'coef_treatment_log2' for the glm backend, or log2_odds_ratio_bb for the beta_binomial engine. The transitional column is NaN-filled.

tests/test_smoothed_dmc.py::test_pseudo_count_store_falls_back_to_raw_on_nan
  /scratch/epykit-calibration-fresh_20261007/src/epykit/_smoothed_store.py:116: RuntimeWarning:
  
  invalid value encountered in cast

tests/test_smoothed_dmc.py::test_dmc_use_smoothed_with_empirical_fdr
  /scratch/epykit-calibration-fresh_20261007/tests/test_smoothed_dmc.py:200: DeprecationWarning:
  
  use_smoothed=True (pseudo-count transform of raw reads via BSmooth) is NOT equivalent to DSS's smoothing=TRUE -- it's too aggressive (washes out per-CpG signal at default BSmooth parameters). For DSS-style behavior, use smoothing=True (applies DSS's uniform-box +/-smoothing_span_bp//2 moving average to each sample's raw counts before they hit the test, matching DMLfit.multiFactor(smoothing=TRUE)). The use_smoothed pseudo-count path will be removed in a future minor release.

tests/test_smoothed_dmc.py::test_dmc_use_smoothed_with_empirical_fdr
  /scratch/epykit-calibration-fresh_20261007/tests/test_smoothed_dmc.py:200: FutureWarning:
  
  The 'log2_odds_ratio' column is deprecated and is slated for removal in a future major release. Use 'log2_odds_ratio_pooled' for pooled-count tests (lr, fisher) or 'coef_treatment_log2' for the glm backend, or log2_odds_ratio_bb for the beta_binomial engine. The transitional column is NaN-filled.

tests/test_stats_new.py::test_shrink_meth_diff_real_dmc_table
  /scratch/epykit-calibration-fresh_20261007/tests/test_stats_new.py:87: FutureWarning:
  
  The 'log2_odds_ratio' column is deprecated and is slated for removal in a future major release. Use 'log2_odds_ratio_pooled' for pooled-count tests (lr, fisher) or 'coef_treatment_log2' for the glm backend, or log2_odds_ratio_bb for the beta_binomial engine. The transitional column is NaN-filled.

tests/test_stats_new.py::test_dmc_emits_meth_diff_ci_columns[lr]
tests/test_stats_new.py::test_dmc_emits_meth_diff_ci_columns[welch_t]
  /scratch/epykit-calibration-fresh_20261007/tests/test_stats_new.py:319: FutureWarning:
  
  The 'log2_odds_ratio' column is deprecated and is slated for removal in a future major release. Use 'log2_odds_ratio_pooled' for pooled-count tests (lr, fisher) or 'coef_treatment_log2' for the glm backend, or log2_odds_ratio_bb for the beta_binomial engine. The transitional column is NaN-filled.

tests/test_stats_new.py::test_beta_binomial_is_rejected
  /scratch/epykit-calibration-fresh_20261007/tests/test_stats_new.py:343: FutureWarning:
  
  The 'log2_odds_ratio' column is deprecated and is slated for removal in a future major release. Use 'log2_odds_ratio_pooled' for pooled-count tests (lr, fisher) or 'coef_treatment_log2' for the glm backend, or log2_odds_ratio_bb for the beta_binomial engine. The transitional column is NaN-filled.

tests/test_tile_permutation_qfilter.py::test_tile_region_fdr_uses_observed_postfilter[None-1.0]
tests/test_tile_permutation_qfilter.py::test_tile_region_fdr_uses_observed_postfilter[0.01-0.0]
tests/test_tile_permutation_qfilter.py::test_tile_region_fdr_uses_observed_postfilter[0.05-1.0]
  /scratch/epykit-calibration-fresh_20261007/src/epykit/tl.py:1207: UserWarning:
  
  empirical_fdr_for_dmr: permutation FDR at n=2 per group is underpowered. Only a handful of distinct label assignments exist and draws adjacent to the true split leak signal into the null, so the empirical FDR is conservative (biased high). Treat the result as a floor.

tests/test_tile_permutation_qfilter.py::test_cli_passes_tile_postfilter_to_permutations
  /scratch/epykit-calibration-fresh_20261007/src/epykit/cli/_dmr.py:98: UserWarning:
  
  Union mode (the default) + min_samples_*=0 will test tiles covered in only one sample per group. Recommended: --min-samples-treatment 2 --min-samples-control 2, or pass --unite to restrict to sites covered in all samples.

tests/test_viz_new.py::test_karyogram_basic
  /scratch/epykit-calibration-fresh_20261007/tests/test_viz_new.py:24: FutureWarning:
  
  The 'log2_odds_ratio' column is deprecated and is slated for removal in a future major release. Use 'log2_odds_ratio_pooled' for pooled-count tests (lr, fisher) or 'coef_treatment_log2' for the glm backend, or log2_odds_ratio_bb for the beta_binomial engine. The transitional column is NaN-filled.

tests/test_viz_new.py::test_karyogram_log10_qvalue_autocomputes
  /scratch/epykit-calibration-fresh_20261007/tests/test_viz_new.py:37: FutureWarning:
  
  The 'log2_odds_ratio' column is deprecated and is slated for removal in a future major release. Use 'log2_odds_ratio_pooled' for pooled-count tests (lr, fisher) or 'coef_treatment_log2' for the glm backend, or log2_odds_ratio_bb for the beta_binomial engine. The transitional column is NaN-filled.

tests/test_viz_new.py::test_karyogram_only_significant
  /scratch/epykit-calibration-fresh_20261007/tests/test_viz_new.py:47: FutureWarning:
  
  The 'log2_odds_ratio' column is deprecated and is slated for removal in a future major release. Use 'log2_odds_ratio_pooled' for pooled-count tests (lr, fisher) or 'coef_treatment_log2' for the glm backend, or log2_odds_ratio_bb for the beta_binomial engine. The transitional column is NaN-filled.

tests/test_viz_new.py::test_pl_umap_returns_axes_or_skips
  /home/mlegrand/.local/lib/python3.10/site-packages/umap/umap_.py:1952: UserWarning:
  
  n_jobs value 1 overridden to 1 by setting random_state. Use no seed for parallelism.

tests/test_viz_new.py::test_pl_dmr_boxplot_needs_dmr
  /scratch/epykit-calibration-fresh_20261007/tests/test_viz_new.py:171: UserWarning:
  
  top_n capped at 1 (asked for 3); maximum is 25 or len(dmr) = 1.

-- Docs: https://docs.pytest.org/en/stable/how-to/capture-warnings.html
=========================== short test summary info ============================
SKIPPED [1] tests/test_asm.py:25: pysam required for ASM tests.
SKIPPED [1] tests/test_bam_io.py:20: pysam required for BAM ingestion tests (Linux/macOS only).
SKIPPED [1] tests/test_entropy.py:19: pysam required for entropy tests.
SKIPPED [1] tests/test_glm_gpu.py:22: CuPy required for GPU IRLS parity tests
SKIPPED [1] tests/test_strand_inference.py:23: could not import 'pyfaidx': No module named 'pyfaidx'
SKIPPED [1] tests/test_compute_backends.py:118: could not import 'dask.distributed': dask.distributed is not installed.

Please either conda or pip install distributed:

  conda install dask distributed             # either conda install
  python -m pip install "dask[distributed]" --upgrade    # or pip install
FAILED tests/test_annotate_multi.py::test_chrom_name_mismatch_raises - Import...
FAILED tests/test_annotate_multi.py::test_matching_chrom_names_do_not_raise
FAILED tests/test_annotate_multi.py::test_intron_does_not_overextend_into_nested_exon
FAILED tests/test_annotate_multi.py::test_equal_priority_overlap_breaks_ties_deterministically
FAILED tests/test_annotate_multi.py::test_default_now_includes_multi_columns
FAILED tests/test_annotate_multi.py::test_multi_false_opts_out_of_extra_columns
FAILED tests/test_annotate_multi.py::test_multi_adds_four_columns_with_correct_dtypes
FAILED tests/test_annotate_multi.py::test_nearest_tss_can_differ_from_best_pick
FAILED tests/test_annotate_multi.py::test_nearest_tss_minus_strand_sign_flip
FAILED tests/test_annotate_multi.py::test_all_overlapping_captures_one_to_many
FAILED tests/test_annotate_multi.py::test_no_overlap_site_gets_empty_lists_and_still_finds_nearest
FAILED tests/test_annotate_multi.py::test_multi_annotation_reuses_built_features_cache
FAILED tests/test_annotate_multi.py::test_gene_type_filter_excludes_lincrna_from_nearest_tss
FAILED tests/test_annotate_multi.py::test_gene_type_filter_string_or_list_both_accepted
FAILED tests/test_annotate_multi.py::test_gene_type_filter_makes_distinct_cache_entry
FAILED tests/test_annotate_multi.py::test_refgene_source_produces_legacy_columns
FAILED tests/test_annotate_multi.py::test_refgene_source_supports_multi_annotation
FAILED tests/test_annotate_multi.py::test_refgene_gene_type_filter_works - Im...
FAILED tests/test_annotate_multi.py::test_refgene_and_gtf_caches_dont_collide
FAILED tests/test_annotate_multi.py::test_source_auto_detects_gtf - ImportErr...
FAILED tests/test_annotate_multi.py::test_source_auto_detects_refgene - Impor...
FAILED tests/test_annotate_multi.py::test_source_explicit_override_for_unusual_filename
FAILED tests/test_annotate_multi.py::test_default_surfaces_utr_tts_noncoding
FAILED tests/test_coordinate_convention.py::test_one_based_cov_annotates_to_correct_gene
FAILED tests/test_dmr_region_fdr_mode.py::test_max_t_with_failed_and_empty_permutations_matches_main
FAILED tests/test_engine_oracles.py::test_lr_matches_g_test_at_unit_dispersion
FAILED tests/test_filter.py::test_blacklist_drops_exactly_the_sites_inside_bed_intervals
FAILED tests/test_qc_clinical.py::test_sex_check_unimodal_cohort_falls_back_to_threshold
FAILED tests/test_stats_new.py::test_beta_binomial_is_rejected - Failed: DID ...
29 failed, 789 passed, 6 skipped, 241 warnings in 397.28s (0:06:37)
